family,n_features,wilks_lambda,F,num_df,den_df,p_value
temporal,7,0.9856866465621039,23.065889786584446,7,11119.0,2.7255819625968957e-31
velocity,10,0.681825684472149,518.7287267046426,10,11116.0,0.0
amount,7,0.9750689019259848,40.613815515633746,7,11119.0,7.632022860435171e-57
identity,2,0.6590805443790058,2877.0292619555153,2,11124.0,0.0
all,26,0.5474263161432557,352.9500572931373,26,11100.0,0.0
