family,n_features,silhouette
temporal,7,0.06439500902917555
velocity,10,0.8090761455468501
amount,7,0.2211514152083465
identity,2,0.6447943198435174
all,26,0.497383509698643
