demo,player,side,round,secs_alive,speed_mean,speed_std,speed_p90,frac_still,frac_walkkey,frac_slowmove,frac_run,accel_std,counterstrafe_per_s,strafe_switch_per_s,fwd_switch_per_s,diag_frac,key_entropy,jump_per_s,frac_air,duck_per_s,frac_ducked,crouchwalk_frac,yaw_rate_mean,yaw_rate_p95,flick_per_s,lat_reversal_per_s,lat_speed_frac,frac_scoped,speed_at_fire,moving_shot_frac,shots_per_s,path_len,path_per_s,path_efficiency,radius_gyration,max_dist_start,disp_10s,disp_20s,z_range,dwell_W_ms,presses_W_per_s,dwell_S_ms,presses_S_per_s,dwell_A_ms,presses_A_per_s,dwell_D_ms,presses_D_per_s,dwell_SHIFT_ms,presses_SHIFT_per_s,dwell_CTRL_ms,presses_CTRL_per_s,dwell_SPACE_ms,presses_SPACE_per_s,presses_total_per_s,strafe_flight_ms,strafe_overlap_frac,combo_none,combo_W,combo_S,combo_A,combo_WA,combo_SA,combo_D,combo_WD,combo_SD,combo_AD,combo_persistence,combo_trans_entropy,combo_switch_per_s,wpn_knife_frac,wpn_pistol_frac,wpn_primary_frac,wpn_sniper_frac,wpn_nade_frac,knife_run_frac,nade_walk_frac,switch_per_s,qswitch_per_s,reload_per_s,silencer_toggle_per_s,zoom_toggle_per_s,sniper_zoom_frac,reload_ammo_ratio
2026-08-21_ewc_vitality-vs-spirit_mirage,ZywOo,CT,12,77.0,79.50234323418654,82.6429488691646,234.69942626953127,0.3788555194805195,0.5334821428571429,0.445413961038961,0.13088474025974026,516.9136919034208,0.5194805194805194,1.4155844155844155,0.7402597402597403,0.36343344155844154,2.97078615139856,0.0,0.0,0.07792207792207792,0.030235389610389612,0.025974025974025976,58.07014838517353,433.65234375,3.4025974025974026,0.6623376623376623,0.4056412337662338,0.0,152.9045155843099,0.6666666666666666,0.03896103896103896,6123.079728074193,79.52051594901549,0.29462387209841384,405.13117840359354,1809.0320450142228,1783.2159729885295,1808.9613912570364,103.48736572265625,955.0189393939394,0.42857142857142855,408.125,0.3246753246753247,489.5833333333333,0.8181818181818182,468.07065217391306,0.5974025974025974,1110.2195945945946,0.4805194805194805,541.6666666666666,0.07792207792207792,,0.0,2.727272727272727,80.94203197099539,0.2584047462096243,0.14691558441558442,0.13494318181818182,0.04342532467532467,0.22443181818181818,0.10308441558441558,0.06757305194805195,0.08421266233766234,0.1708603896103896,0.019074675324675324,0.002637987012987013,0.8342023438988422,0.6723819599996229,4.064935064935065,0.07061688311688312,0.9293831168831169,0.0,0.0,0.0,0.0679788961038961,0.0,0.012987012987012988,0.0,0.0,0.012987012987012988,0.0,,
2026-08-21_ewc_vitality-vs-spirit_mirage,ZywOo,CT,13,69.56,148.06402411528086,90.65764399023601,250.0012649536133,0.10062893081761007,0.3605121293800539,0.4018418688230009,0.4106019766397125,392.6022055334502,0.4025157232704403,1.2794249775381852,0.5031446540880503,0.23247978436657682,2.7969398672421186,0.1725067385444744,0.12129380053908356,0.11500449236298294,0.06199460916442048,0.06154537286612758,48.922981449042354,290.0390625,2.4007187780772687,0.28751123090745734,0.31581311769991016,0.20664869721473494,114.10799153645833,0.3333333333333333,0.0431266846361186,10300.3418697094,148.0731984863885,0.10767866805726325,707.1890322514621,1421.2245967562667,1140.59291792729,1204.031186500696,232.979736328125,1542.7989130434783,0.3306379155435759,639.3229166666666,0.1725067385444744,351.9345238095238,0.6037735849056604,367.1875,0.6900269541778976,1929.0865384615386,0.18688230008984727,609.375,0.11500449236298294,15.625,0.1725067385444744,2.271338724168913,-1.357886904761905,0.30833333333333335,0.1522911051212938,0.3450134770889488,0.042902066486972146,0.08468104222821204,0.07816711590296496,0.043575920934411504,0.13701707097933513,0.08692722371967655,0.02336028751123091,0.005615453728661276,0.8888252518671873,0.513303497389684,3.1769991015274033,0.40970350404312667,0.036163522012578615,0.0,0.5541329739442947,0.0,0.2502246181491464,0.0,0.3018867924528302,0.07187780772686433,0.0,0.028751123090745734,0.27313566936208444,0.3777867855695176,
2026-08-21_ewc_vitality-vs-spirit_mirage,ZywOo,CT,14,27.73,135.02516716841242,92.3854292713141,250.00465393066406,0.12394366197183099,0.41014084507042253,0.5087323943661972,0.3515492957746479,310.1124451294116,0.4326760563380282,1.1538028169014085,0.6490140845070422,0.14535211267605633,2.1488000022773757,0.07211267605633803,0.054084507042253524,0.14422535211267606,0.10084507042253521,0.09295774647887324,47.799043915586246,261.892578125,2.19943661971831,0.2523943661971831,0.21859154929577465,0.0,110.8039623896281,0.6666666666666666,0.10816901408450705,3744.7999679054983,135.02377349067712,0.611516869165505,675.866066000564,2292.5730114744993,2113.0581433637108,2151.3653726414436,164.9866943359375,1182.2916666666667,0.5408450704225352,195.3125,0.14422535211267606,356.25,0.5408450704225352,161.76470588235293,0.6129577464788732,812.5,0.5047887323943662,792.96875,0.14422535211267606,15.625,0.07211267605633803,2.56,25.390625,0.2916666666666667,0.18816901408450704,0.5143661971830986,0.007887323943661971,0.08394366197183098,0.10197183098591549,0.004507042253521127,0.06028169014084507,0.022535211267605635,0.014084507042253521,0.0,0.7825813595753899,0.603113025134578,3.172957746478873,0.3171830985915493,0.6664788732394367,0.0,0.0,0.016338028169014085,0.30985915492957744,0.016338028169014085,0.18028169014084508,0.07211267605633803,0.0,0.0,0.0,,
2026-08-21_ewc_vitality-vs-spirit_mirage,ZywOo,CT,15,58.83,88.4352130667147,77.02642818624041,232.73115844726553,0.14475431606905712,0.2568393094289509,0.6690571049136786,0.1301460823373174,362.32446869424695,0.6119521912350597,1.5128818061088978,0.3909694555112882,0.2058432934926959,2.635788636033843,0.0849933598937583,0.05922974767596281,0.20398406374501993,0.11899070385126162,0.06905710491367861,33.11932535201913,135.17578125,1.3258964143426295,0.4249667994687915,0.49907038512616203,0.5351925630810093,42.50012969970703,0.5,0.03399734395750332,5204.042189885199,88.46180614944296,0.27692725149763964,372.1238526729518,1452.1635005251999,816.6552909423236,1215.5524499832109,228.1226806640625,1128.90625,0.3399734395750332,332.03125,0.06799468791500664,403.6458333333333,0.7139442231075698,412.5664893617021,0.798937583001328,1259.1145833333333,0.20398406374501993,713.5416666666666,0.20398406374501993,15.625,0.0849933598937583,2.4138114209827357,56.71695402298851,0.16896551724137931,0.18379814077025233,0.199203187250996,0.0013280212483399733,0.20557768924302788,0.06401062416998672,0.016467463479415672,0.20239043824701194,0.12058432934926959,0.0045152722443559095,0.0018592297476759628,0.7746749109064176,0.5764175901311916,3.5187250996015935,0.15298804780876493,0.0007968127490039841,0.0,0.8252324037184595,0.02098273572377158,0.11155378486055777,0.01859229747675963,0.3399734395750332,0.1699867197875166,0.0,0.03399734395750332,0.30597609561752986,0.6523978113936273,
2026-08-21_ewc_vitality-vs-spirit_mirage,ZywOo,T,0,33.16,149.34798972077428,86.13011208671102,249.99706573486327,0.08341187558906692,0.24222431668237512,0.4029217719132894,0.39915174363807726,522.841762226854,0.4222431668237512,1.4778510838831291,0.6333647502356268,0.2846371347785108,2.4717502781894813,0.15080113100848255,0.12158341187558906,0.15080113100848255,0.11687087653157399,0.09048067860508954,36.91104256910066,129.529296875,1.3572101790763431,0.5730442978322338,0.2233741753063148,0.0,164.15251575816762,0.9090909090909091,0.33176248821866167,4952.953733305592,149.3822049630339,0.6062410730439763,941.0217632210068,3062.4529741472284,1701.7440655881674,2403.898732570379,273.90167236328125,1014.9147727272727,0.6635249764373233,,0.0,412.94642857142856,0.6333647502356268,319.7544642857143,0.8444863336475024,2677.0833333333335,0.09048067860508954,831.25,0.15080113100848255,15.625,0.15080113100848255,2.533459000942507,21.709735576923077,0.3317307692307692,0.10179076343072573,0.3887841658812441,0.0,0.08906691800188501,0.15032987747408105,0.0,0.1182846371347785,0.12959472196041472,0.0,0.017436380772855798,0.9123351260598036,0.5299893767857669,3.6795475966069744,0.30207351555136663,0.6979264844486334,0.0,0.0,0.0,0.22054665409990576,0.0,0.2714420358152686,0.18096135721017909,0.030160226201696512,0.0,0.0,,0.05
2026-08-21_ewc_vitality-vs-spirit_mirage,ZywOo,T,1,42.81,78.9831541821143,81.67141623951049,238.5790832519531,0.31204379562043794,0.3656934306569343,0.5302919708029197,0.13795620437956205,369.2325160211847,0.21021897810218979,1.0043795620437956,0.46715328467153283,0.24197080291970802,2.7632291232272457,0.02335766423357664,0.022992700729927006,0.18686131386861313,0.24525547445255474,0.19963503649635037,33.75095481357247,183.03232421875,1.705109489051095,0.3970802919708029,0.34197080291970805,0.0,20.473169326782227,0.0,0.02335766423357664,3381.5660966741807,78.98548546976188,0.2671306642054975,304.7002511273621,978.5241947499863,977.4152372960965,978.1581149985268,155.2972412109375,1040.625,0.35036496350364965,731.7708333333334,0.14014598540145987,496.2797619047619,0.4905109489051095,419.03409090909093,0.5138686131386861,869.7916666666666,0.42043795620437957,1462.890625,0.18686131386861313,15.625,0.02335766423357664,2.1255474452554743,103.61578525641025,0.11858974358974358,0.31605839416058396,0.19671532846715328,0.02846715328467153,0.11569343065693431,0.07226277372262774,0.05547445255474453,0.1010948905109489,0.09562043795620438,0.018613138686131386,0.0,0.9562344520069274,0.32049737943668966,2.616058394160584,0.07445255474452554,0.9255474452554745,0.0,0.0,0.0,0.06897810218978102,0.0,0.02335766423357664,0.0,0.0,0.0,0.0,,
2026-08-21_ewc_vitality-vs-spirit_mirage,ZywOo,T,2,18.44,156.48440482414375,98.12273380553547,249.9994903564453,0.21440677966101696,0.04915254237288136,0.13050847457627118,0.5050847457627119,516.5522662127831,0.43389830508474575,0.9220338983050848,0.37966101694915255,0.4491525423728814,2.5774909496742064,0.05423728813559322,0.05254237288135593,0.0,0.0,0.0,45.11380804707379,186.12910156249976,1.6271186440677967,0.37966101694915255,0.25084745762711863,0.0,210.23977661132812,1.0,0.2711864406779661,2885.6238773608093,156.50841368736593,0.5155679483652695,616.18484182938,1487.7351822047465,1072.8378884745177,,151.67431640625,1981.7708333333333,0.3254237288135593,367.1875,0.10847457627118644,789.0625,0.43389830508474575,520.8333333333334,0.488135593220339,453.125,0.10847457627118644,,0.0,15.625,0.05423728813559322,1.5186440677966102,126.33928571428571,0.07142857142857142,0.1694915254237288,0.22033898305084745,0.015254237288135594,0.1271186440677966,0.18898305084745762,0.02457627118644068,0.01694915254237288,0.23559322033898306,0.0,0.001694915254237288,0.9077825953200901,0.3545784277708621,2.169491525423729,0.39661016949152544,0.0,0.5296610169491526,0.0,0.07372881355932204,0.34152542372881356,0.07372881355932204,0.2711864406779661,0.05423728813559322,0.0,0.0,0.0,,
2026-08-21_ewc_vitality-vs-spirit_mirage,ZywOo,T,3,83.62,115.72423891887425,72.58930168401822,239.37466430664062,0.08800448430493274,0.40433482810164423,0.6410687593423019,0.19151718983557547,478.47771712524315,0.3109118086696562,1.2077727952167414,0.6457399103139013,0.2765321375186846,2.551239704342263,0.04783258594917788,0.04671150971599402,0.13153961136023917,0.11939461883408072,0.10108370702541106,44.57515808230938,228.087158203125,2.164424514200299,0.26307922272047835,0.35911808669656203,0.0,17.329915404319763,0.25,0.04783258594917788,9680.010834161545,115.75498755350128,0.27524894463593597,1188.6735600367508,2735.8662433481304,843.2875867409259,831.9676018746298,288.0115966796875,1208.4603658536585,0.49028400597907323,228.3653846153846,0.1554559043348281,558.59375,0.6218236173393124,236.60714285714286,0.585949177877429,1408.8541666666667,0.28699551569506726,1038.3522727272727,0.13153961136023917,15.625,0.04783258594917788,2.319880418535127,69.52880094043887,0.15438871473354232,0.16274289985052318,0.3387518684603886,0.012705530642750373,0.15526905829596413,0.18030642750373693,0.011584454409566517,0.05399850523168909,0.07324364723467862,0.011210762331838564,0.0,0.8342163190314202,0.4300598191173591,3.3721973094170403,0.18964872944693573,0.0005605381165919282,0.7318759342301944,0.0,0.07791479820627803,0.078101644245142,0.07455156950672645,0.34678624813153963,0.11958146487294469,0.0,0.0,0.0,,
2026-08-21_ewc_vitality-vs-spirit_mirage,ZywOo,T,4,87.27,81.91694195484584,73.06466079892087,216.70386657714852,0.18245299910474486,0.27538048343777977,0.6675022381378692,0.11477170993733214,451.88209190482837,0.6990152193375112,1.5584601611459266,0.5042076991942703,0.26517457475380485,2.8697799404453836,0.05729632945389436,0.039928379588182634,0.2406445837063563,0.3199641897940913,0.19695613249776187,28.209484635929666,125.87221679687192,1.3178155774395703,0.43545210384959715,0.39606087735004475,0.0,3.859837532043457,0.0,0.011459265890778872,7148.391258711326,81.91531612489256,0.283717617782482,798.2124191202986,2489.3571108459746,1800.2249109843638,2352.176835110775,290.21893310546875,1164.0625,0.3437779767233662,553.5714285714286,0.1604297224709042,315.625,0.7448522829006267,361.7957746478873,0.8136078782452999,706.8014705882352,0.38961504028648164,1456.845238095238,0.2406445837063563,15.625,0.05729632945389436,2.7502238137869295,20.228855857832382,0.25998244844229923,0.25102954341987466,0.19623992837958817,0.02757385854968666,0.12551477170993733,0.08146821844225605,0.023813786929274845,0.13160250671441362,0.1224709042076992,0.035989256938227396,0.002864816472694718,0.8457685029610809,0.5728950220256246,3.781557743957028,0.10635631154879141,0.0,0.8936436884512086,0.0,0.0,0.10402864816472694,0.0,0.011459265890778872,0.0,0.0,0.0,0.0,,
2026-08-21_ewc_vitality-vs-spirit_mirage,ZywOo,T,5,79.5,118.17979312363613,78.605221855301,243.3814208984375,0.1332547169811321,0.38816823899371067,0.5385220125786163,0.22503930817610063,424.51221056475964,0.4025157232704403,1.471698113207547,0.4779874213836478,0.21933962264150944,2.604743996719544,0.050314465408805034,0.04520440251572327,0.0880503144654088,0.04559748427672956,0.04009433962264151,27.258417788296146,112.6478515625,1.1823899371069182,0.36477987421383645,0.35809748427672955,0.0,64.37305323282878,0.16666666666666666,0.07547169811320754,9395.42458786502,118.1814413567927,0.16484415403426822,790.8415702566988,1550.274059767746,953.0642076347089,1014.7648009912458,183.828125,1381.5524193548388,0.389937106918239,410.7142857142857,0.0880503144654088,311.35110294117646,0.8553459119496856,327.1683673469388,0.6163522012578616,1402.6988636363637,0.27672955974842767,645.0892857142857,0.0880503144654088,15.625,0.050314465408805034,2.3647798742138364,33.08131720430107,0.2467741935483871,0.1782625786163522,0.3284198113207547,0.027122641509433963,0.11831761006289308,0.14052672955974843,0.005699685534591195,0.12735849056603774,0.06977201257861636,0.002751572327044025,0.0011792452830188679,0.8363036989201702,0.5519184496140127,3.547169811320755,0.15978773584905662,0.012971698113207548,0.6792452830188679,0.0,0.14445754716981132,0.09040880503144653,0.10495283018867925,0.4528301886792453,0.12578616352201258,0.0,0.0,0.0,,
2026-08-21_ewc_vitality-vs-spirit_mirage,ZywOo,T,6,73.94,98.69829819972422,82.24039057717172,240.12509765625006,0.2187235841081995,0.4275147928994083,0.5401521555367709,0.16715976331360946,572.3161196247461,0.5409974640743872,1.5012679628064243,0.797971259509721,0.2599323753169907,2.826858173133219,0.027049873203719356,0.02578191039729501,0.04057480980557904,0.02197802197802198,0.015426880811496195,34.20359955446787,154.88623046875,1.2307692307692308,0.5680473372781065,0.4439983093829248,0.0,35.04754130045573,0.3333333333333333,0.04057480980557904,7297.482182144125,98.69798386669991,0.34907245963792527,647.0424654428731,2663.563828942966,2000.0358446090374,2275.7816041653896,128.0,788.8257575757576,0.4463229078613694,245.94907407407408,0.36517328825021134,371.875,0.7438715131022823,328.39912280701753,0.7709213863060017,790.234375,0.5409974640743872,666.6666666666666,0.04057480980557904,15.625,0.027049873203719356,2.93491124260355,27.970566860465116,0.336046511627907,0.2945900253592561,0.16631445477599324,0.015638207945900255,0.11475063398140321,0.11855452240067625,0.03698224852071006,0.14602704987320372,0.06720202874049028,0.03360101437024514,0.0027472527472527475,0.8671347445847659,0.6751467624275223,4.1792054099746405,0.12003381234150465,0.7407016060862215,0.1392645815722739,0.0,0.0,0.1172865595942519,0.0,0.08114961961115807,0.027049873203719356,0.0,0.0,0.0,,
2026-08-21_ewc_vitality-vs-spirit_mirage,ZywOo,T,7,116.31,65.8256024963381,89.43054825787242,204.948486328125,0.5253895754970446,0.3969639978506179,0.22178936055883933,0.11445459430413756,282.2309028093565,0.17195056421278881,0.8941429339065019,0.4986566362170876,0.1742342826437399,2.160434858151559,0.07737775389575496,0.061929070392262225,0.18054809242342826,0.1569048898441698,0.042987641053197204,27.025693709693673,129.250195312499,1.2208490059108006,0.1461579795808705,0.2721655024180548,0.6840408382590005,178.43676122029623,0.6666666666666666,0.025792584631918324,7655.984755954935,65.82254491954808,0.45110877451993464,1019.3900766629031,3502.0122817823617,658.9230019574081,1286.541321751263,163.38507080078125,740.1889534883721,0.369693713057496,245.1171875,0.13756045137023107,495.0980392156863,0.4384739387426115,235.25943396226415,0.45566899516389037,2007.4728260869565,0.19774314884470715,1020.0892857142857,0.18054809242342826,15.625,0.07737775389575496,1.8570660934981194,-6.170050055617353,0.3520578420467186,0.5435249865663622,0.11096184846856529,0.02216550241805481,0.10505104782375067,0.1015583019881784,0.00953788285867813,0.04365932294465341,0.06112305212251478,0.001477700161203654,0.0004030091348737238,0.8228429605863535,0.46165913649559065,2.6050510478237507,0.06179473401397098,0.0,0.0,0.9079795808704997,0.030225685115529286,0.05561526061257389,0.029419666845781837,0.1031703385276733,0.025792584631918324,0.0,0.0,0.13756045137023107,0.7541056369285397,
2026-08-21_ewc_vitality-vs-spirit_mirage,ZywOo,T,8,78.27,76.53851121631324,85.66559619278293,237.98985290527338,0.3527650229586744,0.16250748652425634,0.43242164104611697,0.12956677979636655,321.84188093292045,0.20443202235975244,1.188261129966061,0.3833100419245358,0.21401477340786584,2.47148689204367,0.025554002794969055,0.026552206029147533,0.21720902375723697,0.27570373328009584,0.07087242962667199,28.850171951440196,135.175439453125,1.1115991215811538,0.2299860251547215,0.3341984428029547,0.4805350369335197,156.9850918531418,0.6,0.06388500698742264,9430.044558672793,120.48769250450364,0.17805966122294675,798.9695708809985,3488.58140938443,2795.1509956080395,2782.901664226834,162.53253173828125,1503.2894736842106,0.24276302655220602,397.72727272727275,0.1405470153723298,336.2771739130435,0.5877420642842883,284.5744680851064,0.6005190656817728,1589.84375,0.10221601117987622,1335.9375,0.2299860251547215,15.625,0.025554002794969055,1.9293272110201638,17.1875,0.3840909090909091,0.4268317029347175,0.18965861449391097,0.017169095627869835,0.06408464763425833,0.09582751048113396,0.035536035136753845,0.08764224396087043,0.07785985226592135,0.003194250349371132,0.0005989219405070872,0.8223985004313564,0.5452416971850258,2.785386304651627,0.12577360750648833,0.0,0.0,0.8173288081453384,0.05689758434817329,0.0936314633659413,0.04451986424436015,0.10221601117987622,0.012777001397484528,0.0,0.0,0.4088640447195049,0.5898876404494382,
2026-08-21_ewc_vitality-vs-spirit_mirage,ZywOo,T,9,138.2,77.20340750235633,80.94593609916835,237.14775390625002,0.24714527981910683,0.2849067269643867,0.5590729225551159,0.11882419446014697,349.6784348363824,0.5209723007348784,1.4326738270209158,0.4920293951384963,0.17388355002826456,2.7033638137025084,0.07235726399095534,0.052345958168456753,0.1519502543810062,0.05845110231769361,0.0423968343697004,29.226953113957908,118.80141601562522,1.0491803278688525,0.3039005087620124,0.4759751271905031,0.6603730921424533,250.0022430419922,1.0,0.007235726399095534,10667.600637958387,77.18783955108387,0.016400327014848098,729.9642413935043,2608.170532244792,1962.5671622364682,2262.726637429497,279.828125,831.3802083333334,0.34731486715658566,377.34375,0.14471452798191067,397.98677884615387,0.7525155455059356,364.9671052631579,0.6873940079140758,1036.1842105263158,0.2749576031656303,528.2738095238095,0.1519502543810062,15.625,0.07235726399095534,2.4312040700960993,49.46991234304667,0.21843165126747216,0.287167891464104,0.1534200113058225,0.016054267947993216,0.19219898247597514,0.06885245901639345,0.03143018654607123,0.1702656868287168,0.06647823629169022,0.007122668174109666,0.007009609949123799,0.9309317693130585,0.43898162410040287,3.682984737139627,0.10107405313736574,0.0015828151498021481,0.0,0.887167891464104,0.010175240248728096,0.09824759751271905,0.006105144149236857,0.14471452798191067,0.03617863199547767,0.0,0.0,0.3617863199547767,0.7443609022556391,
2026-08-21_ewc_vitality-vs-spirit_mirage,ZywOo,T,10,105.77,84.78580578954274,75.49026490272806,200.00601806640626,0.21672329738513813,0.296646476584429,0.6046683409661693,0.10651499482936919,412.8544631724492,0.3309203722854188,1.2007682080070912,0.5672920667750037,0.28600975033239767,2.773193518396696,0.05672920667750037,0.0484561973703649,0.15127788447333432,0.12084502880780026,0.04609248042546905,38.99740146068817,225.27763671875,1.7113310681045946,0.2647362978283351,0.3705126311124243,0.4866302260304329,,,0.0,9522.70568325869,90.03592313909826,0.27368799967540375,705.2045485071981,2771.9146235533603,1444.851406122055,1738.2300657767994,246.23291015625,1090.1162790697674,0.406559314522086,440.25735294117646,0.16073275225291772,597.7909482758621,0.5483823312158369,284.1938405797101,0.6523858767912543,1651.3157894736842,0.1796424878120845,922.8515625,0.15127788447333432,15.625,0.05672920667750037,2.155709853745014,68.66158267020336,0.21883289124668437,0.26059979317476734,0.2015068695523711,0.026444083321022306,0.12453833653420003,0.1763923770128527,0.025114492539518394,0.10016250553996159,0.06500221598463583,0.01846653863199882,0.0007386615452799527,0.8178186693031662,0.6094010351394742,3.186290441719604,0.10444674250258532,0.0005909292362239622,0.032205643374205936,0.8015955089378047,0.06116117594918009,0.07682080070911508,0.057320135913724334,0.23637169448958487,0.047274338897916976,0.0,0.0,0.14182301669375091,0.6070770364909694,
2026-08-21_ewc_vitality-vs-spirit_mirage,ZywOo,T,11,29.69,121.73468250599346,90.43497406736813,247.59158325195312,0.20894736842105263,0.2394736842105263,0.4,0.28,526.431395946264,0.13473684210526315,0.7073684210526315,0.2694736842105263,0.18263157894736842,2.795327963098416,0.06736842105263158,0.07052631578947369,0.03368421052631579,0.04263157894736842,0.04263157894736842,23.084247414346365,124.20488281249975,0.7410526315789474,0.5389473684210526,0.3794736842105263,0.0,93.78512573242188,0.3333333333333333,0.10105263157894737,3615.2204374930416,121.77584631555509,0.22713692748116335,343.9575169824698,879.615097674391,865.7651371856391,663.2215937153793,159.57568359375,2118.75,0.16842105263157894,605.46875,0.13473684210526315,921.875,0.3031578947368421,558.59375,0.40421052631578946,1015.625,0.23578947368421052,1406.25,0.03368421052631579,15.625,0.06736842105263158,1.3473684210526315,118.359375,0.2,0.2773684210526316,0.2168421052631579,0.03894736842105263,0.17526315789473684,0.06578947368421052,0.0,0.07052631578947369,0.07421052631578948,0.04263157894736842,0.038421052631578946,0.9672457601838796,0.24274594538878505,1.6842105263157894,0.1726315789473684,0.0005263157894736842,0.5263157894736842,0.0,0.3005263157894737,0.15210526315789474,0.23157894736842105,0.5052631578947369,0.23578947368421052,0.03368421052631579,0.0,0.0,,0.13333333333333333
2026-08-21_ewc_vitality-vs-spirit_mirage,apEX,CT,12,71.38,117.77234742696513,77.99026283631541,239.71285552978514,0.1295971978984238,0.45753064798598947,0.593476357267951,0.22110332749562173,446.85785973181237,0.5884413309982487,1.2889667250437828,0.6725043782837128,0.30823117338003503,3.029565268207319,0.014010507880910683,0.008537653239929947,0.014010507880910683,0.004159369527145359,0.00043782837127845885,34.29470098840869,225.900390625,1.2049036777583186,0.7285464098073555,0.44242556917688264,0.0,107.07916768391927,0.5,0.0840630472854641,8407.7643807167,117.79704911687146,0.1376697664916251,307.60785569156064,1389.2265935730584,816.1451282800202,1135.0633874622397,99.089111328125,855.0646551724138,0.4063047285464098,571.09375,0.28021015761821366,479.04829545454544,0.6164623467600701,472.3307291666667,0.6725043782837128,2968.75,0.15411558669001751,453.125,0.014010507880910683,15.625,0.014010507880910683,2.1576182136602453,1.9074675324675325,0.24978354978354977,0.18936077057793346,0.13747810858143608,0.0617338003502627,0.1510507880910683,0.0796847635726795,0.06304728546409807,0.15083187390542907,0.1302539404553415,0.03502626970227671,0.0013134851138353765,0.8035104611647729,0.40557611236797747,3.6987740805604203,0.05363397548161121,0.7427758318739054,0.0,0.0,0.20359019264448336,0.0431260945709282,0.13572679509632224,0.46234676007005254,0.09807355516637478,0.0,0.30823117338003503,0.0,,
2026-08-21_ewc_vitality-vs-spirit_mirage,apEX,CT,13,106.23,95.16701481883307,80.64595794773432,232.5818328857422,0.25886159729371966,0.5742020885424327,0.5519929401382556,0.15708192381232533,370.06200123100194,0.3576996617149581,1.007206942197382,0.5177231945874393,0.2631269304309457,2.8516897119988784,0.02823944697749669,0.06545080158846889,0.02823944697749669,0.07221650242682748,0.04427121635534637,41.937129946307735,260.86259765625,2.1650242682747463,0.4235917046624504,0.4059420503015149,0.0,115.56272029876709,0.5,0.05647889395499338,10109.811125456494,95.16515840994494,0.22215454356853667,552.0920802308726,2418.689434181745,1576.2206396431527,1214.5027226137959,292.07037353515625,1096.4285714285713,0.3294602147374614,502.9761904761905,0.19767612884247684,606.0505319148937,0.4424180026474481,472.1354166666667,0.5647889395499338,3388.8888888888887,0.16943668186498015,2651.0416666666665,0.02823944697749669,15.625,0.02823944697749669,1.7602588615972936,52.57056451612903,0.14784946236559138,0.2688630680982497,0.17281953228415944,0.024709516105309606,0.124282982791587,0.08736578908663038,0.055302250330931016,0.1459038093837329,0.10016178849830858,0.019414619797028975,0.00029416090601559053,0.8946491309570969,0.46684003775355093,2.833357846742168,0.10325047801147227,0.837623179879394,0.0,0.0,0.059126342109133694,0.059126342109133694,0.05191939991175173,0.272981320782468,0.03765259596999559,0.0,0.0,0.0,,
2026-08-21_ewc_vitality-vs-spirit_mirage,apEX,CT,14,35.58,133.2476490813753,63.38877352508062,241.98909606933594,0.02854633289415898,0.6455862977602108,0.7246376811594203,0.18796662274923145,292.5731039965272,0.3372859025032938,1.0680720245937638,0.562143170838823,0.2204655248133509,2.348928653651708,0.0,0.0,0.08432147562582346,0.04567413263065437,0.03645147123407993,41.44650102290202,231.954345703125,1.855072463768116,0.36539306104523495,0.35924462011418534,0.0,72.96297772725423,0.3333333333333333,0.08432147562582346,7120.6004275110545,200.13984512986715,0.18733467486814107,640.9371439633665,2249.7719101585117,1328.3661851546844,549.8962407223821,227.85546875,1455.078125,0.44971453667105843,261.71875,0.11242863416776461,522.65625,0.562143170838823,337.17105263157896,0.5340360122968819,4593.75,0.14053579270970576,666.6666666666666,0.08432147562582346,,0.0,1.8831796223100572,72.91666666666666,0.16666666666666666,0.06324110671936758,0.4479578392621871,0.015371102327624066,0.1831357048748353,0.0966183574879227,0.013614404918752744,0.06938954765041722,0.10979358805445762,0.0004391743522178305,0.0004391743522178305,0.7522234602402498,0.3079492761890736,2.951251646903821,0.09749670619235837,0.6135265700483091,0.0,0.0,0.2889767237593325,0.09003074220465525,0.2841458058849363,0.7026789635485288,0.19675010979358806,0.0,0.0,0.0,,
2026-08-21_ewc_vitality-vs-spirit_mirage,apEX,CT,15,103.28,99.23709637728744,77.88117028842203,244.4713989257813,0.2254160363086233,0.524659606656581,0.6034795763993949,0.14387291981845687,289.3755189098499,0.20332829046898637,0.8229954614220878,0.5131618759455371,0.2692889561270802,2.8510198201489887,0.06777609682299546,0.05340393343419062,0.12586989409984872,0.23691376701966718,0.07927382753403933,35.49986302414322,166.7419921875,1.5394856278366111,0.20332829046898637,0.2627836611195159,0.0,98.65086491902669,0.3333333333333333,0.029046898638426626,10250.314830076044,99.24661862706003,0.16748912522298942,783.971153305318,2549.118763634063,1147.4709451564129,1428.1574479730753,164.94091796875,1205.128205128205,0.37760968229954617,1021.875,0.14523449319213314,579.6130952380952,0.40665658093797274,454.2151162790698,0.416338880484115,3187.5,0.16459909228441755,2001.201923076923,0.12586989409984872,15.625,0.06777609682299546,1.7040847201210287,68.47426470588235,0.1764705882352941,0.24145234493192133,0.259304084720121,0.07488653555219364,0.07231467473524962,0.11164901664145234,0.051285930408472014,0.08229954614220877,0.08411497730711044,0.022239031770045384,0.000453857791225416,0.8601976682039523,0.2960372587562203,2.4399394856278365,0.15340393343419062,0.006202723146747352,0.7975794251134645,0.0,0.04281391830559758,0.10665658093797277,0.03827534039334342,0.37760968229954617,0.1065052950075643,0.0,0.24205748865355523,0.0,,
2026-08-21_ewc_vitality-vs-spirit_mirage,apEX,T,0,28.98,166.9790197277487,77.4691690186513,249.98696594238282,0.06792452830188679,0.3514824797843666,0.3660377358490566,0.47277628032345015,418.1686626999758,0.20700808625336928,1.2075471698113207,0.37951482479784365,0.23288409703504043,1.8732314677470445,0.03450134770889488,0.044743935309973046,0.03450134770889488,0.01293800539083558,0.01293800539083558,26.288179169194983,111.19702148437476,1.0005390835579515,0.4485175202156334,0.1660377358490566,0.0,173.08023071289062,1.0,0.13800539083557953,4841.580735092111,167.0410604020998,0.6368436218873593,1003.9047425118283,3116.346465353107,1757.8600072050135,2504.7935315171185,265.7426724433899,1951.8229166666667,0.41401617250673856,,0.0,366.7279411764706,0.5865229110512129,169.27083333333334,0.6210242587601078,10187.5,0.03450134770889488,375.0,0.03450134770889488,15.625,0.03450134770889488,1.725067385444744,104.6875,0.1,0.1045822102425876,0.5752021563342318,0.0,0.04097035040431267,0.17412398921832883,0.0,0.04636118598382749,0.05876010781671159,0.0,0.0,0.9361876438756321,0.3830516659050418,2.9326145552560647,0.3935309973045822,0.5320754716981132,0.0,0.0,0.07008086253369272,0.2495956873315364,0.06684636118598383,0.5865229110512129,0.24150943396226415,0.0,0.0,0.0,,
2026-08-21_ewc_vitality-vs-spirit_mirage,apEX,T,1,42.06,88.09447592416056,86.29815166991064,240.78597106933594,0.29791976225854383,0.3636701337295691,0.49554234769687966,0.17459138187221396,471.60178511471344,0.3328380386329866,1.188707280832095,0.3328380386329866,0.11367013372956909,2.1725232362607034,0.0,0.011144130757800892,0.0,0.0,0.0,9.759909696093459,56.491943359375,0.0,0.7845468053491828,0.28454680534918275,0.0,227.76431274414062,1.0,0.0237741456166419,3708.948776370999,88.17708829410994,0.25369495596655617,341.0279899142295,1072.7660241325575,945.2288117531895,1050.40963674676,111.6929931640625,1251.4204545454545,0.26151560178306094,406.25,0.0950965824665676,246.44886363636363,0.5230312035661219,200.33482142857142,0.6656760772659732,1529.6875,0.237741456166419,,0.0,,0.0,1.7830609212481427,33.816964285714285,0.23333333333333334,0.48551263001485884,0.22473997028231799,0.0274888558692422,0.05200594353640416,0.07689450222882616,0.0,0.09658246656760773,0.02563150074294205,0.011144130757800892,0.0,0.925829813661,0.416731705707262,2.8291233283803865,0.14673105497771174,0.8532689450222882,0.0,0.0,0.0,0.12964338781575038,0.0,0.35661218424962854,0.1901931649331352,0.0,0.0,0.0,,
2026-08-21_ewc_vitality-vs-spirit_mirage,apEX,T,2,97.56,128.3266980397222,71.62044484319891,247.08223876953124,0.05909673286354901,0.5035233824471492,0.6358103779628443,0.2291800128122998,304.0545697177195,0.22549647661755284,0.7687379884689302,0.3997437540038437,0.1931454196028187,2.4865633349050835,0.03074951953875721,0.03187059577194106,0.09224855861627163,0.06390134529147982,0.05605381165919283,33.91187379865449,139.8533203125,1.2094811018577836,0.4099935938500961,0.3251121076233184,0.0,103.23905459317294,0.6363636363636364,0.11274823830877642,12523.385760715557,128.36269838017228,0.1759413829739831,838.4723358902928,2227.602607426449,1586.5892154035537,2187.096129647988,294.609375,1077.6209677419354,0.31774503523382447,750.0,0.08199871877001921,497.59615384615387,0.3997437540038437,437.93402777777777,0.3689942344650865,4093.75,0.12299807815502883,836.8055555555555,0.09224855861627163,15.625,0.03074951953875721,1.4144778987828315,72.77960526315789,0.1996904024767802,0.42937219730941706,0.18737988468930172,0.023382447149263293,0.08167841127482384,0.0876040999359385,0.028987828315182575,0.08456117873158232,0.06726457399103139,0.009128763613068545,0.0004804612427930814,0.8040864430136921,0.3916949955472484,2.1012171684817424,0.21844971172325434,0.002081998718770019,0.7198910954516335,0.0,0.05957719410634209,0.17504804612427932,0.04035874439461883,0.5329916720051249,0.21524663677130046,0.020499679692504803,0.0,0.0,,0.13333333333333333
2026-08-21_ewc_vitality-vs-spirit_mirage,apEX,T,3,109.86,84.48282271972775,75.97174252785251,205.38719177246094,0.28843692220167827,0.4805859763902717,0.5216896600768027,0.11036836865310766,403.706130409686,0.2821789219172237,0.8829469492248613,0.5552552979661499,0.2644005120182051,2.731593887633153,0.054615275209785236,0.04480159294552695,0.08192291281467785,0.05575309344332243,0.021334091878822358,30.380560849706615,142.537109375,1.265253875693358,0.3823069264684967,0.40691224576873847,0.0,0.0,0.0,0.054615275209785236,11575.6529038435,105.36791151272706,0.02663378628345084,766.1305013016022,2429.3809145478554,2246.702544309747,1686.5576696818537,272.671875,757.313829787234,0.4278196558099844,671.875,0.1365381880244631,605.6385869565217,0.4187171099416868,496.3235294117647,0.4642298392831745,2514.1369047619046,0.19115346323424834,772.5694444444445,0.08192291281467785,15.625,0.054615275209785236,1.7749964443180202,73.67871543778801,0.18778801843317972,0.3653818802446309,0.1133551415161428,0.0379746835443038,0.12629782392262837,0.09927464087612003,0.027307637604892618,0.09216327691651259,0.11107950504906841,0.026454273929739723,0.00042668183757644715,0.8569263480096541,0.45108355454151605,2.5851230265965013,0.12416441473474613,0.01038259138102688,0.7762764898307495,0.0,0.08917650405347746,0.07794054899729769,0.04992177499644432,0.7099985777272081,0.21846110083914094,0.00910254586829754,0.0,0.0,,0.7333333333333333
2026-08-21_ewc_vitality-vs-spirit_mirage,apEX,T,4,89.59,79.76140212295704,89.54723125155125,236.37343139648436,0.4464597139867457,0.5371468433903035,0.334147192186955,0.17579351238228114,370.1166797419268,0.14509940704569235,0.6250435995814441,0.3906522497384025,0.1646320195326125,2.2814286013844756,0.11161492849668643,0.09155912103243809,0.0,0.0,0.0,20.583220567874587,104.87548828125,0.6920125566794558,0.30136030694105337,0.197070108126962,0.0,65.94821675618489,0.3333333333333333,0.03348447854900593,7147.1219718257535,79.7725507842428,0.16571724821189915,554.4852885895406,1327.7952675807478,652.4028831846207,934.2955970818459,156.78009033203125,1025.323275862069,0.32368329264039064,552.0833333333334,0.06696895709801186,771.484375,0.26787582839204743,323.2421875,0.3571677711893966,2673.6111111111113,0.2009068712940356,,0.0,15.625,0.11161492849668643,1.3282176491105686,66.18088942307692,0.13942307692307693,0.47384025113358913,0.1759679107080572,0.02825252877572375,0.11754447157307289,0.08039762818276945,0.008545517963027554,0.03958841995116847,0.07551447506103941,0.00017439832577607255,0.00017439832577607255,0.7688802280586959,0.2363859180799353,1.7300313916986396,0.06470177886292292,0.5933031042901988,0.0,0.0,0.3304848273456575,0.0514475061039414,0.11213812347401465,0.7366585280781305,0.24555284269271016,0.0,0.0,0.0,,
2026-08-21_ewc_vitality-vs-spirit_mirage,apEX,T,5,88.36,74.2354467527567,80.45571713888737,215.8014739990236,0.4107869142351901,0.5706454465075155,0.4320070733863837,0.121131741821397,345.1130001399801,0.19239610963748896,0.7469496021220159,0.554553492484527,0.1971706454465075,2.513303734806302,0.011317418213969938,0.007073386383731211,0.0,0.0,0.0,18.930660435366555,97.76435546874855,0.4979664014146773,0.3055702917771883,0.2916003536693192,0.0,0.0,0.0,0.011317418213969938,6560.051968716205,74.24285163533813,0.33866786135026417,575.3795605229063,2390.060194323057,1145.1215407022112,1861.537524511832,156.3575439453125,735.3515625,0.362157382847038,599.2647058823529,0.19239610963748896,466.38257575757575,0.37347480106100794,468.2904411764706,0.3847922192749779,3151.3671875,0.181078691423519,,0.0,15.625,0.011317418213969938,1.5052166224580017,34.95065789473684,0.22180451127819548,0.46153846153846156,0.13015030946065428,0.054288240495137044,0.0502210433244916,0.07922192749778957,0.04438549955791335,0.10627763041556144,0.05694076038903625,0.016622458001768346,0.00035366931918656057,0.9017046214626763,0.4416363083117082,2.387975243147657,0.07285587975243148,0.7006189213085765,0.0,0.0,0.22652519893899203,0.041379310344827586,0.11724137931034483,0.3282051282051282,0.0905393457117595,0.0,0.0,0.0,,
2026-08-21_ewc_vitality-vs-spirit_mirage,apEX,T,6,85.52,110.06348613604547,75.03228880437965,239.99365844726563,0.17211766855472319,0.5603873561118217,0.6312808331810708,0.16535720811255253,364.43145923859885,0.2572629270966563,1.0641330166270784,0.6548510871551252,0.2998355563676229,2.905682673322652,0.046775077653937513,0.045861501918509046,0.09355015530787503,0.1359400694317559,0.040928192947195324,53.92140046058343,299.7268066406245,2.514160423899141,0.4794445459528595,0.31408733784030696,0.0,158.75448989868164,0.75,0.046775077653937513,9411.870906564105,110.06024813084281,0.28111623191961227,804.8932061863953,2645.8296845671266,1606.1609008082685,2123.7447446291712,328.0,1237.5,0.40928192947195324,463.77840909090907,0.2572629270966563,573.2886904761905,0.4911383153663439,395.9375,0.5846884706742189,3422.9910714285716,0.1637127717887813,1593.75,0.09355015530787503,15.625,0.046775077653937513,2.046409647359766,62.55681818181818,0.2109090909090909,0.16279919605335283,0.2685912662159693,0.057372556184907726,0.11456239722272976,0.13813265119678422,0.027041841768682625,0.09501187648456057,0.0997624703087886,0.03489859309336744,0.0018271514708569341,0.9174125513364235,0.4871492511340475,3.180705280467751,0.13137219075461357,0.8134478348255071,0.0,0.0,0.0166270783847981,0.09501187648456057,0.008404896765941897,0.2572629270966563,0.09355015530787503,0.0,0.0,0.0,,
2026-08-21_ewc_vitality-vs-spirit_mirage,apEX,T,7,116.31,141.51404524771502,95.1326073778379,249.99530029296875,0.17530897367006987,0.19707146695325095,0.3166308436324557,0.4394142933906502,439.7801238015779,0.34390112842557763,1.1950564212788823,0.369693713057496,0.23052122514777001,2.509227910552919,0.1031703385276733,0.0777807630306287,0.06878022568511553,0.05628694250403009,0.02109081139172488,39.1827002405784,239.348095703125,1.9602364320257926,0.5760343901128425,0.29634605051047824,0.0,133.45478296279907,0.5,0.06878022568511553,16461.45253166624,141.52780252910256,0.16217802874074502,1348.7421322907398,3748.9404082301908,1034.545232950721,760.2734094741852,279.74462890625,1925.892857142857,0.30091348737238044,376.7361111111111,0.07737775389575496,368.5825892857143,0.4814615797958087,340.7379518072289,0.7135948414830736,1637.2767857142858,0.12036539494895218,906.25,0.06878022568511553,15.625,0.1031703385276733,1.8656636217087588,58.09634974533107,0.12436332767402376,0.20123589468027941,0.36902203116603977,0.009134873723804407,0.08207952713594842,0.0914830736163353,0.003895754970445997,0.10800644814615798,0.11902203116603977,0.016120365394948953,0.0,0.9416027099299611,0.3960974573705024,2.819989253089737,0.292315959161741,0.016792047286405157,0.511687264911338,0.0,0.1409188608275121,0.23911875335840946,0.09685652874798495,1.1004836109618485,0.5330467490596453,0.0,0.0,0.0,,
2026-08-21_ewc_vitality-vs-spirit_mirage,apEX,T,8,88.48,129.2708693269289,89.21788964303894,245.0058135986328,0.17552533992583436,0.36093943139678614,0.4031432103125552,0.33250927070457353,392.27902452645793,0.15822002472187885,1.0736358820413208,0.5085643651774677,0.2507504856083348,2.5978577968252594,0.05650715168638531,0.046794984990287836,0.033904291011831185,0.052975454705986226,0.012714109129436693,38.84665036647828,206.93627929687452,1.4126787921596327,0.4181529224792513,0.25904997351227266,0.0,97.85834237507412,0.5714285714285714,0.07911001236093942,13514.028527132428,152.72785197536206,0.20366942779951755,1043.911751573996,2960.3147698414573,2258.477205934286,1744.6853149741182,192.0,1515.625,0.372947201130143,331.7307692307692,0.1469185943846018,430.75284090909093,0.4972629348401907,357.23039215686276,0.5763729472011302,4562.5,0.07911001236093942,1666.6666666666667,0.033904291011831185,15.625,0.05650715168638531,1.7630231326152217,105.74959150326798,0.19934640522875818,0.2177291188416034,0.3491082465124492,0.014126787921596327,0.08935193360409677,0.10135970333745364,0.022426275825534168,0.07787391841779975,0.11478015186297015,0.012184354582376832,0.0010595090941197245,0.8837063676993431,0.5000719618576586,2.938371887692036,0.18241214903761258,0.03143210312555183,0.49814585908529047,0.0,0.21684619459650362,0.17481900052975455,0.14020837012184353,0.9041144269821649,0.22602860674554123,0.0,0.0,0.0,,
2026-08-21_ewc_vitality-vs-spirit_mirage,apEX,T,9,138.2,98.05712071140653,70.26224353996959,214.33983764648443,0.17410966647823628,0.5378179762577727,0.6587902769926512,0.11882419446014697,452.3509959507695,0.542679479932165,1.4254381006218202,0.45585076314301864,0.2792538157150933,2.8884360832612814,0.007235726399095534,0.014245336348219333,0.04341435839457321,0.0252119841718485,0.00644431882419446,37.43781458916356,193.6454345703125,1.8885245901639345,0.5065008479366874,0.42645562464669307,0.0,86.08011856079102,0.4,0.03617863199547767,13549.98199282411,98.04396241274654,0.10228759288879695,755.3896054347626,2316.071868978915,1723.709552950641,2283.7952708939483,296.95916748046875,1173.828125,0.34731486715658566,738.28125,0.11577162238552854,389.9066091954023,0.6295081967213115,405.8238636363636,0.7959299039005088,2858.7740384615386,0.1881288863764839,721.3541666666666,0.04341435839457321,15.625,0.007235726399095534,2.127303561334087,14.433262711864407,0.2288135593220339,0.2200113058224986,0.1821368004522329,0.03176936122102883,0.1309214245336348,0.09157716223855286,0.020576596947427927,0.15353306953080836,0.13397399660825324,0.03312605992085924,0.002374222724703222,0.9053372165890851,0.5078789186931176,3.552741661955907,0.12312040700960995,0.002374222724703222,0.8002261164499718,0.0,0.0742792538157151,0.08287167891464103,0.034595816845675524,0.6729225551158847,0.3545505935556812,0.0,0.0,0.0,,
2026-08-21_ewc_vitality-vs-spirit_mirage,apEX,T,10,120.0,120.08591696713799,86.87851012794896,244.99855041503906,0.1578125,0.33489583333333334,0.4908854166666667,0.26640625,452.94507255802694,0.3333333333333333,1.0083333333333333,0.5333333333333333,0.23802083333333332,2.74275065287652,0.09166666666666666,0.07278645833333333,0.10833333333333334,0.089453125,0.058203125,41.38383764263739,199.00693359375,1.6916666666666667,0.5916666666666667,0.34908854166666664,0.0,153.26215607779366,0.7142857142857143,0.058333333333333334,15625.85111878261,130.21542598985508,0.04053469243073773,880.409530414627,2316.385838896508,552.3814636058854,378.3000283235284,165.078125,1315.2777777777778,0.375,555.921052631579,0.15833333333333333,485.4343220338983,0.49166666666666664,381.804435483871,0.5166666666666667,2009.375,0.16666666666666666,841.5178571428571,0.11666666666666667,15.625,0.09166666666666666,1.9166666666666667,37.673611111111114,0.14722222222222223,0.2234375,0.300390625,0.04283854166666667,0.10638020833333334,0.12200520833333334,0.007682291666666666,0.086328125,0.07083333333333333,0.0375,0.0026041666666666665,0.9454617908344938,0.38429120912027004,2.75,0.1890625,0.003125,0.6404947916666667,0.0,0.16263020833333333,0.16354166666666667,0.12708333333333333,0.8916666666666667,0.2916666666666667,0.0,0.0,0.0,,
2026-08-21_ewc_vitality-vs-spirit_mirage,apEX,T,11,51.09,160.39362067396124,81.58994249514046,250.0001998901367,0.06758409785932722,0.4418960244648318,0.42477064220183486,0.45932721712538227,322.8683827946752,0.11743119266055047,0.8807339449541285,0.39143730886850153,0.2746177370030581,2.3029052986312384,0.09785932721712538,0.07155963302752294,0.019571865443425075,0.0024464831804281344,0.0024464831804281344,38.660694569249,168.34531249999975,1.0764525993883791,0.3327217125382263,0.1547400611620795,0.0,151.96935958862304,0.6,0.09785932721712538,9147.664015456783,179.03684923218168,0.028600350736346317,895.8048436386413,2268.316319492425,136.25334130979584,1780.7897025468835,343.828125,2562.5,0.29357798165137616,559.8958333333334,0.11743119266055047,416.4402173913044,0.45015290519877676,458.8068181818182,0.43058103975535167,4515.625,0.09785932721712538,125.0,0.019571865443425075,15.625,0.09785932721712538,1.507033639143731,79.8828125,0.2125,0.07186544342507645,0.5229357798165137,0.020489296636085626,0.05168195718654434,0.10948012232415902,0.02599388379204893,0.0581039755351682,0.1198776758409786,0.01926605504587156,0.0003058103975535168,0.8617864748069028,0.27595771402346797,2.1920489296636085,0.3577981651376147,0.011926605504587157,0.5990825688073395,0.0,0.031192660550458717,0.3409785932721712,0.031192660550458717,0.9003058103975535,0.25443425076452597,0.019571865443425075,0.0,0.0,,0.0
2026-08-21_ewc_vitality-vs-spirit_mirage,donk,CT,0,35.56,171.83145768973185,80.28939952435681,249.99864959716797,0.006590509666080844,0.05843585237258348,0.35676625659050965,0.5224077328646749,612.329430886761,0.5905096660808435,1.3497363796133568,0.4780316344463972,0.24648506151142355,2.6376397799562725,0.056239015817223195,0.035588752196836555,0.1968365553602812,0.08347978910369068,0.08347978910369068,43.58905670501374,273.3180175781245,1.7715289982425309,0.8717047451669596,0.46397188049209137,0.0,92.41852009296417,0.6666666666666666,0.1687170474516696,6111.06897572146,171.84025239287058,0.274241279531425,601.2242290347006,1697.6502570425394,1243.6829479026114,718.6429357868398,155.0657958984375,1457.9326923076924,0.3655536028119508,453.125,0.140597539543058,550.625,0.70298769771529,436.8489583333333,0.6748681898066784,1039.0625,0.056239015817223195,542.4107142857143,0.1968365553602812,15.625,0.056239015817223195,2.193321616871705,27.018229166666668,0.375,0.008347978910369069,0.3422671353251318,0.007908611599297012,0.21133567662565905,0.1063268892794376,0.02899824253075571,0.14323374340949033,0.0843585237258348,0.02680140597539543,0.040421792618629174,0.9200759757437588,0.4794798873053165,2.9244288224956065,0.37038664323374343,0.5918277680140598,0.0,0.0,0.037785588752196834,0.3062390158172232,0.037785588752196834,0.281195079086116,0.0843585237258348,0.0,0.1968365553602812,0.0,,
2026-08-21_ewc_vitality-vs-spirit_mirage,donk,CT,1,48.27,130.66687860691303,74.52083546090007,236.000927734375,0.030754289414049854,0.13175785043703464,0.5212042732275818,0.23923599870508255,785.2450125154456,0.7665911298154743,1.6782130139203626,0.5594043379734542,0.20653933311751377,2.8092917124968366,0.10359339592101004,0.08028488183878278,0.10359339592101004,0.048235674975720295,0.04791194561346714,31.872036158112046,139.57031249999872,1.3259954677889285,1.3674328261573325,0.6426027840725154,0.0,21.41774360338847,0.0,0.06215603755260602,7611.54311907669,157.70111998087023,0.11353471108398047,411.0069721074147,1669.298142228333,975.011456278205,739.875168520196,154.0875244140625,1006.0096153846154,0.2693428293946261,310.4166666666667,0.3107801877630301,609.8345588235294,0.7044350922628683,404.25531914893617,0.9737779216574943,1271.875,0.10359339592101004,523.4375,0.12431207510521204,15.625,0.10359339592101004,2.589834898025251,53.15740207373271,0.423963133640553,0.055681450307542894,0.14114600194237617,0.01974749109744254,0.28520556814503073,0.053739074134023956,0.050825509873745546,0.25186144383295567,0.07607640012949174,0.02589834898025251,0.03981871155713823,0.9143493812439834,0.5289782136327836,3.8122369698931693,0.10229847847199741,0.12301715765619942,0.7643250242797022,0.0,0.010359339592101004,0.09064422143088378,0.010359339592101004,0.18646811265781807,0.08287471673680803,0.020718679184202008,0.08287471673680803,0.0,,0.25
2026-08-21_ewc_vitality-vs-spirit_mirage,donk,CT,2,24.73,142.0282753402119,93.90357447268889,249.99861755371094,0.1408717624763108,0.02969046114971573,0.29248262792166774,0.3967150979153506,682.9919445142687,0.44472520530638027,1.2533164876816172,0.7681617182564751,0.14529374605180037,2.547523281963658,0.20214782059380923,0.1781427668982944,0.16171825647504737,0.07517372078332281,0.0739102969046115,54.42750535813053,265.759765625,1.6171825647504738,0.6064434617814277,0.3379658875552748,0.0,75.55094680786132,0.4,0.20214782059380923,5478.4027218149595,221.4894341100173,0.05038720907737495,445.1536752064889,1231.4701464846482,279.56285467700053,300.5548264635918,261.90625,964.2857142857143,0.5660138976626659,171.875,0.20214782059380923,346.875,0.6064434617814277,426.47058823529414,0.6873025900189513,734.375,0.04042956411876184,471.875,0.20214782059380923,15.625,0.20214782059380923,2.5066329753632344,43.07725694444444,0.29166666666666663,0.10991787744788377,0.4314592545799116,0.003790271636133923,0.10486418193303854,0.049273531269740996,0.007580543272267846,0.16677195198989261,0.05432722678458623,0.02337334175615919,0.03790271636133923,0.9150409918357382,0.4939847991551515,2.9917877447883763,0.23562855337965888,0.01831964624131396,0.46873025900189513,0.0,0.27732154137713205,0.18761844598862917,0.1737207833228048,0.44472520530638027,0.08085912823752368,0.04042956411876184,0.16171825647504737,0.0,,0.0
2026-08-21_ewc_vitality-vs-spirit_mirage,donk,CT,3,81.06,126.17560529058085,78.34407572114841,237.38999786376954,0.07632999228989977,0.23515805705474171,0.5331534309946029,0.256360832690825,669.5237186757179,0.5674633770239013,1.566692367000771,0.6291441788743254,0.278141865844256,3.1008425698298963,0.04934464148033924,0.044911333847340015,0.08635312259059368,0.07555898226676946,0.07208943716268311,33.60404372560006,160.18037109375,1.5913646877409406,1.0855821125674634,0.6083269082498073,0.0,106.82069320678711,0.8,0.06168080185042406,10228.055494996983,126.17493286040997,0.06402205956499701,473.3470056022629,1433.730422209752,1424.3094281104002,640.4188409397976,156.6439208984375,1049.5689655172414,0.35774865073245954,419.1576086956522,0.28373168851195063,430.7692307692308,0.8018504240555128,498.7399193548387,0.7648419429452583,794.2708333333334,0.29606784888203547,1008.9285714285714,0.08635312259059368,15.625,0.04934464148033924,2.6399383191981496,32.803746498599445,0.3802521008403361,0.11141094834232845,0.18427139552814187,0.03199691595990748,0.1582498072474942,0.0761372397841172,0.056476484194294525,0.1840786430223593,0.11237471087124133,0.030454895913646876,0.05185042405551272,0.9278132858536391,0.48285153344754267,3.651503469545104,0.12297609868928296,0.01599845797995374,0.6557440246723207,0.0,0.20528141865844257,0.1133384734001542,0.16094834232845026,0.2220508866615266,0.03700848111025443,0.02467232074016962,0.02467232074016962,0.0,,0.43333333333333335
2026-08-21_ewc_vitality-vs-spirit_mirage,donk,CT,4,89.59,114.08341594118356,72.7230527228179,234.81278381347656,0.031042901988140914,0.18782699686083013,0.6750959190791769,0.19480292989187303,748.9827452743059,0.7701430066271364,1.6742239274502966,0.65852807813045,0.22584583188001395,3.012437623965781,0.06696895709801186,0.044122776421346356,0.06696895709801186,0.029298918730380187,0.02738053714684339,41.833218183106574,254.85136718749874,2.2657830484827346,1.7970003487966515,0.692186955005232,0.0,126.70419826507569,0.7,0.11161492849668643,10221.272316793718,114.08465787840913,0.1361505129616458,464.7616058240767,1913.063719127559,1264.5496478100254,1431.931214053683,126.63873291015625,642.2697368421053,0.42413672828740845,522.7272727272727,0.24555284269271016,494.140625,0.8036274851761424,598.1570512820513,0.8705964422741541,841.40625,0.22322985699337286,604.1666666666666,0.06696895709801186,15.625,0.06696895709801186,2.7010812696198117,13.750195802005011,0.3806390977443609,0.035054063480990584,0.12295081967213115,0.050924311126613185,0.1810254621555633,0.06330659225671434,0.025462155563306593,0.2574119288454831,0.08475758632717126,0.05127310777816533,0.12626438786187652,0.8046453792179727,0.49651052606710433,3.7614230903383326,0.12539239623299617,0.013951866062085804,0.7758981513777468,0.0,0.08475758632717126,0.10306941053365888,0.08249040809208232,0.30136030694105337,0.08929194279734914,0.0,0.022322985699337286,0.0,,
2026-08-21_ewc_vitality-vs-spirit_mirage,donk,CT,5,120.0,132.1880498867676,81.52257150833435,247.08211975097657,0.08828125,0.36080729166666664,0.525,0.29609375,541.3861447825095,0.44166666666666665,1.325,0.675,0.30885416666666665,3.0331848897389238,0.06666666666666667,0.05859375,0.05,0.020572916666666666,0.019270833333333334,50.79778848462528,320.49404296874906,2.3583333333333334,0.6666666666666666,0.42877604166666666,0.0,84.2733194177801,0.5454545454545454,0.09166666666666666,17513.968897211176,145.94974081009315,0.07862268507338545,596.7692705891518,1510.8568836881514,564.2168582499617,556.6194440078689,284.9776611328125,952.2879464285714,0.4666666666666667,748.1971153846154,0.21666666666666667,417.4107142857143,0.5833333333333334,495.1388888888889,0.75,1882.4728260869565,0.19166666666666668,500.0,0.058333333333333334,15.625,0.06666666666666667,2.3333333333333335,20.164405906593405,0.35096153846153844,0.107421875,0.25885416666666666,0.03671875,0.11809895833333334,0.06783854166666667,0.038671875,0.15091145833333333,0.11588541666666667,0.08567708333333333,0.018098958333333335,0.9011635171310459,0.5238556102676261,3.283333333333333,0.20677083333333332,0.04192708333333333,0.6087239583333334,0.0,0.142578125,0.16184895833333332,0.12109375,0.6333333333333333,0.3416666666666667,0.016666666666666666,0.05,0.0,,0.11666666666666667
2026-08-21_ewc_vitality-vs-spirit_mirage,donk,CT,6,90.52,130.0735874219548,77.18918334876194,245.27788085937502,0.07647160365958916,0.3464526152252719,0.5622302779216296,0.2639392370101847,539.436961378933,0.4971517348524081,1.4804073882271707,0.7733471431037459,0.3112377006732263,2.9762782435480393,0.0883825306404281,0.06576903158984981,0.11047816330053513,0.06214396685655101,0.05955463490419472,42.90870202839045,215.5078124999997,1.8007940617987226,0.5855342654928362,0.38184015190747456,0.0,64.65968068440755,0.5,0.06628689798032107,13276.92213459393,146.68099717141575,0.06410809309889759,770.2766326514449,2718.1576175722566,1715.7657088330145,1862.2239304499226,284.0146484375,1051.0416666666667,0.4971517348524081,431.49038461538464,0.28724322458139134,383.0295138888889,0.7954427757638529,432.20766129032256,0.6849646124633177,1425.4261363636363,0.24305195926117729,685.9375,0.11047816330053513,15.625,0.0883825306404281,2.7067150008631105,18.014171511627907,0.4191860465116279,0.08320386673571552,0.29587433108924566,0.03935784567581564,0.12963921974797168,0.11686518211634732,0.03901260141550147,0.12687726566545832,0.10788883134817884,0.04211979975832902,0.013809770412566891,0.8963424976934166,0.602392690928612,3.89987916450889,0.306576903158985,0.0,0.6164336267909546,0.0,0.07698947005006042,0.14897289832556534,0.06197134472639392,0.36457793889176593,0.06628689798032107,0.011047816330053513,0.0,0.0,,0.5666666666666667
2026-08-21_ewc_vitality-vs-spirit_mirage,donk,CT,7,121.31,119.007172147955,60.85028914904973,220.67434234619134,0.034904688304997426,0.5817877382792375,0.7691911385883565,0.1553323029366306,484.22442016493454,0.5935085007727975,1.9453889747552808,0.7748583204533745,0.4468057702215353,3.0224543182451353,0.02472952086553323,0.012751159196290572,0.03297269448737764,0.03142709943328181,0.02575991756826378,45.79443743056003,311.52822265625,2.37403400309119,0.5935085007727975,0.4549201442555384,0.0,170.9507263183594,0.8,0.04121586810922205,14978.261300613924,123.46840845431365,0.15111621230365363,807.0726903973219,2263.458114643173,65.64163155579656,1016.671053237461,286.30206298828125,1181.640625,0.46161772282328695,451.9230769230769,0.321483771251932,386.8801652892562,0.9974240082431737,347.3868534482759,0.9562081401339516,2352.6041666666665,0.2472952086553323,878.125,0.04121586810922205,15.625,0.02472952086553323,3.049974240082432,24.28232998885173,0.3918617614269788,0.05306543019062339,0.208397733127254,0.03503348789283874,0.13124678001030396,0.17761463163317878,0.06221020092735703,0.11154044307058217,0.15919629057187018,0.04662545079855744,0.013652756311179804,0.8173415808259371,0.5806870963603402,4.863472436888202,0.2017001545595054,0.0005151983513652757,0.7557959814528593,0.0,0.04198866563626996,0.08371973209685729,0.04095826893353941,0.18959299330242144,0.02472952086553323,0.0,0.0,0.0,,
2026-08-21_ewc_vitality-vs-spirit_mirage,donk,CT,8,82.31,94.01271897958324,71.96543507280245,217.11090240478518,0.16704631738800305,0.534738041002278,0.6623006833712984,0.11560364464692482,555.4800485823491,0.7289293849658315,2.0167046317388,0.9597570235383447,0.29954441913439633,3.182983812581016,0.012148823082763858,0.009870918754745633,0.03644646924829157,0.020311313591495826,0.020311313591495826,46.1062601790927,291.64326171874967,2.3568716780561885,0.9476082004555809,0.46810933940774485,0.0,76.82598272959392,0.5,0.07289293849658314,7738.923702734887,94.01881491553394,0.15523102058283278,286.4793563878983,1259.588459905713,1172.9880262087738,791.3036356327822,227.2376708984375,861.1607142857143,0.425208807896735,276.7361111111111,0.5466970387243736,321.1397058823529,1.0326499620349279,346.25771604938274,0.9840546697038725,1023.6191860465116,0.5223993925588458,734.375,0.03644646924829157,15.625,0.012148823082763858,3.55960516324981,17.273905529953918,0.46589861751152073,0.15679574791192102,0.1780561883067578,0.03986332574031891,0.13553530751708429,0.10193621867881549,0.047076689445709946,0.1600227790432802,0.08352315869400152,0.05011389521640091,0.03018223234624146,0.8981067122513804,0.6525054713195004,4.981017463933181,0.09187547456340167,0.016135155656795748,0.8122627182991647,0.0,0.07972665148063782,0.06378132118451026,0.06017463933181473,0.24297646165527714,0.03644646924829157,0.012148823082763858,0.20652999240698558,0.0,,0.45
2026-08-21_ewc_vitality-vs-spirit_mirage,donk,CT,9,87.3,97.55120224394311,71.94748770910631,220.14734191894533,0.1440844818328262,0.4304635761589404,0.6867728655808126,0.11705745480579918,545.9126373498933,0.6300340075174512,2.084839806694111,0.9164131018435654,0.3100053696080186,3.272795016807065,0.045820655092178274,0.03257562197959549,0.06873098263826741,0.1557186325398246,0.06568820476105244,36.97490884717374,227.04443359375,1.9130123500984428,0.7904063003400752,0.4229461249328799,0.0,94.03970623016357,0.5,0.045820655092178274,8516.377801105318,97.5565024647826,0.18977821632931566,558.0357729597349,1627.3785543515262,1289.028759736085,858.8139820734491,197.46453857421875,697.3505434782609,0.5269375335600501,514.7321428571429,0.4009307320565599,293.1134259259259,1.2371576874888133,383.125,0.8591372829783426,1391.7824074074074,0.3092894218722033,2398.4375,0.06873098263826741,15.625,0.045820655092178274,3.448004295686415,27.77477516430301,0.3836042891732964,0.09611598353320208,0.14963307678539467,0.09056738858063361,0.1691426525863612,0.10309647395740111,0.04796849829962413,0.14086271702165742,0.10041166994809379,0.050474315374977624,0.034365491319133704,0.9119140287926653,0.5626803436633548,5.177734025416145,0.13048147485233577,0.0,0.7682119205298014,0.0,0.1013066046178629,0.08931448004295686,0.0728476821192053,0.2863790943261142,0.13746196527653481,0.0,0.14891712904957938,0.0,,
2026-08-21_ewc_vitality-vs-spirit_mirage,donk,CT,10,115.0,105.6107888844092,80.83778589574875,224.99289093017578,0.13519021739130435,0.19483695652173913,0.5644021739130435,0.22010869565217392,785.116729474058,1.2,2.2,0.5130434782608696,0.22459239130434783,2.8371680709105207,0.043478260869565216,0.03247282608695652,0.06086956521739131,0.035869565217391305,0.03233695652173913,36.281068063977784,216.47675781249998,1.8521739130434782,1.7826086956521738,0.6849184782608696,0.0,99.42176725647666,0.6363636363636364,0.09565217391304348,12148.205044102164,105.63656560088837,0.24029167705871177,519.1736365276176,2919.1125633004103,1315.5575161128909,1364.6769969216407,227.53875732421875,684.3039772727273,0.3826086956521739,576.171875,0.1391304347826087,348.7548828125,1.1130434782608696,352.625,1.0869565217391304,722.7822580645161,0.26956521739130435,725.4464285714286,0.06086956521739131,15.625,0.043478260869565216,3.0956521739130434,9.20138888888889,0.3813131313131313,0.13682065217391304,0.10108695652173913,0.016032608695652175,0.2745923913043478,0.07554347826086956,0.0125,0.22133152173913043,0.08491847826086957,0.051494565217391305,0.025407608695652173,0.7565136698994698,0.46364611310974846,4.747826086956522,0.07364130434782609,0.012907608695652174,0.8921195652173913,0.0,0.021331521739130433,0.06535326086956522,0.014673913043478261,0.13043478260869565,0.034782608695652174,0.008695652173913044,0.0782608695652174,0.0,,0.3
2026-08-21_ewc_vitality-vs-spirit_mirage,donk,CT,11,88.17,98.18842399377134,83.80751370218287,233.57361145019533,0.22133616870458975,0.24171539961013644,0.5041644515328726,0.2002480949849371,539.1635165024887,0.6351231614389509,1.6104908736487684,0.6124401913875598,0.3312068048910154,3.0218427431583157,0.12475633528265107,0.08399787347155768,0.15878079035973772,0.19634945950735425,0.10136452241715399,47.20599652993176,283.27148437499966,2.5972000708842815,0.8732943469785575,0.39553429027113235,0.0,51.09435224533081,0.25,0.09073188020556441,11474.21165431114,130.13459965903118,0.17082563915972748,1069.9263438038151,2922.3422916389873,2412.7077078616253,2280.1963474628506,232.5313720703125,1285.7862903225807,0.3515860357965621,445.6521739130435,0.26085415559099767,443.50961538461536,0.7371965266702108,375.40064102564105,0.8846358320042531,1420.8333333333333,0.17012227538543329,1308.0357142857142,0.15878079035973772,15.625,0.12475633528265107,2.687931951089846,32.604166666666664,0.4222222222222222,0.12351586035796562,0.19936204146730463,0.03668261562998405,0.10278220804536595,0.16498316498316498,0.04004961899698742,0.1871345029239766,0.08718766613503455,0.038631933368775476,0.018784334573808258,0.854292118580529,0.6168397524814868,3.8334219386850967,0.1314903420166578,0.05298600035442141,0.6469962785752259,0.0,0.16852737905369483,0.10969342548289916,0.06131490342016658,0.34024455077086657,0.11341485025695552,0.011341485025695552,0.07939039517986886,0.0,,1.0
2026-08-21_ewc_vitality-vs-spirit_mirage,donk,CT,12,8.5,0.040358975529670715,0.5313989126859803,0.0,0.9944852941176471,0.0,0.0055147058823529415,0.0,18.51086188051537,0.0,0.0,0.0,0.0,0.21852576524664866,0.0,0.0,0.0,0.011029411764705883,0.0,0.009752136567679558,0.0,0.0,0.0,0.007352941176470588,0.0,,,0.0,0.11892806574164873,0.013991537146076321,,0.0051022503965328925,0.11892800432252153,,,0.01971435546875,,0.0,,0.0,296.875,0.11764705882352941,,0.0,,0.0,171.875,0.11764705882352941,,0.0,0.23529411764705882,,,0.9650735294117647,0.0,0.0,0.034926470588235295,0.0,0.0,0.0,0.0,0.0,0.0,0.9736842105263157,0.14873612445964485,0.11764705882352941,0.9393382352941176,0.014705882352941176,0.03308823529411765,0.0,0.012867647058823529,0.0,0.0,0.47058823529411764,0.11764705882352941,0.0,0.23529411764705882,0.0,,
2026-08-21_ewc_vitality-vs-spirit_mirage,donk,T,12,65.56,117.04356579221891,73.65283858678487,240.0045928955078,0.08055290753098189,0.3963298379408961,0.6675405147759771,0.18684461391801716,632.126238968822,0.8541468064823642,2.2878932316491896,0.5338417540514776,0.31053384175405147,2.972285368757885,0.09151572926596759,0.06410867492850333,0.07626310772163966,0.0836510962821735,0.046234509056244044,33.1468896658969,185.33920898437452,1.1897044804575787,1.098188751191611,0.4945185891325071,0.0,,,0.0,7675.106174695852,117.0654897951703,0.3638842449067995,934.6371424735863,2792.8502149587143,1595.5815271696151,2187.079535081939,290.6431884765625,1467.1875,0.30505243088655865,364.2578125,0.2440419447092469,286.4583333333333,1.1439466158245948,302.63157894736844,1.1591992373689228,1082.6822916666667,0.36606291706387034,1200.0,0.07626310772163966,15.625,0.09151572926596759,3.3860819828408006,22.280679513184587,0.4115956727518594,0.11916110581506197,0.20948522402287892,0.01644423260247855,0.1882745471877979,0.09175405147759771,0.024070543374642518,0.14251668255481412,0.1463298379408961,0.03836987607244995,0.013584366062917064,0.8761493988396059,0.6573989666798251,5.063870352716873,0.12082936129647283,0.8791706387035272,0.0,0.0,0.0,0.11487130600571974,0.0,0.015252621544327931,0.0,0.0,0.0,0.0,,
2026-08-21_ewc_vitality-vs-spirit_mirage,donk,T,13,106.23,136.27142101135266,78.86368787675951,247.04303588867188,0.0433887336372996,0.12384174143256362,0.4933078393881453,0.32137078982203265,683.7923508550052,0.5836152375349316,1.3272540079423445,0.5271363435799382,0.27489336667156933,2.817782714592017,0.047065744962494487,0.040447124577143695,0.05647889395499338,0.020444182968083542,0.01867921753199,28.630516400159053,147.8353271484375,0.8848360052948963,1.3554934549198412,0.6584791881158994,0.0,184.48190460205078,0.8,0.047065744962494487,14478.830454528494,136.29138830560723,0.024307913732662813,1107.9559636455365,3484.2447324422483,855.6858340777976,1196.374858042941,226.480712890625,1045.3506097560976,0.3859391086924548,326.171875,0.15061038387998235,559.375,0.7059861744374173,711.4109848484849,0.6212678335049272,1644.53125,0.07530519193999118,458.3333333333333,0.05647889395499338,15.625,0.047065744962494487,2.042653331372261,-8.13673418972332,0.5775691699604744,0.04294749227827622,0.1737020150022062,0.003971172231210472,0.19944109427857037,0.10280923665244888,0.03515222826886307,0.24768348286512723,0.12678335049271952,0.010001470804530078,0.05736137667304015,0.8430230966231239,0.4289687779358372,3.219296955434623,0.1517870275040447,0.0,0.8046771584056479,0.0,0.0435358140903074,0.1488454184438888,0.03824091778202677,0.12237093690248566,0.03765259596999559,0.009413148992498897,0.0,0.0,,0.8
2026-08-21_ewc_vitality-vs-spirit_mirage,donk,T,14,44.52,139.71944729601472,79.53664080668517,244.99766540527344,0.0709020709020709,0.21937521937521937,0.4534924534924535,0.338013338013338,502.1634092124446,0.5166725166725167,1.4152334152334152,0.4043524043524043,0.363987363987364,2.7096382638927405,0.022464022464022463,0.02702702702702703,0.15724815724815724,0.06914706914706915,0.0343980343980344,24.561756091171436,130.2537353515625,0.6514566514566514,0.5616005616005616,0.44015444015444016,0.0,71.18751811981201,0.375,0.1797121797121797,6630.996514313666,148.95885465639685,0.2537673330655056,778.8278952285601,2226.354955550821,858.8840336016748,1466.2235009506608,135.32861328125,1787.5,0.33696033696033695,973.9583333333334,0.06739206739206739,580.078125,0.7188487188487188,409.1796875,0.7188487188487188,4882.8125,0.044928044928044926,656.25,0.15724815724815724,15.625,0.022464022464022463,2.0666900666900667,41.232638888888886,0.25,0.012636012636012635,0.29694629694629693,0.004914004914004914,0.16426816426816426,0.17655317655317657,0.04949104949104949,0.13127413127413126,0.126009126009126,0.010179010179010179,0.02492102492102492,0.8947286377215207,0.5065585800532395,3.0326430326430325,0.22815022815022815,0.0,0.6826956826956827,0.0,0.08915408915408915,0.16777816777816779,0.08915408915408915,0.2471042471042471,0.06739206739206739,0.022464022464022463,0.0,0.0,,0.0
2026-08-21_ewc_vitality-vs-spirit_mirage,donk,T,15,59.14,103.34564353446507,90.55108739504789,247.54126892089843,0.19498018494055483,0.0021136063408190224,0.4676354029062087,0.20449141347424044,517.7600079183816,0.5410832232496697,1.2343461030383092,0.8792602377807134,0.2829590488771466,2.9335366586885203,0.03381770145310436,0.04280052840158521,0.05072655217965654,0.17965653896961692,0.04200792602377807,25.775085836333904,117.64406738281234,1.1667107001321004,0.28745046235138705,0.5157199471598415,0.5204755614266843,32.453215980529784,0.2,0.0845442536327609,8306.122560595766,140.44698649356118,0.05149952594341713,630.5399253177812,1497.9520427994569,1161.6711022610946,660.0329876724409,161.767333984375,662.6838235294117,0.5749009247027741,311.63194444444446,0.30435931307793923,778.5714285714286,0.5918097754293263,280.44871794871796,0.659445178335535,125.0,0.01690885072655218,3692.7083333333335,0.05072655217965654,15.625,0.03381770145310436,2.231968295904888,-0.6009615384615383,0.5,0.1904887714663144,0.164332892998679,0.024834874504623513,0.22192866578599735,0.17278731836195507,0.03883751651254954,0.08903566710700132,0.03963011889035667,0.02906208718626156,0.024570673712021138,0.8372304163485905,0.4990542296663484,3.753764861294584,0.21611624834874504,0.0005284015852047556,0.01928665785997358,0.7439894319682959,0.020079260237780713,0.20422721268163804,0.019815059445178335,0.27054161162483487,0.10145310435931308,0.01690885072655218,0.0,0.37199471598414796,0.7041903409090909,0.4
2026-08-21_ewc_vitality-vs-spirit_mirage,flameZ,CT,12,88.05,98.58226926740863,79.97797798520864,243.96564941406263,0.14516415261756876,0.40638864241348716,0.6596273291925466,0.1565217391304348,441.5973432705114,0.5905944986690328,1.431055900621118,0.9426796805678793,0.2759538598047915,2.9865907111671364,0.09086069210292813,0.06832298136645963,0.17036379769299023,0.22307009760425908,0.1346938775510204,36.09079725910765,173.189453125,1.7036379769299024,0.5110913930789707,0.2993788819875776,0.0,122.51732423570421,0.7777777777777778,0.10221827861579415,8680.171133446991,98.58579459460647,0.08977862151928097,553.6842095814136,2398.128360256126,2322.8566495796254,1369.0323490577196,183.1439208984375,852.1875,0.5678793256433008,362.59191176470586,0.38615794143744453,375.88443396226415,0.6019520851818988,348.88698630136986,0.8291038154392192,1789.0625,0.22715173025732033,1446.875,0.17036379769299023,15.625,0.09086069210292813,2.873469387755102,-45.66394376899696,0.6341728180633956,0.15794143744454303,0.2937000887311446,0.05430346051464064,0.08979591836734693,0.06583850931677018,0.049157054125998224,0.11481810115350488,0.12049689440993788,0.032475598935226266,0.013487133984028394,0.863886963354994,0.7095148874684835,4.338598047914818,0.23513753327417924,0.7648624667258208,0.0,0.0,0.0,0.11978704525288376,0.0,0.07950310559006211,0.03407275953859805,0.011357586512866016,0.07950310559006211,0.0,,0.3333333333333333
2026-08-21_ewc_vitality-vs-spirit_mirage,flameZ,CT,13,92.97,95.04938079088676,83.01987333077697,240.0031753540039,0.24873949579831933,0.38907563025210085,0.5378151260504201,0.16974789915966387,526.3642925809456,0.9035294117647059,1.6349579831932772,0.7099159663865546,0.2783193277310924,2.991298976256958,0.12907563025210084,0.09142857142857143,0.16134453781512606,0.16605042016806723,0.08285714285714285,56.6217802493066,350.595703125,2.8396638655462185,0.6991596638655462,0.4603361344537815,0.0,152.57564189036688,0.6666666666666666,0.03226890756302521,8836.93879600578,95.05278704947393,0.22737286899447212,469.9935760729329,2647.840801831471,1646.2286012177974,2169.050995738126,269.30206298828125,876.3392857142857,0.3764705882352941,339.84375,0.3442016806722689,528.2012195121952,0.8820168067226891,339.0625,0.7529411764705882,951.891447368421,0.4087394957983193,1163.5416666666667,0.16134453781512606,15.625,0.12907563025210084,3.0547899159663867,-10.792690732206863,0.5920378904249872,0.14151260504201682,0.1492436974789916,0.019327731092436976,0.2430252100840336,0.14184873949579832,0.049747899159663864,0.14739495798319327,0.033277310924369745,0.04336134453781513,0.021176470588235293,0.8921660532506679,0.5806645425862323,4.388571428571429,0.10134453781512605,0.0035294117647058825,0.887563025210084,0.0,0.007563025210084034,0.08252100840336135,0.007563025210084034,0.27966386554621847,0.09680672268907563,0.0,0.12907563025210084,0.0,,
2026-08-21_ewc_vitality-vs-spirit_mirage,flameZ,CT,14,39.52,149.0897886740591,77.31939244410185,250.0002227783203,0.042309213127718466,0.4139976275207592,0.5571372083827599,0.31198102016607354,455.9260598728507,0.5820482404112297,1.4677738236457099,0.531435349940688,0.3317516805061289,2.483928950819124,0.177145116646896,0.1443258204824041,0.15183867141162516,0.06366152629497825,0.057730328192961644,49.52358931529371,240.77734375,1.6955318307631475,0.531435349940688,0.365361803084223,0.0,108.04681116342545,0.5625,0.40490312376433374,5892.741856939356,149.1243490882241,0.22916445571140479,550.7107386988408,1999.253241315498,1671.8810482550884,1728.6802645574485,165.218994140625,1536.764705882353,0.4302095689996046,184.375,0.1265322261763543,515.625,0.8351126927639383,271.875,0.6326611308817714,1817.7083333333333,0.2277580071174377,520.8333333333334,0.15183867141162516,15.625,0.177145116646896,2.5812574139976276,55.20833333333333,0.3333333333333333,0.06207987346777382,0.3527085804665876,0.0,0.17437722419928825,0.2368525108738632,0.0019770660340055358,0.06722024515618821,0.06959272439699486,0.017793594306049824,0.011862396204033215,0.8649070274472295,0.607627411551756,3.618821668643733,0.33847370502174773,0.5156188216686437,0.0,0.0,0.14590747330960854,0.188216686437327,0.1332542506919731,0.7591933570581257,0.27837089758797945,0.0,0.0,0.0,,
2026-08-21_ewc_vitality-vs-spirit_mirage,flameZ,CT,15,106.31,90.31312046308226,86.61980482965495,244.99139862060548,0.27380952380952384,0.3265726043503821,0.4922104644326867,0.17945326278659612,609.3971065878568,0.696061140505585,1.4955908289241622,0.630217519106408,0.26778365667254556,3.1037905949327116,0.0564373897707231,0.08935920047031158,0.1693121693121693,0.11258083480305703,0.05364491475602587,35.21026669644826,228.09765625,1.4673721340388006,0.4985302763080541,0.35802469135802467,0.0,189.9535369873047,1.0,0.08465608465608465,9617.282077779782,90.46238285977455,0.16252241263249406,701.571414931685,1929.120419898067,1099.0946821394718,1920.0466095485785,263.2943115234375,910.7730263157895,0.3574368018812463,500.0,0.2821869488536155,426.953125,0.7524985302763081,501.3671875,0.7524985302763081,1052.0833333333333,0.31040564373897706,828.125,0.1693121693121693,15.625,0.0564373897707231,2.6807760141093473,-20.458751983077736,0.5861977789529349,0.1371252204585538,0.15652557319223986,0.042328042328042326,0.15167548500881833,0.08965314520870077,0.045414462081128745,0.21898883009994122,0.07818930041152264,0.04556143445032334,0.025573192239858905,0.8715375419493014,0.6321473779366835,3.903586125808348,0.13271604938271606,0.012345679012345678,0.7971781305114638,0.0,0.057760141093474424,0.09626690182245738,0.0530570252792475,0.31981187536743094,0.0564373897707231,0.0,0.18812463256907702,0.0,,
2026-08-21_ewc_vitality-vs-spirit_mirage,flameZ,T,0,29.27,177.62163748937817,78.04136923385231,250.0055694580078,0.032568072610784836,0.3075280298985585,0.3342231713828083,0.5339028296849974,497.4365432938159,0.5125467164975974,1.400961025093433,0.6492258408969568,0.3027229044313935,2.3017442828408816,0.20501868659903896,0.15323011211959423,0.1366791243993593,0.03363587827015483,0.03363587827015483,53.474539732321716,274.54775390625,1.4351308061932728,0.2733582487987186,0.201815269620929,0.0,202.2202320098877,0.875,0.2733582487987186,5198.889099102917,177.64490247869014,0.6560731177441348,1032.2354804429633,3410.8513800544465,1699.5936486911319,2581.021582712121,270.05946159362793,1288.6029411764705,0.580886278697277,151.04166666666666,0.10250934329951948,350.3605769230769,0.8884143085958356,364.5833333333333,0.5125467164975974,3000.0,0.10250934329951948,328.125,0.1366791243993593,15.625,0.20501868659903896,2.5285638013881475,-74.26948051948052,0.6753246753246753,0.04911906033101975,0.4591564335290977,0.002135611318739989,0.09396689802455953,0.196476241324079,0.012279765082754938,0.08649225840896957,0.09129738387613455,0.0005339028296849973,0.006406833956219968,0.6641526441146273,0.6149907134169158,3.792845702082221,0.4442071542979178,0.44313934863854776,0.0,0.0,0.11265349706353443,0.30912973838761343,0.08222103577148959,0.3758675920982381,0.1366791243993593,0.0,0.0,0.0,,
2026-08-21_ewc_vitality-vs-spirit_mirage,flameZ,T,1,43.27,71.69178096294058,83.6244981931583,239.99896240234375,0.3246659443842542,0.2336583604189238,0.5001805706031058,0.14012278801011196,660.5785206538741,0.6933911159263272,1.6641386782231853,0.4622607439508848,0.15348501263994221,2.8127292893115348,0.0,0.010834236186348862,0.13867822318526543,0.23185265438786565,0.08089563019140483,23.11753571791456,101.382470703125,0.8782954135066812,0.8551823763091368,0.3629469122426869,0.0,159.4407650232315,0.8181818181818182,0.25424340917298666,3102.060486113551,71.69803940457467,0.25805108923162706,308.79222710508867,996.2484960247878,960.6609342986441,996.005800529808,111.3516845703125,1094.951923076923,0.3004694835680751,394.53125,0.18490429758035393,334.2013888888889,0.8320693391115926,254.34027777777777,0.8320693391115926,919.0340909090909,0.25424340917298666,1802.0833333333333,0.13867822318526543,,0.0,2.5424340917298665,-43.019480519480524,0.6341991341991342,0.30191404839292163,0.2098230408089563,0.03864210906464428,0.15420729505236547,0.06897797038642109,0.014806789454676778,0.11267605633802817,0.047670639219934995,0.01119537739256049,0.02925243770314193,0.9006350999378324,0.5185385210103634,3.767425063199711,0.10328638497652583,0.7955940772842182,0.0,0.0,0.0,0.09281328999638859,0.0,0.8782954135066812,0.8089563019140484,0.0,0.0,0.0,,
2026-08-21_ewc_vitality-vs-spirit_mirage,flameZ,T,2,81.11,143.02660410776005,90.41394583156833,249.99551391601562,0.12791369678289347,0.19129262184550183,0.357349258331728,0.3968406858023502,521.7884054105643,0.5794644577152764,1.4055095357349259,0.7027547678674629,0.3363513773839337,2.8867078618422606,0.12329031015218647,0.09535734925833173,0.13561934116740512,0.09323829705259103,0.04083991523791177,46.69101694213632,228.09765625,1.849354652282797,0.5301483336544018,0.3908688114043537,0.0,94.3813823518299,0.47619047619047616,0.2589096513195916,11601.7730796422,143.03862013043747,0.15615962628456942,960.6384672269128,2396.3387879105276,891.8387557276011,928.2131227396594,210.0,1073.046875,0.4931612406087459,421.875,0.20959352725871702,435.1946721311475,0.7520708919283375,486.73349056603774,0.6534386438065883,969.7265625,0.19726449624349837,816.7613636363636,0.13561934116740512,15.625,0.12329031015218647,2.5644384511654787,-9.853603603603602,0.4847539847539848,0.08822962820265845,0.2635330379502986,0.017722982084376806,0.12598728568676557,0.17279907532267386,0.013677518782508188,0.156039298786361,0.0916971681756887,0.05548063956848392,0.012136389905605857,0.85395882164649,0.6379795813888854,3.7973415526873433,0.22635330379502985,0.0009632055480639568,0.5586592178770949,0.0,0.15449816990945867,0.21595068387593913,0.13542670005779234,0.5301483336544018,0.17260643421306107,0.024658062030437296,0.0,0.0,,0.35
2026-08-21_ewc_vitality-vs-spirit_mirage,flameZ,T,3,97.91,122.13839610016578,71.75376959182583,239.72120666503906,0.06016597510373444,0.4337695499521226,0.6479412703479094,0.2114586658155123,458.28065391909496,0.8171082030003192,1.7159272263006702,0.7149696776252793,0.36897542291733165,3.035228815586727,0.04085541015001596,0.03558889243536546,0.12256623045004787,0.053463134375997444,0.04277050750079796,59.866774117118915,321.03847656249997,2.686243217363549,0.7864666453878072,0.44222789658474304,0.0,167.7975484530131,0.6666666666666666,0.12256623045004787,11956.297259517612,122.11985710327596,0.2643604951526016,1291.8420845080223,3193.066431550145,810.2071821723985,687.1481339952503,221.500244140625,999.3872549019608,0.5209064794127035,657.03125,0.2042770507500798,495.5882352941176,0.8681774656878392,290.55059523809524,0.8579636131503351,2831.25,0.15320778806255986,587.2395833333334,0.12256623045004787,15.625,0.04085541015001596,2.767954037663581,-12.991645024603608,0.6619737561509021,0.06734759016916693,0.23140759655282478,0.054420683051388447,0.14794127034790935,0.21353335461219278,0.03606766677306096,0.1085221832109799,0.06830513884455792,0.03973827002872646,0.02138525375039898,0.8769224539749457,0.6609802221082581,4.555378231726779,0.2167251835301628,0.0031918289179699967,0.7441749122247048,0.0,0.03590807532716246,0.0991062879029684,0.03590807532716246,0.23491860836259176,0.1021385253750399,0.01021385253750399,0.0,0.0,,0.4666666666666667
2026-08-21_ewc_vitality-vs-spirit_mirage,flameZ,T,4,85.95,77.96091447582333,71.72393073946262,165.9414825439453,0.2903108525722596,0.45809852754044716,0.5698963824759135,0.07598618433012179,530.5832712972107,0.6980548991092529,1.617160516269769,0.6631521541537903,0.2414106526086166,2.9189252508044228,0.023268496636975094,0.019087438647518634,0.04653699327395019,0.06616978731139793,0.05035448100345392,54.41431640625,371.92280273437575,3.0249045628067623,0.8725686238865661,0.3792037811307035,0.0,83.33231099446614,0.3333333333333333,0.034902744955462646,6700.752245989316,77.95821555050286,0.2973975770168693,596.8178810203501,1992.7874821475677,1054.0657405186528,1035.9463772532247,141.765869140625,700.0868055555555,0.4188329394655517,453.125,0.2443192146882385,406.6455696202532,0.9191056171605163,283.59375,0.6980548991092529,1064.1891891891892,0.43046718778403925,1578.125,0.04653699327395019,15.625,0.023268496636975094,2.780585348118524,-18.51851851851852,0.5796296296296296,0.2984911834211961,0.12306853299400108,0.03944737320487184,0.16651517905835303,0.11307035084530086,0.06144337393201236,0.1043446646064352,0.05108162152335939,0.009816397018723869,0.026722414106526086,0.8964196009163715,0.6082708978823909,4.083621159789129,0.07671332485002727,0.7896746046173423,0.0,0.0,0.13361207053263044,0.04962734048354844,0.11797854935466279,0.3955644428285766,0.23268496636975095,0.0,0.0,0.0,,
2026-08-21_ewc_vitality-vs-spirit_mirage,flameZ,T,5,86.58,112.50146256022167,86.18588819683221,247.29234313964844,0.18787222523010286,0.29525356433856703,0.4712145822053781,0.23010286951813752,446.53685089765156,0.6930157011369789,1.282079047103411,0.7969680563075258,0.3663598628406425,2.9636199526962583,0.09240209348493052,0.06154123804367443,0.1501534019130121,0.14762678216928352,0.09131925645190399,28.92658973445961,147.8540283203125,0.8431691030499909,0.38115863562533836,0.45334777116044034,0.0,132.3229662577311,1.0,0.06930157011369789,9740.858807804867,112.50946827278676,0.20305720098929925,780.1949660255947,2009.1343474004989,1150.7154969081614,1384.4189688505458,167.828125,959.4494047619048,0.4851109907958852,330.91517857142856,0.3234073271972568,622.1153846153846,0.7507670095650605,484.7146739130435,0.5313120375383504,1503.6764705882354,0.19635444865547735,1139.423076923077,0.1501534019130121,15.625,0.09240209348493052,2.529507309149973,-2.214353776853777,0.5308385308385308,0.09294351200144378,0.19924201407688144,0.006857967875834687,0.19274499187872227,0.18642844251940083,0.06424833062624075,0.13120375383504781,0.07634001082837033,0.026349034470312217,0.010647897491427541,0.8552527529372549,0.6871376846197627,3.7191842627684535,0.2185526078325212,0.004331348132106118,0.7440895145280635,0.0,0.03302652950730915,0.15069482042952537,0.03266558382963364,0.34650785056848943,0.10395235517054684,0.0,0.0,0.0,,
2026-08-21_ewc_vitality-vs-spirit_mirage,flameZ,T,6,75.89,141.32787876364648,80.25033199562614,249.98910522460938,0.05806053119209389,0.22483014206300186,0.4992793905703109,0.3395099855878114,536.5897919632441,0.9882643607164917,1.7656989911467984,0.6983734815729874,0.3030677372863908,3.015102452383239,0.03953057442865967,0.026559604694255712,0.10541486514309244,0.07391393864525428,0.0681490632077414,36.00487436611923,194.3046875,1.4626312538604076,0.9619106444307185,0.4599547045501338,0.0,183.08710588727678,1.0,0.09223800700020589,10726.086377084444,141.3361186191897,0.22096741389710842,914.3979539682736,2384.8673351516695,918.667372583407,964.8968748796793,104.0,808.0357142857143,0.5534280420012353,614.5833333333334,0.15812229771463868,482.2761194029851,0.8828494955733992,346.78171641791045,0.8828494955733992,853.125,0.2635371628577311,845.703125,0.10541486514309244,15.625,0.03953057442865967,2.885731933292156,6.933210784313726,0.6127450980392157,0.06485484867201977,0.1949763228330245,0.04632489190858555,0.2285361334156887,0.12909203211859172,0.030059707638459953,0.1342392423306568,0.11385628989087915,0.019971175622812434,0.02800082355363393,0.8853170075449781,0.5944803760294063,4.546016059295861,0.18900555898702903,0.6806670784434836,0.0,0.0,0.07906114885731934,0.16368128474366894,0.07473749227918468,0.5138974675725757,0.237183446571958,0.0,0.0,0.0,,
2026-08-21_ewc_vitality-vs-spirit_mirage,flameZ,T,7,116.31,114.1588457643121,80.17120788291392,215.00191802978514,0.1409188608275121,0.2682697474476088,0.4836109618484686,0.226625470177324,560.0794310932282,0.9543256313809779,1.7195056421278883,0.7737775389575497,0.25376141859215473,2.9893172012382347,0.03439011284255777,0.028076303062869425,0.07737775389575496,0.05910800644814616,0.02001612036539495,46.34007932946645,266.11123046875,2.295540032240731,1.07469102632993,0.5561526061257388,0.0,84.84999819099903,0.4375,0.13756045137023107,13278.756679454495,114.16448515382693,0.18854869199485028,860.9693716702637,2854.9358844543085,809.8382671743653,869.4015407450573,157.88092041015625,689.2688679245283,0.45566899516389037,280.8388157894737,0.32670607200429874,438.5034403669725,0.9371305749596991,381.86813186813185,0.7823750671681892,800.0801282051282,0.3353036002149382,901.0416666666666,0.07737775389575496,15.625,0.03439011284255777,2.9489521762493283,-1.0062611806797852,0.5699165175909362,0.17114454594304138,0.13191832348199892,0.02001612036539495,0.2246104245029554,0.10034927458355723,0.053197205803331545,0.17692101020956474,0.07482536270822139,0.014105319720580333,0.021628156904889843,0.803666073283818,0.6487432977547349,4.556689951638904,0.14642665233745297,0.015986029016657712,0.765045674368619,0.0,0.07254164427727028,0.08140784524449221,0.058839333691563675,0.6104245029554003,0.3353036002149382,0.017195056421278884,0.0,0.0,,0.43333333333333335
2026-08-21_ewc_vitality-vs-spirit_mirage,flameZ,T,8,109.52,102.05560394411435,76.42544101940967,229.9262725830078,0.12469681837637324,0.307033813668141,0.599229561991725,0.15109145384505634,565.5498417304683,1.0866029390783278,2.0818947068055356,0.9952917677272078,0.2814952204308746,3.148463805799254,0.063917819945784,0.04636895420174062,0.17349122556712798,0.09815950920245399,0.08546154943643887,69.5381528950173,451.9560546875,3.6067912683692396,0.8035383078898559,0.4658296475959481,0.0,155.2598431028169,0.8275862068965517,0.264802396918248,13162.431002002793,120.1876992621171,0.21259737229100736,876.6745280997625,2864.659289500603,1879.5737354469825,1588.749613874471,191.535400390625,497.2014925373134,0.6117848480525039,397.6934523809524,0.38350691967470396,403.6458333333333,0.9861606505920959,281.25,1.104865173348552,960.7142857142857,0.31958909972891997,686.71875,0.18262234270223998,15.625,0.063917819945784,3.6524468540447996,9.855385638297872,0.5788297872340425,0.15665572834926522,0.12555286060778997,0.04965044942217149,0.20131259808817234,0.09116849764588386,0.06491653588243687,0.15394492794977885,0.08460550720502212,0.03153088885718362,0.03138821515194749,0.839721181646974,0.773970196586646,5.679554858039663,0.14909402197175062,0.0055642745042088744,0.7704380082750749,0.0,0.07490369524896562,0.09673277215009274,0.07347695819660437,0.43829362248537596,0.16436010843201598,0.0,0.0,0.0,,
2026-08-21_ewc_vitality-vs-spirit_mirage,flameZ,T,9,138.2,89.19542678489464,66.95327900520572,199.62942199707035,0.11611079706048615,0.26421707179197285,0.7022046353872244,0.09926512153759186,497.63795592546285,1.0130016958733747,1.8234030525720746,0.839344262295082,0.30695308083663086,3.1171462949475277,0.028942905596382136,0.025551158846806105,0.2098360655737705,0.2648954211418881,0.21797625777275298,61.02487054252883,388.6083984375,3.1620124364047486,0.7742227247032222,0.4973431317128321,0.0,100.81877613067627,0.6111111111111112,0.1302430751837196,12328.846666426189,89.20816129466095,0.14656985007698806,716.93695229003,2411.40492634994,1035.3625228894807,885.0816527887806,166.9989013671875,664.612676056338,0.5137365743357829,428.47222222222223,0.32560768795929906,449.21875,0.8682871678914641,364.34659090909093,0.9551158846806105,912.890625,0.28942905596382135,1410.021551724138,0.2098360655737705,15.625,0.028942905596382136,3.1909553420011307,-2.9851358860375843,0.6031521519498888,0.12187676653476541,0.1453928773318259,0.028603730921424535,0.21447145279819108,0.09089881288863765,0.05076314301865461,0.1569248162803844,0.10152628603730922,0.05562464669304692,0.02577727529677784,0.8534413166591129,0.7439590051928228,4.992651215375918,0.05664217071791973,0.011531938948558508,0.8148106274731487,0.0,0.11701526286037309,0.03629169022046354,0.08569813453928773,0.49926512153759184,0.21707179197286602,0.014471452798191068,0.0,0.0,,0.35
2026-08-21_ewc_vitality-vs-spirit_mirage,flameZ,T,10,95.34,122.66576540485264,82.2473916007084,244.99677429199218,0.13323500491642085,0.36774827925270404,0.5031137332022287,0.24139626352015733,529.1546488883245,0.6397902327105867,1.2795804654211733,0.6712553261225828,0.2862995739101934,2.9756847717719235,0.15732546705998032,0.11127499180596526,0.11537200917731891,0.07636840380203212,0.0514585381842019,40.5792056854153,185.86669921875,1.5837430350704687,0.5978367748279253,0.47885939036381514,0.0,92.95406719500369,0.5,0.23074401835463781,13802.8222683791,144.76903067457593,0.07121098589152243,753.7107247210224,1921.4099587325857,1600.845569924775,867.7450793538885,213.5391845703125,1231.6176470588234,0.3566043920026221,341.1458333333333,0.31465093411996065,543.0288461538462,0.6817436905932481,502.74122807017545,0.5978367748279253,1947.9166666666667,0.1887905604719764,782.6704545454545,0.11537200917731891,15.625,0.15732546705998032,2.4123238282530317,26.304853723404257,0.5819632495164411,0.0922648312028843,0.23516879711569977,0.025073746312684365,0.16175024582104228,0.13929859062602426,0.04588659455916093,0.17994100294985252,0.0624385447394297,0.034906588003933134,0.019501802687643396,0.856124480882625,0.6859509108729672,3.6499508357915436,0.2725335955424451,0.0029498525073746312,0.5657161586365126,0.0,0.15880039331366766,0.15027859718125205,0.08226810881678139,0.5139298590626025,0.15732546705998032,0.02097672894133071,0.0,0.0,,0.3
2026-08-21_ewc_vitality-vs-spirit_mirage,flameZ,T,11,32.11,149.9072621183529,88.37853053539683,249.99754028320314,0.09294403892944039,0.11970802919708029,0.30656934306569344,0.40875912408759124,533.5149251147201,0.9654501216545012,1.6506082725060827,0.6851581508515815,0.25790754257907544,2.963403771424946,0.06228710462287105,0.053041362530413624,0.1245742092457421,0.035036496350364967,0.029683698296836983,32.60728922605282,147.85419921875,1.0277372262773723,1.0900243309002433,0.478345498783455,0.0,126.76598346233368,0.75,0.2491484184914842,4813.408056779261,149.90662561259012,0.16896508713343175,514.9899517358426,1384.4451029304466,1280.2309448215738,1214.297603433796,151.97119140625,1070.3125,0.31143552311435524,491.58653846153845,0.4048661800486618,495.7932692307692,0.8097323600973236,360.5324074074074,0.8408759124087591,549.1071428571429,0.21800486618004866,429.6875,0.1245742092457421,15.625,0.06228710462287105,2.7717761557177614,46.80397727272727,0.4954545454545455,0.05206812652068127,0.2360097323600973,0.03844282238442823,0.21995133819951337,0.0364963503649635,0.11386861313868613,0.17469586374695864,0.05547445255474453,0.04184914841849149,0.020924574209245744,0.8579464609438853,0.7019326011263308,4.266666666666667,0.262287104622871,0.0009732360097323601,0.629683698296837,0.0,0.1070559610705596,0.25547445255474455,0.10656934306569343,0.37372262773722625,0.09343065693430656,0.0,0.0,0.0,,
2026-08-21_ewc_vitality-vs-spirit_mirage,magixx,CT,0,35.56,135.2610218527961,100.6321738015597,249.99920654296875,0.17003514938488576,0.1304920913884007,0.3255711775043937,0.3989455184534271,685.5826811452063,0.6467486818980668,1.3778558875219684,0.984182776801406,0.273286467486819,2.8584763945350526,0.1968365553602812,0.14718804920913883,0.056239015817223195,0.020650263620386643,0.020650263620386643,58.70990384615384,312.56728515624997,2.530755711775044,0.7873462214411248,0.37961335676625657,0.0,160.40552804049324,0.8235294117647058,0.4780316344463972,4811.139084898867,135.28686354724405,0.5846875098442008,847.608876342433,2851.172827972,2089.2146158836126,2836.1886388531193,275.90594482421875,766.40625,0.562390158172232,288.0859375,0.44991212653778556,323.10267857142856,0.7873462214411248,449.5738636363636,0.6186291739894552,1160.15625,0.11247803163444639,406.25,0.056239015817223195,15.625,0.1968365553602812,2.7838312829525482,-14.756944444444443,0.3333333333333333,0.18892794376098418,0.2627416520210896,0.02460456942003515,0.15377855887521968,0.024165202108963092,0.06766256590509666,0.09094903339191564,0.14279437609841827,0.035588752196836555,0.0057117750439367315,0.8505259057166145,0.6717843336038065,3.571177504393673,0.36994727592267135,0.44815465729349735,0.0,0.0,0.18189806678383127,0.3295254833040422,0.09402460456942004,0.421792618629174,0.1968365553602812,0.0,0.0,0.0,,
2026-08-21_ewc_vitality-vs-spirit_mirage,magixx,CT,1,48.27,208.02566070524225,55.53801749238844,250.00050354003906,0.0016186468112657818,0.0,0.11880867594690839,0.7141469731304629,567.3660969950224,0.37293622531563614,0.7873098089996763,0.45581094205244416,0.16898672709614762,2.726193533386565,0.45581094205244416,0.3476853350598899,0.08287471673680803,0.015215280025898349,0.015215280025898349,27.97235328792908,187.23730468749923,0.8287471673680803,0.5801230171576562,0.5474263515700875,0.0,202.98619774409704,0.9285714285714286,0.2900615085788281,12322.40724987633,255.30400258727263,0.011960168984662482,707.4747496964436,2812.1642668419704,1642.4271128986986,435.2966728327321,280.05517578125,1295.8333333333333,0.3107801877630301,501.953125,0.16574943347361606,873.3552631578947,0.39365490449983814,863.28125,0.41437358368404015,,0.0,203.125,0.08287471673680803,15.625,0.45581094205244416,1.8232437682097766,30.81597222222222,0.2777777777777778,0.02589834898025251,0.2865004855940434,0.030430560051796698,0.21786986079637424,0.06571706053739074,0.015862738750404663,0.22984784719974102,0.04661702816445452,0.03690514729685983,0.040466170281644544,0.9424771183687816,0.3791417902454444,2.030430560051797,0.41307866623502754,0.013272903852379411,0.006798316607316284,0.0,0.5668501133052768,0.38167691809647136,0.5639365490449983,0.6837164130786663,0.3107801877630301,0.020718679184202008,0.0,0.0,,0.0
2026-08-21_ewc_vitality-vs-spirit_mirage,magixx,CT,2,61.81,158.42126052271428,80.43525748969742,244.99596405029297,0.08367037411526795,0.23609706774519718,0.34908998988877654,0.4395854398382204,630.5695686162297,0.25884732052578363,0.9544994944388271,0.6309403437815976,0.1961577350859454,2.7179756603474905,0.4368048533872599,0.30611729019211326,0.2103134479271992,0.07861476238624873,0.07861476238624873,40.549135661939005,262.5248046874994,1.7795753286147624,0.5176946410515673,0.4716885743174924,0.0,132.71880594889322,0.7777777777777778,0.14560161779575329,12498.828786602391,202.20552132016002,0.1401701419000791,810.8567928765153,2667.595270304546,1836.7778492381744,471.4170514649623,230.82000732421875,1072.9166666666667,0.4368048533872599,329.3269230769231,0.2103134479271992,371.42857142857144,0.5662285136501517,853.515625,0.38827098078867545,2432.2916666666665,0.09706774519716886,409.8557692307692,0.2103134479271992,15.625,0.4368048533872599,2.345803842264914,46.875,0.26666666666666666,0.12487360970677452,0.32204246713852375,0.019716885743174924,0.1231041456016178,0.06698685540950455,0.011880687563195146,0.2057633973710819,0.07962588473205258,0.03766430738119313,0.008341759352881698,0.9244196573076,0.4719665140899358,2.750252780586451,0.3253286147623862,0.0015166835187057635,0.25884732052578363,0.0,0.4143073811931244,0.2441860465116279,0.3351870576339737,0.9383215369059656,0.4044489383215369,0.0,0.0,0.0,,
2026-08-21_ewc_vitality-vs-spirit_mirage,magixx,CT,3,107.91,109.63921218684125,103.80102690689473,246.039794921875,0.36388647552852593,0.37445699391833187,0.23704025485085434,0.33796698523023455,486.5610066436746,0.19461337966985232,0.6672458731537794,0.3336229365768897,0.12496379959455546,2.0791652060557184,0.22241529105125976,0.15957138719953665,0.09267303793802491,0.04850854329568491,0.045612510860121636,25.405512309920347,145.72265625,0.8062554300608167,0.45409788589632205,0.33565015928178393,0.0,209.94886627197266,0.9,0.09267303793802491,11831.53679058288,109.64644578588248,0.11107018959947162,1136.1273896158657,2658.305923676436,1902.2492128305837,2657.9034002347908,261.5556640625,912.0065789473684,0.17607877208224731,328.125,0.15754416449464234,365.0568181818182,0.3058210251954822,667.0673076923077,0.36142484795829716,3673.2954545454545,0.1019403417318274,559.375,0.09267303793802491,15.625,0.22241529105125976,1.417897480451781,48.75,0.42,0.5932522444251376,0.08572256009267304,0.001592817839559803,0.04923255140457573,0.026064291920069503,0.0030408340573414424,0.1119316536345207,0.04879814653924124,0.04706052707790327,0.0333043730089777,0.9075186489174089,0.5245666434512258,1.6959165942658558,0.20315667535476398,0.05473501303214596,0.58123370981755,0.0,0.1608746017955401,0.174920359108022,0.07457283521575442,0.36142484795829716,0.17607877208224731,0.00926730379380249,0.14827686070083984,0.0,,0.6666666666666666
2026-08-21_ewc_vitality-vs-spirit_mirage,magixx,CT,4,89.59,73.27197084314069,95.1942113827937,244.99664764404298,0.5364492500871991,0.3440878967561911,0.23090338332752006,0.19340774328566446,348.22952764180815,0.1004534356470178,0.5357516567840949,0.468782699686083,0.12626438786187652,2.5270165461651826,0.3906522497384025,0.26630624346006276,0.03348447854900593,0.01848622253226369,0.0158702476456226,14.359263767606402,78.135546875,0.43529822113707706,0.22322985699337286,0.16689919776770143,0.0,146.12226213018099,0.6666666666666666,0.13393791419602372,6567.525972758411,73.3033941849561,0.4138310322708385,628.8077635640706,2851.482680385558,2289.4166960671078,2830.972115653927,275.4705810546875,930.3385416666666,0.26787582839204743,453.94736842105266,0.21206836414370422,825.68359375,0.3571677711893966,603.515625,0.1785838855946983,3853.515625,0.08929194279734914,625.0,0.03348447854900593,15.625,0.3906522497384025,1.5291245204046042,69.60227272727272,0.32386363636363635,0.3789675619114056,0.1728287408440879,0.0463899546564353,0.20212765957446807,0.058946634112312525,0.03296128357167771,0.07324729682595046,0.017439832577607256,0.01621904429717475,0.00017439832577607255,0.8208200890918611,0.3936230164454384,1.819323334495989,0.13498430415068016,0.0,0.5238925706313219,0.0,0.3411231252179979,0.1206836414370422,0.1423090338332752,0.3348447854900593,0.12277642134635508,0.0,0.0,0.0,,
2026-08-21_ewc_vitality-vs-spirit_mirage,magixx,CT,5,95.53,123.69354068046502,91.1727740899621,249.99415588378906,0.17517173699705593,0.19398102715080143,0.44782466470395815,0.2952240758913968,573.5466382587091,0.6699378475629703,1.6015701668302258,0.6699378475629703,0.22538436375531568,2.787699493553921,0.13608112528622832,0.10565914295060516,0.1046777886817141,0.13526333006215244,0.0662414131501472,28.35020988186038,142.34765624999923,0.9735034347399412,0.7536800785083415,0.33774942754334314,0.0,142.2336244022145,0.7058823529411765,0.17795224075891397,14062.409128925878,147.20218911535102,0.17050386120168542,951.1854006399308,2725.351774288976,1537.427995358512,195.8290838108759,271.6961669921875,1126.5625,0.4187111547268564,236.875,0.2616944717042852,397.80405405405406,0.7746156362446843,321.2025316455696,0.8269545305855414,1853.125,0.1046777886817141,1364.0625,0.1046777886817141,15.625,0.13608112528622832,2.627412495911024,-14.829438308189655,0.5649245689655172,0.1370624795551194,0.2962054301602879,0.012103369316323193,0.15489041543997384,0.12234216552175335,0.011776251226692836,0.1560353287536801,0.05233889434085705,0.038109257441936537,0.01831861301929997,0.8585918117955853,0.6943255877365693,3.9149492966961073,0.29015374550212625,0.0004906771344455348,0.5413804383382401,0.0,0.1679751390251881,0.18089630356558717,0.12757605495583907,0.4396467124631992,0.14654890415439975,0.0,0.02093555773634282,0.0,,
2026-08-21_ewc_vitality-vs-spirit_mirage,magixx,CT,6,85.52,140.7999436826456,85.84264412089459,249.99574279785156,0.08752055545404715,0.2523296181253426,0.4564224374200621,0.3544673853462452,452.4772260083535,0.2572629270966563,0.9355015530787503,0.6314635483281564,0.19915951032340581,2.8853439863260624,0.1637127717887813,0.1273524575187283,0.05846884706742189,0.11858213045861501,0.09318472501370363,23.337426615040204,108.65917968749962,0.9004202448382971,0.39758816005846886,0.3955782934405262,0.0,152.73918598576597,0.6842105263157895,0.2221816188562032,12044.142316676327,140.8414230344025,0.08901724821695924,730.7219694209718,2663.345589611598,2265.8129224322333,2517.4840842159306,194.177734375,1092.9054054054054,0.432669468298922,445.3125,0.2104878494427188,510.7421875,0.5613009318472502,637.6953125,0.3742006212315001,1961.6477272727273,0.12863146354832816,2112.5,0.05846884706742189,15.625,0.1637127717887813,1.9294719532249223,21.256435926773456,0.3707093821510298,0.13977708752055545,0.30093184725013705,0.0665083135391924,0.12826603325415678,0.11401425178147269,0.011876484560570071,0.13941165722638407,0.05426639868445094,0.012424630001827152,0.025945550886168463,0.9397857015980461,0.4045189770357649,2.72464827334186,0.20920884341311896,0.02466654485656861,0.5223826055179974,0.0,0.243742006212315,0.20464096473597662,0.20866069797186187,0.432669468298922,0.1052439247213594,0.0,0.046775077653937513,0.0,,
2026-08-21_ewc_vitality-vs-spirit_mirage,magixx,CT,7,76.61,110.60404601118746,76.31273275223239,240.00347900390625,0.10870895370181521,0.3954721599021008,0.6712217009993882,0.18886396084030185,545.6550911882658,0.5482357740159086,1.4228023658984295,0.6787681011625535,0.27676932490312056,3.041678558714799,0.03915969814399348,0.030797470936161534,0.03915969814399348,0.03283703854782786,0.03161329798082806,24.30420041405294,120.388623046875,0.717927799306547,1.0964715480318172,0.5086681623495819,0.0,148.84240341186523,0.75,0.1566387925759739,9535.494538353352,124.46902925853855,0.06694300464863429,696.669347267018,1269.2760269134467,68.75049869573226,1201.1246317002103,154.22003173828125,1673.611111111111,0.23495818886396083,353.125,0.4568631450132572,507.9656862745098,0.6657148684478891,389.81681034482756,0.7570874974505405,2754.2613636363635,0.14358555986130941,958.3333333333334,0.03915969814399348,15.625,0.03915969814399348,2.336528655924944,-10.69015444015444,0.47181467181467185,0.12604527840097898,0.2484193351009586,0.029369773607995104,0.18335712828880277,0.07322047725882112,0.04446257393432592,0.09973485621048338,0.07158882316948807,0.08668162349581889,0.036304303487660616,0.8481997564721154,0.5559500678457727,3.5243728329594126,0.15704670609830715,0.07546400163165409,0.6669386090148889,0.0,0.1005506832551499,0.061187028349989805,0.09932694268815011,0.3132775851519478,0.06526616357332246,0.01305323271466449,0.22190495614929634,0.0,,0.6666666666666666
2026-08-21_ewc_vitality-vs-spirit_mirage,magixx,CT,8,104.17,107.67029306151836,90.78605810226824,239.27781677246097,0.2735863206839658,0.2849857507124644,0.36058197090145494,0.24778761061946902,539.7537914913793,0.5951702414879256,1.2863356832158392,0.5663716814159292,0.2272386380680966,3.0103230804494925,0.0575971201439928,0.04679766011699415,0.0767961601919904,0.07694615269236538,0.038698065096745164,25.45075318078683,133.0447998046875,0.8831558422078896,0.7583620818959053,0.3872806359682016,0.0,106.34888870065862,0.5909090909090909,0.2111894405279736,11216.359545306834,107.67166805154302,0.1143398428306688,632.1868361830294,2278.7436626038666,1973.9475324272291,1663.700047422541,234.0408935546875,1014.7321428571429,0.33598320083995803,450.625,0.23998800059997,500.4595588235294,0.6527673616319184,451.9412878787879,0.6335683215839208,2473.9583333333335,0.1151942402879856,1101.5625,0.0767961601919904,15.625,0.0575971201439928,2.111894405279736,-7.407583841463415,0.45731707317073167,0.19184040797960103,0.17864106794660267,0.0431978401079946,0.19934003299835007,0.06869656517174141,0.031948402579871006,0.14069296535173242,0.09134543272836358,0.02759862006899655,0.01904904754762262,0.910703148877594,0.5407543923734162,3.167841607919604,0.08969551522423878,0.04814759262036898,0.7474126293685316,0.0,0.11474426278686066,0.054447277636118195,0.08714564271786411,0.2303884805759712,0.0383980800959952,0.0191990400479976,0.1631918404079796,0.0,,0.4833333333333333
2026-08-21_ewc_vitality-vs-spirit_mirage,magixx,CT,9,138.2,89.64535412371639,85.2239568968342,244.229736328125,0.37252685132843416,0.43708309779536464,0.4518937252685133,0.14867156585641605,340.61282791452004,0.1664217071791973,0.8755228942905596,0.2749576031656303,0.19864330130016958,2.6178726257378484,0.3328434143583946,0.22317693612210288,0.0651215375918598,0.05178066704352741,0.048388920293951386,17.464862852816882,84.14970703125076,0.6439796495195026,0.26772187676653475,0.17964951950254382,0.0,159.96528568267823,0.85,0.14471452798191067,12388.868653711028,89.64246397258404,0.20760721217741732,722.6911020275913,2792.6574179990926,2313.3070613744308,2763.596824592459,375.8125,2423.1770833333335,0.17365743357829283,767.7083333333334,0.10853589598643301,472.0744680851064,0.34007914075749013,387.03547297297297,0.5354437535330695,3179.2763157894738,0.13747880158281514,868.0555555555555,0.0651215375918598,15.625,0.3328434143583946,1.693159977388355,73.22010869565217,0.3756521739130435,0.33159977388355005,0.27767100056529115,0.02781232334652346,0.09112492933860938,0.04420576596947428,0.02035048049745619,0.06975692481628039,0.09892594686263426,0.03369135104578858,0.0033917467495760316,0.9128909544440377,0.47811785917638844,2.076653476540418,0.24748445449406445,0.00022611644997173544,0.48728094968908986,0.0,0.26500847936687394,0.10616167326172979,0.08501978518937253,0.2604861503674392,0.07235726399095534,0.0,0.014471452798191068,0.0,,
2026-08-21_ewc_vitality-vs-spirit_mirage,magixx,CT,10,120.0,114.46523523979509,108.34666418267119,249.98292541503906,0.41041666666666665,0.187109375,0.16966145833333332,0.366015625,390.9304972669124,0.10833333333333334,0.5916666666666667,0.3416666666666667,0.17526041666666667,2.509784858993088,0.4666666666666667,0.32174479166666664,0.05,0.014192708333333333,0.014192708333333333,30.492508103472133,192.40615234374886,1.175,0.19166666666666668,0.13684895833333333,0.0,184.5635600523515,0.7727272727272727,0.18333333333333332,16386.253278041888,136.55211065034908,0.1815503785984237,1348.7001347816292,3194.395943566356,1455.037100001775,677.2449583812787,284.4007568359375,1740.3846153846155,0.21666666666666667,698.9583333333334,0.125,512.9310344827586,0.24166666666666667,574.0327380952381,0.35,2494.7916666666665,0.075,335.9375,0.05,15.625,0.4666666666666667,1.525,86.79991883116884,0.23376623376623376,0.38645833333333335,0.25533854166666664,0.033854166666666664,0.07057291666666667,0.041666666666666664,0.011197916666666667,0.078125,0.07994791666666666,0.042317708333333336,0.000390625,0.7804879471416032,0.353820776145343,1.6833333333333333,0.21171875,0.03893229166666667,0.35299479166666664,0.0032552083333333335,0.39309895833333336,0.14505208333333333,0.16953125,0.6083333333333333,0.3,0.008333333333333333,0.13333333333333333,0.0,0.0,0.6666666666666666
2026-08-21_ewc_vitality-vs-spirit_mirage,magixx,CT,11,88.17,97.50725240997762,97.38384151320942,243.2827911376953,0.36345915293283715,0.3577884104199894,0.3239411660464292,0.25979089136983874,450.03568329190415,0.24951267056530213,0.9413432571327308,0.4196349459507354,0.17685628211944002,2.6703358534987283,0.3062200956937799,0.22080453659401028,0.10207336523125997,0.09888357256778309,0.0960482013113592,24.759291536966057,130.935546875,1.088782562466773,0.3062200956937799,0.19121034910508594,0.0,164.25073901812235,0.75,0.13609782030834663,9279.9632570036,105.24856431831124,0.33495343975397,1053.556388492442,3279.4191960799185,1547.3398890068484,3132.3556119765585,276.0430908203125,1333.3333333333333,0.3062200956937799,473.0113636363636,0.12475633528265107,617.6470588235294,0.5784157363104732,409.66796875,0.36292752082225765,2103.125,0.17012227538543329,1053.8194444444443,0.10207336523125997,15.625,0.3062200956937799,1.9507354244196349,29.76778656126482,0.3320158102766798,0.22381711855396066,0.27219564061669327,0.018252702463228777,0.22931065036328194,0.0987063618642566,0.009037745879851143,0.07212475633528265,0.037391458444090024,0.018961545277334752,0.007442849548112706,0.9338930411852254,0.42156132896461557,2.4157363104731524,0.2707779549884813,0.0657451710083289,0.4462165514797094,0.000708842814105972,0.21655147970937444,0.10136452241715399,0.13857877015771752,0.5670742512847776,0.20414673046251994,0.011341485025695552,0.15878079035973772,0.0,0.0,0.6666666666666666
2026-08-21_ewc_vitality-vs-spirit_mirage,magixx,CT,12,8.5,2.439622758065953,14.599559855713553,0.0,0.9650735294117647,0.001838235294117647,0.034926470588235295,0.0,82.9996204415999,0.0,0.0,0.0,0.0,0.2608629096472069,0.0,0.0,0.0,0.0,0.0,0.0,0.0,0.0,0.0,0.0,0.0,,,0.0,16.83913749680817,1.9810749996244907,0.9999999969828702,1.4304413449191793,16.839137446002308,,,9.41326904296875,375.0,0.11764705882352941,,0.0,,0.0,,0.0,15.625,0.11764705882352941,,0.0,,0.0,0.23529411764705882,,,0.9558823529411765,0.04411764705882353,0.0,0.0,0.0,0.0,0.0,0.0,0.0,0.0,0.9791666666666667,0.12494114641659272,0.11764705882352941,0.96875,0.01838235294117647,0.012867647058823529,0.0,0.0,0.0,0.0,0.35294117647058826,0.11764705882352941,0.0,0.23529411764705882,0.0,,
2026-08-21_ewc_vitality-vs-spirit_mirage,magixx,T,12,112.73,108.87426996954761,86.7407977755882,239.99870910644532,0.23243243243243245,0.2541926541926542,0.446985446985447,0.20997920997921,521.8860153473794,0.6297990297990298,1.6232848232848234,0.7007623007623007,0.2864864864864865,3.0220698772364467,0.053222453222453225,0.04185724185724186,0.09757449757449757,0.12474012474012475,0.04546084546084546,23.083337845682006,95.03173828125,0.9934857934857935,0.6564102564102564,0.3758835758835759,0.0,128.79326431171313,0.5675675675675675,0.3282051282051282,12277.715635490447,108.90835768141214,0.2048751874255107,1008.0181755167878,2621.979380781583,1164.6751009026502,1164.6780790151254,279.5233154296875,830.3571428571429,0.49674289674289673,620.4427083333334,0.2128898128898129,396.0674157303371,0.7894663894663895,292.719414893617,0.8338184338184338,2204.326923076923,0.11531531531531532,1410.5113636363637,0.09757449757449757,15.625,0.053222453222453225,2.599029799029799,-12.603910098522167,0.5427955665024631,0.2085932085932086,0.17865557865557866,0.07941787941787942,0.12418572418572418,0.15426195426195427,0.010810810810810811,0.10381150381150381,0.07525987525987526,0.04158004158004158,0.01884961884961885,0.8289646697827285,0.5941966231829056,4.275537075537075,0.20374220374220375,0.7155925155925156,0.0,0.0,0.08066528066528067,0.10893970893970895,0.0077616077616077615,0.1862785862785863,0.06209286209286209,0.00887040887040887,0.0,0.0,,0.0
2026-08-21_ewc_vitality-vs-spirit_mirage,magixx,T,13,111.23,112.6923835567794,83.62499651256338,239.99950561523437,0.1550779603876949,0.2650653181626633,0.5068127546003652,0.21702486304256216,606.9038819705371,0.6652619749964883,1.4384042702626774,0.8180924287118977,0.22826239640398932,3.0393652698311753,0.08091024020227561,0.063913470993117,0.08091024020227561,0.023036943390925692,0.022194128388818655,21.811894964789968,114.04130859374999,0.6472819216182049,0.9889029358055906,0.49571569040595587,0.0,98.6000025946161,0.5652173913043478,0.20677061385025985,15699.835947604945,141.14194418411526,0.056876903553376844,929.4372949475974,2811.9062687699916,2673.452284318911,1587.7008709983756,203.4683837890625,649.4693396226415,0.47647141452451186,360.5769230769231,0.3506110408765276,422.43975903614455,0.7461722151987639,482.17147435897436,0.7012220817530552,1842.7734375,0.14384042702626773,407.9861111111111,0.08091024020227561,15.625,0.08091024020227561,2.5801376597836776,30.858704974271014,0.481303602058319,0.17727208877651354,0.17572692793931732,0.031886500913049586,0.1848574237954769,0.0464952942829049,0.04565247928079787,0.16757971625228263,0.08723135271807839,0.04509060261272651,0.0344149459193707,0.9127716793787287,0.561789930222824,3.8926815563983705,0.0922882427307206,0.01994662171653322,0.7780587161118134,0.0,0.10970641944093272,0.07852226436297233,0.09242871189773845,0.2966708807416772,0.12586037364798427,0.0269700800674252,0.0,0.0,,0.21666666666666667
2026-08-21_ewc_vitality-vs-spirit_mirage,magixx,T,14,33.09,123.69667653208977,83.19330121373986,245.0013900756836,0.14825306893295562,0.35127478753541075,0.5297450424929179,0.25684608120868746,624.4648919029648,0.3626062322946176,0.9971671388101983,0.5439093484419264,0.20396600566572237,2.50643219820009,0.030217186024551465,0.04579792256846081,0.0906515580736544,0.028800755429650614,0.028800755429650614,23.099101949988192,87.01562499999962,0.6345609065155807,0.5741265344664778,0.408876298394712,0.0,126.31306304931641,0.8,0.1510859301227573,7421.228653254206,224.24864674611388,0.355262955309237,1104.9743868306489,3535.054604532281,3092.0609094569377,2190.5984343554596,165.24884033203125,1224.330357142857,0.4230406043437205,144.53125,0.12086874409820586,424.0056818181818,0.6647780925401322,548.0769230769231,0.392823418319169,2906.25,0.12086874409820586,463.5416666666667,0.0906515580736544,15.625,0.030217186024551465,1.8432483474976393,-48.828125,0.7361111111111112,0.20349386213408877,0.3271954674220963,0.00424929178470255,0.07365439093484419,0.17469310670443816,0.00141643059490085,0.15533522190745988,0.016052880075542966,0.011803588290840416,0.03210576015108593,0.8690691655327516,0.6037990063735824,2.7195467422096318,0.12889518413597734,0.0,0.7332389046270066,0.0,0.13786591123701605,0.10103871576959396,0.1274787535410765,0.4230406043437205,0.1510859301227573,0.0,0.0,0.0,,
2026-08-21_ewc_vitality-vs-spirit_mirage,magixx,T,15,92.19,101.57645595282821,85.92827000514049,232.12434539794924,0.24254237288135594,0.13864406779661018,0.40288135593220337,0.16966101694915253,561.1611798209465,0.31457627118644066,0.9979661016949153,0.5966101694915255,0.21983050847457627,2.9704530301197654,0.10847457627118644,0.0888135593220339,0.04338983050847458,0.0523728813559322,0.05135593220338983,39.29435818703382,291.44755859375,2.006779661016949,0.6183050847457627,0.44457627118644066,0.1140677966101695,86.5544314103968,0.47058823529411764,0.18440677966101696,9365.583206780619,101.59276698880672,0.21220778723312625,567.9182354421397,2004.213337545937,830.1694919978177,781.1985651002934,178.688720703125,854.1666666666666,0.3905084745762712,497.65625,0.21694915254237288,736.5056818181819,0.47728813559322036,419.2708333333333,0.5206779661016949,1825.892857142857,0.0759322033898305,1316.40625,0.04338983050847458,15.625,0.10847457627118644,1.8332203389830508,66.40625,0.3269230769230769,0.2606779661016949,0.15203389830508474,0.06966101694915254,0.14135593220338982,0.1369491525423729,0.021016949152542375,0.10661016949152542,0.043559322033898305,0.015932203389830507,0.04983050847457627,0.9269602838420051,0.44774229635595497,2.7444067796610168,0.11491525423728814,0.001694915254237288,0.36271186440677966,0.17728813559322035,0.3433898305084746,0.08610169491525424,0.1847457627118644,0.7267796610169491,0.303728813559322,0.010847457627118645,0.0,0.04338983050847458,0.6606118546845124,0.6
2026-08-21_ewc_vitality-vs-spirit_mirage,mezii,CT,12,112.73,112.46891610113619,73.30465649489878,235.81928405761718,0.08856548856548857,0.38738738738738737,0.6663894663894664,0.17117117117117117,619.5810997452367,1.2063756063756064,2.0579348579348578,0.6652806652806653,0.27927927927927926,3.1185009470992875,0.04435204435204435,0.03063063063063063,0.053222453222453225,0.010117810117810117,0.008316008316008316,23.508768080078667,80.244140625,0.9225225225225225,1.4015246015246015,0.518918918918919,0.0,60.19640817642212,0.4666666666666667,0.13305613305613306,12679.605452000233,112.47328467470754,0.0688112827931979,801.95193064449,1387.1895526690816,574.8215266935861,674.9759120015007,102.51483154296875,687.1744791666666,0.4257796257796258,694.1964285714286,0.24837144837144837,360.3178879310345,1.0289674289674289,362.1794871794872,1.037837837837838,1819.6614583333333,0.2128898128898129,351.5625,0.053222453222453225,15.625,0.04435204435204435,3.0514206514206514,3.2948369565217392,0.719927536231884,0.11129591129591129,0.1275121275121275,0.05446985446985447,0.20512820512820512,0.1009009009009009,0.022314622314622314,0.18156618156618157,0.060845460845460844,0.09230769230769231,0.03991683991683992,0.7411705947099009,0.607773157622512,5.18031878031878,0.18087318087318088,0.8191268191268192,0.0,0.0,0.0,0.07650727650727651,0.0,0.07983367983367984,0.04435204435204435,0.00887040887040887,0.07983367983367984,0.0,,0.08333333333333333
2026-08-21_ewc_vitality-vs-spirit_mirage,mezii,CT,13,54.56,146.2834448717526,93.79644624466013,244.99920043945312,0.145475372279496,0.21935853379152348,0.3138602520045819,0.45647193585337914,464.9453069091912,0.27491408934707906,0.9530355097365406,0.8247422680412371,0.2554410080183276,3.0758935749171474,0.23825887743413515,0.18298969072164947,0.2016036655211913,0.13745704467353953,0.05670103092783505,24.589466384542394,136.44921875,0.56815578465063,0.4948453608247423,0.5097365406643757,0.0,139.83075468738875,0.6666666666666666,0.10996563573883161,7982.649387196836,146.30285245721578,0.2979158935628797,705.947092822764,2836.3511942916907,2163.5751141102655,2775.9323012951468,196.2955322265625,792.96875,0.3665521191294387,420.6730769230769,0.4765177548682703,654.1666666666666,0.5498281786941581,588.9945652173913,0.4215349369988545,1496.09375,0.1466208476517755,738.6363636363636,0.2016036655211913,15.625,0.23825887743413515,2.4009163802978235,47.146267361111114,0.5590277777777778,0.1660939289805269,0.14719358533791524,0.08648339060710195,0.19301260022909508,0.08877434135166094,0.06958762886597938,0.14576174112256587,0.05240549828178694,0.04095074455899198,0.006013745704467354,0.7848348493589389,0.577929051072098,3.463917525773196,0.12313860252004583,0.4888316151202749,0.0,0.0,0.3880297823596793,0.11798396334478808,0.3536655211912944,0.3115693012600229,0.07331042382588775,0.018327605956471937,0.0,0.0,,0.95
2026-08-21_ewc_vitality-vs-spirit_mirage,mezii,CT,14,28.69,113.25178701675665,102.76375532551934,249.98194885253906,0.2625272331154684,0.5419389978213508,0.38344226579520696,0.3371459694989107,350.9876906503491,0.10457516339869281,0.8366013071895425,0.6971677559912854,0.2647058823529412,2.5082389637286,0.06971677559912855,0.05119825708061002,0.10457516339869281,0.05555555555555555,0.05555555555555555,31.76852169192779,157.82841796875,0.8714596949891068,0.2440087145969499,0.18790849673202614,0.0,40.89652840296427,0.16666666666666666,0.20915032679738563,3249.5520586929983,113.27414583679297,0.7285334853766482,744.7380341686475,2381.5551184632695,2074.5718099830888,2380.6310356898734,154.0380859375,1240.8854166666667,0.41830065359477125,178.81944444444446,0.3137254901960784,568.0803571428571,0.4880174291938998,303.97727272727275,0.38344226579520696,7773.4375,0.06971677559912855,625.0,0.10457516339869281,15.625,0.06971677559912855,1.8474945533769063,36.458333333333336,0.41666666666666663,0.30119825708061004,0.2565359477124183,0.05392156862745098,0.07516339869281045,0.19662309368191722,0.0,0.04302832244008715,0.0659041394335512,0.002178649237472767,0.0054466230936819175,0.8964787972686936,0.49685857202999034,2.9281045751633985,0.329520697167756,0.670479302832244,0.0,0.0,0.0,0.2222222222222222,0.0,0.10457516339869281,0.0,0.034858387799564274,0.10457516339869281,0.0,,0.9166666666666666
2026-08-21_ewc_vitality-vs-spirit_mirage,mezii,CT,15,99.03,129.30563834059893,78.98140460039738,239.9985107421875,0.04039129062795835,0.2598611549384664,0.5591669296307984,0.2737456610918271,598.9077784731569,0.8583149258441148,1.8378037235721048,0.7674345219312085,0.21662985168822974,3.018222612826541,0.20195645313979174,0.14957399810665825,0.17166298516882297,0.0866203849794888,0.06831808141369518,31.906060142812056,152.468359375,1.3531082360366047,1.1208583149258442,0.5904070684758599,0.0,116.66181003130399,0.6153846153846154,0.13127169454086463,12804.974539580724,129.30236202795302,0.17178683351629523,672.4588333812453,2687.444164348059,2268.582617881113,2649.40054219646,199.5814208984375,666.5558510638298,0.4745976648785106,485.9375,0.30293467970968757,485.8117816091954,0.8785105711580941,320.0657894736842,0.9592931524140107,1715.625,0.15146733985484379,570.7720588235294,0.17166298516882297,15.625,0.20195645313979174,3.1404228463237613,7.998511904761904,0.6283549783549783,0.06121804985799937,0.16961186494162198,0.06800252445566425,0.2631745029977911,0.08851372672767434,0.03565793625749448,0.1932786367939413,0.04828021457873146,0.03029346797096876,0.026506784474597665,0.8377044895984285,0.7253792156346783,4.937835279267908,0.08977595455979805,0.018302303565793626,0.6527295676869675,0.0,0.23919217418744082,0.0782581255916693,0.23019880088355948,0.23224992111076048,0.03029346797096876,0.020195645313979174,0.15146733985484379,0.0,,0.2
2026-08-21_ewc_vitality-vs-spirit_mirage,mezii,T,0,35.56,136.60379192900888,97.54486076411406,249.99713134765625,0.20430579964850615,0.11511423550087874,0.29130052724077327,0.3927943760984183,483.64323910083255,0.3093145869947276,1.0123022847100176,0.6186291739894552,0.14894551845342707,2.443874391884374,0.1687170474516696,0.1274165202108963,0.11247803163444639,0.10456942003514938,0.03690685413005272,21.66709478021978,105.13007812499927,0.3374340949033392,0.5061511423550088,0.17838312829525482,0.0,74.95206117630005,0.25,0.22495606326889278,4858.7042749475695,136.62437328499317,0.6695428873768688,964.3912514443656,3270.0287108344896,1846.0174240294302,1978.5682004242842,273.93878173828125,1347.9166666666667,0.421792618629174,640.625,0.22495606326889278,271.1397058823529,0.4780316344463972,231.9078947368421,0.5342706502636204,818.75,0.140597539543058,1066.40625,0.11247803163444639,15.625,0.1687170474516696,2.0808435852372584,53.62215909090909,0.2909090909090909,0.18760984182776802,0.44859402460456943,0.11423550087873462,0.0641476274165202,0.050966608084358524,0.010105448154657293,0.0320738137082601,0.06810193321616871,0.019332161687170474,0.003954305799648506,0.7443882738922437,0.4641579714706081,3.008787346221441,0.2552724077328647,0.6221441124780316,0.0,0.0,0.1225834797891037,0.23154657293497363,0.07908611599297012,0.2530755711775044,0.056239015817223195,0.0,0.0,0.0,,
2026-08-21_ewc_vitality-vs-spirit_mirage,mezii,T,1,37.69,147.31854119788156,75.73387284261784,249.99891357421876,0.020729684908789386,0.34577114427860695,0.607379767827529,0.3407960199004975,361.74242673375915,0.26533996683250416,1.3797678275290215,0.39800995024875624,0.2703150912106136,2.1982000079916904,0.026533996683250415,0.030265339966832505,0.13266998341625208,0.14344941956882257,0.14344941956882257,38.05713093147293,199.2919921875,1.7512437810945274,0.42454394693200664,0.19444444444444445,0.0,,,0.0,5552.5174942617705,147.33048077643173,0.4141320230652549,730.1193046534197,2486.1077402000155,2082.0599391080113,1795.0725265453523,343.484375,2615.056818181818,0.29187396351575456,325.0,0.13266998341625208,407.36607142857144,0.3714759535655058,269.3256578947368,1.0082918739635158,1447.9166666666667,0.23880597014925373,1225.0,0.13266998341625208,15.625,0.026533996683250415,2.2023217247097846,29.51388888888889,0.5992063492063493,0.0538971807628524,0.5306799336650083,0.0,0.08043117744610281,0.042703150912106136,0.01658374792703151,0.05721393034825871,0.18449419568822553,0.021144278606965175,0.007462686567164179,0.8344503740472828,0.6438128606689121,3.4494195688225537,0.3851575456053068,0.6148424543946932,0.0,0.0,0.0,0.3043117744610282,0.0,0.1857379767827529,0.07960199004975124,0.0,0.0,0.0,,
2026-08-21_ewc_vitality-vs-spirit_mirage,mezii,T,2,41.56,132.82407818007513,76.52131496703875,249.72964172363282,0.06466165413533835,0.44285714285714284,0.5883458646616542,0.2706766917293233,288.08080577724104,0.2887218045112782,1.299248120300752,0.6736842105263158,0.4281954887218045,2.808770289987193,0.0481203007518797,0.039473684210526314,0.12030075187969924,0.05714285714285714,0.05,37.51685350754513,206.26215820312476,1.780451127819549,0.2887218045112782,0.41090225563909777,0.0,38.169185638427734,0.0,0.02406015037593985,5521.089021173831,132.8382320883929,0.35832823586241125,929.5173405479431,2190.3260843391854,403.24747172018397,1582.6892565321082,156.2816162109375,1217.3295454545455,0.5293233082706766,705.7291666666666,0.1443609022556391,457.9741379310345,0.6977443609022557,440.625,0.6015037593984962,1840.625,0.24060150375939848,612.5,0.12030075187969924,15.625,0.0481203007518797,2.381954887218045,100.9014423076923,0.3038461538461539,0.10300751879699248,0.3022556390977444,0.013533834586466165,0.0849624060150376,0.18796992481203006,0.04285714285714286,0.06428571428571428,0.1518796992481203,0.04360902255639098,0.0033834586466165413,0.7139767029542566,0.5410858271401492,3.825563909774436,0.24548872180451128,0.006015037593984963,0.7270676691729323,0.0,0.012030075187969926,0.22894736842105262,0.006390977443609023,0.24060150375939848,0.07218045112781955,0.0,0.0,0.0,,
2026-08-21_ewc_vitality-vs-spirit_mirage,mezii,T,3,109.11,113.89761751775912,84.88690384603646,245.00133056640624,0.17342116568809968,0.290133180581412,0.5098095374480882,0.2518974652728054,546.3174452318774,0.7148789918373192,1.512244021194329,0.6598883001575254,0.28168408993269367,2.966068553414776,0.10998138335958757,0.07231848775597881,0.10081626807962193,0.06931118430474008,0.01833023055993126,38.74915701200408,189.931640625,1.613060289273951,0.7973650293570099,0.41529428612344266,0.0,41.08894968032837,0.25,0.07332092223972504,12424.372823547743,113.87080920908714,0.16022003181503475,1140.741983456683,2246.8165664044786,1118.2087680199245,1964.0260856077812,352.765625,1111.8055555555557,0.4124301875984534,351.5625,0.2566232278390377,350.7352941176471,0.7790347987970786,400.07716049382714,0.7423743376772161,1666.1184210526317,0.174137190319347,789.7727272727273,0.10081626807962193,15.625,0.10998138335958757,2.5753973936703423,-6.885593220338983,0.6088903102014711,0.18172705141056852,0.23227839037662895,0.0325075182586281,0.1303164828870113,0.10983817843333811,0.01532292710869254,0.12444508091078334,0.11442073607332093,0.04009737934984964,0.016468566518688242,0.7129656867069354,0.8503386978733783,4.124301875984534,0.1987684376342546,0.00916511527996563,0.6607475297150222,0.0,0.13131891737075754,0.1412000572819705,0.06544465129600459,0.2566232278390377,0.027495345839896893,0.0,0.0,0.0,,
2026-08-21_ewc_vitality-vs-spirit_mirage,mezii,T,4,86.78,96.5331346605766,71.27276944139328,229.00254821777344,0.10785019805545552,0.4155563557796183,0.7239827151602448,0.13161685271876125,495.0512096995698,0.33417356859920777,1.4519265394310408,0.9333813467770976,0.31886928339935183,3.037337048829318,0.05761613251710479,0.038170687792581925,0.1382787180410515,0.19337414476053294,0.14187972632337054,49.86285698257136,243.45703125,2.3161685271876125,0.7605329492257832,0.3575801224342816,0.0,35.379472732543945,0.0,0.023046453006841917,8377.525051481061,96.53611870629959,0.2236111011595109,814.5369149280551,2219.486823743981,1130.673890371385,1816.0035651946525,290.6431884765625,761.2847222222222,0.6222542311847318,521.7633928571429,0.3226503420957868,395.28508771929825,0.6568239106949946,329.4642857142857,0.8066258552394671,1567.9347826086957,0.265034209578682,1519.53125,0.1382787180410515,15.625,0.05761613251710479,2.8692833993518185,96.42269736842105,0.32529239766081874,0.16276557436082104,0.2351458408354339,0.07922218221101908,0.1170327691753691,0.08282319049333814,0.05185451926539431,0.07940223262513504,0.14944184371624056,0.030968671227943823,0.005041411595246669,0.8176298386481883,0.7300183871713978,4.551674468851278,0.07490097227223623,0.8995318689232985,0.0,0.0,0.02556715880446525,0.06679870363701837,0.023586604249189774,0.12675549153763055,0.03456967951026287,0.0,0.0,0.0,,
2026-08-21_ewc_vitality-vs-spirit_mirage,mezii,T,5,89.55,125.07917485613511,79.4821885642971,248.1363067626953,0.10539172919211307,0.43709649275868084,0.5424882219507939,0.25632524864770545,474.6852044873988,0.5360321060896877,1.3624149363112894,0.6030361193508986,0.22596405513871926,2.7465022260942855,0.04466934217414064,0.03140813121619264,0.07817134880474612,0.031059151980457163,0.026522421915896006,32.17353916134926,125.728076171875,1.4405862851160356,0.4243587506543361,0.3303088466236259,0.0,32.53846454620361,0.14285714285714285,0.07817134880474612,11201.066580206269,125.08606894664128,0.1500945672085529,1079.6605611768105,2237.53015219729,1616.2792873649394,1667.9193984709914,340.46875,1249.21875,0.44669342174140636,421.875,0.1675100331530274,383.20974576271186,0.6588727970685744,310.791015625,0.7147094747862502,3261.71875,0.1340080265224219,549.1071428571429,0.07817134880474612,15.625,0.04466934217414064,2.244634444250567,-7.380229419703104,0.6619433198380567,0.1362763915547025,0.36241493631128946,0.03873669516663759,0.12388762868609318,0.10451928110277439,0.010992845925667422,0.10312336415983249,0.08724480893386843,0.019193857965451054,0.009596928982725527,0.7689450985122017,0.6375560133170307,3.7968940848019543,0.20136101901936834,0.006805095096841738,0.6157738614552434,0.0,0.1760600244285465,0.13871924620485082,0.09876112371313907,0.23451404641423834,0.04466934217414064,0.0,0.0,0.0,,
2026-08-21_ewc_vitality-vs-spirit_mirage,mezii,T,6,52.91,84.83045175007054,77.39094636662908,240.0780487060547,0.24453632604843473,0.5844654459539279,0.6125221500295334,0.12404016538688718,405.2471761004812,0.43473124630832843,1.134081512108683,0.6615475487300649,0.2182516243354991,2.6215712704557395,0.03780271707028943,0.02835203780271707,0.07560543414057885,0.06910809214412286,0.0564087418783225,12.38234369230059,58.841796875,0.264619019492026,0.43473124630832843,0.25694034258712345,0.0,22.508492469787598,0.2,0.09450679267572357,4489.303892227589,84.85394244021433,0.5345057898611404,814.3712450856578,2632.995386689595,1420.7982859825538,2194.491421565219,128.0,1025.1358695652175,0.43473124630832843,394.53125,0.22681630242173656,445.3125,0.7182516243354992,230.82386363636363,0.4158298877731837,7730.46875,0.07560543414057885,1058.59375,0.07560543414057885,15.625,0.03780271707028943,1.984642646190195,8.067810457516341,0.6830065359477124,0.27997637330183106,0.25694034258712345,0.056999409332545777,0.116066154754873,0.18103957471943297,0.01151801535735381,0.059952746603662135,0.0062020082693443595,0.018606024808033077,0.010336680448907265,0.8318159093102833,0.6596760136980865,3.364441819255759,0.17306556408741877,0.7823390431187242,0.0,0.0,0.04459539279385706,0.12138216184288246,0.005611340815121087,0.132309509746013,0.03780271707028943,0.0,0.0,0.0,,
2026-08-21_ewc_vitality-vs-spirit_mirage,mezii,T,7,116.31,123.68873910782062,77.8941923458104,223.71288299560547,0.1038420204191295,0.3056152606125739,0.5145083288554541,0.27189682966147233,445.2308042304958,0.5330467490596453,1.5475550779150995,0.6706072004298764,0.35746910263299303,2.941837496463502,0.1031703385276733,0.07334766254701773,0.08597528210639441,0.07912412681354111,0.07710908113917249,41.58997193776871,187.00493164062402,1.753895754970446,0.4212788823213326,0.2994357872111768,0.0,188.37371826171875,1.0,0.008597528210639442,14386.039600150822,123.68438130167283,0.20266361002079775,859.8722894937636,3912.9816233704996,1835.7789215870423,2124.1742177272645,384.078125,1059.322033898305,0.5072541644277271,716.2828947368421,0.16335303600214937,392.3611111111111,0.5416442772702847,365.6517094017094,1.0059108006448145,1974.826388888889,0.15475550779150993,1001.5625,0.08597528210639441,15.625,0.1031703385276733,2.5620634067705534,17.560586734693878,0.5438775510204081,0.13567974207415368,0.2560451370231059,0.0361364857603439,0.10263299301450833,0.0797958087049973,0.02109081139172488,0.1031703385276733,0.19707146695325095,0.05548092423428264,0.0084631918323482,0.7671605232739492,0.6082221676869469,4.315959161741,0.06864588930682429,0.0067168189145620635,0.8692907039226222,0.0,0.04768941429339065,0.052659860290166574,0.04124126813541107,0.15475550779150993,0.025792584631918324,0.0,0.0,0.0,,
2026-08-21_ewc_vitality-vs-spirit_mirage,mezii,T,8,66.06,118.58489717954423,74.46785485470434,249.99363708496094,0.0423368022705771,0.3618732261116367,0.6972563859981078,0.21073793755912962,534.9485126330286,0.8930936613055819,1.9224219489120151,0.45411542100283825,0.36471144749290446,2.864918622988649,0.07568590350047304,0.03618732261116367,0.1816461684011353,0.11021759697256386,0.10099337748344371,28.906112999393777,115.027197265625,0.923368022705771,0.9082308420056765,0.41650898770104067,0.0,43.16699981689453,0.3333333333333333,0.04541154210028382,9478.060483883524,143.47111423097104,0.17650093627788044,706.5670215671325,2693.067792626712,1961.0479932567712,880.1299985046084,367.796875,1564.453125,0.3632923368022706,870.5357142857143,0.10596026490066225,355.0531914893617,0.7114474929044465,358.6033950617284,1.2261116367076632,1593.75,0.22705771050141912,717.4479166666666,0.1816461684011353,15.625,0.07568590350047304,2.89120151371807,-1.6531283566058015,0.7255639097744361,0.04730368968779565,0.27341532639545885,0.016792809839167457,0.1402554399243141,0.056291390728476824,0.025070955534531692,0.1284295175023652,0.23202459791863767,0.044938505203405865,0.027909176915799434,0.8082744766612625,0.7376651657154956,4.60170293282876,0.19631031220435194,0.004730368968779565,0.7989593188268685,0.0,0.0,0.19252601702932828,0.0,0.12109744560075686,0.04541154210028382,0.0,0.0,0.0,,
2026-08-21_ewc_vitality-vs-spirit_mirage,mezii,T,9,138.2,105.60587573313171,86.10999130384909,215.00202026367188,0.20463538722442057,0.17105709440361785,0.4263425664217072,0.24895421141888072,499.4677056988669,0.5499152063312606,1.2011305822498586,0.8682871678914641,0.21842849067269643,2.938779434994475,0.07959299039005088,0.05031091011871114,0.11577162238552854,0.05686828716789146,0.042509892594686266,22.18829337421557,80.26240234375001,0.6656868287167892,0.5209723007348784,0.37343131712832106,0.0,29.634915283748082,0.14285714285714285,0.05065008479366874,14596.25353273414,105.61449701469586,0.049092101944193715,960.5778394777661,2397.0697752013684,1096.9317968107327,1160.657540241793,219.84375,785.2678571428571,0.5065008479366874,312.8125,0.3617863199547767,407.5520833333333,0.6078010175240248,413.4908536585366,0.5933295647258338,1576.0416666666667,0.10853589598643301,596.6796875,0.11577162238552854,15.625,0.07959299039005088,2.373318258903335,22.877904437456323,0.532669461914745,0.24284906726964386,0.20893159977388354,0.05268513284341436,0.13261729790842283,0.06150367439231204,0.04070096099491238,0.11667608818541549,0.11158846806105144,0.004070096099491238,0.01243640474844545,0.7261774961717176,0.6232234000570686,3.972413793103448,0.08162803843979649,0.0066704352741661956,0.7356698699830413,0.0,0.17603165630299605,0.06647823629169022,0.06240814019219898,0.28942905596382135,0.0651215375918598,0.007235726399095534,0.0,0.0,,0.43333333333333335
2026-08-21_ewc_vitality-vs-spirit_mirage,mezii,T,10,100.03,89.11898926141829,71.0671360257756,214.73144683837893,0.1802561699468916,0.5385816932208685,0.6611996251171509,0.11308965948141206,481.99658641654173,0.7997500781005936,1.6194939081537019,0.7097781943142768,0.2753826929084661,2.9636003164180553,0.01999375195251484,0.01718213058419244,0.08997188378631678,0.04248672289909403,0.04248672289909403,30.366076299723677,115.02734375,1.309590752889722,0.8197438300531084,0.3823805060918463,0.0,35.36024856567383,0.0,0.00999687597625742,9293.531963749409,92.9062864229869,0.25178720583120173,729.2343514669014,2499.07202349084,493.5704535780387,1560.9911679487736,297.5279541015625,962.2093023255813,0.429865666979069,392.85714285714283,0.2799125273352078,326.2019230769231,0.6497969384567323,357.14285714285717,0.9796938456732271,2565.4761904761904,0.2099343955014058,618.0555555555555,0.08997188378631678,15.625,0.01999375195251484,2.6591690096844736,7.140430124720179,0.7040294211704509,0.21446422992814745,0.18634801624492345,0.05810684161199625,0.12636676038737896,0.05779443923773821,0.005623242736644799,0.11699468915963761,0.16697906904092472,0.04279912527335208,0.020930959075288972,0.752566558380632,0.7014735370523733,4.558575445173384,0.08497344579818807,0.0032802249297094657,0.8723836301155888,0.0,0.03936269915651359,0.06544829740706029,0.03764448609809434,0.1399562636676039,0.02999062792877226,0.0,0.0,0.0,,
2026-08-21_ewc_vitality-vs-spirit_mirage,mezii,T,11,83.17,119.03022288425667,72.06874376255837,238.77869873046882,0.052977644185609615,0.3674619575427391,0.6485064813075333,0.22675183167386812,428.94066284149926,0.4929551005072328,1.502911891790344,0.913770430208529,0.34623332707120047,3.022981947940817,0.0240465902686455,0.02329513432275033,0.240465902686455,0.13281983843697162,0.11534848769490888,54.60940417576804,299.4862304687495,2.5729851587450687,0.5530715761788465,0.3824910764606425,0.0,27.023604583740234,0.0,0.06011647567161375,9900.671020614096,119.03868970867973,0.09971109809352417,725.5659675703255,2337.3889876720714,1610.4778323083963,2265.2972254477854,290.23388671875,890.2994791666666,0.577118166447492,553.0133928571429,0.336652263761037,416.80743243243245,0.4448619199699418,390.8025568181818,1.058049971820402,1273.4375,0.288559083223746,684.375,0.240465902686455,15.625,0.0240465902686455,2.969753898177719,50.21105664488017,0.5092592592592593,0.06913394702235581,0.2594401653203081,0.07552132256246477,0.09524704114221304,0.050723276347924104,0.029118917903437912,0.14052226188239714,0.1901183543114785,0.06838249107646065,0.00826601540484689,0.7923585145899913,0.6520588688214298,4.556828855908322,0.10764606424948338,0.0037572797294758596,0.8390005635919594,0.0,0.0402028931053917,0.08416306594025925,0.035506293443546874,0.192372722149164,0.03606988540296825,0.0,0.0,0.0,,
2026-08-21_ewc_vitality-vs-spirit_mirage,ropz,CT,12,19.95,182.40548597739465,75.63740650339068,250.00393676757812,0.028191072826938137,0.29678935003915424,0.3500391542678152,0.5606891151135474,412.16122495835805,0.9021143304620204,2.7564604541895066,0.5011746280344558,0.37588097102584184,2.115320154524978,0.2004698512137823,0.11198120595144871,0.2004698512137823,0.08692247454972592,0.08692247454972592,30.77724731827978,154.51171875,0.350822239624119,0.2505873140172279,0.12216131558339859,0.0,,,0.0,3641.108520066152,182.48312081772414,0.7325354548960707,903.369961322214,2667.2410860726177,2211.8175593423557,,230.5103759765625,1700.0,0.5011746280344558,109.375,0.050117462803445575,250.0,1.202819107282694,113.91129032258064,1.5536413469068129,2960.9375,0.10023492560689115,488.28125,0.2004698512137823,15.625,0.2004698512137823,3.8089271730618637,-55.91299019607844,0.5996732026143792,0.06264682850430697,0.480814408770556,0.0007830853563038371,0.0696945967110415,0.2090837901331245,0.0,0.0031323414252153485,0.14878621769772904,0.0031323414252153485,0.007047768206734534,0.651390137367663,0.8697219319167268,5.913860610806578,0.5755677368833203,0.4244322631166797,0.0,0.0,0.0,0.5426781519185592,0.0,0.050117462803445575,0.0,0.0,0.050117462803445575,0.0,,
2026-08-21_ewc_vitality-vs-spirit_mirage,ropz,CT,13,56.14,107.43009434092137,81.29869317015923,248.26350097656254,0.196214862232118,0.46228778179794044,0.5499582521569719,0.1722794322293348,550.1694318493553,0.9440578903423323,1.9593654327859726,0.9084330642916782,0.3259114945727804,3.021825387604029,0.1424993042026162,0.0840523239632619,0.1424993042026162,0.05677706651822989,0.04787086000556638,83.37298189770671,528.332470703125,4.292791539103813,0.4631227386585026,0.356804898413582,0.0,101.12681102752686,0.5,0.0712496521013081,6031.136628235661,107.4290966343118,0.3707413736997796,712.061372490797,2566.303924220186,1838.9728146314608,2041.3779874735628,267.0501708984375,962.7403846153846,0.4631227386585026,304.08653846153845,0.4631227386585026,319.50431034482756,1.0331199554689674,260.21634615384613,0.9262454773170052,1526.6544117647059,0.30281102143055943,480.46875,0.1424993042026162,15.625,0.1424993042026162,3.4734205399387696,11.086474501108647,0.395509977827051,0.1834121903701642,0.2248817144447537,0.03590314500417478,0.11633732257166714,0.15530197606457,0.043139437795713886,0.10854439187308655,0.06234344558864459,0.05482883384358475,0.005009741163373225,0.8259431525935041,0.7585308934514116,5.343723907598108,0.23239632618981354,0.693570832173671,0.0,0.0,0.07403284163651545,0.16754801001948233,0.06957973838018369,0.12468689117728918,0.017812413025327024,0.017812413025327024,0.0,0.0,,0.5714285714285714
2026-08-21_ewc_vitality-vs-spirit_mirage,ropz,CT,14,25.84,109.32708888498226,88.61767603939415,250.00108947753907,0.11487303506650544,0.25634824667472794,0.6112454655380894,0.24969770253929868,830.712140946586,1.5864570737605803,2.940749697702539,0.8899637243047158,0.17230955259975816,2.8412552171050454,0.11608222490931076,0.12515114873035066,0.19347037484885127,0.1094316807738815,0.1094316807738815,33.98436259357985,170.46855468749965,0.6964933494558646,1.4703748488512696,0.3349455864570738,0.0,253.74134826660156,1.0,0.03869407496977025,2826.111075568061,109.35375383092861,0.6199570149040945,500.18203709800025,1779.198004940706,1693.981500669271,1750.5959179916488,225.3939208984375,856.9711538461538,0.5030229746070133,208.8068181818182,0.42563482466747277,176.23546511627907,1.663845223700121,184.6590909090909,1.2769044740024185,736.1111111111111,0.3482466747279323,668.75,0.19347037484885127,15.625,0.11608222490931076,4.52720677146312,-19.915574596774192,0.41693548387096774,0.1444981862152358,0.2980652962515115,0.049576783555018135,0.17533252720677148,0.0761789600967352,0.020556227327690448,0.15114873035066506,0.0471584038694075,0.016324062877871828,0.009068923821039904,0.7750756955016823,0.9177147718150204,7.042321644498187,0.45949214026602175,0.5405078597339782,0.0,0.0,0.0,0.2617896009673519,0.0,0.03869407496977025,0.0,0.0,0.0,0.0,,
2026-08-21_ewc_vitality-vs-spirit_mirage,ropz,CT,15,62.09,98.50716935145792,88.3095439830208,249.67852172851562,0.22118772018117766,0.3439859084046301,0.5128334172118773,0.20281831907398087,554.251128448589,1.1112229491696024,2.33517866129844,0.7569199798691495,0.23628585807750377,2.857131510165915,0.06441872169099144,0.04730749874182184,0.1610468042274786,0.10015098137896326,0.06794162053346754,45.222781362084696,200.3738281249991,2.2707599396074483,1.159536990437846,0.4174635128334172,0.0,87.72297048568726,0.5,0.03220936084549572,6119.857756112298,98.55835339486339,0.31237962151953214,528.1763067309575,2296.4842298724893,1975.293035166553,2291.607962678812,163.080810546875,875.0,0.4187216909914444,202.41477272727272,0.35430296930045296,254.8253676470588,1.0951182687468546,244.92694805194805,1.2400603925515854,1067.96875,0.3220936084549572,726.5625,0.1610468042274786,15.625,0.06441872169099144,3.6557624559637643,35.28453407224959,0.3721948549534756,0.2365374937091092,0.19199798691494716,0.009813789632611978,0.14016104680422747,0.10946149974836437,0.008303975842979365,0.17740312028183192,0.05988928032209361,0.04529441368897836,0.007800704579768495,0.80771783738274,0.8785600156712331,5.878208354302969,0.2078510317060896,0.0012581781580271766,0.602918973326623,0.0,0.1879718168092602,0.20105686965274283,0.10795168595873175,0.19325616507297433,0.03220936084549572,0.0,0.06441872169099144,0.0,,
2026-08-21_ewc_vitality-vs-spirit_mirage,ropz,T,0,29.77,148.88584019465083,81.51514887121259,249.99490356445312,0.06561679790026247,0.3674540682414698,0.4755905511811024,0.3816272965879265,438.58661256793783,1.0078740157480315,2.4188976377952756,0.8062992125984252,0.2593175853018373,2.358094950547614,0.13438320209973753,0.11128608923884514,0.13438320209973753,0.06246719160104987,0.03832020997375328,50.81864506056329,259.189453125,1.8141732283464567,0.436745406824147,0.2824146981627297,0.0,21.56658935546875,0.0,0.06719160104986877,4432.383457672653,148.9094704939894,0.6918953682009483,930.7763935592701,3072.088150440427,1709.3930815498975,2417.184291777939,278.2728271484375,1019.3452380952381,0.705511811023622,78.125,0.13438320209973753,238.76953125,1.0750656167979002,179.6875,1.3438320209973753,2734.375,0.13438320209973753,578.125,0.13438320209973753,15.625,0.13438320209973753,3.6619422572178477,19.717261904761905,0.3630952380952381,0.050393700787401574,0.46824146981627296,0.002099737532808399,0.11496062992125984,0.11601049868766404,0.0068241469816272965,0.09763779527559055,0.12335958005249344,0.0015748031496062992,0.007349081364829396,0.7979210529865078,0.851758777606512,5.912860892388451,0.34540682414698165,0.5758530183727034,0.0,0.0,0.07874015748031496,0.24566929133858267,0.06404199475065617,0.1679790026246719,0.03359580052493438,0.0,0.0,0.0,,
2026-08-21_ewc_vitality-vs-spirit_mirage,ropz,T,1,43.06,82.67357307504889,81.48865866212124,240.9627456665039,0.23040638606676342,0.47133526850507984,0.5816400580551524,0.15711175616835993,635.4891306090757,1.3468795355587808,2.5079825834542815,0.9288824383164006,0.2703193033381713,2.9008933280554685,0.0,0.016690856313497822,0.04644412191582003,0.0,0.0,46.03304822198276,336.4453125,2.7169811320754715,0.9288824383164006,0.5566037735849056,0.0,16.60604476928711,0.0,0.023222060957910014,3560.5643423425818,82.68364220244021,0.22205519303092863,349.11074960986997,1144.6275115104388,1105.0649037223584,1144.432409042952,145.55291748046875,438.6574074074074,0.6269956458635704,292.4107142857143,0.3251088534107402,256.73491379310343,1.3468795355587808,297.1813725490196,1.1843251088534108,1845.1704545454545,0.25544267053701014,125.0,0.04644412191582003,,0.0,3.7851959361393326,-3.390330188679245,0.39600179694519316,0.22242380261248185,0.09107402031930334,0.008708272859216255,0.21190130624092887,0.0634978229317852,0.050435413642960815,0.18577648766328012,0.11828737300435414,0.027939042089985485,0.009796806966618287,0.7973895401621366,0.8294233367674325,6.362844702467344,0.21661828737300434,0.7833817126269956,0.0,0.0,0.0,0.15892597968069666,0.0,0.023222060957910014,0.0,0.0,0.0,0.0,,
2026-08-21_ewc_vitality-vs-spirit_mirage,ropz,T,2,77.88,89.11061277759993,73.86627779971253,215.00356750488282,0.12058587479935795,0.23515248796147672,0.675561797752809,0.11978330658105939,660.734425074659,1.7592295345104334,3.2102728731942216,1.2584269662921348,0.21528892455858747,2.8610348864953328,0.012841091492776886,0.013643659711075442,0.1926163723916533,0.08186195826645265,0.04293739967897271,30.316673957079068,169.474609375,0.8089887640449438,1.1685393258426966,0.5680176565008026,0.0,117.92373893260955,0.7,0.12841091492776885,6939.195623768833,89.10684589109256,0.3361571246919041,652.330598988034,2489.832094795461,1796.230984329363,2325.0114900816934,132.2171630859375,401.1194029850746,0.8603531300160514,182.6171875,0.41091492776886035,236.02642276422765,1.579454253611557,191.06791338582678,1.6308186195826646,1077.2058823529412,0.21829855537720708,559.375,0.1926163723916533,15.625,0.012841091492776886,4.90529695024077,5.814859330484331,0.3846153846153846,0.13422953451043337,0.18719903691813805,0.01765650080256822,0.19823434991974317,0.10112359550561797,0.049959871589085075,0.23234349919743177,0.04975922953451043,0.006019261637239166,0.015048154093097914,0.7959679190667952,0.9414137785160324,7.884430176565008,0.10313001605136436,0.00020064205457463884,0.8715890850722311,0.0,0.025080256821829856,0.10032102728731943,0.02086677367576244,0.051364365971107544,0.0,0.0,0.0,0.0,,
2026-08-21_ewc_vitality-vs-spirit_mirage,ropz,T,3,107.83,51.32120239265871,75.95361372382172,184.97950744628906,0.5302130126068686,0.48645123895087666,0.33603825532531517,0.08911751920011593,408.41585790962876,0.6677293145920881,1.4374728300246342,0.6491812780756412,0.17939429068250978,2.3603956528951255,0.009274018258223446,0.011592522822779307,0.11128821909868135,0.13157513403854515,0.07564121141863497,17.648201426630436,82.36826171874819,0.7048253876249819,0.3616867120707144,0.2664831183886393,0.0,9.303852653503418,0.0,0.04637009129111723,5534.117314115697,51.32350501425947,0.4174973735871893,592.9959596278674,2429.9619382117985,1900.6276894178052,2115.9161034249846,157.785888671875,473.7617924528302,0.49152296768584264,307.2916666666667,0.16693232864802202,305.4142441860465,0.7975655702072163,232.78985507246378,0.6399072598174178,1942.7083333333333,0.25039849297203304,1335.9375,0.11128821909868135,15.625,0.009274018258223446,2.4668888566874365,-24.741186884236452,0.5437192118226601,0.5155774525431097,0.09013186494710912,0.014635560063758875,0.11476597594551514,0.09766700478191566,0.01825822344587741,0.07926387480075352,0.040573829879727574,0.01622953195189103,0.006230981017243877,0.8168979019034648,0.8421271717155542,3.997101869294305,0.07390233299521809,0.000434719605854224,0.8836400521663527,0.0,0.0,0.07143892189537748,0.0,0.055644109549340674,0.009274018258223446,0.0,0.0,0.0,,
2026-08-21_ewc_vitality-vs-spirit_mirage,ropz,T,4,87.81,61.731415365397716,67.90674537525902,129.9956268310547,0.38754448398576513,0.47651245551601423,0.5227758007117438,0.05604982206405694,572.5562306185145,1.002135231316726,2.2775800711743774,1.0362989323843417,0.26708185053380784,2.7745994807176113,0.04555160142348755,0.03398576512455516,0.0911032028469751,0.033274021352313166,0.03113879003558719,22.831395502424808,97.18769531249998,0.8882562277580072,0.8199288256227758,0.2880782918149466,0.0,0.7738935947418213,0.0,0.022775800711743774,5421.232667023512,61.73645741806134,0.4376670622516702,986.7877303791012,2372.6949751589673,331.05178531405386,331.0375964392545,154.64453125,496.2284482758621,0.6604982206405694,205.42279411764707,0.3871886120996441,221.6796875,1.0932384341637011,211.38822115384616,1.184341637010676,1901.9886363636363,0.2505338078291815,500.0,0.0911032028469751,15.625,0.04555160142348755,3.7124555160142347,3.4722222222222214,0.43209876543209874,0.3953736654804271,0.11174377224199289,0.028113879003558717,0.09644128113879004,0.0905693950177936,0.027402135231316727,0.0900355871886121,0.1097864768683274,0.022597864768683276,0.011209964412811389,0.769196556588711,0.9746881027155401,6.240569395017793,0.09163701067615658,0.602846975088968,0.0,0.0,0.30551601423487545,0.059430604982206404,0.04893238434163701,0.1594306049822064,0.06832740213523132,0.0,0.0,0.0,,
2026-08-21_ewc_vitality-vs-spirit_mirage,ropz,T,5,115.0,90.39544689515807,82.9052138398452,245.05785064697267,0.17880434782608695,0.25394021739130435,0.6081521739130434,0.17690217391304347,443.1908045414569,1.0434782608695652,2.626086956521739,1.2521739130434784,0.3161684782608696,3.1383813713572186,0.06086956521739131,0.042119565217391304,0.20869565217391303,0.25869565217391305,0.15543478260869564,34.99841472813901,189.404296875,1.2869565217391303,0.5130434782608696,0.3400815217391304,0.0,7.956447601318359,0.0,0.017391304347826087,10396.960943370428,90.40835602930807,0.21599387350628108,762.7032352805179,2391.776655110024,724.7866590011336,1814.7202203234694,344.46875,613.4982638888889,0.6260869565217392,286.24131944444446,0.6260869565217392,222.95673076923077,1.1304347826086956,222.74709302325581,1.4956521739130435,884.9431818181819,0.28695652173913044,1382.8125,0.20869565217391303,15.625,0.06086956521739131,4.434782608695652,-1.5745346598202818,0.45218228498074453,0.20040760869565216,0.1857336956521739,0.06141304347826087,0.08926630434782609,0.05584239130434782,0.07418478260869565,0.13070652173913044,0.1346467391304348,0.035054347826086955,0.016304347826086956,0.8299821738099834,0.9046056924542998,7.095652173913043,0.1658967391304348,0.0002717391304347826,0.8130434782608695,0.0,0.02078804347826087,0.15638586956521738,0.017527173913043478,0.08695652173913043,0.0,0.0,0.0,0.0,,
2026-08-21_ewc_vitality-vs-spirit_mirage,ropz,T,6,65.22,159.9864648182711,84.36044291495814,250.00211181640626,0.0759463344513656,0.2949209391471011,0.42525155725922376,0.4590321034978438,298.6485302937935,0.5213224724484906,2.2232870148538573,0.7053186391950168,0.3344513655965501,2.6936249719865843,0.1379971250598946,0.0924772400574988,0.16866315285098227,0.14183037853378055,0.05797795879252515,47.32808123839264,249.2142578125,1.5179683756588405,0.2146621945376138,0.21921418303785337,0.0,154.88948554992675,0.6,0.07666506947771921,12598.824427562227,193.17795001532883,0.187206704541195,1085.5999862298459,2535.1086925340587,1444.33799405548,149.88638658196706,345.5625,1478.794642857143,0.4293243890752276,450.6578947368421,0.291327264015333,204.4836956521739,0.7053186391950168,248.28125,1.5333013895543843,1748.5795454545455,0.16866315285098227,873.6979166666666,0.1839961667465261,15.625,0.1379971250598946,3.4499281264973645,38.48379629629629,0.37037037037037035,0.05246765692381409,0.3873981792045999,0.04432199329180642,0.046717776712985146,0.06564446574029707,0.02275994250119789,0.13152850982271203,0.17824628653569718,0.06181121226641112,0.003114518447532343,0.8127412966776593,0.7976091343159345,5.489218974604696,0.42597029228557737,0.0,0.5740297077144226,0.0,0.0,0.42189746046957355,0.0,0.12266411116435075,0.015333013895543843,0.0,0.0,0.0,,
2026-08-21_ewc_vitality-vs-spirit_mirage,ropz,T,7,116.31,101.15890474453737,73.96213110097457,229.2460067749023,0.16953250940354647,0.4238312735088662,0.6290972595378829,0.13232133261687265,411.7514239460411,1.0918860827512091,2.45889306824288,1.0832885545405695,0.338527673293928,3.0496336506344317,0.07737775389575496,0.053600214938205264,0.28371843095110155,0.1617409994626545,0.11203653949489521,31.70881630076078,142.053662109375,1.109081139172488,0.3868887694787749,0.3461848468565287,0.0,112.31375471750896,0.4444444444444444,0.07737775389575496,11765.444972311254,101.15374506017199,0.06877259218972044,731.4647340378759,2588.872690900292,1361.8680894845418,1268.4144390782637,224.0,862.8216911764706,0.584631918323482,214.51271186440678,0.5072541644277271,255.20833333333334,1.1348737238044062,234.78084415584416,1.324019344438474,1297.2861842105262,0.32670607200429874,705.0189393939394,0.28371843095110155,15.625,0.07737775389575496,4.238581407845245,11.636685924369747,0.42997198879551823,0.15193444384739388,0.2431488447071467,0.0315690488984417,0.11203653949489521,0.12157442235357335,0.028882321332616874,0.11364857603439012,0.12667920472864053,0.04339065018807093,0.009134873723804407,0.8205429920184394,0.897104138366921,6.568511552928533,0.23643202579258463,0.0012090274046211713,0.7426114991939817,0.0,0.019747447608812467,0.10975282106394411,0.008866200967221924,0.11176786673831274,0.0,0.0,0.0,0.0,,
2026-08-21_ewc_vitality-vs-spirit_mirage,ropz,T,8,106.67,93.49581671786314,75.06325696808811,228.38386230468754,0.146330745569064,0.24403105317123186,0.6409843269371612,0.14193642888530833,688.5318187400986,1.7249157755968947,3.009228065035887,1.2374395781455985,0.26644206825838584,2.9681340585552407,0.028123626776036328,0.014647722279185586,0.1874908451735755,0.060348615790244614,0.06005566134466091,41.26732489973997,254.201904296875,2.137395634978761,1.0405741907133441,0.5255602753771789,0.0,179.49974563717842,0.75,0.14999267613886041,11042.461579676736,103.51802271851635,0.17204332254185264,699.5482208029821,2050.1310100916094,615.4562052191799,777.2956205880494,151.828125,418.4864457831325,0.7780870074703383,200.25510204081633,0.45935257067526,260.3125,1.4061813388018163,219.56758720930233,1.6124212684927495,591.6193181818181,0.4124798593818661,467.1875,0.1874908451735755,15.625,0.028123626776036328,4.884136516771642,5.895048515981736,0.3618245814307458,0.15189688003515453,0.1376885894243445,0.01347590449685074,0.228650944778087,0.07426395195547092,0.039988281822176654,0.1874908451735755,0.10780723597480592,0.035593965138420974,0.014354767833601874,0.7896652985915193,0.948726335013213,7.893364581807529,0.11659586934231728,0.0,0.8265709682144426,0.0,0.056833162443240076,0.10517064596455251,0.03969532737659294,0.10311996484546652,0.0,0.0,0.0,0.0,,
2026-08-21_ewc_vitality-vs-spirit_mirage,ropz,T,9,138.2,67.34508418812126,78.30113429640778,205.60334167480477,0.39400791407574903,0.18360655737704917,0.4266817410966648,0.1100056529112493,508.7233826975597,0.730808366308649,1.678688524590164,0.9189372526851328,0.19242509892594686,2.66796113190514,0.028942905596382136,0.018541548897682305,0.10853589598643301,0.3551158846806105,0.07959299039005088,25.70054181330563,109.6659423828125,1.08535895986433,0.7235726399095535,0.37738835500282647,0.0,50.858609676361084,0.5,0.028942905596382136,9307.559165711747,67.3469515664841,0.14689049338259635,537.0445376887562,2423.282116523914,1432.141786701785,1486.7618243624968,167.828125,490.1442307692308,0.4703222159412097,235.86309523809524,0.45585076314301864,288.36495535714283,0.8104013566986998,277.6041666666667,0.8682871678914641,975.9615384615385,0.1881288863764839,3398.9583333333335,0.10853589598643301,15.625,0.028942905596382136,2.9304691916336916,6.885653409090909,0.31772727272727275,0.3901639344262295,0.13001695873374788,0.015602035048049745,0.10005652911249294,0.06433013001695874,0.058790276992651214,0.16325607687959298,0.035048049745618995,0.0322215941209723,0.008479366873940079,0.8361521494720315,0.8072707829035904,4.73216506500848,0.11712832108535896,0.0010175240248728094,0.6910118711136235,0.0,0.13544375353306953,0.04906726964386659,0.03583945732052007,0.2532504239683437,0.07235726399095534,0.0,0.0,0.0,,
2026-08-21_ewc_vitality-vs-spirit_mirage,ropz,T,10,101.47,90.96229993308971,76.37346641098634,215.0037078857422,0.19325531259624268,0.3714197720973206,0.6047120418848168,0.1222667077302125,530.6300839579002,1.133353865106252,2.3159839852171236,0.8081305820757623,0.18124422543886665,2.7431945906131308,0.07884200800739144,0.05020018478595627,0.16753926701570682,0.11102556205728364,0.045426547582383736,39.23217483912964,214.330078125,1.6162611641515245,0.6898675700646751,0.45087773329226977,0.0,80.51945559183757,0.3333333333333333,0.02956575300277179,10864.740820943498,107.0747478503825,0.09120643598599107,684.7440589529032,1274.684384392585,225.7841254102448,435.6680040590139,224.0,697.3379629629629,0.5321835540498923,186.94196428571428,0.27594702802587,249.04891304347825,1.133353865106252,223.046875,1.1826301201108715,1884.375,0.1971050200184786,759.1911764705883,0.16753926701570682,15.625,0.07884200800739144,3.5676008623344626,34.71241637420487,0.2674928712436938,0.22112719433323066,0.23036649214659685,0.01108715737603942,0.17077302125038496,0.08561749307052664,0.017246689251616876,0.17955035417308285,0.05266399753618725,0.022944256236526024,0.005851555281798583,0.7968159973125704,0.8089341925110961,5.824453341546042,0.20542038805050816,0.0003079765937788728,0.6815522020326455,0.0,0.11271943332306744,0.10625192485371111,0.07252848783492455,0.23652602402217432,0.01971050200184786,0.0,0.0,0.0,,
2026-08-21_ewc_vitality-vs-spirit_mirage,ropz,T,11,33.56,106.5353176980184,88.52120371083556,249.99793243408203,0.1973929236499069,0.46461824953445063,0.553072625698324,0.2346368715083799,374.73225283496174,1.132216014897579,2.5623836126629422,0.7150837988826816,0.24813780260707635,2.6047484694520953,0.0297951582867784,0.021880819366852888,0.0297951582867784,0.006517690875232775,0.006517690875232775,15.940921380123427,82.244140625,0.1787709497206704,0.5661080074487895,0.25,0.0,,,0.0,3576.0544980927307,106.54910981281878,0.730138500670232,801.6299498390205,2639.136580123932,1884.2156063062032,2443.1246834750355,128.0,1390.625,0.4171322160148976,151.5625,0.297951582867784,205.12820512820514,1.1620111731843576,123.67021276595744,1.4003724394785848,1559.375,0.297951582867784,390.625,0.0297951582867784,15.625,0.0297951582867784,3.635009310986965,-0.48828125,0.34375,0.22579143389199255,0.361731843575419,0.015363128491620111,0.08519553072625698,0.12057728119180633,0.018156424581005588,0.05307262569832402,0.09450651769087523,0.0111731843575419,0.010707635009310988,0.7663785942392908,0.7485680762861384,6.197392923649907,0.2742085661080074,0.0,0.7043761638733705,0.0,0.021415270018621976,0.239292364990689,0.012104283054003724,0.0893854748603352,0.0,0.0,0.0,0.0,,
2026-08-21_ewc_vitality-vs-spirit_mirage,sh1ro,CT,0,35.56,159.98581972935602,92.86400101142257,250.00150299072266,0.1555360281195079,0.3172231985940246,0.30579964850615116,0.4951669595782074,332.91234726638396,0.056239015817223195,0.7873462214411248,0.6186291739894552,0.30448154657293497,2.510935678289493,0.056239015817223195,0.04481546572934974,0.11247803163444639,0.07337434094903339,0.06854130052724078,33.7198776614011,201.9287109374988,1.3216168717047452,0.2530755711775044,0.22100175746924428,0.0,201.97635396321616,1.0,0.0843585237258348,5690.0376945338,160.0010599517413,0.28403225921198233,908.3276560773613,1959.7409831895347,1701.3277928033976,1959.6065076686502,156.2894287109375,2677.0833333333335,0.2530755711775044,330.35714285714283,0.3936731107205624,489.1826923076923,0.3655536028119508,618.75,0.421792618629174,1880.2083333333333,0.1687170474516696,800.78125,0.11247803163444639,15.625,0.056239015817223195,1.7715289982425309,182.29166666666666,0.3333333333333333,0.059314586994727594,0.47056239015817225,0.03251318101933216,0.03031634446397188,0.11511423550087874,0.031195079086115993,0.10061511423550087,0.09182776801405976,0.06634446397188049,0.0021968365553602814,0.9037698143792658,0.45914238278014474,2.755711775043937,0.4916520210896309,0.5083479789103691,0.0,0.0,0.0,0.3897188049209139,0.0,0.3655536028119508,0.1968365553602812,0.0,0.0,0.0,,
2026-08-21_ewc_vitality-vs-spirit_mirage,sh1ro,CT,1,48.27,140.5379779620941,84.43308179294307,249.9898193359375,0.06474587245063128,0.15215280025898348,0.4991906765943671,0.3580446746519909,648.4069715293094,0.5801230171576562,1.4917449012625446,0.7044350922628683,0.3269666558756879,2.9336677178286577,0.08287471673680803,0.05212042732275817,0.08287471673680803,0.15862738750404662,0.13985108449336356,39.687806124514246,227.92050781249947,1.7818064098413726,0.9944966008416963,0.4590482356749757,0.0,118.84305572509766,0.6,0.10359339592101004,8940.345644295741,185.23215320004127,0.15445270008915682,606.5800318558358,1711.7039332322024,875.9597283148476,1433.2898577426622,163.67266845703125,1218.75,0.43509226286824215,379.8076923076923,0.2693428293946261,526.4423076923077,0.5386856587892522,310.17287234042556,0.9737779216574943,1223.9583333333333,0.12431207510521204,2054.6875,0.08287471673680803,15.625,0.08287471673680803,2.506960181288443,18.448998917748916,0.48484848484848486,0.11977986403366786,0.2767886047264487,0.028164454516024603,0.11654257041113629,0.12301715765619942,0.033344124312075105,0.12075105212042732,0.13013920362576886,0.040466170281644544,0.01068306895435416,0.799521261333437,0.5124918550185473,4.205891874393007,0.21301392036257688,0.6759469083845905,0.0,0.0,0.11103917125283264,0.18938167691809646,0.10294593719650372,0.6008416963418582,0.22790547102622208,0.0,0.0,0.0,,
2026-08-21_ewc_vitality-vs-spirit_mirage,sh1ro,CT,2,47.0,159.87639863528508,80.37605461392616,249.99618530273438,0.046210106382978726,0.18683510638297873,0.3949468085106383,0.4541223404255319,635.222373834595,0.1702127659574468,1.127659574468085,0.6170212765957447,0.21309840425531915,2.5507051511181813,0.0851063829787234,0.06515957446808511,0.06382978723404255,0.05585106382978723,0.05585106382978723,42.095383233392916,232.82197265625,1.7446808510638299,0.5319148936170213,0.2237367021276596,0.0,155.76649602254233,1.0,0.1276595744680851,9633.139508260221,204.9604150693664,0.17419755165227516,767.3957988521902,1730.1287741165206,880.4677776737481,662.305356556606,156.0267333984375,1342.3295454545455,0.46808510638297873,673.828125,0.1702127659574468,329.2824074074074,0.574468085106383,391.2037037037037,0.574468085106383,1463.5416666666667,0.1276595744680851,1020.8333333333334,0.06382978723404255,15.625,0.0851063829787234,2.0638297872340425,117.72168803418803,0.4145299145299145,0.06050531914893617,0.4484707446808511,0.08011968085106383,0.11003989361702128,0.061170212765957445,0.014295212765957447,0.0834441489361702,0.1180186170212766,0.01961436170212766,0.0036569148936170214,0.84996045461799,0.6030533788032376,3.404255319148936,0.3337765957446808,0.045545212765957445,0.4165558510638298,0.0,0.20412234042553193,0.25831117021276595,0.17819148936170212,0.5319148936170213,0.14893617021276595,0.02127659574468085,0.23404255319148937,0.0,,0.45
2026-08-21_ewc_vitality-vs-spirit_mirage,sh1ro,CT,3,122.97,82.49201826808034,84.92459244674929,235.65650329589843,0.30520965692503177,0.1096569250317662,0.46315120711562896,0.15019059720457434,547.9669751346994,0.8538754764930114,1.6833545108005084,0.6587039390088946,0.17649301143583226,2.8134627962748704,0.02439644218551461,0.017280813214739517,0.07318932655654384,0.056543837357052096,0.022998729351969505,38.18039438778752,245.4257812499992,2.1712833545108006,0.6993646759847523,0.4188055908513342,0.31410419313850063,115.29964089393616,0.5,0.0650571791613723,10145.578391925515,82.50533889240572,0.15459494804579088,429.8262792329283,1622.426239459387,1266.9599516984542,909.0402435494982,155.945068359375,701.530612244898,0.3984752223634053,315.81439393939394,0.26836086404066073,307.5980392156863,0.8294790343074968,316.2202380952381,0.8538754764930114,963.1696428571429,0.11385006353240153,935.7638888888889,0.07318932655654384,15.625,0.02439644218551461,2.5616264294790345,13.023255813953488,0.5963565891472868,0.30991105463786534,0.1508259212198221,0.03697585768742059,0.1641677255400254,0.04015247776365947,0.02795425667090216,0.13900889453621346,0.08831003811944091,0.019822109275730623,0.022617534942820837,0.806475160088877,0.6209214877306907,4.537738246505718,0.16353240152477763,0.016772554002541296,0.0,0.7393900889453622,0.08030495552731894,0.1108005082592122,0.0639135959339263,0.4554002541296061,0.18703939008894535,0.008132147395171537,0.04879288437102922,0.26836086404066073,0.4303144870252621,0.2
2026-08-21_ewc_vitality-vs-spirit_mirage,sh1ro,CT,4,94.59,91.71932110804751,92.19808751980092,247.52320861816406,0.2971589032044929,0.13082259663032705,0.40485629335976214,0.17806408985794517,396.9566552550696,0.43343244136108355,1.110009910802775,0.88800792864222,0.16897918731417244,2.786078843844994,0.10571522960026429,0.07284440039643211,0.14800132144037,0.3280475718533201,0.08275520317145689,30.714093540909467,196.81777343749948,1.2685827552031714,0.3911463495209779,0.3404360753221011,0.433597621407334,173.2968953450521,1.0,0.06342913776015857,9919.330218782037,104.86242715593829,0.07575491549823483,822.5136183580692,1861.4747138870193,1585.7258191458857,1771.8823801436965,231.657958984375,830.8035714285714,0.370003303600925,239.15816326530611,0.518004625041295,346.8137254901961,0.5391476709613479,399.71590909090907,0.5814337628014535,1125.0,0.11628675256029072,2367.1875,0.14800132144037,15.625,0.10571522960026429,2.3785926660059467,24.70914502164502,0.4264069264069264,0.32936901222332343,0.20812685827552033,0.05219689461513049,0.1045589692765114,0.043937892302609846,0.028410967955071028,0.1275189957053188,0.05368351503138421,0.04112983151635283,0.008259002312520648,0.8381612914083328,0.6579450331959078,3.9326065411298314,0.2690782953419227,0.0,0.0,0.6656755863891642,0.06524611826891312,0.15857284440039643,0.06326395771390816,0.3594317806408986,0.13742979848034356,0.0,0.0,0.21143045920052858,0.6531017369727047,
2026-08-21_ewc_vitality-vs-spirit_mirage,sh1ro,CT,5,120.0,89.60529613740704,97.46670386035682,249.0942092895508,0.346875,0.132421875,0.36432291666666666,0.22265625,421.103240579498,0.36666666666666664,1.0083333333333333,0.875,0.109375,2.3071112045998707,0.10833333333333334,0.080859375,0.09166666666666666,0.35104166666666664,0.06614583333333333,24.756331823194753,131.9392578124992,0.9166666666666666,0.24166666666666667,0.16354166666666667,0.476953125,163.49810246058874,0.8571428571428571,0.058333333333333334,11825.136356423718,98.54280297019766,0.11985166549338444,971.2478306015402,3374.399331541266,1527.8833432118859,1466.9299180463279,256.890625,862.3511904761905,0.525,137.27678571428572,0.35,302.8125,0.4166666666666667,212.890625,0.6,2270.089285714286,0.058333333333333334,3964.4886363636365,0.09166666666666666,15.625,0.10833333333333334,2.15,-9.670958227040817,0.4888392857142857,0.3609375,0.35716145833333335,0.03424479166666667,0.06796875,0.042317708333333336,0.009635416666666667,0.0640625,0.05325520833333333,0.004166666666666667,0.00625,0.8591651468327713,0.6632544712052039,3.7,0.315234375,0.0359375,0.0,0.5884114583333333,0.06041666666666667,0.19361979166666668,0.049479166666666664,0.39166666666666666,0.21666666666666667,0.0,0.0,0.1,0.810577561407391,
2026-08-21_ewc_vitality-vs-spirit_mirage,sh1ro,CT,6,70.88,127.27436957261943,78.93906931630188,247.77918243408203,0.07892416225749559,0.3148148148148148,0.5716490299823633,0.22685185185185186,368.37002059286874,0.49382716049382713,1.439153439153439,0.7760141093474426,0.30070546737213405,2.889018608991921,0.08465608465608465,0.060626102292768956,0.12698412698412698,0.09038800705467372,0.06194885361552028,41.45708379272326,233.70556640625054,2.2151675485008817,0.38095238095238093,0.4060846560846561,0.1437389770723104,160.3293595314026,0.75,0.1128747795414462,10123.838901365587,142.8407605130947,0.14144488613380488,704.2638855780986,1581.2321170062203,1101.0754809419846,235.10659194658786,155.31768798828125,1064.3939393939395,0.4656084656084656,475.14204545454544,0.31040564373897706,327.7529761904762,0.5925925925925926,435.96311475409834,0.8606701940035273,1487.5,0.21164021164021163,866.3194444444445,0.12698412698412698,15.625,0.08465608465608465,2.6525573192239857,-3.8589969758064515,0.47530241935483875,0.09964726631393298,0.30180776014109345,0.04056437389770723,0.12235449735449735,0.040123456790123455,0.020282186948853614,0.12588183421516755,0.15299823633156967,0.08487654320987655,0.009038800705467372,0.8637071975424705,0.6246636357834741,4.261022927689594,0.31283068783068785,0.09964726631393298,0.0,0.46164021164021163,0.12588183421516755,0.13602292768959437,0.1232363315696649,0.6067019400352733,0.19753086419753085,0.0,0.0,0.18342151675485008,0.3228271251193887,
2026-08-21_ewc_vitality-vs-spirit_mirage,sh1ro,CT,7,8.97,152.28494199175867,101.25909759806973,250.00100708007812,0.17073170731707318,0.0,0.21254355400696864,0.44076655052264807,332.28417758639887,0.3344947735191638,1.4494773519163764,0.2229965156794425,0.2264808362369338,2.373678243106012,0.2229965156794425,0.11846689895470383,0.11149825783972125,0.09233449477351917,0.09233449477351917,40.58173811082025,209.98847656249995,0.11149825783972125,0.2229965156794425,0.30139372822299654,0.25609756097560976,174.4195899963379,0.75,0.445993031358885,1366.4599632090246,152.35790530553584,0.8482899628190613,380.49887998267286,1166.9394436646403,,,155.0814208984375,2914.0625,0.2229965156794425,328.125,0.11149825783972125,378.90625,0.445993031358885,201.38888888888889,1.0034843205574913,,0.0,968.75,0.11149825783972125,15.625,0.2229965156794425,2.1184668989547037,-11.71875,0.6666666666666666,0.17421602787456447,0.4425087108013937,0.017421602787456445,0.027874564459930314,0.11672473867595819,0.01916376306620209,0.10627177700348432,0.09059233449477352,0.0,0.005226480836236934,0.8464681713062838,0.5988705548747725,3.1219512195121952,0.45993031358885017,0.12717770034843207,0.0,0.41289198606271776,0.0,0.32578397212543553,0.0,0.445993031358885,0.0,0.0,0.2229965156794425,0.2229965156794425,0.6371308016877637,
2026-08-21_ewc_vitality-vs-spirit_mirage,sh1ro,CT,8,117.11,99.03131580509847,98.36759130236494,249.76215515136718,0.3486324216144096,0.0932621747831888,0.3196797865243496,0.25937291527685125,418.8084718581573,0.333022014676451,0.9734489659773182,0.6233488992661774,0.16424282855236824,2.537811016033708,0.08539026017344896,0.0639092728485657,0.06831220813875917,0.055637091394262844,0.04683122081387592,29.125704991076194,162.53876953124998,1.2210807204803202,0.2134756504336224,0.23629086057371582,0.41961307538358905,204.7724838256836,0.9166666666666666,0.10246831220813876,11601.009704083881,99.06132369064288,0.11714191377602548,752.2573250508428,2000.44259153628,1465.1340081888673,1368.601901489262,283.5390625,936.25,0.4269513008672448,254.55729166666666,0.20493662441627752,401.9886363636364,0.4696464309539693,324.9470338983051,0.5038025350233489,780.1339285714286,0.11954636424282855,957.03125,0.06831220813875917,15.625,0.08539026017344896,1.8785857238158772,-12.642045454545455,0.4954545454545455,0.3669112741827885,0.2512341561040694,0.03562374916611074,0.104736490993996,0.06604402935290193,0.01134089392928619,0.0732488325550367,0.07898599066044029,0.004803202134756504,0.0036024016010673785,0.8678227993724579,0.5738894281475941,3.0228152101400934,0.2828552368245497,0.05830553702468312,0.0,0.5858572381587726,0.07298198799199467,0.20440293529019346,0.058972648432288194,0.46110740493662444,0.2134756504336224,0.0,0.11954636424282855,0.09392928619079387,0.7162377590526076,
2026-08-21_ewc_vitality-vs-spirit_mirage,sh1ro,CT,9,94.31,104.63771625433637,92.01170045193406,249.99571228027344,0.20609675281643472,0.22697150430748841,0.5054671968190855,0.22100728959575877,327.1319066751681,0.45593108018555334,1.2511597084161696,0.7846255798542081,0.17478462557985422,2.795298526460089,0.04241219350563287,0.02253147779986746,0.07422133863485753,0.13701126573889993,0.05715705765407555,28.089869802454434,158.57988281250027,1.2299536116633532,0.2544731610337972,0.34642147117296224,0.40159045725646125,171.35000610351562,0.8571428571428571,0.07422133863485753,10846.638130551006,115.0074288196263,0.06258393921191689,639.5182002269989,1840.8548536899955,1090.8367608640121,89.06388832543199,227.23785400390625,1008.0030487804878,0.4347249834327369,274.81617647058823,0.3605036447978794,344.8863636363636,0.583167660702452,364.013671875,0.6785950960901259,2140.625,0.10603048376408217,1991.0714285714287,0.07422133863485753,15.625,0.04241219350563287,2.2796554009277665,17.731336519446277,0.6061305207646671,0.20543406229290923,0.3184227965540093,0.044068919814446654,0.1096752816434725,0.04937044400265076,0.026010603048376407,0.13204108681245857,0.06991385023194169,0.02899271040424122,0.015573227302849569,0.8663015758567849,0.6232783801832942,4.018555334658714,0.2907554671968191,0.006129887342611001,0.0,0.6540755467196819,0.04903909874088801,0.18671305500331345,0.04440026507620941,0.42412193505632867,0.1908548707753479,0.0,0.08482438701126574,0.1802518223989397,0.6266464032421479,
2026-08-21_ewc_vitality-vs-spirit_mirage,sh1ro,CT,10,115.0,102.25829746276419,92.06992395274347,244.99386138916014,0.2589673913043478,0.16875,0.4229619565217391,0.2373641304347826,459.6552339750296,0.5304347826086957,1.3652173913043477,0.7913043478260869,0.2,2.869860520804776,0.08695652173913043,0.06059782608695652,0.08695652173913043,0.22934782608695653,0.08206521739130435,23.466575924250918,142.03125,0.8521739130434782,0.4782608695652174,0.34130434782608693,0.49184782608695654,167.02500534057617,0.75,0.06956521739130435,11762.32908398382,102.28112246942452,0.06906650395543586,615.0880133016612,1926.233499147439,995.3291549786053,896.4496810834233,279.2376708984375,767.1875,0.43478260869565216,363.0952380952381,0.3652173913043478,339.8972602739726,0.6347826086956522,320.6845238095238,0.7304347826086957,1617.1875,0.10434782608695652,2762.5,0.08695652173913043,15.625,0.08695652173913043,2.4434782608695653,-0.3004807692307696,0.5192307692307692,0.29470108695652175,0.21317934782608697,0.052309782608695655,0.11182065217391304,0.05652173913043478,0.036820652173913046,0.11888586956521739,0.06182065217391304,0.043070652173913045,0.008831521739130434,0.7769313300918136,0.6028920587663509,4.121739130434783,0.13206521739130433,0.03967391304347826,0.04660326086956522,0.7418478260869565,0.03980978260869565,0.11535326086956521,0.03804347826086957,0.41739130434782606,0.2,0.0,0.12173913043478261,0.5565217391304348,0.6677655677655677,
2026-08-21_ewc_vitality-vs-spirit_mirage,sh1ro,CT,11,88.17,104.433371760132,88.50646060423809,244.98838806152344,0.20715931242247032,0.16445153287258552,0.48413964203437887,0.21601984759879497,422.0943600932572,0.39695197589934433,1.5311004784688995,0.8506113769271664,0.26085415559099767,2.974651396212244,0.13609782030834663,0.09179514442672337,0.12475633528265107,0.20450115186957293,0.12192096402622718,45.96948579709101,292.8739990234375,2.154882154882155,0.39695197589934433,0.2991316675527202,0.2309055466950204,122.78244018554688,0.5714285714285714,0.07939039517986886,10131.308426610587,114.90408281110713,0.1523534034069124,451.9743879850987,1555.6763833908371,470.2955583849583,743.7739189927147,193.06927490234375,800.0,0.5103668261562998,558.9717741935484,0.3515860357965621,310.22727272727275,0.6237816764132553,304.59104938271605,0.9186602870813397,1208.3333333333333,0.13609782030834663,1789.7727272727273,0.12475633528265107,15.625,0.13609782030834663,2.8013468013468015,38.485863095238095,0.45039682539682535,0.18996987418040048,0.264930001772107,0.07903597377281588,0.08683324472798157,0.04749246854510012,0.05192273613326245,0.1111111111111111,0.09587099060783272,0.06556796030480241,0.007265638844586213,0.8795001600213308,0.6147332909227353,4.638667375509481,0.24118376749955697,0.10951621477937268,0.04111288321814638,0.45188729399255717,0.15629984051036683,0.14230019493177387,0.11997164628743576,0.5217083111819953,0.14743930533404218,0.0,0.0,0.14743930533404218,0.5176470588235295,
2026-08-21_ewc_vitality-vs-spirit_mirage,sh1ro,CT,12,8.5,2.442523304153891,14.606308043591554,0.0,0.9650735294117647,0.001838235294117647,0.034926470588235295,0.0,83.0619731509851,0.0,0.0,0.0,0.0,0.2689628545552874,0.0,0.0,0.0,0.0,0.0,0.002710275667587477,0.0,0.0,0.0,0.0,0.0,,,0.0,16.863892322322076,1.9839873320378913,0.9999998392119032,1.4335679897107656,16.863889610808926,,,0.0,390.625,0.11764705882352941,,0.0,,0.0,,0.0,15.625,0.11764705882352941,,0.0,,0.0,0.23529411764705882,,,0.9540441176470589,0.04595588235294118,0.0,0.0,0.0,0.0,0.0,0.0,0.0,0.0,0.98,0.12114609454120741,0.11764705882352941,0.9117647058823529,0.016544117647058824,0.0,0.02389705882352941,0.04779411764705882,0.0,0.0,1.5294117647058822,1.0588235294117647,0.0,0.0,0.0,0.0,
2026-08-21_ewc_vitality-vs-spirit_mirage,sh1ro,T,12,112.73,123.57603409636666,83.84273606389793,239.98770141601562,0.13305613305613306,0.14636174636174637,0.4673596673596674,0.2676368676368676,641.4043828701435,1.1442827442827443,2.12002772002772,1.0910602910602911,0.24227304227304228,3.0114084311953184,0.10644490644490645,0.08911988911988912,0.07096327096327096,0.05973665973665974,0.01884961884961885,46.82636640235133,297.24609375,2.386139986139986,0.8604296604296604,0.4537768537768538,0.0,106.5767199198405,0.5833333333333334,0.10644490644490645,13923.462808016253,123.50680799903537,0.17566517704224338,994.7558271127211,2586.3668783032995,1217.6064211850733,1075.6081589835949,232.0001220703125,468.1919642857143,0.7451143451143452,277.2435897435897,0.34594594594594597,309.8958333333333,1.1176715176715177,307.3838495575221,1.0023562023562023,1178.5714285714287,0.12418572418572418,976.5625,0.07096327096327096,15.625,0.10644490644490645,3.512681912681913,1.1868686868686869,0.6083333333333334,0.17214137214137215,0.17325017325017325,0.028135828135828135,0.17768537768537768,0.10589050589050589,0.033818433818433816,0.18253638253638255,0.06555786555786555,0.03187803187803188,0.02383922383922384,0.772744709068969,0.7140837242406108,6.031878031878032,0.11850311850311851,0.8232848232848233,0.0,0.0,0.019542619542619544,0.10464310464310464,0.016077616077616076,0.24837144837144837,0.10644490644490645,0.00887040887040887,0.0,0.0,,0.15384615384615385
2026-08-21_ewc_vitality-vs-spirit_mirage,sh1ro,T,13,96.91,116.76153183382716,81.36828412292215,245.00210571289062,0.11222186391486617,0.1981618832634634,0.5432118671396324,0.24846823605288618,559.7821293684617,0.9493711705901322,2.012254111576911,0.6707513705256369,0.28555304740406323,2.6988517618270897,0.051596259271202836,0.04208319896807482,0.13415027410512737,0.09255079006772009,0.06981618832634634,28.640097898776407,146.42578125,1.0009674298613351,0.7326668816510803,0.37697516930022573,0.0,87.72991042666965,0.4444444444444444,0.0928732666881651,13935.99992470016,143.80909306365854,0.06857312870186516,1169.6605782378663,2896.1196848739705,2816.779073785676,2295.1164313340623,213.695068359375,1041.3773148148148,0.5572396001289907,247.1590909090909,0.11351177039664624,277.6580459770115,0.8977749113189294,262.0738636363636,1.1351177039664624,2400.390625,0.08255401483392454,825.7211538461538,0.13415027410512737,15.625,0.051596259271202836,2.9719445340212833,18.54549368541906,0.5679678530424799,0.1473718155433731,0.30828764914543694,0.014511447920025799,0.12834569493711706,0.10077394388906805,0.0032247662044501773,0.099806514027733,0.17042889390519186,0.010319251854240567,0.016123831022250887,0.8171159088003261,0.7341753274068011,5.221541438245727,0.16446307642695904,0.01870364398581103,0.7073524669461464,0.0,0.10948081264108352,0.13366655917445985,0.03724604966139955,0.3508545630441793,0.0928732666881651,0.010319251854240567,0.0,0.0,,0.46153846153846156
2026-08-21_ewc_vitality-vs-spirit_mirage,sh1ro,T,14,39.52,128.6490956581525,78.93965926686093,245.00332641601562,0.11704230921312772,0.27402135231316727,0.479636219849743,0.26057730328192963,511.8841776789423,0.531435349940688,1.1134835903519178,0.6579675761170423,0.31712139185448796,2.9750977095501208,0.02530644523527086,0.04151838671411625,0.05061289047054172,0.09687623566627125,0.055357848952155,28.396876854232595,195.70073242187513,0.5061289047054172,0.37959667852906287,0.44286279161724,0.0,30.50077946980794,0.16666666666666666,0.15183867141162516,5083.540281553078,128.64633373641635,0.40904053892889874,795.780906613676,2130.316168012504,886.3306026365892,856.5774924995525,158.72088623046875,936.71875,0.5061289047054172,729.9107142857143,0.177145116646896,842.0138888888889,0.4555160142348754,323.9182692307692,0.6579675761170423,2707.03125,0.10122578094108343,2062.5,0.05061289047054172,15.625,0.02530644523527086,1.973902728351127,77.94117647058823,0.4901960784313726,0.13364966389877422,0.2372479240806643,0.045077105575326216,0.20521945432977462,0.11783313562672994,0.04389086595492289,0.0498220640569395,0.11427441676551997,0.03637801502570186,0.011862396204033215,0.8602340028697196,0.5584498317419616,3.4922894424673783,0.15895610913404506,0.0,0.6097271648873073,0.0,0.2313167259786477,0.12415974693554764,0.13918544879398972,0.6326611308817714,0.1265322261763543,0.0,0.0,0.0,,
2026-08-21_ewc_vitality-vs-spirit_mirage,sh1ro,T,15,12.16,225.68107851366764,43.539308574276816,262.2490661621094,0.0,0.0,0.037275064267352186,0.7557840616966581,673.4521227036169,0.32904884318766064,1.2339331619537275,0.5758354755784062,0.14395886889460155,2.007060531554446,0.493573264781491,0.36246786632390743,0.08226221079691516,0.005141388174807198,0.005141388174807198,85.26764725104569,300.7749023437498,1.562982005141388,0.41131105398457585,0.14010282776349614,0.011568123393316195,232.19727325439453,1.0,0.32904884318766064,4929.98173570257,405.5511967673066,0.2926327235084969,1042.4490958226888,2255.071571469293,1647.6850950524365,,266.1661376953125,1584.375,0.41131105398457585,132.8125,0.16452442159383032,518.2291666666666,0.493573264781491,254.6875,0.8226221079691517,,0.0,140.625,0.08226221079691516,15.625,0.493573264781491,2.467866323907455,-14.0625,0.6333333333333333,0.016709511568123392,0.5295629820051414,0.0,0.20565552699228792,0.016709511568123392,0.021850899742930592,0.09254498714652956,0.10539845758354756,0.0,0.011568123393316195,0.8400418813398592,0.6844270847733909,3.537275064267352,0.8431876606683805,0.0,0.03984575835475578,0.11696658097686376,0.0,0.8187660668380463,0.0,0.8226221079691517,0.5758354755784062,0.08226221079691516,0.0,0.08226221079691516,0.0989010989010989,0.0
2026-08-21_ewc_vitality-vs-spirit_mirage,tN1R,CT,0,35.56,129.5363587726477,110.87273826543738,249.99525451660156,0.3084358523725835,0.35281195079086114,0.17530755711775045,0.4679261862917399,329.62976312988434,0.2530755711775044,0.9279437609841827,0.6467486818980668,0.2750439367311072,2.936644595866704,0.0843585237258348,0.059314586994727594,0.056239015817223195,0.013620386643233744,0.013620386643233744,20.637334735576925,97.14765625,1.124780316344464,0.3936731107205624,0.2508787346221441,0.0,243.13766479492188,1.0,0.028119507908611598,4606.666954392349,129.53720785637537,0.3810957020695066,866.125635885613,1755.580977184548,924.3776823699385,936.2121928578081,165.13427734375,1066.1057692307693,0.3655536028119508,566.7613636363636,0.3093145869947276,406.25,0.5061511423550088,629.1666666666666,0.421792618629174,2509.375,0.140597539543058,281.25,0.056239015817223195,15.625,0.0843585237258348,1.884007029876977,-53.64583333333333,0.5277777777777778,0.2640597539543058,0.2359402460456942,0.054042179261862916,0.029876977152899824,0.0773286467486819,0.07337434094903339,0.13181019332161686,0.07425307557117751,0.03427065026362039,0.00922671353251318,0.9118494824885496,0.5028305854039072,2.8681898066783833,0.19156414762741653,0.7293497363796133,0.0,0.0,0.07908611599297012,0.18585237258347978,0.07908611599297012,0.2530755711775044,0.0,0.0,0.1968365553602812,0.0,,
2026-08-21_ewc_vitality-vs-spirit_mirage,tN1R,CT,1,48.27,92.6205643894951,82.45765977136165,239.99747009277343,0.20848170929103269,0.3078666235027517,0.5328585302686953,0.16866299773389445,583.6355511325759,0.9530592424732923,1.9061184849465846,0.6422790547102623,0.14308837811589512,2.8361720007930185,0.14503075428941406,0.10424085464551634,0.0,0.009388151505341535,0.00712204596956944,13.213206236844236,82.5862792968745,0.020718679184202008,0.9323405632890903,0.4671414697313046,0.0,109.80106258392334,0.5,0.041437358368404016,6720.411331095696,139.2380463548477,0.3723603399857263,815.2855678506958,2535.812152348207,2285.07742571137,2269.526936306498,155.01849365234375,717.5480769230769,0.2693428293946261,375.86805555555554,0.37293622531563614,226.4030612244898,1.0152152800258984,343.03977272727275,0.9116218841048883,928.7109375,0.33149886694723213,515.625,0.020718679184202008,15.625,0.14503075428941406,3.066364519261897,3.2393292682926824,0.6463414634146342,0.30171576561994173,0.13661379087083197,0.053739074134023956,0.14438329556490773,0.008416963418582066,0.04240854645516348,0.18938167691809646,0.04694075752670767,0.04176108773065717,0.03107801877630301,0.8225062907891038,0.7007383655818106,4.806733570734866,0.09485270314017481,0.07801877630301068,0.7338944642279055,0.0,0.09323405632890903,0.06506960181288443,0.08805438653285853,0.24862415021042408,0.041437358368404016,0.020718679184202008,0.020718679184202008,0.0,,0.5
2026-08-21_ewc_vitality-vs-spirit_mirage,tN1R,CT,2,43.62,130.46366608269875,88.0869955733599,244.99854583740233,0.08810888252148998,0.11532951289398281,0.4290830945558739,0.332378223495702,527.8199202210901,0.8481375358166189,1.7191977077363896,0.7335243553008596,0.3130372492836676,3.180463043671964,0.11461318051575932,0.08416905444126074,0.09169054441260745,0.07987106017191978,0.07628939828080229,31.563182299131135,147.85400390625,0.7335243553008596,0.8481375358166189,0.49820916905444124,0.0,125.14478112757206,0.625,0.1833810888252149,5839.026157563182,133.84587180660589,0.05034359823430746,254.79815862267034,921.9562810796855,338.0455310611941,478.6872416696955,155.30206298828125,811.71875,0.4584527220630373,541.6666666666666,0.27507163323782235,367.578125,0.9169054441260746,477.23214285714283,0.8022922636103151,457.3863636363636,0.2521489971346705,1023.4375,0.09169054441260745,15.625,0.11461318051575932,2.9111747851002865,36.458333333333336,0.3878787878787879,0.12607449856733524,0.16404011461318052,0.04405444126074499,0.14648997134670488,0.05945558739255014,0.07700573065902579,0.17836676217765043,0.12356733524355301,0.026862464183381087,0.027936962750716332,0.8722450573418126,0.5549187515538153,4.240687679083095,0.21669054441260746,0.01325214899713467,0.5390401146131805,0.0,0.23101719197707737,0.1683381088825215,0.21310888252148996,0.5959885386819485,0.1833810888252149,0.0,0.09169054441260745,0.0,,
2026-08-21_ewc_vitality-vs-spirit_mirage,tN1R,CT,3,122.97,64.47930338920828,75.67950572658008,192.31006774902352,0.4243964421855146,0.390851334180432,0.4213468869123253,0.09491740787801779,573.8074344576135,0.8538754764930114,1.7646759847522235,0.47979669631512073,0.15870393900889454,2.4993617052187154,0.016264294790343074,0.01639135959339263,0.02439644218551461,0.004066073697585769,0.0010165184243964421,25.58110681054613,133.76953125,1.0246505717916137,0.8050825921219822,0.39479034307496824,0.0,120.39363320668538,0.5,0.04879288437102922,7929.055800454654,64.48025047383709,0.1817901533726279,424.1710380992341,1508.1232962607014,997.7899965317964,1293.5894814306416,227.4896240234375,545.2302631578947,0.30902160101651843,355.6547619047619,0.1707750952986023,257.7366504854369,0.8376111817026684,310.5811403508772,0.9270648030495553,1044.8369565217392,0.3740787801778907,281.25,0.02439644218551461,15.625,0.016264294790343074,2.6592121982210926,-19.318181818181817,0.5898989898989899,0.45209656925031766,0.05158831003811944,0.018932655654383734,0.12439644218551461,0.037229987293519694,0.027827191867852603,0.1712833545108005,0.07776365946632782,0.012452350698856416,0.022998729351969505,0.8721767817127425,0.6888320841365024,4.066073697585769,0.11829733163913596,0.0,0.798856416772554,0.0,0.08284625158831004,0.03303684879288437,0.07001270648030496,0.10571791613722999,0.0,0.0,0.07318932655654384,0.0,,
2026-08-21_ewc_vitality-vs-spirit_mirage,tN1R,CT,4,94.59,95.813917279529,77.46399212807391,226.16037902832028,0.2258011232243145,0.4658077304261645,0.5556656755863891,0.13445655764783615,583.0078472671337,0.8774364056821936,1.9557317476048894,0.6977205153617443,0.23158242484307895,2.957323998227522,0.04228609184010571,0.03865213082259663,0.0,0.0,0.0,35.897441577265404,202.741015625,1.5222993062438057,0.7822926990419558,0.5431119920713577,0.0,108.13965072631837,0.4,0.052857614800132145,10172.282897310797,107.53652220480525,0.13048790303769175,423.42825718030787,1441.4242700647765,553.6044397560905,845.6652726142783,227.48956298828125,660.6570512820513,0.4122893954410307,329.8611111111111,0.28543111992071357,311.25710227272725,0.9302940204823258,370.4896907216495,1.0254377271225636,1468.75,0.31714568880079286,,0.0,15.625,0.04228609184010571,3.0128840436075324,10.960477941176471,0.5015479876160991,0.23273868516683185,0.11892963330029732,0.016022464486290057,0.15460852329038652,0.05880409646514701,0.03898249091509746,0.21341261975553352,0.09332672613148332,0.036009250082590025,0.03270564915758176,0.8834612439955797,0.6550981003481275,4.831185992732078,0.07746944169144368,0.0,0.8197885695407995,0.0,0.10274198876775685,0.057152296002642884,0.10059464816650149,0.16914436736042285,0.021143045920052856,0.0,0.074000660720185,0.0,,
2026-08-21_ewc_vitality-vs-spirit_mirage,tN1R,CT,5,120.0,103.06889006130902,92.79273167341529,239.99937133789064,0.273046875,0.32174479166666664,0.383203125,0.2786458333333333,512.1620769475518,0.725,1.5083333333333333,0.5666666666666667,0.18606770833333333,2.782916031183998,0.03333333333333333,0.023177083333333334,0.016666666666666666,0.006119791666666667,0.004296875,31.322734258000715,190.22568359374924,1.5,0.85,0.4315104166666667,0.0,71.50316837855748,0.42857142857142855,0.058333333333333334,14057.708867657782,117.14757389714819,0.12255411568978576,641.3922199552098,1722.830078900259,1448.5561925155234,1219.3835601175037,236.8583984375,871.4488636363636,0.36666666666666664,282.5520833333333,0.2,385.9186746987952,0.6916666666666667,370.7386363636364,0.825,1072.482638888889,0.3,523.4375,0.016666666666666666,15.625,0.03333333333333333,2.433333333333333,-17.307131752817725,0.4987368830159347,0.2578125,0.18268229166666666,0.007291666666666667,0.147265625,0.065625,0.033463541666666666,0.19986979166666666,0.069921875,0.015494791666666667,0.019010416666666665,0.797815726294605,0.6600724225879265,3.6,0.13736979166666666,0.046614583333333334,0.746875,0.0,0.069140625,0.1,0.05963541666666667,0.20833333333333334,0.03333333333333333,0.008333333333333333,0.058333333333333334,0.0,,0.0
2026-08-21_ewc_vitality-vs-spirit_mirage,tN1R,CT,6,66.86,109.70436233041107,68.95221872507088,214.99819641113282,0.09558308015891563,0.40032717924748773,0.664641271325076,0.1495676559943912,514.6640042607424,0.493573264781491,1.5854171535405468,0.7627950455713952,0.30170600607618603,3.1558630631969717,0.029913531198878244,0.02196774947417621,0.0747838279971956,0.07081093713484458,0.060060761860247724,38.81900037254558,232.73828124999898,1.8097686375321336,0.5982706239775648,0.42252862818415515,0.0,94.73084907531738,0.7,0.1495676559943912,9990.345635550591,149.42325792830985,0.29026022722259814,945.2747575044323,3118.938443585702,2903.290156580547,2951.6754755941756,179.3101806640625,837.2844827586207,0.4337462023837345,595.1086956521739,0.3440056087870998,388.8888888888889,0.8076653423697125,386.20283018867923,0.7927085767702734,1784.375,0.22435148399158683,940.1041666666666,0.08974059359663472,15.625,0.029913531198878244,2.72213133909792,-19.231840463458113,0.5374331550802138,0.1418555737321804,0.2016826361299369,0.06450105164758121,0.12853470437017994,0.06566954896003739,0.09161018929656461,0.13601308716989952,0.09511568123393316,0.046739892498247254,0.02570694087403599,0.8624205736453417,0.5823138763394328,3.9934564150502454,0.10352886188361766,0.0,0.7356859079224117,0.0,0.16078523019397056,0.05468567422294929,0.13835008179481187,0.23930824959102595,0.014956765599439122,0.014956765599439122,0.0,0.0,,0.26666666666666666
2026-08-21_ewc_vitality-vs-spirit_mirage,tN1R,CT,7,12.91,184.96607770584976,68.18299037689985,249.99341583251953,0.00847457627118644,0.3268765133171913,0.37772397094430993,0.5799031476997578,291.90750145391854,0.0,0.0,0.0,0.0,0.0,0.0774818401937046,0.05690072639225181,0.0,0.0,0.0,46.13296638257576,308.64492187499974,2.2469733656174333,0.2324455205811138,0.3159806295399516,0.0,,,0.0,2388.843901383203,185.09202141467918,0.7583914784025129,628.5981754553975,1811.678858042834,1690.4222573722084,,143.3961181640625,,0.0,,0.0,,0.0,,0.0,2109.375,0.1549636803874092,,0.0,15.625,0.0774818401937046,0.2324455205811138,,,1.0,0.0,0.0,0.0,0.0,0.0,0.0,0.0,0.0,0.0,1.0,0.0,0.0,0.22397094430992737,0.0,0.34382566585956414,0.0,0.4322033898305085,0.20823244552058112,0.4322033898305085,0.5423728813559322,0.0,0.0,0.0,0.0,,
2026-08-21_ewc_vitality-vs-spirit_mirage,tN1R,CT,8,117.11,85.36815629125118,77.27627973474715,220.36684265136722,0.24896597731821213,0.22148098732488325,0.5555703802535024,0.13395597064709808,615.9615432913297,0.8197464976651101,1.8444296197464978,0.495263509006004,0.2144096064042695,3.03134833086678,0.008539026017344896,0.0062708472314876584,0.07685123415610406,0.08352234823215476,0.048165443629086056,18.763354303234255,100.46025390624925,0.40987324883255505,0.9307538358905937,0.523549032688459,0.0,128.9157288869222,0.6666666666666666,0.05123415610406938,9997.075817014018,85.36529049885219,0.09786446288302639,337.21788276858706,1488.056029120844,1361.5137636401048,1143.8603297572524,143.28643798828125,1113.407258064516,0.26470980653769177,676.3392857142857,0.2390927284856571,291.9270833333333,1.0246831220813877,363.4440104166667,0.8197464976651101,997.5961538461538,0.2220146764509673,1239.5833333333333,0.07685123415610406,15.625,0.008539026017344896,2.655637091394263,4.52077633378933,0.5357957136342909,0.19186124082721814,0.1743829219479653,0.0676450967311541,0.16197464976651102,0.03348899266177452,0.07271514342895263,0.1599733155436958,0.08565710473649099,0.02134756504336224,0.029753168779186125,0.8851747581618459,0.5829131967245593,4.064576384256171,0.1533022014676451,0.0,0.7881254169446298,0.0,0.05857238158772515,0.04269513008672448,0.05630420280186791,0.13662441627751834,0.02561707805203469,0.008539026017344896,0.10246831220813876,0.0,,0.55
2026-08-21_ewc_vitality-vs-spirit_mirage,tN1R,CT,9,91.03,85.77605995429641,75.14501772699006,229.82950592041016,0.18846549948506694,0.25060075523515274,0.6338825952626158,0.12392722279437006,779.9234865942411,1.0875386199794026,2.5485753518709235,0.5053209749399244,0.17782354960521798,2.7141605534335174,0.032955715756951595,0.016306213525575007,0.021970477171301066,0.003604531410916581,0.003604531410916581,17.569713821083692,98.5701171875,0.4503947820116718,1.64778578784758,0.6089941640920014,0.0,142.52527713775635,0.75,0.04394095434260213,9162.503202149786,100.6522837174024,0.0683439303288454,375.914776550613,1079.7133201228103,340.8734832091432,780.7862574999251,276.66143798828125,878.5511363636364,0.24167524888431172,260.0,0.2746309646412633,266.2124060150376,1.4610367318915207,268.78156565656565,1.0875386199794026,1086.3095238095239,0.23069001029866118,257.8125,0.021970477171301066,15.625,0.032955715756951595,3.3504977686234123,-3.3420138888888893,0.6527777777777778,0.24545142464812908,0.08462066598008926,0.021283899759697907,0.31067627875042914,0.042567799519395814,0.003089598352214212,0.12804668726398902,0.08462066598008926,0.04703055269481634,0.03209749399244765,0.824984563959659,0.6708988152161218,5.844146927566083,0.0822176450394782,0.0,0.32028836251287335,0.0,0.5974939924476484,0.07449364915894267,0.46189495365602473,0.17576381737040853,0.04394095434260213,0.0,0.0,0.0,,
2026-08-21_ewc_vitality-vs-spirit_mirage,tN1R,CT,10,90.2,52.45368336521834,70.2283756149189,117.00487518310547,0.5265892949939373,0.7682314221375368,0.4011778971072233,0.06357179975749178,361.7568768302537,0.2328078988394249,0.9866620474623247,0.5321323402043998,0.23332755932790578,2.321851836334344,0.011086090420924996,0.02373116230729257,0.0,0.0,0.0,26.163159957959763,172.41503906249974,1.0531785899878745,0.2660661701021999,0.2982851203880132,0.0,112.85239791870117,0.75,0.044344361683699984,4732.139766758588,52.46092933874063,0.41350878395947455,416.1195699338706,1959.690294135345,1418.0458157155394,1850.2078212335566,164.103759765625,868.9516129032259,0.34366880304867486,277.77777777777777,0.19954962757664993,295.42151162790697,0.4767018880997748,473.8451086956522,0.5099601593625498,2887.3697916666665,0.2660661701021999,,0.0,15.625,0.011086090420924996,1.8070327386107743,4.551727207977208,0.5078347578347578,0.5004330504070674,0.10687684046423003,0.013857613026156245,0.06010739650095271,0.04191927940412264,0.03516369305387147,0.08297245799411052,0.14862289970552572,0.006409146024597263,0.002425082279577343,0.8367718718489833,0.6132512308353447,2.804780876494024,0.03291183093712108,0.0,0.8931231595357699,0.0,0.07396500952710895,0.03048674865754374,0.0568162134072406,0.09977481378832496,0.011086090420924996,0.0,0.07760263294647497,0.0,,
2026-08-21_ewc_vitality-vs-spirit_mirage,tN1R,CT,11,30.86,157.3465197781068,77.36662153860428,245.005078125,0.045063291139240506,0.29012658227848104,0.41670886075949365,0.4172151898734177,435.07207901736257,0.35645569620253165,1.2637974683544304,0.6805063291139241,0.4070886075949367,2.88213865802881,0.06481012658227848,0.04759493670886076,0.09721518987341772,0.0060759493670886075,0.0060759493670886075,36.27719855187753,190.57780761718737,1.4582278481012658,0.5832911392405064,0.48860759493670886,0.0,160.44591522216797,1.0,0.09721518987341772,4856.592615728974,157.37819109197687,0.4616915130762739,696.7108158796693,2242.247593150969,841.2325944472423,1333.8408876668038,172.63037109375,847.0394736842105,0.6156962025316456,739.5833333333334,0.09721518987341772,665.0390625,0.5184810126582279,486.9791666666667,0.7777215189873418,994.7916666666666,0.2916455696202532,88.54166666666667,0.09721518987341772,15.625,0.06481012658227848,2.4627848101265823,79.0264423076923,0.3341346153846154,0.10481012658227848,0.17215189873417722,0.014177215189873417,0.13265822784810127,0.19746835443037974,0.0,0.15848101265822784,0.1478481012658228,0.05772151898734177,0.010632911392405063,0.9133232429487445,0.5042696102028804,3.3377215189873417,0.1362025316455696,0.0,0.5534177215189874,0.0,0.31037974683544306,0.11392405063291139,0.30227848101265825,0.45367088607594935,0.06481012658227848,0.0,0.0,0.0,,
2026-08-21_ewc_vitality-vs-spirit_mirage,tN1R,T,12,77.09,111.86341575856603,86.25937874297347,239.99606475830078,0.21524118362383463,0.5792460478313741,0.49918929874341306,0.2361167409809485,386.6326460619945,0.5837049047426024,1.4787190920145927,0.7393595460072964,0.35366842318605596,2.843203278471042,0.025942440210782326,0.020064856100526957,0.03891366031617349,0.013781921361978111,0.012768544791244426,33.489000061765154,170.93876953124948,1.4916903121199838,0.47993514389947306,0.2930685042561816,0.0,93.2185214360555,0.6666666666666666,0.07782732063234699,8624.650650072073,111.87224191418984,0.26419456498484634,993.864164560942,2742.1889947973264,1582.5752429329282,2179.2693952232557,290.3758544921875,1213.6948529411766,0.44102148358329957,233.07291666666666,0.31130928252938794,296.58564814814815,0.7004458856911229,431.5104166666667,0.7782732063234697,2232.8125,0.25942440210782325,416.6666666666667,0.03891366031617349,15.625,0.025942440210782326,2.555330360762059,15.304886489479513,0.3767995570321152,0.21868666396432915,0.22638832590190514,0.02776651803810296,0.05147952979327118,0.1108633968382651,0.02898256992298338,0.10985002026753142,0.19396027563842724,0.015605999189298744,0.012160518848804215,0.8211396876827433,0.5566876558880921,4.072963113092825,0.10802594244021078,0.8919740575597892,0.0,0.0,0.0,0.1053911633563032,0.0,0.03891366031617349,0.012971220105391163,0.0,0.0,0.0,,
2026-08-21_ewc_vitality-vs-spirit_mirage,tN1R,T,13,106.23,134.2203819711939,75.0714586026873,237.28155517578125,0.07515811148698338,0.35108104132960727,0.5253713781438447,0.30636858361523756,433.50377578107754,0.5742020885424327,1.468451242829828,0.6212678335049272,0.36093543168112957,2.8375422091983586,0.12237093690248566,0.09633769672010589,0.12237093690248566,0.09839682306221503,0.051478158552728345,28.71197755773757,150.666162109375,0.8754228563023974,0.4988968966024415,0.35784674216796586,0.0,103.94144264856975,0.6666666666666666,0.02823944697749669,14260.244538536328,134.23380651071113,0.1199577912424401,1258.972162787183,3606.341054620136,1557.0473128052997,1705.9494526315793,386.0,1373.046875,0.451831151639947,498.35526315789474,0.17884983085747905,371.1890243902439,0.7718782173849096,401.0416666666667,0.7059861744374173,1776.0416666666667,0.19767612884247684,862.9807692307693,0.12237093690248566,15.625,0.12237093690248566,2.550963376967201,27.423398714539008,0.431072695035461,0.09501397264303574,0.303132813649066,0.045447859979408735,0.08162965141932638,0.17811442859244006,0.013531401676717165,0.10119135166936315,0.13884394763935873,0.029857331960582437,0.012648918958670393,0.7970528255393946,0.625663684167744,3.8876305339020445,0.136490660391234,0.0,0.8143844683041623,0.0,0.04912487130460362,0.09236652448889543,0.03927048095308133,0.21650242682747464,0.05647889395499338,0.0,0.0,0.0,,
2026-08-21_ewc_vitality-vs-spirit_mirage,tN1R,T,14,44.52,157.7932601462397,86.85155122178497,250.0011016845703,0.11934011934011934,0.16883116883116883,0.29062829062829065,0.4454194454194454,485.3034915453716,0.47174447174447176,1.1007371007371007,0.4942084942084942,0.28220428220428223,2.7133103401550307,0.1797121797121797,0.14004914004914004,0.06739206739206739,0.02106002106002106,0.02106002106002106,36.62732036461991,190.01435546875038,1.3029133029133029,0.5616005616005616,0.28220428220428223,0.0,143.43675088882446,0.625,0.1797121797121797,8791.253144228805,197.486908118864,0.2985495608713058,1182.361581178351,3442.2181802302384,2364.719366993748,2710.786517844359,381.09466552734375,1447.048611111111,0.4043524043524043,726.5625,0.08985608985608985,465.1988636363636,0.4942084942084942,425.78125,0.628992628992629,2505.2083333333335,0.06739206739206739,333.3333333333333,0.06739206739206739,15.625,0.1797121797121797,1.931905931905932,22.21200980392157,0.45915032679738566,0.14671814671814673,0.3538083538083538,0.014391014391014392,0.10845910845910846,0.1038961038961039,0.004914004914004914,0.08283608283608283,0.12636012636012636,0.04598104598104598,0.011583011583011582,0.8854115125938192,0.5379023340560068,2.8753948753948753,0.42646542646542646,0.0,0.47665847665847666,0.0,0.09687609687609687,0.3288873288873289,0.08704808704808704,0.3594243594243594,0.06739206739206739,0.0,0.0,0.0,,
2026-08-21_ewc_vitality-vs-spirit_mirage,tN1R,T,15,111.31,108.0886549137403,70.1842160518179,224.23953094482422,0.15216170690623246,0.5655530600786075,0.6591802358225716,0.1306850084222347,420.9249797774071,0.32341381246490736,1.1858506457046603,0.5569904548006738,0.3029197080291971,2.8667067475355035,0.07186973610331275,0.054183043234138126,0.09882088714205503,0.08267827063447501,0.04618192026951151,39.4695650588323,235.12890625,1.455362156092083,0.36833239752947783,0.33590679393599104,0.0,81.8878547668457,0.4,0.044918585064570464,14653.534777763574,131.64320968232295,0.05676681033206948,981.2982105327158,3006.607359430591,2951.209322551785,1531.492409725106,339.484375,1621.9618055555557,0.32341381246490736,489.0046296296296,0.2425603593486805,430.614406779661,0.5300393037619315,418.0222602739726,0.6558113419427288,2248.3258928571427,0.2515440763615946,948.8636363636364,0.09882088714205503,15.625,0.07186973610331275,2.1740595171252104,32.202743902439025,0.4268292682926829,0.1688658057271196,0.31723750701852893,0.023020774845592364,0.08688938798427849,0.07313307130825379,0.056709713644020214,0.09138124649073555,0.13307130825379002,0.0381807973048849,0.009685569904548007,0.9016483505714538,0.5223800704166566,3.2161706906232452,0.2533688938798428,0.0,0.618192026951151,0.0,0.11945536215609208,0.08015160022459293,0.06625491297024144,0.2425603593486805,0.044918585064570464,0.0,0.0,0.0,,
2026-08-21_ewc_vitality-vs-spirit_mirage,zont1x,CT,0,32.2,149.37894077537592,102.90241294104621,249.99520874023438,0.245026686074721,0.0,0.1445900048520136,0.50509461426492,577.8430171339128,0.621057738961669,1.4594856865599224,0.49684619116933526,0.28093158660844253,2.8311713336531157,0.06210577389616691,0.046094129063561376,0.06210577389616691,0.017952450266860747,0.017952450266860747,56.571828068112865,361.02109374999975,2.8568655992236778,0.43474041727316837,0.2799611838913149,0.0,128.760302734375,0.6,0.15526443474041726,4812.409011548765,149.43919298356184,0.40049151357744617,723.3972646676727,2625.749620642259,1929.4109847176178,2250.795142032026,161.009033203125,1325.5208333333333,0.3726346433770015,851.5625,0.12421154779233382,218.75,0.7763221737020863,428.97727272727275,0.683163512857836,,0.0,437.5,0.06210577389616691,15.625,0.06210577389616691,2.0805434255215913,22.977941176470587,0.36764705882352944,0.24939349830179525,0.2906356137797186,0.028141678796700632,0.028626880155264434,0.08442503639010189,0.025715672003881612,0.09898107714701601,0.1111111111111111,0.051916545366327026,0.023289665211062592,0.9088192776090959,0.5681380144666572,3.1673944687045124,0.3279961183891315,0.3964095099466278,0.0,0.0,0.27559437166424067,0.2925764192139738,0.046094129063561376,0.3726346433770015,0.18631732168850074,0.0,0.341581756428918,0.0,,
2026-08-21_ewc_vitality-vs-spirit_mirage,zont1x,CT,1,43.27,159.06886145159328,76.76233646177015,250.00072326660157,0.058143734200072225,0.3719754423979776,0.47959552184904297,0.3831708197905381,418.39564761898595,0.4622607439508848,1.3174431202600216,0.4160346695557963,0.29613578909353555,2.4988076084910333,0.09245214879017696,0.06319971108703504,0.02311303719754424,0.005055976886962802,0.002527988443481401,29.810996347769148,201.0498046875,0.8782954135066812,0.2311303719754424,0.29974720115565184,0.0,180.28982424736023,0.8333333333333334,0.13867822318526543,6883.797954714006,159.1054781876838,0.23827054519078336,626.3446218913112,2282.262433153057,2022.9151694174145,1754.982063551575,155.0657958984375,2175.223214285714,0.32358252076561933,453.125,0.1155651859877212,456.5217391304348,0.5315998555435175,295.95588235294116,0.7858432647165041,4023.4375,0.09245214879017696,375.0,0.02311303719754424,15.625,0.09245214879017696,1.9646081617912603,46.00694444444444,0.3611111111111111,0.07331166486096063,0.4423979776092452,0.01769591910436981,0.07078367641747924,0.13289996388587938,0.030335861321776816,0.09100758396533044,0.12856626941133983,0.004333694474539545,0.00866738894907909,0.9048192545003728,0.5039586942916421,2.981581798483207,0.4070061394005056,0.0,0.48717948717948717,0.0,0.10581437342000723,0.30697002527988443,0.10581437342000723,0.25424340917298666,0.04622607439508848,0.0,0.16179126038280967,0.0,,
2026-08-21_ewc_vitality-vs-spirit_mirage,zont1x,CT,2,102.56,141.50497938340698,81.39661073929182,249.99562072753906,0.06429006703229738,0.20368677635588056,0.4926873857404022,0.332114564290067,515.1349588802211,0.7215112736136502,1.7062766605728215,0.7800121876904327,0.29859841560024375,2.904597759562957,0.04875076173065204,0.029859841560024376,0.1267519804996953,0.11639244363193176,0.11014625228519195,50.33831946137437,289.6062011718745,2.320536258379037,0.5557586837294333,0.4463741620962828,0.0,141.40311186654228,0.6285714285714286,0.34125533211456427,16750.632003999424,163.32121393296208,0.09902860706211353,890.0168355711535,1933.1736800488716,969.8552862088491,234.90366543406498,227.2376708984375,1079.6274038461538,0.5070079219987812,297.41379310344826,0.28275441803778184,349.51636904761904,0.8190127970749543,346.63722826086956,0.8970140158439975,1606.9711538461538,0.1267519804996953,1058.8942307692307,0.1267519804996953,15.625,0.04875076173065204,2.8080438756855575,-0.7425579557428876,0.5398314014752371,0.09186471663619744,0.29996953077391836,0.03290676416819013,0.12842778793418647,0.10938452163315052,0.026508226691042046,0.1290371724558196,0.1354357099329677,0.024527726995734307,0.019195612431444242,0.8076358689072455,0.6077943617072373,4.416819012797075,0.27041438147471053,0.016910420475319928,0.6157830591102986,0.0,0.09689213893967093,0.20383912248628885,0.08302864107251676,0.33150517976843386,0.07800121876904327,0.019500304692260818,0.22425350396099938,0.0,,0.15
2026-08-21_ewc_vitality-vs-spirit_mirage,zont1x,CT,3,107.44,130.25956593646325,75.63890513457922,249.99481201171875,0.07882489819662594,0.32126236183827805,0.5738801628853984,0.23662012798138451,458.35771670914045,0.4840023269342641,1.3868528214077953,0.7446189645142525,0.3182082606166376,2.862079328304587,0.11169284467713787,0.07097149505526469,0.055846422338568937,0.14616055846422338,0.13539848749272834,25.87977159090909,174.44091796875,1.0331588132635252,0.4467713787085515,0.3742001163467132,0.0,142.1444917678833,0.6666666666666666,0.13961605584642234,14308.893029914216,133.1834138909991,0.050931491440319075,1185.8324348084798,2828.7963826950054,2020.7973681371054,2130.956900407048,195.72509765625,1049.2995689655172,0.539848749272833,430.70652173913044,0.2140779522978476,470.4861111111111,0.5863874345549738,378.0886627906977,0.8004653868528214,1725.78125,0.18615474112856312,2752.6041666666665,0.055846422338568937,15.625,0.11169284467713787,2.494473531122746,-10.908018867924529,0.5660377358490566,0.09700407213496219,0.3110820244328098,0.029377545084351368,0.08522396742292031,0.15285049447353113,0.02181500872600349,0.14339732402559627,0.10223967422920302,0.04101221640488656,0.015706806282722512,0.8235054094114044,0.5065033564999788,3.881326352530541,0.33013379872018617,0.0,0.5862420011634671,0.0,0.08362420011634672,0.15983129726585224,0.08289703315881326,0.33507853403141363,0.07446189645142524,0.0,0.2699243746364165,0.0,,
2026-08-21_ewc_vitality-vs-spirit_mirage,zont1x,CT,4,89.59,131.47855610057144,81.9570061420476,249.99639892578125,0.1182420648761772,0.4632019532612487,0.5324380885943495,0.27432856644576215,368.8407156608151,0.2790373212417161,1.0045343564701779,0.7589815137774677,0.34094872689222183,2.957431507516174,0.06696895709801186,0.04569236135333101,0.022322985699337286,0.04237879316358563,0.03958841995116847,35.62010832979025,235.65273437499945,1.6072549703522847,0.2901988140913847,0.33310080223229854,0.0,137.43454676408035,0.7692307692307693,0.14509940704569235,11782.836463802782,131.5140449395497,0.09365245769772898,755.8986625250106,2689.4935777773817,2027.400960630095,2060.2687128820485,179.0501708984375,998.3377659574468,0.5245901639344263,538.6904761904761,0.2343913498430415,527.9255319148937,0.5245901639344263,547.2383720930233,0.47994419253575166,2593.75,0.1785838855946983,2039.0625,0.022322985699337286,15.625,0.06696895709801186,2.031391698639693,51.48841594827586,0.46695402298850575,0.16114405301709103,0.26072549703522846,0.0483083362399721,0.08632717125915591,0.12835716777118938,0.05249389605859784,0.0927799093128706,0.134635507499128,0.025462155563306593,0.009766306243460064,0.920471620335061,0.48214960058326967,3.1363794907568887,0.324555284269271,0.0,0.5688873386815486,0.0,0.10655737704918032,0.19584931984652948,0.09138472270666202,0.3460062783397279,0.04464597139867457,0.011161492849668643,0.25671433554237877,0.0,,0.5
2026-08-21_ewc_vitality-vs-spirit_mirage,zont1x,CT,5,120.0,142.9479074435386,91.92795382492154,249.99639892578125,0.13658854166666667,0.14765625,0.36041666666666666,0.39609375,555.1500311089104,0.7166666666666667,1.8083333333333333,0.6166666666666667,0.26666666666666666,2.867627102185585,0.09166666666666666,0.0625,0.025,0.03567708333333333,0.03424479166666667,25.748435007406563,162.7857421874992,0.8,0.5583333333333333,0.34869791666666666,0.0,154.3588773091634,0.7333333333333333,0.125,18916.192424455272,157.6349368704606,0.12371425312190311,1162.2426435925174,2717.192987231746,402.4931664021701,984.958959909631,190.423828125,1364.4701086956522,0.38333333333333336,226.83189655172413,0.24166666666666667,318.0059523809524,0.875,312.91482300884957,0.9416666666666667,2953.125,0.05,1494.7916666666667,0.025,15.625,0.09166666666666666,2.6083333333333334,15.839129983388705,0.5998062015503876,0.149609375,0.28958333333333336,0.021614583333333333,0.11484375,0.11184895833333333,0.017838541666666666,0.124609375,0.12135416666666667,0.014973958333333334,0.03307291666666667,0.8159149930595796,0.7245128425345891,4.358333333333333,0.3203125,0.09713541666666667,0.508203125,0.0,0.07434895833333334,0.24283854166666666,0.06822916666666666,0.325,0.09166666666666666,0.0,0.20833333333333334,0.0,,
2026-08-21_ewc_vitality-vs-spirit_mirage,zont1x,CT,6,33.17,169.28938788046435,86.91689232098221,250.00184326171876,0.07112576542628356,0.17710786622703723,0.2826189354686764,0.5181347150259067,518.2522482333801,0.24116815826660387,1.0852567121997174,0.5426283560998587,0.3283089967027791,2.9042041958234472,0.15073009891662742,0.1149317004239284,0.06029203956665097,0.044747998115873766,0.041921808761187,31.672921053987984,180.27910156249973,0.12058407913330194,0.45219029674988226,0.3499764484220443,0.0,201.74464852469308,0.8571428571428571,0.2110221384832784,8924.271550343774,269.0312667084322,0.17358075610503032,949.9364189661716,3583.7513204425486,2680.3856751044573,1682.5601335362276,187.60986328125,1316.6666666666667,0.45219029674988226,925.78125,0.12058407913330194,577.34375,0.6029203956665097,422.79411764705884,0.5124823363165332,2937.5,0.06029203956665097,890.625,0.06029203956665097,15.625,0.15073009891662742,1.9594912859161564,15.090811965811966,0.47435897435897434,0.09090909090909091,0.3113518605746585,0.06735751295336788,0.09656146961846444,0.17616580310880828,0.04097974564295808,0.08195949128591616,0.0970325011775789,0.003297220913801225,0.023551577955723033,0.9277272926254976,0.4308272501062181,2.9844559585492227,0.3485633537447009,0.15073009891662742,0.41874705605275553,0.0,0.08195949128591616,0.34338200659444185,0.07630711257654263,0.3617522373999058,0.09043805934997645,0.030146019783325484,0.0,0.0,,0.7666666666666667
2026-08-21_ewc_vitality-vs-spirit_mirage,zont1x,CT,7,93.95,95.48119400641386,67.71213319190872,204.9083618164063,0.1267254282388159,0.30716780309329783,0.6866788624646599,0.1046066855147181,519.9709739828288,0.6811907533677033,1.607184433726925,0.8514884417096291,0.3439215034092799,2.987845537139049,0.06386163312822218,0.05953766838516548,0.15965408282055546,0.2506236487610178,0.22783968069183436,32.45868955448478,185.45273437499972,1.639115250291036,0.4576750374189257,0.3826708797605189,0.0,48.19705219268799,0.4,0.05321802760685182,8970.549529725948,95.47899050431742,0.2668093239220727,564.3508655164196,2448.2809957659383,1725.4773019145885,1792.318571907026,240.998291015625,856.4814814814815,0.5747546981539997,307.2916666666667,0.28737734907699986,388.39285714285717,0.819557625145518,399.2820945945946,0.787626808581407,1803.7109375,0.17029768834192582,1698.9583333333333,0.15965408282055546,15.625,0.06386163312822218,2.863129885248628,-0.021057951482479798,0.6148921832884097,0.1531681357059704,0.21204057874605023,0.02461333776816897,0.13587227673374355,0.11724596707134542,0.042574422085481456,0.10876434392150341,0.16264759687344088,0.02045567936138367,0.02161982371528355,0.8316532851207946,0.7035718028928039,4.629968401796108,0.11209047064693164,0.0,0.8198902378180609,0.0,0.06801929153500748,0.07134541826043572,0.06236487610177948,0.15965408282055546,0.010643605521370364,0.0,0.117079660735074,0.0,,
2026-08-21_ewc_vitality-vs-spirit_mirage,zont1x,CT,8,102.56,121.63451569730792,82.04668338218063,238.33743286132807,0.1195917123705058,0.22867154174283974,0.5,0.25792199878123095,538.574695017904,0.7312614259597806,1.9305301645338209,0.8287629494210847,0.3484156002437538,3.0186923209530017,0.06825106642291286,0.05393053016453382,0.05850091407678245,0.051188299817184646,0.048446069469835464,30.1622029690595,144.59326171874892,1.4040219378427787,0.6532602071907374,0.4602376599634369,0.0,90.94474245372571,0.631578947368421,0.18525289457647776,12477.490241500724,121.65743075198756,0.08585530569450954,687.5439154363415,2408.3093334069276,2077.32526120731,2236.8228831031433,227.309326171875,796.1065573770492,0.5947592931139549,370.0,0.2437538086532602,383.1313775510204,0.95551492992078,299.6875,0.9750152346130408,977.2135416666666,0.2340036563071298,1005.2083333333334,0.05850091407678245,15.625,0.06825106642291286,3.129798903107861,-9.63459256329114,0.5723892405063291,0.1640767824497258,0.20764777574649604,0.007617306520414382,0.13117001828153566,0.13939670932358317,0.0578915295551493,0.10831809872029251,0.12157221206581353,0.024680073126142597,0.03275441803778184,0.9005827235515259,0.6137582735842261,4.670322973796465,0.15158439975624619,0.0,0.7655393053016454,0.0,0.08287629494210846,0.11715417428397319,0.07358318098720293,0.21450335161486897,0.04875076173065204,0.019500304692260818,0.18525289457647776,0.0,,0.225
2026-08-21_ewc_vitality-vs-spirit_mirage,zont1x,CT,9,138.2,106.12913638670744,85.19706574351007,249.99213562011718,0.2210288298473714,0.29609949123798757,0.5061616732617298,0.2018089315997739,521.5884784344277,0.5499152063312606,1.5412097230073487,0.6873940079140758,0.22193329564725833,2.907405594517917,0.0651215375918598,0.047371396269078575,0.04341435839457321,0.09700395703787451,0.09677784058790277,26.334974629692447,161.14423828125,1.2734878462408141,0.5499152063312606,0.34087054833239117,0.0,168.17039442062378,0.75,0.05788581119276427,14666.991225492235,106.12633560559672,0.03459098251975088,1166.6810908207806,2784.6926851760923,2131.350757190172,2093.8790796515277,179.2474365234375,1099.3114406779662,0.4269078575466365,404.56081081081084,0.26772187676653475,341.43518518518516,0.7814584511023177,290.92261904761904,0.7597512719050311,1320.0604838709678,0.22430751837196156,2377.6041666666665,0.04341435839457321,15.625,0.0651215375918598,2.5686828716789147,-16.392942256602595,0.6440850132833256,0.18507631430186547,0.29576031656303,0.059920859242509894,0.10491803278688525,0.11509327303561334,0.018202374222724704,0.10616167326172979,0.05754663651780667,0.0287167891464104,0.02622950819672131,0.8774053183301858,0.6480511088775586,4.2184284906726965,0.21232334652345958,0.0,0.7275296777840587,0.0,0.060146975692481626,0.16178631995477671,0.05460712266817411,0.2098360655737705,0.028942905596382136,0.0,0.12300734878462408,0.0,,
2026-08-21_ewc_vitality-vs-spirit_mirage,zont1x,CT,10,120.0,88.9312457623193,80.78928823166937,214.9925079345703,0.2981770833333333,0.280859375,0.4466145833333333,0.14075520833333333,566.3842127674587,0.6166666666666667,1.5583333333333333,0.7166666666666667,0.244140625,2.846386137425084,0.1,0.06809895833333333,0.041666666666666664,0.10911458333333333,0.038802083333333334,31.757543528820484,172.96875,1.4166666666666667,0.5916666666666667,0.44557291666666665,0.0,100.4417188697391,0.7777777777777778,0.075,11129.604433664868,92.7467036138739,0.21216521194116747,563.6740790279779,2439.1831138109173,999.6680066359063,1051.181415164343,283.99981689453125,688.0896226415094,0.44166666666666665,310.13257575757575,0.275,391.33522727272725,0.7333333333333333,344.2234848484849,0.825,1404.296875,0.2,2731.25,0.041666666666666664,15.625,0.1,2.6166666666666667,51.97431288678558,0.48006916636330543,0.308203125,0.13072916666666667,0.014322916666666666,0.125390625,0.07890625,0.05846354166666667,0.15364583333333334,0.094140625,0.011979166666666667,0.023567708333333333,0.7869695995425706,0.5776445828840182,4.1,0.16263020833333333,0.0016927083333333334,0.762890625,0.0,0.07278645833333333,0.079296875,0.057942708333333336,0.25,0.08333333333333333,0.008333333333333333,0.14166666666666666,0.0,,0.0
2026-08-21_ewc_vitality-vs-spirit_mirage,zont1x,CT,11,35.56,165.82363481636312,86.56699938951326,250.00375366210938,0.08260105448154657,0.16036906854130054,0.31063268892794377,0.4947275922671353,579.5587594412444,0.44991212653778556,1.0966608084358525,0.6186291739894552,0.38268892794376097,2.839234294904749,0.140597539543058,0.0812829525483304,0.056239015817223195,0.030755711775043937,0.028558875219683654,32.99274016998626,220.2759765625,0.8154657293497364,0.3655536028119508,0.3427065026362039,0.0,203.62025108337403,0.9,0.281195079086116,8945.68560689958,251.5482771711657,0.2371518671431746,1084.3215230597214,3192.845783146301,2737.762878507482,2349.399170839057,156.2056884765625,1323.2421875,0.44991212653778556,736.9791666666666,0.1687170474516696,552.34375,0.562390158172232,408.59375,0.562390158172232,814.7321428571429,0.1968365553602812,703.125,0.056239015817223195,15.625,0.140597539543058,2.1370826010544817,39.39393939393939,0.42727272727272725,0.13488576449912126,0.27372583479789103,0.0632688927943761,0.03910369068541301,0.20254833040421794,0.056678383128295255,0.09446397188049209,0.11862917398945519,0.004393673110720563,0.011862917398945518,0.8313937865391655,0.4626207481586602,2.6994727592267136,0.3541300527240773,0.0,0.35808435852372583,0.0,0.28778558875219684,0.3391915641476274,0.22056239015817222,0.6748681898066784,0.11247803163444639,0.0,0.3374340949033392,0.0,,
2026-08-21_ewc_vitality-vs-spirit_mirage,zont1x,T,12,69.64,136.5574896590028,80.62839786180518,249.99480895996095,0.07830379178819834,0.274848552838232,0.540946825218757,0.30065066188018846,450.8980498951509,0.5169396455014584,1.5508189365043752,0.7897689028494503,0.3426071348440655,2.642844712071346,0.043078303791788196,0.04285393762620597,0.08615660758357639,0.17949293246578416,0.13439533318375588,21.33118070263409,105.33251953125,0.6605339914740858,0.4451424725151447,0.3307157280682073,0.0,50.752862739562985,0.2,0.07179717298631366,9509.882134095531,136.55653053222213,0.2470737432261159,986.5260528641523,2570.1334747271744,1939.1485907405058,2513.7054893194795,218.888916015625,1163.4615384615386,0.5600179492932466,255.51470588235293,0.24411038815346645,433.1140350877193,0.8184877720439757,253.3700980392157,0.7323311644603994,2392.578125,0.11487547677810186,2226.5625,0.08615660758357639,15.625,0.043078303791788196,2.5990576621045545,39.70309714795009,0.47593582887700536,0.10074040834642135,0.3632488220776307,0.008077181960960288,0.09580435270361229,0.21426968813102984,0.03230872784384115,0.07740632712586942,0.07404083464213597,0.02198788422705856,0.012115772941440431,0.8653440416659468,0.6916012842727585,4.393986986762396,0.29324657841597485,0.6829706080323087,0.0,0.0,0.02064168723356518,0.1864482835988333,0.02064168723356518,0.22975095355620373,0.05743773838905093,0.0,0.15795378056989007,0.0,,
2026-08-21_ewc_vitality-vs-spirit_mirage,zont1x,T,13,106.23,130.94752803300213,88.55766265210717,239.99556884765624,0.16928960141197236,0.20708927783497574,0.37755552287101046,0.33372554787468744,505.04654626971546,0.4988968966024415,1.5061038387998236,0.828357111339903,0.3569642594499191,2.8489133839002374,0.05647889395499338,0.04765406677452567,0.05647889395499338,0.10501544344756582,0.051331078099720547,48.979573208572376,359.2529296875,2.7674658037946758,0.5742020885424327,0.39314605088983673,0.0,160.82341488924894,0.8181818181818182,0.10354463891748787,13910.334022850417,130.94004669251754,0.131601847386667,1094.9166815581568,3290.7985566800567,1019.1601786367748,1043.023807660709,231.40625,779.3236301369863,0.6871598764524195,297.8515625,0.15061038387998235,358.37339743589746,0.734225621414914,424.7332317073171,0.7718782173849096,846.1538461538462,0.2447418738049713,2010.4166666666667,0.05647889395499338,15.625,0.05647889395499338,2.7015737608471833,39.92670181280059,0.5081391046984831,0.21297249595528756,0.20958964553610826,0.013825562582732754,0.0838358582144433,0.1391381085453743,0.012795999411678189,0.09839682306221503,0.18414472716575966,0.017943815266951022,0.024415355199294015,0.8567167084796173,0.6428084680124133,4.2735696425945,0.12266509780850125,0.0014708045300779527,0.7774672745992057,0.0,0.05000735402265039,0.07383438740991322,0.0435358140903074,0.3576996617149581,0.12237093690248566,0.018826297984997794,0.0,0.0,,0.6238095238095238
2026-08-21_ewc_vitality-vs-spirit_mirage,zont1x,T,14,44.52,109.95892269302142,94.92882952719042,249.99685668945312,0.28044928044928047,0.3460863460863461,0.39487539487539486,0.2916812916812917,454.2255048131497,0.3144963144963145,0.9210249210249211,0.7413127413127413,0.3194103194103194,2.77787670085772,0.044928044928044926,0.04598104598104598,0.06739206739206739,0.05440505440505441,0.03159003159003159,48.47411526454968,345.362915039063,2.6956826956826956,0.3594243594243594,0.34292734292734295,0.0,117.5378845334053,0.375,0.1797121797121797,6733.214223769542,151.25507557783456,0.44041071615188404,899.1584200110373,2965.379698294396,2094.384967450835,1513.5275348752834,154.60302734375,878.3967391304348,0.5166725166725167,312.5,0.22464022464022465,532.2265625,0.3594243594243594,576.875,0.5616005616005616,1400.5681818181818,0.2471042471042471,932.2916666666666,0.06739206739206739,15.625,0.044928044928044926,2.021762021762022,-44.15246212121212,0.3977272727272727,0.2892242892242892,0.19164619164619165,0.012987012987012988,0.06563706563706563,0.1045981045981046,0.011934011934011933,0.11477711477711477,0.1547911547911548,0.04527904527904528,0.006318006318006318,0.9145320039395103,0.49839991229637337,2.8304668304668303,0.297999297999298,0.0,0.6307476307476307,0.0,0.01404001404001404,0.1811161811161811,0.01404001404001404,0.3144963144963145,0.08985608985608985,0.022464022464022463,0.0,0.0,,0.5
2026-08-21_ewc_vitality-vs-spirit_mirage,zont1x,T,15,111.31,124.76878921485128,78.58833964244958,249.9924072265625,0.14416058394160583,0.4629421673217294,0.5680797304884896,0.22108366086468276,346.6790563343573,0.26951151038742277,0.8804042672655812,0.47613700168444695,0.3311341942728804,2.641549321409829,0.035934868051656375,0.03677709152161707,0.06288601909039865,0.09081976417742842,0.05348119034250421,33.06461593111663,209.9267578125,1.724873666479506,0.3054463784390792,0.36833239752947783,0.0,120.60504497181286,0.8181818181818182,0.09882088714205503,16458.502777873582,147.85853141267677,0.011665389012337027,1219.6907466439973,3614.199528128539,3579.9418890089382,3426.968462957226,377.9375,1922.7195945945946,0.3323975294778215,330.078125,0.1437394722066255,616.8154761904761,0.3773161145423919,503.3482142857143,0.5030881527231892,3031.25,0.1527231892195396,1369.140625,0.07186973610331275,15.625,0.035934868051656375,1.6170690623245367,-17.631740196078432,0.5127450980392156,0.16928691746209995,0.34601347557551937,0.009404828747894441,0.05039303761931499,0.14416058394160583,0.027512633352049412,0.08408197641774284,0.14795058955642898,0.010527793374508702,0.009685569904548007,0.9131878408163175,0.5129346169132444,2.335766423357664,0.4543795620437956,0.0,0.3680516563728243,0.0,0.11454239191465469,0.17588433464345873,0.10906793935991016,0.4042672655811342,0.08983717012914093,0.0,0.0,0.0,,
