demo,player,side,round,secs_alive,event,tick,technique,stop_ms,speed_before,speed_after,crouch,shot_after,shot_delay_ms,speed_at_shot,overshoot,yaw_move_deg,kind,depth_u,out_ms,total_ms,returned,peak_speed,walk_frac,yaw_swing_deg,shots,lat_ratio,shift_peek
2026-08-21_ewc_vitality-vs-spirit_mirage,ZywOo,CT,12,77.0,stop,104669,counterstrafe,359.375,160.7833709716797,28.613037109375,0.0,0.0,,,1.0,0.1321868896484375,,,,,,,,,,,
2026-08-21_ewc_vitality-vs-spirit_mirage,ZywOo,CT,12,77.0,stop,105125,release,78.125,162.81565856933594,22.548629760742188,0.0,0.0,,,0.0,0.1318359375,,,,,,,,,,,
2026-08-21_ewc_vitality-vs-spirit_mirage,ZywOo,CT,12,77.0,stop,105320,counterstrafe,78.125,158.07823181152344,6.551033020019531,0.0,0.0,,,1.0,0.0439453125,,,,,,,,,,,
2026-08-21_ewc_vitality-vs-spirit_mirage,ZywOo,CT,12,77.0,stop,105632,release,78.125,165.9194793701172,23.6380558013916,0.0,0.0,,,1.0,0.4401397705078125,,,,,,,,,,,
2026-08-21_ewc_vitality-vs-spirit_mirage,ZywOo,CT,12,77.0,stop,105904,release,78.125,152.9726104736328,9.003715515136719,0.0,0.0,,,1.0,0.26401519775390625,,,,,,,,,,,
2026-08-21_ewc_vitality-vs-spirit_mirage,ZywOo,CT,12,77.0,stop,105962,release,78.125,156.46153259277344,16.209203720092773,0.0,0.0,,,1.0,0.0,,,,,,,,,,,
2026-08-21_ewc_vitality-vs-spirit_mirage,ZywOo,CT,12,77.0,stop,106029,counterstrafe,78.125,178.62867736816406,27.777183532714844,0.0,0.0,,,1.0,0.132171630859375,,,,,,,,,,,
2026-08-21_ewc_vitality-vs-spirit_mirage,ZywOo,CT,12,77.0,stop,106447,release,78.125,167.70355224609375,27.087039947509766,0.0,0.0,,,1.0,0.17612457275390625,,,,,,,,,,,
2026-08-21_ewc_vitality-vs-spirit_mirage,ZywOo,CT,12,77.0,stop,106478,release,125.0,152.97023010253906,0.0,0.0,0.0,,,1.0,0.3522491455078125,,,,,,,,,,,
2026-08-21_ewc_vitality-vs-spirit_mirage,ZywOo,CT,12,77.0,stop,106578,release,78.125,160.085205078125,13.074647903442383,0.0,0.0,,,1.0,0.0882415771484375,,,,,,,,,,,
2026-08-21_ewc_vitality-vs-spirit_mirage,ZywOo,CT,12,77.0,stop,106856,counterstrafe,125.0,163.98086547851562,34.580528259277344,0.0,0.0,,,1.0,0.1318359375,,,,,,,,,,,
2026-08-21_ewc_vitality-vs-spirit_mirage,ZywOo,CT,12,77.0,stop,107369,crouch_stop,46.875,154.69618225097656,8.5794095993042,1.0,1.0,125.0,0.0,1.0,1.5401458740234375,,,,,,,,,,,
2026-08-21_ewc_vitality-vs-spirit_mirage,ZywOo,CT,12,77.0,stop,107492,release,125.0,155.51593017578125,34.25788879394531,0.0,0.0,,,0.0,0.3519287109375,,,,,,,,,,,
2026-08-21_ewc_vitality-vs-spirit_mirage,ZywOo,CT,12,77.0,stop,107742,release,78.125,163.65377807617188,21.77544403076172,0.0,0.0,,,1.0,0.08823394775390625,,,,,,,,,,,
2026-08-21_ewc_vitality-vs-spirit_mirage,ZywOo,CT,12,77.0,stop,107753,counterstrafe,250.0,163.65377807617188,29.795530319213867,0.0,0.0,,,1.0,0.08823394775390625,,,,,,,,,,,
2026-08-21_ewc_vitality-vs-spirit_mirage,ZywOo,CT,12,77.0,stop,107761,counterstrafe,375.0,163.65377807617188,20.28037452697754,0.0,0.0,,,1.0,1.2761306762695312,,,,,,,,,,,
2026-08-21_ewc_vitality-vs-spirit_mirage,ZywOo,CT,12,77.0,stop,107837,counterstrafe,78.125,167.92642211914062,18.9593563079834,0.0,0.0,,,1.0,0.17578125,,,,,,,,,,,
2026-08-21_ewc_vitality-vs-spirit_mirage,ZywOo,CT,12,77.0,stop,107847,counterstrafe,234.375,167.92642211914062,34.10967254638672,0.0,0.0,,,1.0,0.30796051025390625,,,,,,,,,,,
2026-08-21_ewc_vitality-vs-spirit_mirage,ZywOo,CT,12,77.0,stop,107856,counterstrafe,375.0,167.92642211914062,31.897960662841797,0.0,0.0,,,1.0,0.9238815307617188,,,,,,,,,,,
2026-08-21_ewc_vitality-vs-spirit_mirage,ZywOo,CT,12,77.0,peek,103626,,,,,,,,,,,narrow,63.18786809000575,843.75,1140.625,1.0,124.80970764160156,0.7272727272727273,8.183807373046875,0.0,19.6509647313065,1.0
2026-08-21_ewc_vitality-vs-spirit_mirage,ZywOo,CT,12,77.0,peek,103773,,,,,,,,,,,narrow,118.38599386880331,1453.125,2359.375,1.0,121.00648498535156,0.30851063829787234,29.437164306640625,0.0,1.5639451456570181,0.0
2026-08-21_ewc_vitality-vs-spirit_mirage,ZywOo,CT,12,77.0,peek,104269,,,,,,,,,,,traversal,177.7015577319689,1484.375,4984.375,0.0,131.45774841308594,0.9166666666666666,96.4493408203125,0.0,0.7505679978691898,1.0
2026-08-21_ewc_vitality-vs-spirit_mirage,ZywOo,CT,12,77.0,peek,104629,,,,,,,,,,,jiggle,31.215532229863566,343.75,343.75,1.0,160.7833709716797,0.0,6.60003662109375,0.0,1.2187276441046118,0.0
2026-08-21_ewc_vitality-vs-spirit_mirage,ZywOo,CT,12,77.0,peek,104781,,,,,,,,,,,jiggle,20.606775867892683,593.75,593.75,1.0,74.69847869873047,1.0,116.16016387939453,0.0,1.4947694740404056,1.0
2026-08-21_ewc_vitality-vs-spirit_mirage,ZywOo,CT,12,77.0,peek,105109,,,,,,,,,,,jiggle,25.138841007396653,437.5,437.5,1.0,162.81565856933594,0.0,2.28790283203125,0.0,26.336113038879564,0.0
2026-08-21_ewc_vitality-vs-spirit_mirage,ZywOo,CT,12,77.0,peek,105141,,,,,,,,,,,jiggle,25.260828395426085,328.125,328.125,1.0,148.72976684570312,0.5909090909090909,0.17578125,0.0,20.506161285021037,1.0
2026-08-21_ewc_vitality-vs-spirit_mirage,ZywOo,CT,12,77.0,peek,105303,,,,,,,,,,,jiggle,26.374302086830824,234.375,234.375,1.0,164.5220184326172,0.0,0.8359909057617188,0.0,62.22987169359876,0.0
2026-08-21_ewc_vitality-vs-spirit_mirage,ZywOo,CT,12,77.0,peek,105616,,,,,,,,,,,jiggle,25.95432220750153,234.375,234.375,1.0,165.9194793701172,0.0,1.8917083740234375,0.0,42.40572318394041,0.0
2026-08-21_ewc_vitality-vs-spirit_mirage,ZywOo,CT,12,77.0,peek,105889,,,,,,,,,,,jiggle,22.29950322372778,218.75,218.75,1.0,155.47940063476562,0.0,1.4079666137695312,0.0,46.70963089571625,0.0
2026-08-21_ewc_vitality-vs-spirit_mirage,ZywOo,CT,12,77.0,peek,106431,,,,,,,,,,,jiggle,26.738191035252946,390.625,390.625,1.0,167.70355224609375,0.0,1.3200759887695312,0.0,37.04467143503767,0.0
2026-08-21_ewc_vitality-vs-spirit_mirage,ZywOo,CT,12,77.0,peek,106666,,,,,,,,,,,narrow,90.36857951912476,843.75,1328.125,1.0,124.8012924194336,0.9272727272727272,65.60347747802734,0.0,1.1652841033972925,1.0
2026-08-21_ewc_vitality-vs-spirit_mirage,ZywOo,CT,12,77.0,peek,106833,,,,,,,,,,,jiggle,37.33957091793595,453.125,453.125,1.0,163.98086547851562,0.3333333333333333,6.071662902832031,0.0,1.2129856764086788,0.0
2026-08-21_ewc_vitality-vs-spirit_mirage,ZywOo,CT,12,77.0,peek,106939,,,,,,,,,,,jiggle,28.10774159980226,421.875,421.875,1.0,138.2940216064453,0.6785714285714286,5.9401702880859375,0.0,1.4131905283073416,1.0
2026-08-21_ewc_vitality-vs-spirit_mirage,ZywOo,CT,12,77.0,peek,106995,,,,,,,,,,,jiggle,28.421152141589392,828.125,828.125,1.0,97.7578125,0.0,3.47613525390625,0.0,1.0914988095979616,0.0
2026-08-21_ewc_vitality-vs-spirit_mirage,ZywOo,CT,12,77.0,peek,107137,,,,,,,,,,,jiggle,29.442923571143293,390.625,390.625,1.0,139.46578979492188,0.0,4.840850830078125,0.0,27.449476731874903,0.0
2026-08-21_ewc_vitality-vs-spirit_mirage,ZywOo,CT,12,77.0,peek,107395,,,,,,,,,,,wide,296.3316510851671,1484.375,4703.125,1.0,240.00900268554688,0.0,185.28475952148438,0.0,3.369695217680364,0.0
2026-08-21_ewc_vitality-vs-spirit_mirage,ZywOo,CT,13,69.5625,stop,112230,counterstrafe,93.75,169.5403289794922,23.175649642944336,0.0,0.0,,,1.0,0.3560333251953125,,,,,,,,,,,
2026-08-21_ewc_vitality-vs-spirit_mirage,ZywOo,CT,13,69.5625,stop,112248,counterstrafe,375.0,169.5403289794922,34.47466278076172,0.0,0.0,,,1.0,1.7783966064453125,,,,,,,,,,,
2026-08-21_ewc_vitality-vs-spirit_mirage,ZywOo,CT,13,69.5625,stop,112551,counterstrafe,93.75,160.26910400390625,32.8989143371582,0.0,0.0,,,1.0,0.2344970703125,,,,,,,,,,,
2026-08-21_ewc_vitality-vs-spirit_mirage,ZywOo,CT,13,69.5625,stop,112567,counterstrafe,343.75,160.26910400390625,28.592121124267578,0.0,0.0,,,1.0,1.0629425048828125,,,,,,,,,,,
2026-08-21_ewc_vitality-vs-spirit_mirage,ZywOo,CT,13,69.5625,stop,114763,release,78.125,155.24862670898438,14.396759033203125,0.0,0.0,,,1.0,0.41064453125,,,,,,,,,,,
2026-08-21_ewc_vitality-vs-spirit_mirage,ZywOo,CT,13,69.5625,stop,114955,release,78.125,152.71192932128906,16.18128204345703,0.0,1.0,250.0,38.55546569824219,0.0,0.263671875,,,,,,,,,,,
2026-08-21_ewc_vitality-vs-spirit_mirage,ZywOo,CT,13,69.5625,stop,114972,release,343.75,152.71192932128906,32.055519104003906,0.0,1.0,0.0,32.055519104003906,1.0,0.95855712890625,,,,,,,,,,,
2026-08-21_ewc_vitality-vs-spirit_mirage,ZywOo,CT,13,69.5625,stop,115534,counterstrafe,125.0,177.23207092285156,34.77997589111328,0.0,0.0,,,1.0,2.02423095703125,,,,,,,,,,,
2026-08-21_ewc_vitality-vs-spirit_mirage,ZywOo,CT,13,69.5625,stop,116098,release,31.25,198.36203002929688,33.2236213684082,0.0,0.0,,,0.0,0.264007568359375,,,,,,,,,,,
2026-08-21_ewc_vitality-vs-spirit_mirage,ZywOo,CT,13,69.5625,peek,112347,,,,,,,,,,,commit,209.02104638664318,1484.375,4984.375,0.0,247.88624572753906,0.2604166666666667,157.14572143554688,0.0,1.305151451828297,0.0
2026-08-21_ewc_vitality-vs-spirit_mirage,ZywOo,CT,13,69.5625,peek,112714,,,,,,,,,,,traversal,176.23017591705565,1484.375,4984.375,0.0,173.27276611328125,0.8229166666666666,96.8880615234375,0.0,0.4231476869023624,1.0
2026-08-21_ewc_vitality-vs-spirit_mirage,ZywOo,CT,13,69.5625,peek,113376,,,,,,,,,,,jiggle,8.289102863650331,1031.25,1031.25,1.0,54.770469665527344,0.8208955223880597,3.1678314208984375,0.0,1.456349244895759,1.0
2026-08-21_ewc_vitality-vs-spirit_mirage,ZywOo,CT,13,69.5625,peek,113456,,,,,,,,,,,jiggle,11.411042527546371,1437.5,1437.5,1.0,71.12944793701172,0.7311827956989247,4.2712860107421875,0.0,3.953834638214398,1.0
2026-08-21_ewc_vitality-vs-spirit_mirage,ZywOo,CT,13,69.5625,peek,113611,,,,,,,,,,,jiggle,24.632759379784233,250.0,250.0,1.0,142.46783447265625,0.0,7.1572418212890625,0.0,2.745239333709977,0.0
2026-08-21_ewc_vitality-vs-spirit_mirage,ZywOo,CT,13,69.5625,peek,114724,,,,,,,,,,,commit,96.82152736987892,593.75,4984.375,0.0,227.99200439453125,0.0,6.956756591796875,1.0,25.30993882801408,0.0
2026-08-21_ewc_vitality-vs-spirit_mirage,ZywOo,CT,14,27.734375,peek,123454,,,,,,,,,,,commit,107.07149508463874,1031.25,4984.375,0.0,119.60748291015625,0.9402985074626866,174.76815795898438,0.0,1.3947049458724152,1.0
2026-08-21_ewc_vitality-vs-spirit_mirage,ZywOo,CT,14,27.734375,peek,123804,,,,,,,,,,,traversal,71.12441540800187,1296.875,3843.75,1.0,118.24391174316406,0.4523809523809524,7.1277313232421875,0.0,0.3535257201879654,0.0
2026-08-21_ewc_vitality-vs-spirit_mirage,ZywOo,CT,15,58.828125,stop,127001,counterstrafe,343.75,159.26434326171875,23.184776306152344,0.0,0.0,,,1.0,3.311004638671875,,,,,,,,,,,
2026-08-21_ewc_vitality-vs-spirit_mirage,ZywOo,CT,15,58.828125,stop,127324,counterstrafe,125.0,199.89825439453125,28.72022247314453,1.0,0.0,,,1.0,0.25408935546875,,,,,,,,,,,
2026-08-21_ewc_vitality-vs-spirit_mirage,ZywOo,CT,15,58.828125,stop,128381,counterstrafe,343.75,162.01454162597656,20.669710159301758,0.0,0.0,,,1.0,11.703887939453125,,,,,,,,,,,
2026-08-21_ewc_vitality-vs-spirit_mirage,ZywOo,CT,15,58.828125,stop,128707,release,78.125,152.43270874023438,30.332061767578125,0.0,1.0,78.125,0.0,1.0,0.263671875,,,,,,,,,,,
2026-08-21_ewc_vitality-vs-spirit_mirage,ZywOo,CT,15,58.828125,stop,129077,counterstrafe,312.5,159.84458923339844,29.577852249145508,0.0,0.0,,,0.0,4.59539794921875,,,,,,,,,,,
2026-08-21_ewc_vitality-vs-spirit_mirage,ZywOo,CT,15,58.828125,peek,127466,,,,,,,,,,,commit,133.931517263423,1484.375,4984.375,0.0,126.76709747314453,0.10416666666666667,105.995361328125,0.0,6.992330631031141,0.0
2026-08-21_ewc_vitality-vs-spirit_mirage,ZywOo,CT,15,58.828125,peek,127862,,,,,,,,,,,jiggle,26.530213470846164,1421.875,1421.875,1.0,52.000709533691406,1.0,2.3857421875,0.0,15.919342697935228,1.0
2026-08-21_ewc_vitality-vs-spirit_mirage,ZywOo,CT,15,58.828125,peek,127998,,,,,,,,,,,jiggle,23.41173614851436,1000.0,1000.0,1.0,80.25877380371094,0.4153846153846154,2.05340576171875,0.0,18.2309325035714,0.0
2026-08-21_ewc_vitality-vs-spirit_mirage,ZywOo,CT,15,58.828125,peek,128091,,,,,,,,,,,jiggle,31.982026791585657,1484.375,1484.375,1.0,50.29935836791992,0.0,2.072967529296875,0.0,19.446029313709225,0.0
2026-08-21_ewc_vitality-vs-spirit_mirage,ZywOo,CT,15,58.828125,peek,128191,,,,,,,,,,,traversal,159.30333211945512,1484.375,4984.375,0.0,152.94937133789062,0.8125,124.18292236328125,0.0,0.7239431702171214,1.0
2026-08-21_ewc_vitality-vs-spirit_mirage,ZywOo,CT,15,58.828125,peek,128531,,,,,,,,,,,jiggle,31.8269350628151,1484.375,1484.375,1.0,65.03575897216797,0.0,21.471710205078125,0.0,17.044423153775217,0.0
2026-08-21_ewc_vitality-vs-spirit_mirage,ZywOo,CT,15,58.828125,peek,128655,,,,,,,,,,,jiggle,56.10028493106786,500.0,656.25,1.0,140.0099334716797,0.5757575757575758,3.78375244140625,0.0,33.005299544985405,1.0
2026-08-21_ewc_vitality-vs-spirit_mirage,ZywOo,CT,15,58.828125,peek,128916,,,,,,,,,,,traversal,103.68764161292253,1484.375,4984.375,0.0,119.3681640625,0.6770833333333334,152.8998565673828,0.0,0.2039038530004783,1.0
2026-08-21_ewc_vitality-vs-spirit_mirage,ZywOo,CT,15,58.828125,peek,129270,,,,,,,,,,,traversal,114.26704956826049,1484.375,3312.5,1.0,104.00667572021484,0.9583333333333334,47.38780212402344,0.0,0.5364370297529067,1.0
2026-08-21_ewc_vitality-vs-spirit_mirage,ZywOo,CT,15,58.828125,peek,129539,,,,,,,,,,,commit,57.63224974149761,828.125,4984.375,0.0,138.69715881347656,0.18518518518518517,13.34222412109375,0.0,6.583892068834399,0.0
2026-08-21_ewc_vitality-vs-spirit_mirage,ZywOo,CT,15,58.828125,peek,130038,,,,,,,,,,,commit,109.48235147167865,1484.375,4265.625,0.0,100.00703430175781,0.0,29.137786865234375,0.0,1.857369549593993,0.0
2026-08-21_ewc_vitality-vs-spirit_mirage,ZywOo,T,0,33.15625,stop,2570,release,78.125,150.9140625,0.0,0.0,0.0,,,0.0,0.0,,,,,,,,,,,
2026-08-21_ewc_vitality-vs-spirit_mirage,ZywOo,T,0,33.15625,stop,2586,release,328.125,150.9140625,16.86838150024414,0.0,0.0,,,0.0,0.087890625,,,,,,,,,,,
2026-08-21_ewc_vitality-vs-spirit_mirage,ZywOo,T,0,33.15625,stop,2589,release,375.0,150.9140625,34.861244201660156,0.0,0.0,,,0.0,0.087890625,,,,,,,,,,,
2026-08-21_ewc_vitality-vs-spirit_mirage,ZywOo,T,0,33.15625,stop,2999,crouch_stop,31.25,227.515625,1.9420349597930908,1.0,0.0,,,0.0,0.0,,,,,,,,,,,
2026-08-21_ewc_vitality-vs-spirit_mirage,ZywOo,T,0,33.15625,stop,3126,crouch_stop,203.125,244.51808166503906,29.17124366760254,1.0,0.0,,,0.0,10.823936462402344,,,,,,,,,,,
2026-08-21_ewc_vitality-vs-spirit_mirage,ZywOo,T,0,33.15625,stop,3293,release,78.125,159.17945861816406,32.735130310058594,0.0,0.0,,,1.0,0.39585113525390625,,,,,,,,,,,
2026-08-21_ewc_vitality-vs-spirit_mirage,ZywOo,T,0,33.15625,stop,3301,release,203.125,159.17945861816406,29.80617904663086,0.0,1.0,328.125,24.446910858154297,1.0,0.9235382080078125,,,,,,,,,,,
2026-08-21_ewc_vitality-vs-spirit_mirage,ZywOo,T,0,33.15625,stop,3306,release,281.25,159.17945861816406,13.470885276794434,0.0,1.0,250.0,24.446910858154297,1.0,3.1674957275390625,,,,,,,,,,,
2026-08-21_ewc_vitality-vs-spirit_mirage,ZywOo,T,0,33.15625,stop,3391,counterstrafe,78.125,153.41009521484375,15.293997764587402,0.0,0.0,,,1.0,0.57196044921875,,,,,,,,,,,
2026-08-21_ewc_vitality-vs-spirit_mirage,ZywOo,T,0,33.15625,peek,2214,,,,,,,,,,,traversal,62.75058325557244,1406.25,4984.375,0.0,113.32083892822266,0.2967032967032967,36.828887939453125,0.0,0.15561718449671297,0.0
2026-08-21_ewc_vitality-vs-spirit_mirage,ZywOo,T,0,33.15625,peek,2611,,,,,,,,,,,commit,106.52253084858287,1484.375,4984.375,0.0,177.12010192871094,0.0,7.921142578125,10.0,1.0213972726436837,0.0
2026-08-21_ewc_vitality-vs-spirit_mirage,ZywOo,T,1,42.8125,stop,7319,counterstrafe,78.125,155.77098083496094,27.49114418029785,0.0,0.0,,,1.0,0.39617919921875,,,,,,,,,,,
2026-08-21_ewc_vitality-vs-spirit_mirage,ZywOo,T,1,42.8125,stop,7858,counterstrafe,140.625,169.83163452148438,25.135683059692383,1.0,0.0,,,1.0,0.3515625,,,,,,,,,,,
2026-08-21_ewc_vitality-vs-spirit_mirage,ZywOo,T,1,42.8125,peek,5765,,,,,,,,,,,traversal,42.890127212636465,531.25,531.25,1.0,120.97429656982422,0.11428571428571428,0.39585113525390625,0.0,0.001083520076713686,0.0
2026-08-21_ewc_vitality-vs-spirit_mirage,ZywOo,T,1,42.8125,peek,5962,,,,,,,,,,,traversal,60.07542722628211,703.125,2265.625,1.0,122.95951843261719,0.8043478260869565,5.8962249755859375,0.0,0.3702623823477898,1.0
2026-08-21_ewc_vitality-vs-spirit_mirage,ZywOo,T,1,42.8125,peek,6176,,,,,,,,,,,jiggle,2.190629220891201,109.375,109.375,1.0,39.870758056640625,1.0,3.256072998046875,0.0,9.601221996938824,1.0
2026-08-21_ewc_vitality-vs-spirit_mirage,ZywOo,T,1,42.8125,peek,6289,,,,,,,,,,,traversal,13.088718717096194,187.5,187.5,1.0,91.24980926513672,0.0,0.3961944580078125,0.0,0.29057034786595876,0.0
2026-08-21_ewc_vitality-vs-spirit_mirage,ZywOo,T,1,42.8125,peek,6394,,,,,,,,,,,traversal,60.52014875350313,1484.375,4984.375,0.0,133.60655212402344,0.46875,172.5241470336914,0.0,0.642779434047319,0.0
2026-08-21_ewc_vitality-vs-spirit_mirage,ZywOo,T,1,42.8125,peek,7055,,,,,,,,,,,traversal,52.461872570276945,1484.375,4984.375,0.0,93.1480941772461,0.0,119.68059539794922,0.0,0.7718724254187905,0.0
2026-08-21_ewc_vitality-vs-spirit_mirage,ZywOo,T,1,42.8125,peek,7437,,,,,,,,,,,jiggle,40.99568293436287,421.875,421.875,1.0,123.10485076904297,0.8928571428571429,1.4962005615234375,0.0,57.265775930901036,1.0
2026-08-21_ewc_vitality-vs-spirit_mirage,ZywOo,T,1,42.8125,peek,7565,,,,,,,,,,,traversal,9.764365423141586,1406.25,1406.25,1.0,73.07368469238281,0.14285714285714285,0.968170166015625,0.0,0.25676559875493016,0.0
2026-08-21_ewc_vitality-vs-spirit_mirage,ZywOo,T,1,42.8125,peek,7764,,,,,,,,,,,commit,155.2093371587576,1468.75,1968.75,0.0,240.009033203125,0.3157894736842105,22.9686279296875,1.0,2.9235725781743054,0.0
2026-08-21_ewc_vitality-vs-spirit_mirage,ZywOo,T,2,18.4375,stop,10176,counterstrafe,109.375,164.2452850341797,20.63427734375,0.0,0.0,,,1.0,1.8041534423828125,,,,,,,,,,,
2026-08-21_ewc_vitality-vs-spirit_mirage,ZywOo,T,2,18.4375,stop,10344,release,62.5,150.91824340820312,0.0,0.0,0.0,,,0.0,0.0,,,,,,,,,,,
2026-08-21_ewc_vitality-vs-spirit_mirage,ZywOo,T,2,18.4375,peek,10597,,,,,,,,,,,commit,179.20788999004824,1484.375,1593.75,0.0,215.00506591796875,0.0,36.345947265625,0.0,1.0523087257299544,0.0
2026-08-21_ewc_vitality-vs-spirit_mirage,ZywOo,T,3,83.625,stop,17861,counter_fwd,78.125,163.32366943359375,17.156978607177734,0.0,0.0,,,0.0,0.0,,,,,,,,,,,
2026-08-21_ewc_vitality-vs-spirit_mirage,ZywOo,T,3,83.625,stop,17920,release,140.625,157.2203369140625,23.852373123168945,0.0,0.0,,,0.0,0.0,,,,,,,,,,,
2026-08-21_ewc_vitality-vs-spirit_mirage,ZywOo,T,3,83.625,stop,18296,release,78.125,151.25962829589844,30.697704315185547,0.0,0.0,,,1.0,0.30796051025390625,,,,,,,,,,,
2026-08-21_ewc_vitality-vs-spirit_mirage,ZywOo,T,3,83.625,stop,18308,release,265.625,151.25962829589844,27.43765640258789,0.0,0.0,,,1.0,0.7920455932617188,,,,,,,,,,,
2026-08-21_ewc_vitality-vs-spirit_mirage,ZywOo,T,3,83.625,stop,18315,release,375.0,151.25962829589844,10.807570457458496,0.0,0.0,,,1.0,0.924224853515625,,,,,,,,,,,
2026-08-21_ewc_vitality-vs-spirit_mirage,ZywOo,T,3,83.625,stop,18489,release,109.375,155.9307403564453,32.255733489990234,0.0,1.0,62.5,6.233174800872803,0.0,0.26401519775390625,,,,,,,,,,,
2026-08-21_ewc_vitality-vs-spirit_mirage,ZywOo,T,3,83.625,stop,18505,release,359.375,155.9307403564453,30.767017364501953,0.0,1.0,0.0,30.767017364501953,0.0,0.26401519775390625,,,,,,,,,,,
2026-08-21_ewc_vitality-vs-spirit_mirage,ZywOo,T,3,83.625,stop,18702,release,156.25,162.26597595214844,31.632627487182617,0.0,1.0,93.75,0.0,0.0,0.220062255859375,,,,,,,,,,,
2026-08-21_ewc_vitality-vs-spirit_mirage,ZywOo,T,3,83.625,stop,18713,release,328.125,162.26597595214844,33.92047119140625,0.0,1.0,0.0,33.92047119140625,0.0,0.5283660888671875,,,,,,,,,,,
2026-08-21_ewc_vitality-vs-spirit_mirage,ZywOo,T,3,83.625,stop,19136,release,78.125,158.51742553710938,32.064666748046875,0.0,0.0,,,0.0,0.0,,,,,,,,,,,
2026-08-21_ewc_vitality-vs-spirit_mirage,ZywOo,T,3,83.625,stop,22000,release,109.375,154.98097229003906,0.0,0.0,0.0,,,0.0,8.052276611328125,,,,,,,,,,,
2026-08-21_ewc_vitality-vs-spirit_mirage,ZywOo,T,3,83.625,stop,22044,release,31.25,197.7456817626953,28.48251724243164,0.0,0.0,,,0.0,4.092071533203125,,,,,,,,,,,
2026-08-21_ewc_vitality-vs-spirit_mirage,ZywOo,T,3,83.625,stop,22051,release,140.625,197.7456817626953,33.258060455322266,0.0,0.0,,,0.0,108.01998901367188,,,,,,,,,,,
2026-08-21_ewc_vitality-vs-spirit_mirage,ZywOo,T,3,83.625,stop,22100,counterstrafe,62.5,160.5004425048828,19.6745662689209,0.0,0.0,,,1.0,0.3522491455078125,,,,,,,,,,,
2026-08-21_ewc_vitality-vs-spirit_mirage,ZywOo,T,3,83.625,stop,22132,counterstrafe,93.75,175.30259704589844,14.917388916015625,0.0,0.0,,,1.0,0.61627197265625,,,,,,,,,,,
2026-08-21_ewc_vitality-vs-spirit_mirage,ZywOo,T,3,83.625,stop,22143,counterstrafe,265.625,175.30259704589844,14.151680946350098,0.0,0.0,,,1.0,0.74810791015625,,,,,,,,,,,
2026-08-21_ewc_vitality-vs-spirit_mirage,ZywOo,T,3,83.625,stop,22289,release,78.125,155.79458618164062,30.817453384399414,0.0,0.0,,,0.0,0.835968017578125,,,,,,,,,,,
2026-08-21_ewc_vitality-vs-spirit_mirage,ZywOo,T,3,83.625,stop,22469,release,78.125,150.2439727783203,15.941614151000977,0.0,0.0,,,0.0,0.0,,,,,,,,,,,
2026-08-21_ewc_vitality-vs-spirit_mirage,ZywOo,T,3,83.625,stop,22523,counterstrafe,171.875,152.62774658203125,21.69881248474121,1.0,1.0,0.0,21.69881248474121,1.0,1.4522705078125,,,,,,,,,,,
2026-08-21_ewc_vitality-vs-spirit_mirage,ZywOo,T,3,83.625,stop,22660,counterstrafe,109.375,175.33555603027344,29.16797637939453,0.0,0.0,,,1.0,0.1761474609375,,,,,,,,,,,
2026-08-21_ewc_vitality-vs-spirit_mirage,ZywOo,T,3,83.625,peek,17406,,,,,,,,,,,traversal,291.2402308676223,1484.375,4984.375,0.0,250.00588989257812,0.0,125.97201538085938,0.0,0.16561290008997073,0.0
2026-08-21_ewc_vitality-vs-spirit_mirage,ZywOo,T,3,83.625,peek,17971,,,,,,,,,,,traversal,41.32770654361107,453.125,453.125,1.0,111.79869842529297,0.6666666666666666,22.39665985107422,0.0,0.45548445931366277,1.0
2026-08-21_ewc_vitality-vs-spirit_mirage,ZywOo,T,3,83.625,peek,18278,,,,,,,,,,,jiggle,32.72529225441262,468.75,468.75,1.0,158.09474182128906,0.0,1.6719818115234375,0.0,44.410075828837456,0.0
2026-08-21_ewc_vitality-vs-spirit_mirage,ZywOo,T,3,83.625,peek,18419,,,,,,,,,,,traversal,200.78496626539442,1218.75,2500.0,1.0,244.99752807617188,0.0,238.12796020507812,1.0,0.4582688344781032,0.0
2026-08-21_ewc_vitality-vs-spirit_mirage,ZywOo,T,3,83.625,peek,18732,,,,,,,,,,,traversal,306.0002834538174,1484.375,4984.375,0.0,249.99961853027344,0.0,147.35581970214844,0.0,0.25837384538312463,0.0
2026-08-21_ewc_vitality-vs-spirit_mirage,ZywOo,T,3,83.625,peek,21173,,,,,,,,,,,traversal,21.217010861498213,1031.25,1031.25,1.0,89.87086486816406,0.7164179104477612,0.5716323852539062,0.0,0.26104344028977894,1.0
2026-08-21_ewc_vitality-vs-spirit_mirage,ZywOo,T,3,83.625,peek,21267,,,,,,,,,,,traversal,48.178992915795035,1484.375,4984.375,0.0,98.89411163330078,0.4895833333333333,19.53643798828125,0.0,0.9674114231443148,0.0
2026-08-21_ewc_vitality-vs-spirit_mirage,ZywOo,T,3,83.625,peek,21656,,,,,,,,,,,traversal,21.08017001839003,218.75,218.75,1.0,111.31282043457031,0.7333333333333333,3.871978759765625,0.0,0.02543069958570514,1.0
2026-08-21_ewc_vitality-vs-spirit_mirage,ZywOo,T,3,83.625,peek,21704,,,,,,,,,,,jiggle,22.080006334977067,843.75,843.75,1.0,82.79330444335938,0.6909090909090909,1.187896728515625,0.0,1.2684392908171855,1.0
2026-08-21_ewc_vitality-vs-spirit_mirage,ZywOo,T,3,83.625,peek,21763,,,,,,,,,,,traversal,2.3247685436439682,93.75,93.75,1.0,46.64642333984375,0.0,0.0,0.0,0.00023890376596679558,0.0
2026-08-21_ewc_vitality-vs-spirit_mirage,ZywOo,T,3,83.625,peek,21875,,,,,,,,,,,traversal,210.87429097941992,1421.875,4984.375,0.0,210.0410614013672,0.1956521739130435,108.37152099609375,0.0,0.27351534554840373,0.0
2026-08-21_ewc_vitality-vs-spirit_mirage,ZywOo,T,3,83.625,peek,22576,,,,,,,,,,,commit,140.2619932792268,1390.625,2171.875,0.0,195.81312561035156,0.0,82.72021484375,0.0,1.9272535236094617,0.0
2026-08-21_ewc_vitality-vs-spirit_mirage,ZywOo,T,4,87.265625,stop,27856,counterstrafe,93.75,157.4517364501953,27.418827056884766,0.0,0.0,,,0.0,0.26401519775390625,,,,,,,,,,,
2026-08-21_ewc_vitality-vs-spirit_mirage,ZywOo,T,4,87.265625,stop,27881,counterstrafe,78.125,151.81285095214844,19.958011627197266,0.0,0.0,,,1.0,0.3083038330078125,,,,,,,,,,,
2026-08-21_ewc_vitality-vs-spirit_mirage,ZywOo,T,4,87.265625,stop,28030,release,93.75,173.85858154296875,27.355180740356445,0.0,0.0,,,1.0,0.3522491455078125,,,,,,,,,,,
2026-08-21_ewc_vitality-vs-spirit_mirage,ZywOo,T,4,87.265625,stop,28092,release,78.125,174.4653778076172,34.021724700927734,0.0,0.0,,,1.0,0.43979644775390625,,,,,,,,,,,
2026-08-21_ewc_vitality-vs-spirit_mirage,ZywOo,T,4,87.265625,stop,28158,release,78.125,168.95266723632812,30.556135177612305,0.0,0.0,,,1.0,0.17612457275390625,,,,,,,,,,,
2026-08-21_ewc_vitality-vs-spirit_mirage,ZywOo,T,4,87.265625,stop,30546,counterstrafe,78.125,151.15634155273438,33.836463928222656,0.0,0.0,,,1.0,0.264007568359375,,,,,,,,,,,
2026-08-21_ewc_vitality-vs-spirit_mirage,ZywOo,T,4,87.265625,stop,30575,counterstrafe,78.125,165.94956970214844,29.19110679626465,0.0,0.0,,,1.0,0.307952880859375,,,,,,,,,,,
2026-08-21_ewc_vitality-vs-spirit_mirage,ZywOo,T,4,87.265625,stop,31333,counterstrafe,93.75,152.7462615966797,29.208332061767578,0.0,0.0,,,0.0,0.79205322265625,,,,,,,,,,,
2026-08-21_ewc_vitality-vs-spirit_mirage,ZywOo,T,4,87.265625,stop,32129,counterstrafe,78.125,159.42495727539062,23.920791625976562,0.0,0.0,,,1.0,0.087890625,,,,,,,,,,,
2026-08-21_ewc_vitality-vs-spirit_mirage,ZywOo,T,4,87.265625,stop,32145,counterstrafe,328.125,159.42495727539062,26.18209457397461,0.0,0.0,,,1.0,7.699699401855469,,,,,,,,,,,
2026-08-21_ewc_vitality-vs-spirit_mirage,ZywOo,T,4,87.265625,stop,32185,release,78.125,159.26654052734375,23.16411781311035,0.0,0.0,,,1.0,0.0,,,,,,,,,,,
2026-08-21_ewc_vitality-vs-spirit_mirage,ZywOo,T,4,87.265625,stop,32204,release,375.0,159.26654052734375,28.145267486572266,0.0,0.0,,,1.0,1.7159271240234375,,,,,,,,,,,
2026-08-21_ewc_vitality-vs-spirit_mirage,ZywOo,T,4,87.265625,stop,32248,release,78.125,153.81614685058594,20.17913055419922,0.0,0.0,,,1.0,0.13217926025390625,,,,,,,,,,,
2026-08-21_ewc_vitality-vs-spirit_mirage,ZywOo,T,4,87.265625,stop,32266,counterstrafe,359.375,153.81614685058594,33.57448959350586,0.0,0.0,,,1.0,1.0124588012695312,,,,,,,,,,,
2026-08-21_ewc_vitality-vs-spirit_mirage,ZywOo,T,4,87.265625,peek,27829,,,,,,,,,,,narrow,80.1974921212503,796.875,1250.0,1.0,169.71546936035156,0.0,20.372093200683594,0.0,1.388502924137756,0.0
2026-08-21_ewc_vitality-vs-spirit_mirage,ZywOo,T,4,87.265625,peek,27962,,,,,,,,,,,commit,95.65202908067505,1046.875,4984.375,0.0,186.7708740234375,0.3088235294117647,26.97246551513672,0.0,1.5758944040504446,0.0
2026-08-21_ewc_vitality-vs-spirit_mirage,ZywOo,T,4,87.265625,peek,28358,,,,,,,,,,,jiggle,32.10015946019327,406.25,406.25,1.0,93.2672119140625,0.0,1.8920516967773438,0.0,41.8976534229002,0.0
2026-08-21_ewc_vitality-vs-spirit_mirage,ZywOo,T,4,87.265625,peek,28429,,,,,,,,,,,jiggle,12.5376194787596,296.875,296.875,1.0,79.45305633544922,0.7,0.5719757080078125,0.0,3.6376774188644836,1.0
2026-08-21_ewc_vitality-vs-spirit_mirage,ZywOo,T,4,87.265625,peek,28526,,,,,,,,,,,jiggle,13.940688016438695,171.875,171.875,1.0,120.31661224365234,0.0,0.7038116455078125,0.0,52.39275573701172,0.0
2026-08-21_ewc_vitality-vs-spirit_mirage,ZywOo,T,4,87.265625,peek,28692,,,,,,,,,,,jiggle,9.416921842210071,1390.625,1390.625,1.0,66.56975555419922,0.0,0.880279541015625,0.0,27.618252202358125,0.0
2026-08-21_ewc_vitality-vs-spirit_mirage,ZywOo,T,4,87.265625,peek,28922,,,,,,,,,,,traversal,95.73391045586096,1484.375,4984.375,0.0,73.09912109375,0.0,0.087890625,0.0,0.0013603333890607838,0.0
2026-08-21_ewc_vitality-vs-spirit_mirage,ZywOo,T,4,87.265625,peek,29581,,,,,,,,,,,traversal,55.03903327329251,1484.375,4984.375,0.0,143.04995727539062,0.28125,3.651580810546875,0.0,0.48429528562543084,0.0
2026-08-21_ewc_vitality-vs-spirit_mirage,ZywOo,T,4,87.265625,peek,29904,,,,,,,,,,,commit,140.58643426397975,1484.375,4984.375,0.0,149.96241760253906,0.5833333333333334,63.887901306152344,0.0,1.8629969783872773,1.0
2026-08-21_ewc_vitality-vs-spirit_mirage,ZywOo,T,4,87.265625,peek,30225,,,,,,,,,,,traversal,40.278880027593615,1078.125,1078.125,1.0,61.41530227661133,0.014285714285714285,1.539794921875,0.0,0.1895231230664227,0.0
2026-08-21_ewc_vitality-vs-spirit_mirage,ZywOo,T,4,87.265625,peek,30334,,,,,,,,,,,commit,82.58483338116396,1484.375,4984.375,0.0,153.8681640625,0.7291666666666666,124.784423828125,0.0,1.17510660024909,1.0
2026-08-21_ewc_vitality-vs-spirit_mirage,ZywOo,T,4,87.265625,peek,31116,,,,,,,,,,,jiggle,39.912216289611344,515.625,515.625,1.0,112.76564025878906,0.7941176470588235,6.07269287109375,0.0,1.130351127549214,1.0
2026-08-21_ewc_vitality-vs-spirit_mirage,ZywOo,T,4,87.265625,peek,31315,,,,,,,,,,,narrow,76.52472351151269,1031.25,1406.25,1.0,152.7462615966797,0.3880597014925373,11.131561279296875,0.0,7.708326173567041,0.0
2026-08-21_ewc_vitality-vs-spirit_mirage,ZywOo,T,4,87.265625,peek,31914,,,,,,,,,,,traversal,117.22717668886605,1484.375,4984.375,0.0,111.8052978515625,0.8333333333333334,283.36004638671875,0.0,0.9144012686300905,1.0
2026-08-21_ewc_vitality-vs-spirit_mirage,ZywOo,T,4,87.265625,peek,32311,,,,,,,,,,,commit,92.72240500266034,1046.875,1671.875,0.0,190.37962341308594,0.0,27.719879150390625,1.0,10.843411336125978,0.0
2026-08-21_ewc_vitality-vs-spirit_mirage,ZywOo,T,5,79.5,stop,35007,release,218.75,161.44395446777344,34.30262756347656,0.0,1.0,0.0,34.30262756347656,0.0,0.48374176025390625,,,,,,,,,,,
2026-08-21_ewc_vitality-vs-spirit_mirage,ZywOo,T,5,79.5,stop,35219,counterstrafe,359.375,162.76141357421875,21.142305374145508,0.0,0.0,,,1.0,1.803802490234375,,,,,,,,,,,
2026-08-21_ewc_vitality-vs-spirit_mirage,ZywOo,T,5,79.5,stop,35247,release,93.75,176.36363220214844,14.830742835998535,0.0,0.0,,,1.0,3.5640411376953125,,,,,,,,,,,
2026-08-21_ewc_vitality-vs-spirit_mirage,ZywOo,T,5,79.5,stop,35274,crouch_stop,125.0,160.9110870361328,32.808963775634766,1.0,1.0,187.5,9.394195556640625,1.0,0.70416259765625,,,,,,,,,,,
2026-08-21_ewc_vitality-vs-spirit_mirage,ZywOo,T,5,79.5,stop,35374,release,203.125,156.70254516601562,29.93531036376953,0.0,0.0,,,0.0,0.087890625,,,,,,,,,,,
2026-08-21_ewc_vitality-vs-spirit_mirage,ZywOo,T,5,79.5,stop,35464,release,203.125,162.6134796142578,32.71170425415039,0.0,0.0,,,1.0,0.704498291015625,,,,,,,,,,,
2026-08-21_ewc_vitality-vs-spirit_mirage,ZywOo,T,5,79.5,stop,35498,counterstrafe,78.125,154.1483917236328,24.637989044189453,0.0,0.0,,,0.0,0.0,,,,,,,,,,,
2026-08-21_ewc_vitality-vs-spirit_mirage,ZywOo,T,5,79.5,stop,35674,release,234.375,151.19094848632812,31.098684310913086,0.0,0.0,,,0.0,0.0,,,,,,,,,,,
2026-08-21_ewc_vitality-vs-spirit_mirage,ZywOo,T,5,79.5,stop,35756,release,78.125,171.33843994140625,32.71316146850586,0.0,1.0,0.0,32.71316146850586,0.0,0.1321868896484375,,,,,,,,,,,
2026-08-21_ewc_vitality-vs-spirit_mirage,ZywOo,T,5,79.5,stop,35836,counterstrafe,125.0,150.5424346923828,31.102632522583008,0.0,1.0,0.0,31.102632522583008,1.0,0.0,,,,,,,,,,,
2026-08-21_ewc_vitality-vs-spirit_mirage,ZywOo,T,5,79.5,stop,35926,release,62.5,185.94378662109375,30.769968032836914,0.0,0.0,,,1.0,0.3519134521484375,,,,,,,,,,,
2026-08-21_ewc_vitality-vs-spirit_mirage,ZywOo,T,5,79.5,stop,35969,counterstrafe,78.125,151.83993530273438,17.63439178466797,0.0,1.0,0.0,17.63439178466797,1.0,0.0439453125,,,,,,,,,,,
2026-08-21_ewc_vitality-vs-spirit_mirage,ZywOo,T,5,79.5,stop,36397,counterstrafe,93.75,172.8199005126953,17.222986221313477,0.0,0.0,,,1.0,0.17578125,,,,,,,,,,,
2026-08-21_ewc_vitality-vs-spirit_mirage,ZywOo,T,5,79.5,stop,38044,counterstrafe,78.125,170.70980834960938,31.687332153320312,0.0,0.0,,,0.0,0.2197265625,,,,,,,,,,,
2026-08-21_ewc_vitality-vs-spirit_mirage,ZywOo,T,5,79.5,stop,38058,counterstrafe,296.875,170.70980834960938,23.301387786865234,0.0,0.0,,,1.0,1.05572509765625,,,,,,,,,,,
2026-08-21_ewc_vitality-vs-spirit_mirage,ZywOo,T,5,79.5,stop,38309,release,78.125,168.28575134277344,29.954030990600586,0.0,0.0,,,1.0,0.0439453125,,,,,,,,,,,
2026-08-21_ewc_vitality-vs-spirit_mirage,ZywOo,T,5,79.5,stop,38665,release,78.125,157.4990234375,25.179256439208984,0.0,0.0,,,1.0,0.5280303955078125,,,,,,,,,,,
2026-08-21_ewc_vitality-vs-spirit_mirage,ZywOo,T,5,79.5,stop,38978,release,109.375,163.70144653320312,29.020954132080078,0.0,0.0,,,1.0,0.2640228271484375,,,,,,,,,,,
2026-08-21_ewc_vitality-vs-spirit_mirage,ZywOo,T,5,79.5,stop,39040,counterstrafe,171.875,150.5846710205078,27.944400787353516,0.0,0.0,,,1.0,0.220062255859375,,,,,,,,,,,
2026-08-21_ewc_vitality-vs-spirit_mirage,ZywOo,T,5,79.5,stop,39043,counterstrafe,218.75,150.5846710205078,31.887718200683594,0.0,0.0,,,1.0,0.351898193359375,,,,,,,,,,,
2026-08-21_ewc_vitality-vs-spirit_mirage,ZywOo,T,5,79.5,stop,39050,counterstrafe,328.125,150.5846710205078,29.531959533691406,0.0,0.0,,,1.0,0.439788818359375,,,,,,,,,,,
2026-08-21_ewc_vitality-vs-spirit_mirage,ZywOo,T,5,79.5,stop,39112,counterstrafe,109.375,179.92532348632812,31.1563720703125,0.0,0.0,,,0.0,15.928131103515625,,,,,,,,,,,
2026-08-21_ewc_vitality-vs-spirit_mirage,ZywOo,T,5,79.5,stop,39166,counterstrafe,78.125,152.0561981201172,16.96980094909668,0.0,0.0,,,1.0,0.044281005859375,,,,,,,,,,,
2026-08-21_ewc_vitality-vs-spirit_mirage,ZywOo,T,5,79.5,peek,34197,,,,,,,,,,,traversal,337.31183982576454,1484.375,4984.375,0.0,250.0082244873047,0.0,101.15629577636719,1.0,0.14085691067087303,0.0
2026-08-21_ewc_vitality-vs-spirit_mirage,ZywOo,T,5,79.5,peek,34927,,,,,,,,,,,traversal,207.6453879487293,1437.5,4984.375,0.0,245.0070037841797,0.27956989247311825,8.228073120117188,0.0,0.39841427450898914,0.0
2026-08-21_ewc_vitality-vs-spirit_mirage,ZywOo,T,5,79.5,peek,35330,,,,,,,,,,,commit,186.6416001068232,1484.375,4984.375,0.0,236.7735137939453,0.0,47.300262451171875,0.0,3.090671700464499,0.0
2026-08-21_ewc_vitality-vs-spirit_mirage,ZywOo,T,5,79.5,peek,35779,,,,,,,,,,,narrow,138.29773861224422,890.625,1500.0,1.0,215.00025939941406,0.0,16.896636962890625,1.0,6.073445648593269,0.0
2026-08-21_ewc_vitality-vs-spirit_mirage,ZywOo,T,5,79.5,peek,37454,,,,,,,,,,,commit,98.63752209778622,1484.375,4984.375,0.0,142.7790069580078,0.20833333333333334,12.101104736328125,0.0,3.063061567224532,0.0
2026-08-21_ewc_vitality-vs-spirit_mirage,ZywOo,T,5,79.5,peek,37774,,,,,,,,,,,jiggle,20.926583767303846,421.875,421.875,1.0,104.17958068847656,0.8571428571428571,4.5325469970703125,0.0,1.0693077586491384,1.0
2026-08-21_ewc_vitality-vs-spirit_mirage,ZywOo,T,5,79.5,peek,37883,,,,,,,,,,,commit,113.18831933823024,1484.375,4984.375,0.0,111.80286407470703,1.0,217.6676483154297,0.0,1.2853238409885348,1.0
2026-08-21_ewc_vitality-vs-spirit_mirage,ZywOo,T,5,79.5,peek,38288,,,,,,,,,,,jiggle,37.75472533042524,328.125,328.125,1.0,174.83773803710938,0.0,1.8477630615234375,0.0,43.67365476131255,0.0
2026-08-21_ewc_vitality-vs-spirit_mirage,ZywOo,T,5,79.5,peek,38614,,,,,,,,,,,jiggle,42.43907738206386,875.0,875.0,1.0,171.09634399414062,0.3508771929824561,4.0045166015625,0.0,4.458959505440621,0.0
2026-08-21_ewc_vitality-vs-spirit_mirage,ZywOo,T,5,79.5,peek,38801,,,,,,,,,,,commit,53.74208640820921,1484.375,4984.375,0.0,149.8251495361328,0.59375,7.7446746826171875,0.0,2.4966602605286434,1.0
2026-08-21_ewc_vitality-vs-spirit_mirage,ZywOo,T,6,73.9375,stop,48096,release,78.125,171.81402587890625,31.74616241455078,0.0,0.0,,,0.0,0.132171630859375,,,,,,,,,,,
2026-08-21_ewc_vitality-vs-spirit_mirage,ZywOo,T,6,73.9375,stop,48209,counterstrafe,78.125,177.50962829589844,30.172008514404297,0.0,0.0,,,1.0,0.1318359375,,,,,,,,,,,
2026-08-21_ewc_vitality-vs-spirit_mirage,ZywOo,T,6,73.9375,stop,48247,release,140.625,170.599365234375,28.849781036376953,0.0,0.0,,,1.0,0.351898193359375,,,,,,,,,,,
2026-08-21_ewc_vitality-vs-spirit_mirage,ZywOo,T,6,73.9375,stop,48681,release,78.125,174.38458251953125,29.050609588623047,0.0,0.0,,,0.0,0.17578125,,,,,,,,,,,
2026-08-21_ewc_vitality-vs-spirit_mirage,ZywOo,T,6,73.9375,stop,48742,counterstrafe,78.125,165.8146514892578,21.980201721191406,0.0,0.0,,,1.0,0.2640380859375,,,,,,,,,,,
2026-08-21_ewc_vitality-vs-spirit_mirage,ZywOo,T,6,73.9375,stop,48965,release,78.125,168.7874755859375,24.43771743774414,0.0,0.0,,,0.0,0.264007568359375,,,,,,,,,,,
2026-08-21_ewc_vitality-vs-spirit_mirage,ZywOo,T,6,73.9375,stop,48993,counterstrafe,78.125,154.10446166992188,14.115263938903809,0.0,0.0,,,0.0,0.0439453125,,,,,,,,,,,
2026-08-21_ewc_vitality-vs-spirit_mirage,ZywOo,T,6,73.9375,stop,49124,release,15.625,163.41294860839844,28.67184829711914,0.0,0.0,,,1.0,7.47998046875,,,,,,,,,,,
2026-08-21_ewc_vitality-vs-spirit_mirage,ZywOo,T,6,73.9375,stop,49134,release,31.25,161.61097717285156,12.214683532714844,0.0,0.0,,,1.0,1.276123046875,,,,,,,,,,,
2026-08-21_ewc_vitality-vs-spirit_mirage,ZywOo,T,6,73.9375,stop,49146,release,15.625,182.99307250976562,8.748395919799805,0.0,0.0,,,0.0,0.307952880859375,,,,,,,,,,,
2026-08-21_ewc_vitality-vs-spirit_mirage,ZywOo,T,6,73.9375,stop,49217,counterstrafe,78.125,173.36630249023438,34.13020706176758,0.0,0.0,,,1.0,0.571990966796875,,,,,,,,,,,
2026-08-21_ewc_vitality-vs-spirit_mirage,ZywOo,T,6,73.9375,stop,49262,counter_fwd,109.375,160.69754028320312,21.187522888183594,0.0,0.0,,,0.0,1.056060791015625,,,,,,,,,,,
2026-08-21_ewc_vitality-vs-spirit_mirage,ZywOo,T,6,73.9375,stop,49334,counter_fwd,93.75,155.90255737304688,31.557388305664062,0.0,0.0,,,1.0,12.80389404296875,,,,,,,,,,,
2026-08-21_ewc_vitality-vs-spirit_mirage,ZywOo,T,6,73.9375,stop,49373,counterstrafe,140.625,163.05589294433594,29.555828094482422,1.0,1.0,93.75,0.0,0.0,0.792388916015625,,,,,,,,,,,
2026-08-21_ewc_vitality-vs-spirit_mirage,ZywOo,T,6,73.9375,stop,49476,counterstrafe,78.125,159.48263549804688,28.122764587402344,0.0,0.0,,,0.0,0.0439453125,,,,,,,,,,,
2026-08-21_ewc_vitality-vs-spirit_mirage,ZywOo,T,6,73.9375,stop,49581,release,171.875,160.5335235595703,30.436508178710938,0.0,0.0,,,1.0,1.540130615234375,,,,,,,,,,,
2026-08-21_ewc_vitality-vs-spirit_mirage,ZywOo,T,6,73.9375,stop,49608,counterstrafe,93.75,167.21917724609375,31.308073043823242,0.0,0.0,,,0.0,2.7719879150390625,,,,,,,,,,,
2026-08-21_ewc_vitality-vs-spirit_mirage,ZywOo,T,6,73.9375,stop,49617,counterstrafe,234.375,167.21917724609375,28.729106903076172,0.0,0.0,,,1.0,2.8162841796875,,,,,,,,,,,
2026-08-21_ewc_vitality-vs-spirit_mirage,ZywOo,T,6,73.9375,stop,49662,release,78.125,155.703125,19.631927490234375,0.0,0.0,,,1.0,0.0,,,,,,,,,,,
2026-08-21_ewc_vitality-vs-spirit_mirage,ZywOo,T,6,73.9375,stop,49674,release,265.625,155.703125,29.581932067871094,0.0,0.0,,,1.0,0.61627197265625,,,,,,,,,,,
2026-08-21_ewc_vitality-vs-spirit_mirage,ZywOo,T,6,73.9375,stop,49789,release,93.75,177.21453857421875,10.82949161529541,0.0,0.0,,,1.0,0.2197265625,,,,,,,,,,,
2026-08-21_ewc_vitality-vs-spirit_mirage,ZywOo,T,6,73.9375,stop,49816,counterstrafe,125.0,159.00115966796875,13.979171752929688,0.0,0.0,,,1.0,0.176116943359375,,,,,,,,,,,
2026-08-21_ewc_vitality-vs-spirit_mirage,ZywOo,T,6,73.9375,stop,49867,counterstrafe,109.375,152.0148162841797,29.274999618530273,1.0,1.0,0.0,29.274999618530273,1.0,0.7923583984375,,,,,,,,,,,
2026-08-21_ewc_vitality-vs-spirit_mirage,ZywOo,T,6,73.9375,peek,46266,,,,,,,,,,,jiggle,15.00503095261363,171.875,171.875,1.0,128.32489013671875,0.0,1.408294677734375,0.0,43.04563511215472,0.0
2026-08-21_ewc_vitality-vs-spirit_mirage,ZywOo,T,6,73.9375,peek,46296,,,,,,,,,,,jiggle,18.4035319942892,1328.125,1328.125,1.0,130.14527893066406,0.7209302325581395,4.9290771484375,0.0,8.681915180369002,1.0
2026-08-21_ewc_vitality-vs-spirit_mirage,ZywOo,T,6,73.9375,peek,46398,,,,,,,,,,,jiggle,17.115835872739623,1062.5,1062.5,1.0,131.51849365234375,0.4057971014492754,4.70867919921875,0.0,6.94722371511666,0.0
2026-08-21_ewc_vitality-vs-spirit_mirage,ZywOo,T,6,73.9375,peek,46549,,,,,,,,,,,traversal,124.01162482610033,1484.375,4984.375,0.0,119.61149597167969,0.9583333333333334,46.28816223144531,0.0,0.9376432059460673,1.0
2026-08-21_ewc_vitality-vs-spirit_mirage,ZywOo,T,6,73.9375,peek,47004,,,,,,,,,,,traversal,116.87213006601337,1421.875,3203.125,1.0,119.60791778564453,0.9239130434782609,51.084014892578125,0.0,0.7857301798143014,1.0
2026-08-21_ewc_vitality-vs-spirit_mirage,ZywOo,T,6,73.9375,peek,47341,,,,,,,,,,,jiggle,16.913466616638786,1000.0,1000.0,1.0,87.91637420654297,0.6615384615384615,6.292083740234375,0.0,1.3129094641546295,1.0
2026-08-21_ewc_vitality-vs-spirit_mirage,ZywOo,T,6,73.9375,peek,47496,,,,,,,,,,,traversal,75.03022645431314,1359.375,1703.125,1.0,117.83971405029297,0.5795454545454546,20.769317626953125,0.0,0.544844015472328,1.0
2026-08-21_ewc_vitality-vs-spirit_mirage,ZywOo,T,6,73.9375,peek,47814,,,,,,,,,,,commit,170.05847280993274,1484.375,4984.375,0.0,146.08758544921875,0.90625,50.68780517578125,0.0,1.9991366897483034,1.0
2026-08-21_ewc_vitality-vs-spirit_mirage,ZywOo,T,6,73.9375,peek,48620,,,,,,,,,,,narrow,66.9175894121526,1171.875,2546.875,1.0,185.9046173095703,0.3684210526315789,68.06817626953125,0.0,1.693934084692387,0.0
2026-08-21_ewc_vitality-vs-spirit_mirage,ZywOo,T,6,73.9375,peek,48841,,,,,,,,,,,commit,72.68953928809863,1375.0,4984.375,0.0,130.25772094726562,0.6966292134831461,162.88775634765625,1.0,1.1622707283875675,1.0
2026-08-21_ewc_vitality-vs-spirit_mirage,ZywOo,T,6,73.9375,peek,49410,,,,,,,,,,,commit,230.76901112160505,1484.375,4984.375,0.0,215.00608825683594,0.0,69.3013916015625,0.0,2.243769077922862,0.0
2026-08-21_ewc_vitality-vs-spirit_mirage,ZywOo,T,7,116.3125,stop,53107,release,281.25,153.90113830566406,28.990734100341797,0.0,0.0,,,0.0,114.57572937011719,,,,,,,,,,,
2026-08-21_ewc_vitality-vs-spirit_mirage,ZywOo,T,7,116.3125,stop,53153,release,171.875,186.5279541015625,22.480737686157227,0.0,0.0,,,1.0,0.273956298828125,,,,,,,,,,,
2026-08-21_ewc_vitality-vs-spirit_mirage,ZywOo,T,7,116.3125,stop,57475,counterstrafe,125.0,181.74017333984375,31.839624404907227,0.0,0.0,,,1.0,0.7038116455078125,,,,,,,,,,,
2026-08-21_ewc_vitality-vs-spirit_mirage,ZywOo,T,7,116.3125,stop,57789,release,234.375,194.448486328125,25.395652770996094,0.0,0.0,,,1.0,0.886810302734375,,,,,,,,,,,
2026-08-21_ewc_vitality-vs-spirit_mirage,ZywOo,T,7,116.3125,stop,58733,counterstrafe,234.375,152.13943481445312,30.21984100341797,0.0,0.0,,,0.0,0.8603515625,,,,,,,,,,,
2026-08-21_ewc_vitality-vs-spirit_mirage,ZywOo,T,7,116.3125,stop,59036,crouch_stop,296.875,168.9131317138672,34.000091552734375,1.0,0.0,,,0.0,3.98974609375,,,,,,,,,,,
2026-08-21_ewc_vitality-vs-spirit_mirage,ZywOo,T,7,116.3125,peek,52826,,,,,,,,,,,jiggle,30.559982505051572,406.25,406.25,1.0,96.87034606933594,0.0,16.720169067382812,0.0,1.007460052315763,0.0
2026-08-21_ewc_vitality-vs-spirit_mirage,ZywOo,T,7,116.3125,peek,53213,,,,,,,,,,,commit,125.36360802990231,1484.375,4984.375,0.0,100.00827026367188,0.0,6.68414306640625,0.0,2.483894738330785,0.0
2026-08-21_ewc_vitality-vs-spirit_mirage,ZywOo,T,7,116.3125,peek,56971,,,,,,,,,,,traversal,142.64553005174622,1484.375,4984.375,0.0,168.3382568359375,0.19791666666666666,24.269805908203125,0.0,0.6244648925569976,0.0
2026-08-21_ewc_vitality-vs-spirit_mirage,ZywOo,T,7,116.3125,peek,57367,,,,,,,,,,,commit,312.98533191283366,1484.375,4984.375,0.0,256.1092224121094,0.0,93.19290161132812,1.0,2.7396944655210387,0.0
2026-08-21_ewc_vitality-vs-spirit_mirage,ZywOo,T,7,116.3125,peek,57912,,,,,,,,,,,traversal,268.85229808146505,1484.375,4984.375,0.0,238.9009552001953,0.0,54.5155029296875,0.0,0.15491810642980558,0.0
2026-08-21_ewc_vitality-vs-spirit_mirage,ZywOo,T,7,116.3125,peek,58834,,,,,,,,,,,traversal,157.80347065862716,1484.375,4984.375,0.0,181.82786560058594,0.7291666666666666,151.00809478759766,0.0,0.9654729307246296,1.0
2026-08-21_ewc_vitality-vs-spirit_mirage,ZywOo,T,8,78.265625,stop,59904,release,234.375,152.68701171875,31.940988540649414,0.0,0.0,,,0.0,0.0,,,,,,,,,,,
2026-08-21_ewc_vitality-vs-spirit_mirage,ZywOo,T,8,78.265625,stop,63694,release,187.5,152.32952880859375,31.376461029052734,0.0,0.0,,,1.0,2.33184814453125,,,,,,,,,,,
2026-08-21_ewc_vitality-vs-spirit_mirage,ZywOo,T,8,78.265625,stop,65449,crouch_stop,265.625,172.34031677246094,33.985286712646484,1.0,0.0,,,0.0,0.979156494140625,,,,,,,,,,,
2026-08-21_ewc_vitality-vs-spirit_mirage,ZywOo,T,8,78.265625,stop,65945,crouch_stop,62.5,180.02711486816406,12.409871101379395,1.0,0.0,,,0.0,1.100006103515625,,,,,,,,,,,
2026-08-21_ewc_vitality-vs-spirit_mirage,ZywOo,T,8,78.265625,stop,66997,crouch_stop,203.125,172.3539276123047,29.947391510009766,1.0,0.0,,,0.0,0.09784698486328125,,,,,,,,,,,
2026-08-21_ewc_vitality-vs-spirit_mirage,ZywOo,T,8,78.265625,peek,59718,,,,,,,,,,,traversal,320.37904283443044,1484.375,4984.375,0.0,250.00901794433594,0.0,51.656005859375,0.0,0.21993527797717463,0.0
2026-08-21_ewc_vitality-vs-spirit_mirage,ZywOo,T,8,78.265625,peek,63723,,,,,,,,,,,commit,104.83982247539254,1375.0,4984.375,0.0,170.9539031982422,0.0,12.490432739257812,0.0,1.867192307787463,0.0
2026-08-21_ewc_vitality-vs-spirit_mirage,ZywOo,T,8,78.265625,peek,64190,,,,,,,,,,,commit,80.39022146708506,1109.375,4984.375,0.0,100.00807189941406,0.0,14.853164672851562,0.0,15.713829859685294,0.0
2026-08-21_ewc_vitality-vs-spirit_mirage,ZywOo,T,8,78.265625,peek,64813,,,,,,,,,,,commit,267.2304818679111,1484.375,4984.375,0.0,200.0067596435547,0.0,291.0614929199219,0.0,2.2346407596301012,0.0
2026-08-21_ewc_vitality-vs-spirit_mirage,ZywOo,T,8,78.265625,peek,65334,,,,,,,,,,,narrow,67.50720085040889,656.25,1406.25,1.0,168.8741912841797,0.0,12.92333984375,0.0,16.740205534497413,0.0
2026-08-21_ewc_vitality-vs-spirit_mirage,ZywOo,T,8,78.265625,peek,65861,,,,,,,,,,,traversal,158.96771415766335,1437.5,4984.375,0.0,209.0284881591797,0.6129032258064516,24.333328247070312,1.0,0.20107342825064836,1.0
2026-08-21_ewc_vitality-vs-spirit_mirage,ZywOo,T,8,78.265625,peek,66230,,,,,,,,,,,commit,157.52311368465652,1484.375,4984.375,0.0,161.05882263183594,0.7708333333333334,7.919769287109375,0.0,1.4185423869809477,1.0
2026-08-21_ewc_vitality-vs-spirit_mirage,ZywOo,T,8,78.265625,peek,66912,,,,,,,,,,,narrow,100.44305308224051,1484.375,4500.0,1.0,172.3539276123047,0.4375,12.445793151855469,1.0,3.1232386261846687,0.0
2026-08-21_ewc_vitality-vs-spirit_mirage,ZywOo,T,8,78.265625,peek,67675,,,,,,,,,,,traversal,71.7193726004065,1218.75,3515.625,0.0,100.00100708007812,0.0,18.383209228515625,0.0,0.4896992057372033,0.0
2026-08-21_ewc_vitality-vs-spirit_mirage,ZywOo,T,9,138.203125,stop,77499,counterstrafe,375.0,193.80093383789062,28.95730972290039,0.0,0.0,,,1.0,1.349639892578125,,,,,,,,,,,
2026-08-21_ewc_vitality-vs-spirit_mirage,ZywOo,T,9,138.203125,stop,78059,counterstrafe,187.5,150.00437927246094,29.6795711517334,0.0,0.0,,,1.0,0.9582061767578125,,,,,,,,,,,
2026-08-21_ewc_vitality-vs-spirit_mirage,ZywOo,T,9,138.203125,stop,78147,counterstrafe,250.0,190.19883728027344,34.35314178466797,0.0,0.0,,,1.0,1.487274169921875,,,,,,,,,,,
2026-08-21_ewc_vitality-vs-spirit_mirage,ZywOo,T,9,138.203125,stop,78467,release,250.0,178.9829559326172,30.31477928161621,0.0,0.0,,,1.0,3.2385406494140625,,,,,,,,,,,
2026-08-21_ewc_vitality-vs-spirit_mirage,ZywOo,T,9,138.203125,stop,78537,crouch_stop,203.125,172.7217254638672,34.29301452636719,1.0,0.0,,,1.0,0.684600830078125,,,,,,,,,,,
2026-08-21_ewc_vitality-vs-spirit_mirage,ZywOo,T,9,138.203125,stop,78619,release,312.5,192.2293243408203,20.66132164001465,0.0,0.0,,,1.0,9.486358642578125,,,,,,,,,,,
2026-08-21_ewc_vitality-vs-spirit_mirage,ZywOo,T,9,138.203125,stop,78702,counterstrafe,171.875,197.2804718017578,34.76131820678711,0.0,0.0,,,1.0,0.667083740234375,,,,,,,,,,,
2026-08-21_ewc_vitality-vs-spirit_mirage,ZywOo,T,9,138.203125,stop,78897,counterstrafe,343.75,168.276611328125,25.705904006958008,0.0,0.0,,,1.0,6.065155029296875,,,,,,,,,,,
2026-08-21_ewc_vitality-vs-spirit_mirage,ZywOo,T,9,138.203125,stop,79061,counterstrafe,93.75,177.53028869628906,22.135438919067383,0.0,0.0,,,0.0,0.1318359375,,,,,,,,,,,
2026-08-21_ewc_vitality-vs-spirit_mirage,ZywOo,T,9,138.203125,stop,79108,counterstrafe,250.0,193.41505432128906,25.400732040405273,0.0,0.0,,,1.0,1.746826171875,,,,,,,,,,,
2026-08-21_ewc_vitality-vs-spirit_mirage,ZywOo,T,9,138.203125,stop,79783,counterstrafe,312.5,186.31521606445312,28.34148597717285,0.0,0.0,,,1.0,0.7628631591796875,,,,,,,,,,,
2026-08-21_ewc_vitality-vs-spirit_mirage,ZywOo,T,9,138.203125,stop,80969,counterstrafe,312.5,158.64881896972656,28.09659767150879,0.0,0.0,,,0.0,170.10405731201172,,,,,,,,,,,
2026-08-21_ewc_vitality-vs-spirit_mirage,ZywOo,T,9,138.203125,stop,81112,crouch_stop,250.0,163.7520751953125,30.608978271484375,1.0,0.0,,,0.0,0.17818450927734375,,,,,,,,,,,
2026-08-21_ewc_vitality-vs-spirit_mirage,ZywOo,T,9,138.203125,peek,73191,,,,,,,,,,,traversal,120.66194240162282,1484.375,4984.375,0.0,100.01217651367188,0.010416666666666666,5.007049560546875,0.0,0.4096364323313495,0.0
2026-08-21_ewc_vitality-vs-spirit_mirage,ZywOo,T,9,138.203125,peek,73579,,,,,,,,,,,jiggle,8.680006909137289,1093.75,1093.75,1.0,51.431419372558594,0.704225352112676,2.54229736328125,0.0,1.6468062269155097,1.0
2026-08-21_ewc_vitality-vs-spirit_mirage,ZywOo,T,9,138.203125,peek,73673,,,,,,,,,,,jiggle,42.22278977870693,796.875,796.875,1.0,75.97696685791016,0.6538461538461539,7.9795074462890625,0.0,24.38737054094909,1.0
2026-08-21_ewc_vitality-vs-spirit_mirage,ZywOo,T,9,138.203125,peek,73742,,,,,,,,,,,jiggle,43.61560915398636,625.0,625.0,1.0,97.89636993408203,0.0,6.805694580078125,0.0,23.62063992449259,0.0
2026-08-21_ewc_vitality-vs-spirit_mirage,ZywOo,T,9,138.203125,peek,73812,,,,,,,,,,,jiggle,8.981969156529251,234.375,234.375,1.0,51.98649597167969,1.0,0.1174163818359375,0.0,39.93495196682464,1.0
2026-08-21_ewc_vitality-vs-spirit_mirage,ZywOo,T,9,138.203125,peek,73947,,,,,,,,,,,traversal,68.51291261304088,1484.375,4984.375,0.0,99.99899291992188,0.10416666666666667,2.699554443359375,0.0,0.3829601301096454,0.0
2026-08-21_ewc_vitality-vs-spirit_mirage,ZywOo,T,9,138.203125,peek,74283,,,,,,,,,,,jiggle,24.347390415925936,1203.125,1203.125,1.0,64.3769760131836,0.21794871794871795,15.293670654296875,0.0,11.45010931791787,0.0
2026-08-21_ewc_vitality-vs-spirit_mirage,ZywOo,T,9,138.203125,peek,74688,,,,,,,,,,,traversal,53.507914351073836,1484.375,3437.5,1.0,77.39325714111328,0.5,0.371490478515625,0.0,0.03584995830565055,0.0
2026-08-21_ewc_vitality-vs-spirit_mirage,ZywOo,T,9,138.203125,peek,75007,,,,,,,,,,,commit,103.33712266780103,1484.375,4984.375,0.0,100.01261138916016,0.0,23.29168701171875,0.0,5.520737782944242,0.0
2026-08-21_ewc_vitality-vs-spirit_mirage,ZywOo,T,9,138.203125,peek,75500,,,,,,,,,,,commit,111.47180070822215,1484.375,4984.375,0.0,100.0050277709961,0.0625,21.766326904296875,0.0,2.314844238217503,0.0
2026-08-21_ewc_vitality-vs-spirit_mirage,ZywOo,T,9,138.203125,peek,75989,,,,,,,,,,,commit,132.48557707768387,1484.375,4984.375,0.0,100.01313018798828,0.03125,33.18693542480469,0.0,13.534130859826739,0.0
2026-08-21_ewc_vitality-vs-spirit_mirage,ZywOo,T,9,138.203125,peek,76514,,,,,,,,,,,traversal,126.24509398010726,1484.375,4984.375,0.0,100.009521484375,0.0,24.21044921875,0.0,0.5996018475063104,0.0
2026-08-21_ewc_vitality-vs-spirit_mirage,ZywOo,T,9,138.203125,peek,76858,,,,,,,,,,,commit,146.3658150254659,1484.375,4984.375,0.0,126.32308959960938,0.90625,45.14556884765625,0.0,6.712148555966206,1.0
2026-08-21_ewc_vitality-vs-spirit_mirage,ZywOo,T,9,138.203125,peek,77286,,,,,,,,,,,traversal,89.27843429594878,1078.125,4984.375,0.0,104.00846099853516,0.9857142857142858,5.896575927734375,0.0,0.3597911317665002,1.0
2026-08-21_ewc_vitality-vs-spirit_mirage,ZywOo,T,9,138.203125,peek,77607,,,,,,,,,,,jiggle,4.138567283447638,125.0,125.0,1.0,39.88172912597656,0.0,0.450103759765625,0.0,29.828524150439392,0.0
2026-08-21_ewc_vitality-vs-spirit_mirage,ZywOo,T,9,138.203125,peek,77736,,,,,,,,,,,jiggle,21.355424189098052,296.875,296.875,1.0,146.50521850585938,0.0,4.2681884765625,0.0,4.529552344234901,0.0
2026-08-21_ewc_vitality-vs-spirit_mirage,ZywOo,T,9,138.203125,peek,77796,,,,,,,,,,,traversal,142.40958376601748,1484.375,4984.375,0.0,163.05503845214844,0.53125,53.90093994140625,0.0,0.6313495866930913,1.0
2026-08-21_ewc_vitality-vs-spirit_mirage,ZywOo,T,9,138.203125,peek,78274,,,,,,,,,,,traversal,28.09174850998918,1156.25,1156.25,1.0,73.55467224121094,0.0,0.127044677734375,0.0,0.0007241212546697337,0.0
2026-08-21_ewc_vitality-vs-spirit_mirage,ZywOo,T,9,138.203125,peek,78430,,,,,,,,,,,narrow,63.40377018486717,593.75,1218.75,1.0,178.9829559326172,0.0,49.012725830078125,0.0,7.084124389824472,0.0
2026-08-21_ewc_vitality-vs-spirit_mirage,ZywOo,T,9,138.203125,peek,78566,,,,,,,,,,,narrow,98.52062566506164,828.125,3484.375,1.0,192.2293243408203,0.0,171.80419921875,0.0,3.7726859680710563,0.0
2026-08-21_ewc_vitality-vs-spirit_mirage,ZywOo,T,9,138.203125,peek,78852,,,,,,,,,,,narrow,93.47521207997853,1484.375,2937.5,1.0,168.276611328125,0.3541666666666667,117.80607604980469,0.0,2.2632219616650455,0.0
2026-08-21_ewc_vitality-vs-spirit_mirage,ZywOo,T,9,138.203125,peek,79125,,,,,,,,,,,commit,134.6677095289058,1484.375,4984.375,0.0,181.59373474121094,0.13541666666666666,182.72772216796875,0.0,4.011555015162237,0.0
2026-08-21_ewc_vitality-vs-spirit_mirage,ZywOo,T,9,138.203125,peek,79453,,,,,,,,,,,jiggle,4.308129441718465,953.125,953.125,1.0,44.89426803588867,0.7580645161290323,18.0302734375,0.0,8.49708538774341,1.0
2026-08-21_ewc_vitality-vs-spirit_mirage,ZywOo,T,9,138.203125,peek,79617,,,,,,,,,,,commit,95.28288433417462,1484.375,4984.375,0.0,155.63072204589844,0.4583333333333333,128.23382568359375,0.0,1.460407460363987,0.0
2026-08-21_ewc_vitality-vs-spirit_mirage,ZywOo,T,9,138.203125,peek,80777,,,,,,,,,,,traversal,273.51032510469753,1484.375,4984.375,0.0,250.00820922851562,0.0,196.94881439208984,0.0,0.2410754260692046,0.0
2026-08-21_ewc_vitality-vs-spirit_mirage,ZywOo,T,10,105.765625,stop,81217,release,31.25,168.6773681640625,16.62372589111328,0.0,0.0,,,1.0,1.539794921875,,,,,,,,,,,
2026-08-21_ewc_vitality-vs-spirit_mirage,ZywOo,T,10,105.765625,stop,81221,release,93.75,168.6773681640625,30.895980834960938,0.0,0.0,,,1.0,5.9398193359375,,,,,,,,,,,
2026-08-21_ewc_vitality-vs-spirit_mirage,ZywOo,T,10,105.765625,stop,81292,release,250.0,184.44725036621094,32.1580924987793,0.0,0.0,,,1.0,0.959228515625,,,,,,,,,,,
2026-08-21_ewc_vitality-vs-spirit_mirage,ZywOo,T,10,105.765625,stop,81393,crouch_stop,15.625,177.69935607910156,20.247554779052734,1.0,0.0,,,0.0,0.0,,,,,,,,,,,
2026-08-21_ewc_vitality-vs-spirit_mirage,ZywOo,T,10,105.765625,stop,85421,crouch_stop,15.625,186.68190002441406,26.30008316040039,1.0,0.0,,,1.0,0.391387939453125,,,,,,,,,,,
2026-08-21_ewc_vitality-vs-spirit_mirage,ZywOo,T,10,105.765625,stop,86975,counterstrafe,203.125,179.4547882080078,28.857925415039062,1.0,0.0,,,1.0,0.17612457275390625,,,,,,,,,,,
2026-08-21_ewc_vitality-vs-spirit_mirage,ZywOo,T,10,105.765625,stop,90668,release,250.0,153.09564208984375,30.153615951538086,0.0,0.0,,,0.0,3.608001708984375,,,,,,,,,,,
2026-08-21_ewc_vitality-vs-spirit_mirage,ZywOo,T,10,105.765625,stop,90902,counterstrafe,375.0,187.43109130859375,30.46770668029785,0.0,0.0,,,1.0,5.588287353515625,,,,,,,,,,,
2026-08-21_ewc_vitality-vs-spirit_mirage,ZywOo,T,10,105.765625,stop,90977,counter_fwd,375.0,159.4581756591797,32.01727294921875,0.0,0.0,,,0.0,1.540130615234375,,,,,,,,,,,
2026-08-21_ewc_vitality-vs-spirit_mirage,ZywOo,T,10,105.765625,stop,91060,release,78.125,159.0371856689453,32.380516052246094,0.0,0.0,,,0.0,1.4522552490234375,,,,,,,,,,,
2026-08-21_ewc_vitality-vs-spirit_mirage,ZywOo,T,10,105.765625,stop,91182,counterstrafe,93.75,170.19525146484375,15.129365921020508,0.0,0.0,,,1.0,0.0439453125,,,,,,,,,,,
2026-08-21_ewc_vitality-vs-spirit_mirage,ZywOo,T,10,105.765625,stop,91272,release,234.375,155.1457061767578,33.820613861083984,0.0,0.0,,,1.0,14.960296630859375,,,,,,,,,,,
2026-08-21_ewc_vitality-vs-spirit_mirage,ZywOo,T,10,105.765625,stop,91310,release,93.75,176.4509735107422,17.10808753967285,0.0,0.0,,,1.0,0.351898193359375,,,,,,,,,,,
2026-08-21_ewc_vitality-vs-spirit_mirage,ZywOo,T,10,105.765625,stop,91316,release,187.5,176.4509735107422,16.640172958374023,0.0,0.0,,,1.0,2.77197265625,,,,,,,,,,,
2026-08-21_ewc_vitality-vs-spirit_mirage,ZywOo,T,10,105.765625,stop,91328,release,375.0,176.4509735107422,10.379076957702637,0.0,0.0,,,1.0,4.136016845703125,,,,,,,,,,,
2026-08-21_ewc_vitality-vs-spirit_mirage,ZywOo,T,10,105.765625,peek,81171,,,,,,,,,,,traversal,113.95104470829938,687.5,4984.375,0.0,199.51141357421875,0.0,144.5839080810547,0.0,0.5453906059603904,0.0
2026-08-21_ewc_vitality-vs-spirit_mirage,ZywOo,T,10,105.765625,peek,85722,,,,,,,,,,,traversal,42.343312116238,671.875,671.875,1.0,80.77830505371094,0.0,0.70452880859375,0.0,0.17454445154708192,0.0
2026-08-21_ewc_vitality-vs-spirit_mirage,ZywOo,T,10,105.765625,peek,85907,,,,,,,,,,,traversal,11.016236620352423,1406.25,1406.25,1.0,51.39682388305664,0.10989010989010989,0.0978546142578125,0.0,0.029849503202757387,0.0
2026-08-21_ewc_vitality-vs-spirit_mirage,ZywOo,T,10,105.765625,peek,86118,,,,,,,,,,,traversal,196.11370047692674,1484.375,4984.375,0.0,201.01893615722656,0.8020833333333334,220.0877685546875,0.0,0.2575279188504873,1.0
2026-08-21_ewc_vitality-vs-spirit_mirage,ZywOo,T,10,105.765625,peek,87133,,,,,,,,,,,commit,122.12243027801149,1484.375,4984.375,0.0,100.00899505615234,0.020833333333333332,34.94579315185547,0.0,1.75882858538659,0.0
2026-08-21_ewc_vitality-vs-spirit_mirage,ZywOo,T,10,105.765625,peek,87491,,,,,,,,,,,commit,50.94186237602827,1484.375,4984.375,0.0,87.8630142211914,0.0,72.27700805664062,0.0,1.058064350718498,0.0
2026-08-21_ewc_vitality-vs-spirit_mirage,ZywOo,T,10,105.765625,peek,87884,,,,,,,,,,,traversal,124.12315899040925,1484.375,4984.375,0.0,100.00914001464844,0.0,62.774139404296875,0.0,0.9700125868169789,0.0
2026-08-21_ewc_vitality-vs-spirit_mirage,ZywOo,T,10,105.765625,peek,89734,,,,,,,,,,,traversal,117.2124204650663,1484.375,4984.375,0.0,129.06600952148438,1.0,202.66407775878906,0.0,0.3445915889056052,1.0
2026-08-21_ewc_vitality-vs-spirit_mirage,ZywOo,T,10,105.765625,peek,90397,,,,,,,,,,,traversal,165.74437716388715,1484.375,4984.375,0.0,191.3310546875,0.46875,1.320068359375,0.0,0.08076401908089548,0.0
2026-08-21_ewc_vitality-vs-spirit_mirage,ZywOo,T,10,105.765625,peek,90804,,,,,,,,,,,commit,99.67531159841641,1484.375,4984.375,0.0,187.43109130859375,0.0,22.1209716796875,0.0,2.4746360293881944,0.0
2026-08-21_ewc_vitality-vs-spirit_mirage,ZywOo,T,11,29.6875,stop,94356,release,109.375,160.998046875,13.758803367614746,0.0,0.0,,,0.0,1.0117721557617188,,,,,,,,,,,
2026-08-21_ewc_vitality-vs-spirit_mirage,ZywOo,T,11,29.6875,stop,94699,release,343.75,158.30357360839844,32.11195755004883,0.0,0.0,,,0.0,0.0439453125,,,,,,,,,,,
2026-08-21_ewc_vitality-vs-spirit_mirage,ZywOo,T,11,29.6875,stop,95247,counterstrafe,125.0,171.39776611328125,28.890657424926758,0.0,0.0,,,0.0,0.440155029296875,,,,,,,,,,,
2026-08-21_ewc_vitality-vs-spirit_mirage,ZywOo,T,11,29.6875,stop,95427,counterstrafe,78.125,169.34710693359375,28.51432991027832,0.0,0.0,,,0.0,0.0,,,,,,,,,,,
2026-08-21_ewc_vitality-vs-spirit_mirage,ZywOo,T,11,29.6875,stop,95437,counterstrafe,234.375,169.34710693359375,32.05289077758789,0.0,0.0,,,1.0,0.264007568359375,,,,,,,,,,,
2026-08-21_ewc_vitality-vs-spirit_mirage,ZywOo,T,11,29.6875,stop,95522,release,93.75,158.3536834716797,27.23830223083496,0.0,0.0,,,1.0,0.087890625,,,,,,,,,,,
2026-08-21_ewc_vitality-vs-spirit_mirage,ZywOo,T,11,29.6875,stop,95643,release,78.125,163.9825897216797,28.197952270507812,0.0,0.0,,,1.0,0.0439453125,,,,,,,,,,,
2026-08-21_ewc_vitality-vs-spirit_mirage,ZywOo,T,11,29.6875,stop,95673,release,93.75,172.6417694091797,34.493228912353516,0.0,0.0,,,1.0,0.17578125,,,,,,,,,,,
2026-08-21_ewc_vitality-vs-spirit_mirage,ZywOo,T,11,29.6875,stop,95809,counter_fwd,234.375,255.62249755859375,31.8815860748291,0.0,0.0,,,0.0,2.4200820922851562,,,,,,,,,,,
2026-08-21_ewc_vitality-vs-spirit_mirage,ZywOo,T,11,29.6875,peek,94436,,,,,,,,,,,traversal,161.118071883593,1484.375,4984.375,0.0,244.9969482421875,0.14583333333333334,5.060234069824219,0.0,0.5927144936432097,0.0
2026-08-21_ewc_vitality-vs-spirit_mirage,ZywOo,T,11,29.6875,peek,95128,,,,,,,,,,,commit,251.67945673421661,1390.625,4984.375,0.0,243.53546142578125,0.0,230.60474395751953,1.0,1.5933318786390986,0.0
2026-08-21_ewc_vitality-vs-spirit_mirage,ZywOo,T,11,29.6875,peek,95609,,,,,,,,,,,narrow,72.46095831035947,531.25,812.5,1.0,195.71058654785156,0.0,12.23223876953125,0.0,5.744331177306668,0.0
2026-08-21_ewc_vitality-vs-spirit_mirage,apEX,CT,12,71.375,stop,103235,counter_fwd,187.5,157.52598571777344,13.410506248474121,0.0,0.0,,,0.0,0.0,,,,,,,,,,,
2026-08-21_ewc_vitality-vs-spirit_mirage,apEX,CT,12,71.375,stop,103323,release,250.0,159.45901489257812,28.739120483398438,0.0,0.0,,,0.0,0.0,,,,,,,,,,,
2026-08-21_ewc_vitality-vs-spirit_mirage,apEX,CT,12,71.375,stop,103977,release,78.125,154.84451293945312,13.853474617004395,0.0,0.0,,,1.0,0.714111328125,,,,,,,,,,,
2026-08-21_ewc_vitality-vs-spirit_mirage,apEX,CT,12,71.375,stop,104167,counter_fwd,234.375,157.36654663085938,34.18794631958008,0.0,0.0,,,0.0,0.0,,,,,,,,,,,
2026-08-21_ewc_vitality-vs-spirit_mirage,apEX,CT,12,71.375,stop,105721,counterstrafe,78.125,175.22125244140625,24.53450584411621,0.0,0.0,,,1.0,0.0,,,,,,,,,,,
2026-08-21_ewc_vitality-vs-spirit_mirage,apEX,CT,12,71.375,stop,106121,counterstrafe,78.125,158.7467498779297,13.37511157989502,0.0,0.0,,,1.0,0.0,,,,,,,,,,,
2026-08-21_ewc_vitality-vs-spirit_mirage,apEX,CT,12,71.375,stop,106140,counterstrafe,375.0,158.7467498779297,28.766197204589844,0.0,0.0,,,1.0,0.714447021484375,,,,,,,,,,,
2026-08-21_ewc_vitality-vs-spirit_mirage,apEX,CT,12,71.375,stop,106267,release,78.125,165.8562774658203,23.16297149658203,0.0,0.0,,,1.0,0.042236328125,,,,,,,,,,,
2026-08-21_ewc_vitality-vs-spirit_mirage,apEX,CT,12,71.375,stop,106282,release,312.5,165.8562774658203,16.24349021911621,0.0,0.0,,,1.0,0.168243408203125,,,,,,,,,,,
2026-08-21_ewc_vitality-vs-spirit_mirage,apEX,CT,12,71.375,stop,106723,counterstrafe,93.75,183.42820739746094,20.555370330810547,0.0,0.0,,,1.0,2.3531494140625,,,,,,,,,,,
2026-08-21_ewc_vitality-vs-spirit_mirage,apEX,CT,12,71.375,stop,107007,release,250.0,158.91998291015625,28.538652420043945,0.0,0.0,,,0.0,9.832412719726562,,,,,,,,,,,
2026-08-21_ewc_vitality-vs-spirit_mirage,apEX,CT,12,71.375,stop,107059,counter_fwd,140.625,154.8723602294922,12.857791900634766,0.0,0.0,,,0.0,0.33612060546875,,,,,,,,,,,
2026-08-21_ewc_vitality-vs-spirit_mirage,apEX,CT,12,71.375,stop,107101,release,234.375,153.91297912597656,32.72146987915039,0.0,0.0,,,0.0,4.3701629638671875,,,,,,,,,,,
2026-08-21_ewc_vitality-vs-spirit_mirage,apEX,CT,12,71.375,stop,107352,counterstrafe,140.625,153.95062255859375,32.51117706298828,0.0,0.0,,,0.0,0.798553466796875,,,,,,,,,,,
2026-08-21_ewc_vitality-vs-spirit_mirage,apEX,CT,12,71.375,stop,107385,counterstrafe,78.125,181.32472229003906,28.98313331604004,0.0,0.0,,,1.0,21.55621337890625,,,,,,,,,,,
2026-08-21_ewc_vitality-vs-spirit_mirage,apEX,CT,12,71.375,stop,107433,counterstrafe,78.125,168.06150817871094,22.407777786254883,0.0,0.0,,,1.0,0.041900634765625,,,,,,,,,,,
2026-08-21_ewc_vitality-vs-spirit_mirage,apEX,CT,12,71.375,stop,107505,counterstrafe,78.125,172.34051513671875,23.31151580810547,0.0,1.0,46.875,38.43890380859375,1.0,0.126007080078125,,,,,,,,,,,
2026-08-21_ewc_vitality-vs-spirit_mirage,apEX,CT,12,71.375,peek,103457,,,,,,,,,,,jiggle,56.99608316944948,671.875,921.875,1.0,119.3013687133789,1.0,0.0,0.0,1.429743157575996,1.0
2026-08-21_ewc_vitality-vs-spirit_mirage,apEX,CT,12,71.375,peek,103770,,,,,,,,,,,jiggle,25.109382800603676,328.125,328.125,1.0,107.74576568603516,0.9545454545454546,1.470794677734375,0.0,21.15482202135415,1.0
2026-08-21_ewc_vitality-vs-spirit_mirage,apEX,CT,12,71.375,peek,103809,,,,,,,,,,,traversal,176.92356803076063,1484.375,4984.375,0.0,124.8091049194336,0.9895833333333334,0.8404541015625,0.0,0.02778286826361484,1.0
2026-08-21_ewc_vitality-vs-spirit_mirage,apEX,CT,12,71.375,peek,104137,,,,,,,,,,,traversal,51.28094847272745,484.375,609.375,1.0,183.5392303466797,0.0,0.0,0.0,0.0005884598058811112,0.0
2026-08-21_ewc_vitality-vs-spirit_mirage,apEX,CT,12,71.375,peek,104472,,,,,,,,,,,traversal,23.324873161127567,359.375,359.375,1.0,89.1378173828125,1.0,46.348236083984375,0.0,0.5377930288300236,1.0
2026-08-21_ewc_vitality-vs-spirit_mirage,apEX,CT,12,71.375,peek,104591,,,,,,,,,,,jiggle,33.05520317524706,796.875,796.875,1.0,94.18050384521484,0.9615384615384616,0.126007080078125,0.0,1.7437170817881396,1.0
2026-08-21_ewc_vitality-vs-spirit_mirage,apEX,CT,12,71.375,peek,104683,,,,,,,,,,,traversal,16.965225129800093,1187.5,1187.5,1.0,100.361572265625,0.0,0.54656982421875,1.0,0.3500595055112456,0.0
2026-08-21_ewc_vitality-vs-spirit_mirage,apEX,CT,12,71.375,peek,104815,,,,,,,,,,,commit,182.22460854909693,1484.375,4984.375,0.0,134.4413299560547,0.9270833333333334,53.491729736328125,0.0,1.8050985642364086,1.0
2026-08-21_ewc_vitality-vs-spirit_mirage,apEX,CT,12,71.375,peek,106101,,,,,,,,,,,jiggle,33.49964258378946,296.875,296.875,1.0,178.50787353515625,0.0,3.2777099609375,0.0,4.418259598399224,0.0
2026-08-21_ewc_vitality-vs-spirit_mirage,apEX,CT,12,71.375,peek,106346,,,,,,,,,,,jiggle,9.269646474883277,968.75,968.75,1.0,78.38959503173828,0.0,1.344451904296875,0.0,19.959774566178833,0.0
2026-08-21_ewc_vitality-vs-spirit_mirage,apEX,CT,12,71.375,peek,106437,,,,,,,,,,,commit,54.778749957849755,1484.375,4984.375,0.0,130.86474609375,0.25,81.72900390625,0.0,1.41168867655489,0.0
2026-08-21_ewc_vitality-vs-spirit_mirage,apEX,CT,12,71.375,peek,106938,,,,,,,,,,,traversal,63.1169281402174,468.75,671.875,1.0,201.5093994140625,0.0,58.197662353515625,0.0,0.5932866620102912,0.0
2026-08-21_ewc_vitality-vs-spirit_mirage,apEX,CT,12,71.375,peek,107032,,,,,,,,,,,traversal,50.96333794669237,406.25,515.625,1.0,190.94126892089844,0.0,13.53033447265625,0.0,0.10251586478021994,0.0
2026-08-21_ewc_vitality-vs-spirit_mirage,apEX,CT,12,71.375,peek,107124,,,,,,,,,,,commit,296.0940371278022,1484.375,4984.375,0.0,240.00819396972656,0.0,115.8909912109375,2.0,2.0002276808202666,0.0
2026-08-21_ewc_vitality-vs-spirit_mirage,apEX,CT,13,106.234375,stop,113423,release,109.375,185.26438903808594,28.690353393554688,0.0,1.0,0.0,28.690353393554688,1.0,0.251983642578125,,,,,,,,,,,
2026-08-21_ewc_vitality-vs-spirit_mirage,apEX,CT,13,106.234375,stop,115435,release,78.125,165.598388671875,17.306697845458984,0.0,0.0,,,1.0,0.0,,,,,,,,,,,
2026-08-21_ewc_vitality-vs-spirit_mirage,apEX,CT,13,106.234375,stop,115449,release,296.875,165.598388671875,20.88644027709961,0.0,0.0,,,1.0,0.210113525390625,,,,,,,,,,,
2026-08-21_ewc_vitality-vs-spirit_mirage,apEX,CT,13,106.234375,stop,115638,release,15.625,163.3851318359375,13.837120056152344,0.0,0.0,,,0.0,6.7232818603515625,,,,,,,,,,,
2026-08-21_ewc_vitality-vs-spirit_mirage,apEX,CT,13,106.234375,stop,116097,release,187.5,157.60589599609375,33.984375,0.0,0.0,,,0.0,47.48255920410156,,,,,,,,,,,
2026-08-21_ewc_vitality-vs-spirit_mirage,apEX,CT,13,106.234375,stop,118067,counterstrafe,78.125,165.1750030517578,28.103899002075195,0.0,0.0,,,1.0,0.042236328125,,,,,,,,,,,
2026-08-21_ewc_vitality-vs-spirit_mirage,apEX,CT,13,106.234375,peek,113330,,,,,,,,,,,commit,299.9765176789927,1484.375,4984.375,0.0,245.00718688964844,0.0,19.834442138671875,1.0,17.300920746258036,0.0
2026-08-21_ewc_vitality-vs-spirit_mirage,apEX,CT,13,106.234375,peek,113710,,,,,,,,,,,commit,160.56761283435085,1390.625,4984.375,0.0,148.75135803222656,0.8888888888888888,18.48827362060547,0.0,14.157416591855297,1.0
2026-08-21_ewc_vitality-vs-spirit_mirage,apEX,CT,13,106.234375,peek,114602,,,,,,,,,,,commit,161.23367421453264,1484.375,4984.375,0.0,124.80831146240234,0.9895833333333334,128.62344360351562,0.0,3.4882828583968375,1.0
2026-08-21_ewc_vitality-vs-spirit_mirage,apEX,CT,13,106.234375,peek,114927,,,,,,,,,,,jiggle,12.031057867160586,328.125,328.125,1.0,65.77503967285156,1.0,84.29227447509766,0.0,1.8663241115692655,1.0
2026-08-21_ewc_vitality-vs-spirit_mirage,apEX,CT,13,106.234375,peek,115055,,,,,,,,,,,traversal,44.2464500846569,1296.875,1296.875,1.0,90.54276275634766,1.0,16.76616668701172,0.0,0.7070965183945218,1.0
2026-08-21_ewc_vitality-vs-spirit_mirage,apEX,CT,13,106.234375,peek,115202,,,,,,,,,,,commit,246.09717205303636,1484.375,4984.375,0.0,240.0072479248047,0.3125,204.25953674316406,0.0,3.007169744702283,0.0
2026-08-21_ewc_vitality-vs-spirit_mirage,apEX,CT,13,106.234375,peek,115660,,,,,,,,,,,traversal,255.85099139444026,1484.375,4984.375,0.0,235.46817016601562,0.0,93.70479583740234,0.0,0.6808547509725955,0.0
2026-08-21_ewc_vitality-vs-spirit_mirage,apEX,CT,13,106.234375,peek,116516,,,,,,,,,,,commit,79.75845035999755,1484.375,4984.375,0.0,205.3761444091797,0.0,2.899688720703125,1.0,1.3914125467813232,0.0
2026-08-21_ewc_vitality-vs-spirit_mirage,apEX,CT,13,106.234375,peek,117781,,,,,,,,,,,jiggle,17.659180917788873,296.875,296.875,1.0,86.89677429199219,1.0,0.546234130859375,0.0,27.10371220189668,1.0
2026-08-21_ewc_vitality-vs-spirit_mirage,apEX,CT,13,106.234375,peek,118029,,,,,,,,,,,jiggle,20.663459726584907,203.125,203.125,1.0,146.2766876220703,0.0,2.269378662109375,0.0,41.669036297147365,0.0
2026-08-21_ewc_vitality-vs-spirit_mirage,apEX,CT,13,106.234375,peek,118383,,,,,,,,,,,commit,75.45312399606473,1484.375,3078.125,0.0,124.79315948486328,1.0,41.011962890625,0.0,12.892467538014003,1.0
2026-08-21_ewc_vitality-vs-spirit_mirage,apEX,CT,14,35.578125,stop,118750,counterstrafe,62.5,153.343017578125,34.9642448425293,0.0,0.0,,,1.0,0.0,,,,,,,,,,,
2026-08-21_ewc_vitality-vs-spirit_mirage,apEX,CT,14,35.578125,stop,124157,release,234.375,153.54837036132812,32.385406494140625,0.0,0.0,,,0.0,0.966461181640625,,,,,,,,,,,
2026-08-21_ewc_vitality-vs-spirit_mirage,apEX,CT,14,35.578125,stop,124199,crouch_stop,234.375,152.13375854492188,31.627227783203125,1.0,0.0,,,0.0,0.0,,,,,,,,,,,
2026-08-21_ewc_vitality-vs-spirit_mirage,apEX,CT,14,35.578125,stop,124359,crouch_stop,156.25,151.5107421875,30.534696578979492,1.0,1.0,109.375,20.847505569458008,0.0,0.37835693359375,,,,,,,,,,,
2026-08-21_ewc_vitality-vs-spirit_mirage,apEX,CT,14,35.578125,peek,118844,,,,,,,,,,,traversal,2382.0503407307797,1109.375,4984.375,0.0,162.67787170410156,0.7916666666666666,65.25881958007812,0.0,2.2908468910664954,1.0
2026-08-21_ewc_vitality-vs-spirit_mirage,apEX,CT,14,35.578125,peek,124235,,,,,,,,,,,traversal,132.09019700957356,1484.375,2171.875,0.0,224.3750762939453,0.0,5.96728515625,3.0,0.5278785156626417,0.0
2026-08-21_ewc_vitality-vs-spirit_mirage,apEX,CT,15,103.28125,stop,127161,release,125.0,158.26747131347656,33.89653778076172,0.0,0.0,,,0.0,0.42022705078125,,,,,,,,,,,
2026-08-21_ewc_vitality-vs-spirit_mirage,apEX,CT,15,103.28125,stop,132956,release,78.125,175.4444580078125,34.55214309692383,0.0,0.0,,,1.0,0.924560546875,,,,,,,,,,,
2026-08-21_ewc_vitality-vs-spirit_mirage,apEX,CT,15,103.28125,stop,133062,counterstrafe,78.125,160.96786499023438,26.367141723632812,0.0,0.0,,,1.0,0.0841064453125,,,,,,,,,,,
2026-08-21_ewc_vitality-vs-spirit_mirage,apEX,CT,15,103.28125,stop,133072,counterstrafe,234.375,160.96786499023438,12.040127754211426,0.0,0.0,,,1.0,0.9664306640625,,,,,,,,,,,
2026-08-21_ewc_vitality-vs-spirit_mirage,apEX,CT,15,103.28125,peek,127196,,,,,,,,,,,commit,211.00260549859354,1484.375,4984.375,0.0,221.3059539794922,0.375,19.24493408203125,0.0,1.6443838396755976,0.0
2026-08-21_ewc_vitality-vs-spirit_mirage,apEX,CT,15,103.28125,peek,129652,,,,,,,,,,,jiggle,30.94939146218767,359.375,359.375,1.0,114.12266540527344,0.0,5.7149505615234375,0.0,33.01425510633517,0.0
2026-08-21_ewc_vitality-vs-spirit_mirage,apEX,CT,15,103.28125,peek,129726,,,,,,,,,,,narrow,119.68384906528102,1109.375,2421.875,1.0,117.6185531616211,0.9166666666666666,25.338592529296875,0.0,6.142877401022371,1.0
2026-08-21_ewc_vitality-vs-spirit_mirage,apEX,CT,15,103.28125,peek,130371,,,,,,,,,,,traversal,142.63245354689732,1484.375,4984.375,0.0,119.04225158691406,0.78125,105.93223571777344,1.0,0.8485818862505085,1.0
2026-08-21_ewc_vitality-vs-spirit_mirage,apEX,CT,15,103.28125,peek,131212,,,,,,,,,,,traversal,58.450894542683315,750.0,1156.25,1.0,117.00421905517578,1.0,2.1430206298828125,0.0,0.2134513929349178,1.0
2026-08-21_ewc_vitality-vs-spirit_mirage,apEX,CT,15,103.28125,peek,131459,,,,,,,,,,,traversal,21.521290603587236,1296.875,1296.875,1.0,70.95955657958984,1.0,0.0418701171875,0.0,0.00030306120135929944,1.0
2026-08-21_ewc_vitality-vs-spirit_mirage,apEX,CT,15,103.28125,peek,132490,,,,,,,,,,,traversal,127.2772454102703,1484.375,4984.375,0.0,195.89984130859375,0.0,30.7586669921875,0.0,0.27898820435851196,0.0
2026-08-21_ewc_vitality-vs-spirit_mirage,apEX,CT,15,103.28125,peek,132978,,,,,,,,,,,traversal,143.87110417778132,1312.5,2781.25,0.0,174.80628967285156,0.7294117647058823,29.204071044921875,0.0,0.5619929096780502,1.0
2026-08-21_ewc_vitality-vs-spirit_mirage,apEX,T,0,28.984375,stop,2560,release,234.375,159.25631713867188,31.924169540405273,0.0,1.0,0.0,31.924169540405273,0.0,0.8404541015625,,,,,,,,,,,
2026-08-21_ewc_vitality-vs-spirit_mirage,apEX,T,0,28.984375,stop,2749,release,46.875,236.89877319335938,34.03290939331055,0.0,0.0,,,1.0,0.3783416748046875,,,,,,,,,,,
2026-08-21_ewc_vitality-vs-spirit_mirage,apEX,T,0,28.984375,stop,2817,release,250.0,162.14010620117188,31.208398818969727,0.0,0.0,,,0.0,4.622154235839844,,,,,,,,,,,
2026-08-21_ewc_vitality-vs-spirit_mirage,apEX,T,0,28.984375,stop,3109,counterstrafe,78.125,156.4976348876953,27.793106079101562,0.0,1.0,281.25,106.75808715820312,0.0,0.168243408203125,,,,,,,,,,,
2026-08-21_ewc_vitality-vs-spirit_mirage,apEX,T,0,28.984375,stop,3120,counterstrafe,250.0,156.4976348876953,34.17182922363281,0.0,1.0,109.375,106.75808715820312,1.0,4.5802764892578125,,,,,,,,,,,
2026-08-21_ewc_vitality-vs-spirit_mirage,apEX,T,0,28.984375,peek,2162,,,,,,,,,,,traversal,142.1184272084639,1484.375,4984.375,0.0,124.80658721923828,1.0,15.71624755859375,0.0,0.7533957738597491,1.0
2026-08-21_ewc_vitality-vs-spirit_mirage,apEX,T,0,28.984375,peek,2585,,,,,,,,,,,traversal,269.37235339905396,1484.375,4984.375,0.0,240.00656127929688,0.0,5.58892822265625,2.0,0.34253458881193694,0.0
2026-08-21_ewc_vitality-vs-spirit_mirage,apEX,T,1,42.0625,stop,6562,release,234.375,151.85606384277344,31.52277946472168,0.0,0.0,,,0.0,0.29422760009765625,,,,,,,,,,,
2026-08-21_ewc_vitality-vs-spirit_mirage,apEX,T,1,42.0625,stop,6730,counterstrafe,78.125,155.93995666503906,31.110877990722656,0.0,0.0,,,1.0,0.0,,,,,,,,,,,
2026-08-21_ewc_vitality-vs-spirit_mirage,apEX,T,1,42.0625,stop,6746,counterstrafe,328.125,155.93995666503906,15.57930850982666,0.0,0.0,,,1.0,0.25234222412109375,,,,,,,,,,,
2026-08-21_ewc_vitality-vs-spirit_mirage,apEX,T,1,42.0625,stop,6852,release,78.125,151.0706787109375,30.118053436279297,0.0,0.0,,,1.0,0.08411407470703125,,,,,,,,,,,
2026-08-21_ewc_vitality-vs-spirit_mirage,apEX,T,1,42.0625,stop,6866,release,296.875,151.0706787109375,16.46170997619629,0.0,0.0,,,1.0,2.1852493286132812,,,,,,,,,,,
2026-08-21_ewc_vitality-vs-spirit_mirage,apEX,T,1,42.0625,stop,6915,release,78.125,166.42515563964844,23.308609008789062,0.0,0.0,,,1.0,0.0,,,,,,,,,,,
2026-08-21_ewc_vitality-vs-spirit_mirage,apEX,T,1,42.0625,stop,6942,counterstrafe,93.75,159.81112670898438,9.001516342163086,0.0,0.0,,,1.0,0.04222869873046875,,,,,,,,,,,
2026-08-21_ewc_vitality-vs-spirit_mirage,apEX,T,1,42.0625,stop,6956,counterstrafe,312.5,159.81112670898438,10.491121292114258,0.0,0.0,,,1.0,0.2945709228515625,,,,,,,,,,,
2026-08-21_ewc_vitality-vs-spirit_mirage,apEX,T,1,42.0625,stop,7253,release,78.125,156.20953369140625,31.1065673828125,0.0,0.0,,,1.0,0.0,,,,,,,,,,,
2026-08-21_ewc_vitality-vs-spirit_mirage,apEX,T,1,42.0625,stop,7269,release,328.125,156.20953369140625,24.70496368408203,0.0,0.0,,,1.0,0.0,,,,,,,,,,,
2026-08-21_ewc_vitality-vs-spirit_mirage,apEX,T,1,42.0625,peek,5692,,,,,,,,,,,traversal,3.3022819225835893,125.0,125.0,1.0,44.815948486328125,0.4444444444444444,0.0,0.0,0.526386028007653,0.0
2026-08-21_ewc_vitality-vs-spirit_mirage,apEX,T,1,42.0625,peek,5824,,,,,,,,,,,traversal,41.429302041572484,1218.75,1218.75,1.0,101.68006896972656,1.0,0.29422760009765625,0.0,0.09343860969467922,1.0
2026-08-21_ewc_vitality-vs-spirit_mirage,apEX,T,1,42.0625,peek,5976,,,,,,,,,,,traversal,65.10802594786402,687.5,1062.5,1.0,124.65010070800781,0.9111111111111111,2.5632476806640625,0.0,0.3379050530968972,1.0
2026-08-21_ewc_vitality-vs-spirit_mirage,apEX,T,1,42.0625,peek,6224,,,,,,,,,,,commit,65.66080859857225,1484.375,4984.375,0.0,165.31114196777344,0.5729166666666666,19.203414916992188,0.0,1.16976172238998,1.0
2026-08-21_ewc_vitality-vs-spirit_mirage,apEX,T,1,42.0625,peek,6600,,,,,,,,,,,narrow,64.7740217089303,828.125,1921.875,1.0,136.9363250732422,0.42592592592592593,3.4037017822265625,0.0,1.2768547301819357,0.0
2026-08-21_ewc_vitality-vs-spirit_mirage,apEX,T,1,42.0625,peek,6973,,,,,,,,,,,traversal,121.82469276159088,1484.375,4984.375,0.0,124.80567169189453,0.75,14.958915710449219,0.0,0.8603756580294996,1.0
2026-08-21_ewc_vitality-vs-spirit_mirage,apEX,T,1,42.0625,peek,7546,,,,,,,,,,,traversal,8.275896809146307,187.5,187.5,1.0,74.82444763183594,0.0,0.0841064453125,0.0,0.0005742825348434146,0.0
2026-08-21_ewc_vitality-vs-spirit_mirage,apEX,T,1,42.0625,peek,7628,,,,,,,,,,,traversal,8.48175787101361,750.0,750.0,1.0,74.22748565673828,0.0,0.2101287841796875,0.0,0.10549808950922167,0.0
2026-08-21_ewc_vitality-vs-spirit_mirage,apEX,T,1,42.0625,peek,7731,,,,,,,,,,,commit,154.0514447354664,1484.375,1734.375,0.0,240.0053253173828,0.0,29.330047607421875,1.0,16.561937643851824,0.0
2026-08-21_ewc_vitality-vs-spirit_mirage,apEX,T,2,97.5625,stop,13052,counterstrafe,140.625,151.59896850585938,34.516143798828125,0.0,0.0,,,1.0,24.581893920898438,,,,,,,,,,,
2026-08-21_ewc_vitality-vs-spirit_mirage,apEX,T,2,97.5625,stop,13262,counterstrafe,125.0,169.85604858398438,29.47673797607422,0.0,1.0,15.625,22.958066940307617,0.0,1.680908203125,,,,,,,,,,,
2026-08-21_ewc_vitality-vs-spirit_mirage,apEX,T,2,97.5625,stop,14894,counterstrafe,109.375,164.11363220214844,28.92098045349121,0.0,0.0,,,1.0,0.6722259521484375,,,,,,,,,,,
2026-08-21_ewc_vitality-vs-spirit_mirage,apEX,T,2,97.5625,stop,14932,release,203.125,164.7794647216797,30.75162696838379,0.0,0.0,,,0.0,0.0418853759765625,,,,,,,,,,,
2026-08-21_ewc_vitality-vs-spirit_mirage,apEX,T,2,97.5625,stop,14999,counterstrafe,78.125,164.9126434326172,3.7117371559143066,0.0,1.0,0.0,3.7117371559143066,1.0,0.08411407470703125,,,,,,,,,,,
2026-08-21_ewc_vitality-vs-spirit_mirage,apEX,T,2,97.5625,stop,15180,counterstrafe,156.25,157.7339630126953,26.412174224853516,1.0,1.0,0.0,26.412174224853516,1.0,1.5130233764648438,,,,,,,,,,,
2026-08-21_ewc_vitality-vs-spirit_mirage,apEX,T,2,97.5625,stop,15414,release,281.25,177.59988403320312,32.359397888183594,0.0,0.0,,,0.0,0.0418853759765625,,,,,,,,,,,
2026-08-21_ewc_vitality-vs-spirit_mirage,apEX,T,2,97.5625,stop,15517,counterstrafe,93.75,172.87437438964844,22.07845687866211,1.0,1.0,0.0,22.07845687866211,0.0,1.3866806030273438,,,,,,,,,,,
2026-08-21_ewc_vitality-vs-spirit_mirage,apEX,T,2,97.5625,peek,12201,,,,,,,,,,,commit,158.09898037245569,1484.375,4984.375,0.0,129.22706604003906,0.9166666666666666,18.784210205078125,0.0,3.8834443552684266,1.0
2026-08-21_ewc_vitality-vs-spirit_mirage,apEX,T,2,97.5625,peek,13137,,,,,,,,,,,commit,114.44540322200115,1484.375,4984.375,0.0,184.37005615234375,0.0,175.39181518554688,1.0,2.109212804705011,0.0
2026-08-21_ewc_vitality-vs-spirit_mirage,apEX,T,2,97.5625,peek,13821,,,,,,,,,,,traversal,130.8096533342339,1484.375,4984.375,0.0,111.80409240722656,0.9479166666666666,88.66239166259766,0.0,0.23318696955359577,1.0
2026-08-21_ewc_vitality-vs-spirit_mirage,apEX,T,2,97.5625,peek,14240,,,,,,,,,,,traversal,132.1909643711248,1484.375,4984.375,0.0,111.80573272705078,1.0,74.12406921386719,0.0,0.567116520007672,1.0
2026-08-21_ewc_vitality-vs-spirit_mirage,apEX,T,2,97.5625,peek,14870,,,,,,,,,,,jiggle,44.043314363641834,421.875,421.875,1.0,194.29837036132812,0.0,5.420722961425781,1.0,20.142065047407577,0.0
2026-08-21_ewc_vitality-vs-spirit_mirage,apEX,T,2,97.5625,peek,14975,,,,,,,,,,,commit,48.05905854228218,343.75,4984.375,0.0,204.6046600341797,0.0,1.1346817016601562,3.0,69.66464920021245,0.0
2026-08-21_ewc_vitality-vs-spirit_mirage,apEX,T,2,97.5625,peek,15323,,,,,,,,,,,commit,78.79651859410107,1468.75,4984.375,0.0,177.59988403320312,0.0,5.420722961425781,2.0,1.2804332864348598,0.0
2026-08-21_ewc_vitality-vs-spirit_mirage,apEX,T,3,109.859375,stop,15786,release,31.25,218.1875,0.0,0.0,0.0,,,0.0,0.7982177734375,,,,,,,,,,,
2026-08-21_ewc_vitality-vs-spirit_mirage,apEX,T,3,109.859375,stop,17904,counterstrafe,187.5,151.5477752685547,34.9004020690918,0.0,0.0,,,1.0,0.2519989013671875,,,,,,,,,,,
2026-08-21_ewc_vitality-vs-spirit_mirage,apEX,T,3,109.859375,stop,18664,release,93.75,178.10479736328125,12.121569633483887,0.0,1.0,62.5,0.0,1.0,0.336456298828125,,,,,,,,,,,
2026-08-21_ewc_vitality-vs-spirit_mirage,apEX,T,3,109.859375,stop,18728,release,78.125,165.05148315429688,26.955364227294922,0.0,1.0,78.125,0.0,1.0,0.7985687255859375,,,,,,,,,,,
2026-08-21_ewc_vitality-vs-spirit_mirage,apEX,T,3,109.859375,stop,19658,counter_fwd,187.5,160.6875457763672,27.662864685058594,0.0,0.0,,,0.0,0.378326416015625,,,,,,,,,,,
2026-08-21_ewc_vitality-vs-spirit_mirage,apEX,T,3,109.859375,stop,19714,release,234.375,152.3456573486328,31.826278686523438,0.0,0.0,,,0.0,0.0,,,,,,,,,,,
2026-08-21_ewc_vitality-vs-spirit_mirage,apEX,T,3,109.859375,stop,19753,release,78.125,159.7831573486328,30.476985931396484,0.0,0.0,,,1.0,0.0,,,,,,,,,,,
2026-08-21_ewc_vitality-vs-spirit_mirage,apEX,T,3,109.859375,stop,19765,release,265.625,159.7831573486328,34.38872146606445,0.0,0.0,,,1.0,0.33612060546875,,,,,,,,,,,
2026-08-21_ewc_vitality-vs-spirit_mirage,apEX,T,3,109.859375,stop,19820,counterstrafe,93.75,153.7982635498047,26.10192108154297,0.0,0.0,,,1.0,0.0,,,,,,,,,,,
2026-08-21_ewc_vitality-vs-spirit_mirage,apEX,T,3,109.859375,stop,19841,counterstrafe,93.75,150.11402893066406,30.183757781982422,0.0,0.0,,,1.0,0.0,,,,,,,,,,,
2026-08-21_ewc_vitality-vs-spirit_mirage,apEX,T,3,109.859375,stop,19859,counterstrafe,375.0,150.11402893066406,34.25609588623047,0.0,0.0,,,1.0,0.378326416015625,,,,,,,,,,,
2026-08-21_ewc_vitality-vs-spirit_mirage,apEX,T,3,109.859375,stop,20080,counterstrafe,156.25,156.82803344726562,32.25055694580078,0.0,0.0,,,0.0,0.756683349609375,,,,,,,,,,,
2026-08-21_ewc_vitality-vs-spirit_mirage,apEX,T,3,109.859375,stop,20162,counterstrafe,78.125,152.95401000976562,17.682661056518555,0.0,0.0,,,1.0,0.0418701171875,,,,,,,,,,,
2026-08-21_ewc_vitality-vs-spirit_mirage,apEX,T,3,109.859375,stop,20378,counterstrafe,78.125,153.03125,26.742219924926758,0.0,0.0,,,1.0,0.0,,,,,,,,,,,
2026-08-21_ewc_vitality-vs-spirit_mirage,apEX,T,3,109.859375,stop,20781,counterstrafe,93.75,168.33126831054688,24.509540557861328,0.0,0.0,,,0.0,0.924591064453125,,,,,,,,,,,
2026-08-21_ewc_vitality-vs-spirit_mirage,apEX,T,3,109.859375,stop,20811,release,78.125,155.2898406982422,23.431726455688477,0.0,0.0,,,0.0,0.0,,,,,,,,,,,
2026-08-21_ewc_vitality-vs-spirit_mirage,apEX,T,3,109.859375,stop,20964,release,109.375,150.26171875,0.0,0.0,0.0,,,0.0,0.50433349609375,,,,,,,,,,,
2026-08-21_ewc_vitality-vs-spirit_mirage,apEX,T,3,109.859375,peek,15839,,,,,,,,,,,traversal,247.09963991634365,1484.375,4984.375,0.0,248.1087646484375,0.0,106.016357421875,1.0,0.4735497451275948,0.0
2026-08-21_ewc_vitality-vs-spirit_mirage,apEX,T,3,109.859375,peek,17451,,,,,,,,,,,traversal,306.7842485507046,1484.375,4984.375,0.0,250.00526428222656,0.0,67.82064819335938,0.0,0.16325982879270232,0.0
2026-08-21_ewc_vitality-vs-spirit_mirage,apEX,T,3,109.859375,peek,18037,,,,,,,,,,,traversal,48.863301352528346,1296.875,1421.875,1.0,143.91555786132812,0.30952380952380953,0.7982254028320312,0.0,0.9195491410179812,0.0
2026-08-21_ewc_vitality-vs-spirit_mirage,apEX,T,3,109.859375,peek,18169,,,,,,,,,,,jiggle,6.775204657055771,109.375,109.375,1.0,81.78776550292969,0.0,0.4621124267578125,0.0,48.8010525304843,0.0
2026-08-21_ewc_vitality-vs-spirit_mirage,apEX,T,3,109.859375,peek,18217,,,,,,,,,,,jiggle,12.491928376882871,1484.375,1484.375,1.0,83.552978515625,0.010416666666666666,1.050567626953125,0.0,2.5882429498412813,0.0
2026-08-21_ewc_vitality-vs-spirit_mirage,apEX,T,3,109.859375,peek,18382,,,,,,,,,,,traversal,74.77371841919015,1484.375,4984.375,0.0,111.80535888671875,0.65625,2.731475830078125,1.0,0.48618957647607275,1.0
2026-08-21_ewc_vitality-vs-spirit_mirage,apEX,T,3,109.859375,peek,18749,,,,,,,,,,,traversal,322.3534363491016,1484.375,4984.375,0.0,249.99046325683594,0.0,26.683746337890625,0.0,6.190728373177291,0.0
2026-08-21_ewc_vitality-vs-spirit_mirage,apEX,T,3,109.859375,peek,19379,,,,,,,,,,,narrow,69.08576594334333,750.0,1531.25,1.0,111.80451965332031,0.9591836734693877,7.732330322265625,0.0,3.4221614067463832,1.0
2026-08-21_ewc_vitality-vs-spirit_mirage,apEX,T,3,109.859375,peek,19541,,,,,,,,,,,traversal,65.90180329716847,1484.375,4984.375,0.0,227.64158630371094,0.6041666666666666,6.303436279296875,1.0,0.19951665037088692,1.0
2026-08-21_ewc_vitality-vs-spirit_mirage,apEX,T,3,109.859375,peek,20031,,,,,,,,,,,narrow,92.13459669682375,1484.375,3171.875,1.0,218.55807495117188,0.0,3.656036376953125,0.0,1.929480092341033,0.0
2026-08-21_ewc_vitality-vs-spirit_mirage,apEX,T,3,109.859375,peek,20303,,,,,,,,,,,narrow,111.02927093712994,1171.875,1843.75,1.0,170.91748046875,0.7763157894736842,14.7491455078125,0.0,3.172595382555062,1.0
2026-08-21_ewc_vitality-vs-spirit_mirage,apEX,T,3,109.859375,peek,20595,,,,,,,,,,,jiggle,14.157157504259386,1484.375,1484.375,1.0,115.77488708496094,0.7395833333333334,0.126007080078125,0.0,2.392199792099765,1.0
2026-08-21_ewc_vitality-vs-spirit_mirage,apEX,T,3,109.859375,peek,21024,,,,,,,,,,,traversal,251.65876434075213,1484.375,4984.375,0.0,250.00381469726562,0.4270833333333333,1.72314453125,0.0,0.023883423308684947,0.0
2026-08-21_ewc_vitality-vs-spirit_mirage,apEX,T,3,109.859375,peek,22126,,,,,,,,,,,commit,80.14219948895295,1109.375,4984.375,0.0,111.80781555175781,1.0,74.71150970458984,0.0,3.404063958425851,1.0
2026-08-21_ewc_vitality-vs-spirit_mirage,apEX,T,3,109.859375,peek,22718,,,,,,,,,,,traversal,117.63748039779331,1484.375,4984.375,0.0,111.80809783935547,0.9791666666666666,10.54754638671875,0.0,0.507532876498822,1.0
2026-08-21_ewc_vitality-vs-spirit_mirage,apEX,T,3,109.859375,peek,23126,,,,,,,,,,,jiggle,53.8567542832778,1015.625,1234.375,1.0,106.20260620117188,0.19696969696969696,10.505035400390625,0.0,1.1583503600193623,0.0
2026-08-21_ewc_vitality-vs-spirit_mirage,apEX,T,3,109.859375,peek,23268,,,,,,,,,,,jiggle,9.738273205354064,250.0,250.0,1.0,55.251747131347656,1.0,0.630340576171875,0.0,2.2362740520992817,1.0
2026-08-21_ewc_vitality-vs-spirit_mirage,apEX,T,3,109.859375,peek,23376,,,,,,,,,,,traversal,45.24249280139171,1484.375,1609.375,1.0,111.59539031982422,0.3020833333333333,18.69903564453125,0.0,0.5812692150669004,0.0
2026-08-21_ewc_vitality-vs-spirit_mirage,apEX,T,3,109.859375,peek,23482,,,,,,,,,,,traversal,69.30435218779371,1484.375,4984.375,0.0,109.14600372314453,1.0,52.81848907470703,0.0,0.700133826289049,1.0
2026-08-21_ewc_vitality-vs-spirit_mirage,apEX,T,4,89.59375,stop,27300,release,234.375,151.1651153564453,31.093830108642578,0.0,0.0,,,0.0,8.44573974609375,,,,,,,,,,,
2026-08-21_ewc_vitality-vs-spirit_mirage,apEX,T,4,89.59375,stop,27517,release,46.875,168.37815856933594,33.43247604370117,0.0,0.0,,,0.0,0.0,,,,,,,,,,,
2026-08-21_ewc_vitality-vs-spirit_mirage,apEX,T,4,89.59375,stop,27703,counterstrafe,78.125,161.1737518310547,34.709014892578125,0.0,0.0,,,0.0,0.9664459228515625,,,,,,,,,,,
2026-08-21_ewc_vitality-vs-spirit_mirage,apEX,T,4,89.59375,stop,28023,release,78.125,160.0606231689453,13.452354431152344,0.0,0.0,,,1.0,0.0,,,,,,,,,,,
2026-08-21_ewc_vitality-vs-spirit_mirage,apEX,T,4,89.59375,stop,28928,counterstrafe,78.125,182.76934814453125,30.975414276123047,0.0,0.0,,,1.0,0.0,,,,,,,,,,,
2026-08-21_ewc_vitality-vs-spirit_mirage,apEX,T,4,89.59375,stop,29048,counterstrafe,78.125,150.14529418945312,22.583341598510742,0.0,0.0,,,1.0,0.0,,,,,,,,,,,
2026-08-21_ewc_vitality-vs-spirit_mirage,apEX,T,4,89.59375,stop,30982,release,125.0,193.03878784179688,32.79957580566406,0.0,0.0,,,0.0,0.0418701171875,,,,,,,,,,,
2026-08-21_ewc_vitality-vs-spirit_mirage,apEX,T,4,89.59375,stop,32268,release,78.125,238.8603515625,29.20486831665039,0.0,0.0,,,0.0,0.29388427734375,,,,,,,,,,,
2026-08-21_ewc_vitality-vs-spirit_mirage,apEX,T,4,89.59375,stop,32335,counterstrafe,78.125,169.83853149414062,30.0399227142334,0.0,0.0,,,1.0,0.041900634765625,,,,,,,,,,,
2026-08-21_ewc_vitality-vs-spirit_mirage,apEX,T,4,89.59375,stop,32375,release,78.125,170.02809143066406,34.27804946899414,0.0,0.0,,,0.0,0.04222869873046875,,,,,,,,,,,
2026-08-21_ewc_vitality-vs-spirit_mirage,apEX,T,4,89.59375,stop,32547,counterstrafe,46.875,155.81143188476562,29.371150970458984,0.0,1.0,0.0,29.371150970458984,1.0,0.58843994140625,,,,,,,,,,,
2026-08-21_ewc_vitality-vs-spirit_mirage,apEX,T,4,89.59375,peek,26896,,,,,,,,,,,traversal,203.02698649721333,1281.25,4984.375,0.0,242.52798461914062,0.0,104.16722106933594,0.0,0.1402089445084572,0.0
2026-08-21_ewc_vitality-vs-spirit_mirage,apEX,T,4,89.59375,peek,27359,,,,,,,,,,,traversal,246.8231800276849,1484.375,4984.375,0.0,242.13673400878906,0.4479166666666667,106.05891418457031,0.0,0.21424044477573073,0.0
2026-08-21_ewc_vitality-vs-spirit_mirage,apEX,T,4,89.59375,peek,27738,,,,,,,,,,,traversal,254.13377580308747,1484.375,4984.375,0.0,240.0181427001953,0.0,171.39974975585938,0.0,0.2539519630152466,0.0
2026-08-21_ewc_vitality-vs-spirit_mirage,apEX,T,4,89.59375,peek,28474,,,,,,,,,,,traversal,62.12067385081069,750.0,4984.375,0.0,121.24846649169922,0.9183673469387755,2.311248779296875,0.0,0.5113142449755297,1.0
2026-08-21_ewc_vitality-vs-spirit_mirage,apEX,T,4,89.59375,peek,28835,,,,,,,,,,,commit,135.9614357466152,1453.125,4984.375,0.0,204.5227813720703,0.5425531914893617,40.59104919433594,0.0,1.2512111720923964,1.0
2026-08-21_ewc_vitality-vs-spirit_mirage,apEX,T,4,89.59375,peek,29369,,,,,,,,,,,jiggle,28.663902611499694,359.375,359.375,1.0,111.36734771728516,1.0,0.0,0.0,76.35231030417611,1.0
2026-08-21_ewc_vitality-vs-spirit_mirage,apEX,T,4,89.59375,peek,29420,,,,,,,,,,,jiggle,12.869726228279069,265.625,265.625,1.0,73.65919494628906,1.0,0.33611297607421875,0.0,1.0967061241897365,1.0
2026-08-21_ewc_vitality-vs-spirit_mirage,apEX,T,4,89.59375,peek,29491,,,,,,,,,,,jiggle,13.610335726310328,156.25,156.25,1.0,129.1856689453125,0.0,0.33611297607421875,0.0,65.6127254124626,0.0
2026-08-21_ewc_vitality-vs-spirit_mirage,apEX,T,4,89.59375,peek,29544,,,,,,,,,,,jiggle,9.251981372097575,1484.375,1484.375,1.0,111.71424102783203,0.2916666666666667,1.6386795043945312,0.0,5.2241284052628165,0.0
2026-08-21_ewc_vitality-vs-spirit_mirage,apEX,T,4,89.59375,peek,29702,,,,,,,,,,,traversal,159.10914101087326,1484.375,4984.375,0.0,124.80609893798828,1.0,6.975288391113281,0.0,0.32308780325112935,1.0
2026-08-21_ewc_vitality-vs-spirit_mirage,apEX,T,4,89.59375,peek,30160,,,,,,,,,,,jiggle,11.06597852136981,250.0,250.0,1.0,65.57331848144531,1.0,0.33612060546875,0.0,1.2833280138682583,1.0
2026-08-21_ewc_vitality-vs-spirit_mirage,apEX,T,4,89.59375,peek,30429,,,,,,,,,,,traversal,167.97474853634947,1484.375,4984.375,0.0,129.75286865234375,1.0,60.719024658203125,0.0,0.23052905158943574,1.0
2026-08-21_ewc_vitality-vs-spirit_mirage,apEX,T,4,89.59375,peek,32089,,,,,,,,,,,commit,185.36744280366787,1484.375,4984.375,0.0,240.09776306152344,0.0,109.33624267578125,0.0,1.0085177213140852,0.0
2026-08-21_ewc_vitality-vs-spirit_mirage,apEX,T,4,89.59375,peek,32425,,,,,,,,,,,traversal,29.745817814108808,375.0,375.0,1.0,95.9542465209961,0.0,1.7653656005859375,0.0,0.0018727160090043545,0.0
2026-08-21_ewc_vitality-vs-spirit_mirage,apEX,T,5,88.359375,stop,34457,counter_fwd,234.375,151.34124755859375,23.05018424987793,0.0,0.0,,,0.0,0.46246337890625,,,,,,,,,,,
2026-08-21_ewc_vitality-vs-spirit_mirage,apEX,T,5,88.359375,stop,34565,release,250.0,160.8989715576172,29.420711517333984,0.0,0.0,,,0.0,1.1765594482421875,,,,,,,,,,,
2026-08-21_ewc_vitality-vs-spirit_mirage,apEX,T,5,88.359375,stop,36466,counterstrafe,78.125,159.33767700195312,22.434480667114258,0.0,0.0,,,1.0,0.0,,,,,,,,,,,
2026-08-21_ewc_vitality-vs-spirit_mirage,apEX,T,5,88.359375,stop,36495,release,234.375,152.05775451660156,30.424985885620117,0.0,0.0,,,0.0,0.5884552001953125,,,,,,,,,,,
2026-08-21_ewc_vitality-vs-spirit_mirage,apEX,T,5,88.359375,stop,39031,release,187.5,171.48934936523438,34.6747932434082,0.0,0.0,,,1.0,0.1678466796875,,,,,,,,,,,
2026-08-21_ewc_vitality-vs-spirit_mirage,apEX,T,5,88.359375,stop,39426,release,343.75,153.17977905273438,30.11894416809082,0.0,0.0,,,0.0,0.168212890625,,,,,,,,,,,
2026-08-21_ewc_vitality-vs-spirit_mirage,apEX,T,5,88.359375,stop,39541,release,78.125,165.28895568847656,17.213396072387695,0.0,0.0,,,1.0,0.37799072265625,,,,,,,,,,,
2026-08-21_ewc_vitality-vs-spirit_mirage,apEX,T,5,88.359375,stop,39564,release,78.125,151.46409606933594,10.870363235473633,0.0,0.0,,,1.0,0.042236328125,,,,,,,,,,,
2026-08-21_ewc_vitality-vs-spirit_mirage,apEX,T,5,88.359375,stop,39668,release,78.125,161.97824096679688,14.288397789001465,0.0,0.0,,,1.0,0.0,,,,,,,,,,,
2026-08-21_ewc_vitality-vs-spirit_mirage,apEX,T,5,88.359375,stop,39702,counterstrafe,93.75,151.9947052001953,34.756893157958984,0.0,0.0,,,0.0,0.168212890625,,,,,,,,,,,
2026-08-21_ewc_vitality-vs-spirit_mirage,apEX,T,5,88.359375,stop,39736,counterstrafe,78.125,160.67214965820312,28.30227279663086,0.0,0.0,,,1.0,0.252349853515625,,,,,,,,,,,
2026-08-21_ewc_vitality-vs-spirit_mirage,apEX,T,5,88.359375,stop,39742,counterstrafe,171.875,160.67214965820312,32.85804748535156,0.0,0.0,,,1.0,0.33612060546875,,,,,,,,,,,
2026-08-21_ewc_vitality-vs-spirit_mirage,apEX,T,5,88.359375,stop,39796,release,46.875,221.9522247314453,21.18637466430664,0.0,0.0,,,1.0,0.0,,,,,,,,,,,
2026-08-21_ewc_vitality-vs-spirit_mirage,apEX,T,5,88.359375,peek,35258,,,,,,,,,,,traversal,176.41675403866986,1484.375,4984.375,0.0,124.80682373046875,0.96875,30.254638671875,0.0,0.5905512682934017,1.0
2026-08-21_ewc_vitality-vs-spirit_mirage,apEX,T,5,88.359375,peek,35584,,,,,,,,,,,traversal,40.04133477468051,531.25,531.25,1.0,107.47502136230469,1.0,5.29437255859375,0.0,0.9329871767335888,1.0
2026-08-21_ewc_vitality-vs-spirit_mirage,apEX,T,5,88.359375,peek,35662,,,,,,,,,,,traversal,26.878956739547743,765.625,765.625,1.0,95.25263214111328,1.0,1.261016845703125,0.0,0.8134046898794274,1.0
2026-08-21_ewc_vitality-vs-spirit_mirage,apEX,T,5,88.359375,peek,35720,,,,,,,,,,,traversal,35.698640746173346,1421.875,1421.875,1.0,106.84552001953125,0.5434782608695652,4.1181640625,0.0,0.40472391712952077,1.0
2026-08-21_ewc_vitality-vs-spirit_mirage,apEX,T,5,88.359375,peek,35815,,,,,,,,,,,traversal,64.8940170520714,671.875,1031.25,1.0,124.69853973388672,1.0,1.0931396484375,0.0,0.0030690483936454717,1.0
2026-08-21_ewc_vitality-vs-spirit_mirage,apEX,T,5,88.359375,peek,36007,,,,,,,,,,,traversal,21.380144961948933,1093.75,1093.75,1.0,73.05039978027344,1.0,0.0,0.0,0.1958978135997313,1.0
2026-08-21_ewc_vitality-vs-spirit_mirage,apEX,T,5,88.359375,peek,36141,,,,,,,,,,,traversal,33.845093211731644,562.5,562.5,1.0,108.48003387451172,1.0,0.58843994140625,0.0,0.0041375964696755375,1.0
2026-08-21_ewc_vitality-vs-spirit_mirage,apEX,T,5,88.359375,peek,36327,,,,,,,,,,,jiggle,35.85662380981286,453.125,453.125,1.0,113.19381713867188,1.0,3.65570068359375,0.0,1.7129940806082484,1.0
2026-08-21_ewc_vitality-vs-spirit_mirage,apEX,T,5,88.359375,peek,36451,,,,,,,,,,,jiggle,23.494425557932487,218.75,218.75,1.0,159.33767700195312,0.0,0.3783416748046875,0.0,76.70033352256425,0.0
2026-08-21_ewc_vitality-vs-spirit_mirage,apEX,T,5,88.359375,peek,36571,,,,,,,,,,,commit,48.07804853091855,484.375,4984.375,0.0,126.64192199707031,0.8125,6.009185791015625,0.0,23.965374698325963,1.0
2026-08-21_ewc_vitality-vs-spirit_mirage,apEX,T,5,88.359375,peek,36957,,,,,,,,,,,commit,142.0952763762923,1484.375,4984.375,0.0,124.80418395996094,0.9479166666666666,82.31747436523438,0.0,8.088247018346012,1.0
2026-08-21_ewc_vitality-vs-spirit_mirage,apEX,T,5,88.359375,peek,37447,,,,,,,,,,,traversal,137.55845932933292,1281.25,4984.375,0.0,124.80719757080078,0.8192771084337349,4.832267761230469,0.0,0.08153452293697902,1.0
2026-08-21_ewc_vitality-vs-spirit_mirage,apEX,T,5,88.359375,peek,37767,,,,,,,,,,,traversal,5.804229305022803,171.875,171.875,1.0,55.06486892700195,1.0,0.0,0.0,0.0003653245532632765,1.0
2026-08-21_ewc_vitality-vs-spirit_mirage,apEX,T,5,88.359375,peek,37942,,,,,,,,,,,traversal,78.19819725390836,1484.375,4984.375,0.0,124.80929565429688,0.6875,19.791526794433594,0.0,0.9393984920348591,1.0
2026-08-21_ewc_vitality-vs-spirit_mirage,apEX,T,5,88.359375,peek,38935,,,,,,,,,,,commit,279.75978821408137,1484.375,4984.375,0.0,240.0071563720703,0.0,69.62686157226562,0.0,2.30059983738441,0.0
2026-08-21_ewc_vitality-vs-spirit_mirage,apEX,T,5,88.359375,peek,39266,,,,,,,,,,,commit,60.082003645366335,546.875,4984.375,0.0,124.7878189086914,0.7222222222222222,11.975433349609375,0.0,1.3653763710630276,1.0
2026-08-21_ewc_vitality-vs-spirit_mirage,apEX,T,5,88.359375,peek,39638,,,,,,,,,,,narrow,65.40256758877742,453.125,671.875,1.0,216.24026489257812,0.0,27.8173828125,0.0,7.773370077511039,0.0
2026-08-21_ewc_vitality-vs-spirit_mirage,apEX,T,6,85.515625,stop,47321,counter_fwd,125.0,158.8503875732422,23.568626403808594,0.0,0.0,,,0.0,1.050567626953125,,,,,,,,,,,
2026-08-21_ewc_vitality-vs-spirit_mirage,apEX,T,6,85.515625,stop,48278,counterstrafe,156.25,155.8594970703125,10.558073997497559,0.0,0.0,,,1.0,0.7567138671875,,,,,,,,,,,
2026-08-21_ewc_vitality-vs-spirit_mirage,apEX,T,6,85.515625,stop,50422,counterstrafe,78.125,151.46958923339844,11.988777160644531,0.0,0.0,,,1.0,61.18115234375,,,,,,,,,,,
2026-08-21_ewc_vitality-vs-spirit_mirage,apEX,T,6,85.515625,stop,50526,crouch_stop,15.625,209.69418334960938,0.0,1.0,1.0,0.0,0.0,0.0,0.0422210693359375,,,,,,,,,,,
2026-08-21_ewc_vitality-vs-spirit_mirage,apEX,T,6,85.515625,peek,47035,,,,,,,,,,,commit,148.18192335318344,1484.375,4984.375,0.0,124.8062744140625,1.0,95.09114074707031,1.0,4.132832965884776,1.0
2026-08-21_ewc_vitality-vs-spirit_mirage,apEX,T,6,85.515625,peek,47479,,,,,,,,,,,commit,129.63624738201267,1187.5,4984.375,0.0,124.81069946289062,0.935064935064935,58.82732391357422,0.0,3.188521624189454,1.0
2026-08-21_ewc_vitality-vs-spirit_mirage,apEX,T,6,85.515625,peek,48876,,,,,,,,,,,traversal,137.54582839365264,1484.375,4984.375,0.0,124.80744934082031,1.0,131.690673828125,0.0,0.656388356051346,1.0
2026-08-21_ewc_vitality-vs-spirit_mirage,apEX,T,6,85.515625,peek,49536,,,,,,,,,,,traversal,22.166264019676095,343.75,343.75,1.0,97.234375,1.0,3.48779296875,0.0,0.2920269186028735,1.0
2026-08-21_ewc_vitality-vs-spirit_mirage,apEX,T,6,85.515625,peek,49651,,,,,,,,,,,jiggle,10.807927343926984,234.375,234.375,1.0,70.1014633178711,0.9375,61.643585205078125,0.0,1.3430435122071143,1.0
2026-08-21_ewc_vitality-vs-spirit_mirage,apEX,T,6,85.515625,peek,49757,,,,,,,,,,,jiggle,58.876933218022046,671.875,859.375,1.0,137.0205535888672,0.6590909090909091,34.20386505126953,0.0,1.709832792770055,1.0
2026-08-21_ewc_vitality-vs-spirit_mirage,apEX,T,7,116.3125,stop,52768,counterstrafe,140.625,153.18472290039062,24.672910690307617,0.0,0.0,,,1.0,7.227630615234375,,,,,,,,,,,
2026-08-21_ewc_vitality-vs-spirit_mirage,apEX,T,7,116.3125,stop,52842,release,93.75,153.46505737304688,26.025949478149414,0.0,0.0,,,1.0,19.749298095703125,,,,,,,,,,,
2026-08-21_ewc_vitality-vs-spirit_mirage,apEX,T,7,116.3125,stop,52856,release,312.5,153.46505737304688,30.392704010009766,0.0,0.0,,,1.0,25.67401885986328,,,,,,,,,,,
2026-08-21_ewc_vitality-vs-spirit_mirage,apEX,T,7,116.3125,stop,52922,release,234.375,157.0552215576172,34.143123626708984,0.0,0.0,,,0.0,0.7563400268554688,,,,,,,,,,,
2026-08-21_ewc_vitality-vs-spirit_mirage,apEX,T,7,116.3125,stop,53009,release,140.625,162.59471130371094,34.316810607910156,0.0,0.0,,,0.0,4.66436767578125,,,,,,,,,,,
2026-08-21_ewc_vitality-vs-spirit_mirage,apEX,T,7,116.3125,stop,53137,release,78.125,154.36668395996094,19.723535537719727,0.0,1.0,78.125,18.402240753173828,1.0,0.0841217041015625,,,,,,,,,,,
2026-08-21_ewc_vitality-vs-spirit_mirage,apEX,T,7,116.3125,stop,55796,counterstrafe,78.125,154.59886169433594,23.639528274536133,0.0,0.0,,,1.0,0.4621124267578125,,,,,,,,,,,
2026-08-21_ewc_vitality-vs-spirit_mirage,apEX,T,7,116.3125,stop,56138,release,62.5,152.96189880371094,32.6312141418457,0.0,0.0,,,1.0,0.0,,,,,,,,,,,
2026-08-21_ewc_vitality-vs-spirit_mirage,apEX,T,7,116.3125,stop,56153,release,296.875,152.96189880371094,30.40799903869629,0.0,0.0,,,1.0,0.0,,,,,,,,,,,
2026-08-21_ewc_vitality-vs-spirit_mirage,apEX,T,7,116.3125,stop,58757,release,93.75,183.19606018066406,18.71390724182129,0.0,0.0,,,1.0,0.16788482666015625,,,,,,,,,,,
2026-08-21_ewc_vitality-vs-spirit_mirage,apEX,T,7,116.3125,stop,58809,counterstrafe,218.75,159.43594360351562,34.205604553222656,0.0,1.0,281.25,0.0,1.0,0.9241943359375,,,,,,,,,,,
2026-08-21_ewc_vitality-vs-spirit_mirage,apEX,T,7,116.3125,stop,58909,crouch_stop,156.25,158.9724578857422,34.212890625,1.0,1.0,125.0,21.99609375,0.0,0.0,,,,,,,,,,,
2026-08-21_ewc_vitality-vs-spirit_mirage,apEX,T,7,116.3125,peek,52822,,,,,,,,,,,jiggle,30.03307263200063,296.875,296.875,1.0,156.96453857421875,0.0,22.270660400390625,0.0,2.973347896310079,0.0
2026-08-21_ewc_vitality-vs-spirit_mirage,apEX,T,7,116.3125,peek,52942,,,,,,,,,,,traversal,112.67951194127835,1281.25,3828.125,1.0,186.1536865234375,0.0,35.63347625732422,2.0,0.9567450521205887,0.0
2026-08-21_ewc_vitality-vs-spirit_mirage,apEX,T,7,116.3125,peek,54393,,,,,,,,,,,commit,160.78065323817376,1484.375,4984.375,0.0,122.92866516113281,0.9895833333333334,84.08148193359375,0.0,2.675254186883309,1.0
2026-08-21_ewc_vitality-vs-spirit_mirage,apEX,T,7,116.3125,peek,54909,,,,,,,,,,,jiggle,20.321555860041084,1484.375,1484.375,1.0,108.4343032836914,0.7395833333333334,3.8236236572265625,0.0,2.9621208337649327,1.0
2026-08-21_ewc_vitality-vs-spirit_mirage,apEX,T,7,116.3125,peek,55080,,,,,,,,,,,jiggle,18.692684558377824,1484.375,1484.375,1.0,104.27362060546875,0.22916666666666666,0.7559967041015625,0.0,23.05023646878945,0.0
2026-08-21_ewc_vitality-vs-spirit_mirage,apEX,T,7,116.3125,peek,55211,,,,,,,,,,,jiggle,22.6776141993974,1421.875,1421.875,1.0,93.2979736328125,0.9347826086956522,2.1852264404296875,0.0,2.8603917000968684,1.0
2026-08-21_ewc_vitality-vs-spirit_mirage,apEX,T,7,116.3125,peek,55779,,,,,,,,,,,jiggle,26.173306720630773,265.625,265.625,1.0,154.59886169433594,0.0,0.7985687255859375,0.0,68.17918862078898,0.0
2026-08-21_ewc_vitality-vs-spirit_mirage,apEX,T,7,116.3125,peek,55973,,,,,,,,,,,jiggle,17.121188557540957,1203.125,1203.125,1.0,135.31204223632812,0.0,0.0,0.0,41.055465860979595,0.0
2026-08-21_ewc_vitality-vs-spirit_mirage,apEX,T,7,116.3125,peek,56122,,,,,,,,,,,jiggle,26.876827456267346,250.0,250.0,1.0,170.1648406982422,0.0,0.0,0.0,103.96719393289082,0.0
2026-08-21_ewc_vitality-vs-spirit_mirage,apEX,T,7,116.3125,peek,56186,,,,,,,,,,,jiggle,14.240672653610101,171.875,171.875,1.0,132.80946350097656,0.0,0.0,0.0,83.20278566511749,0.0
2026-08-21_ewc_vitality-vs-spirit_mirage,apEX,T,7,116.3125,peek,56240,,,,,,,,,,,jiggle,18.437949741260915,859.375,859.375,1.0,144.6605987548828,0.0,0.0,0.0,62.79741170299403,0.0
2026-08-21_ewc_vitality-vs-spirit_mirage,apEX,T,7,116.3125,peek,56376,,,,,,,,,,,traversal,153.62956734461483,1484.375,4984.375,0.0,199.18751525878906,0.0,134.6319580078125,0.0,0.9975527354728875,0.0
2026-08-21_ewc_vitality-vs-spirit_mirage,apEX,T,7,116.3125,peek,56720,,,,,,,,,,,jiggle,43.15196446686917,421.875,421.875,1.0,130.00306701660156,0.8214285714285714,3.73980712890625,0.0,12.563727515031532,1.0
2026-08-21_ewc_vitality-vs-spirit_mirage,apEX,T,7,116.3125,peek,56811,,,,,,,,,,,traversal,167.7380446099684,1484.375,2265.625,1.0,130.00843811035156,0.9895833333333334,21.514328002929688,0.0,0.19535536172664456,1.0
2026-08-21_ewc_vitality-vs-spirit_mirage,apEX,T,7,116.3125,peek,58831,,,,,,,,,,,traversal,208.6391256128811,1421.875,4984.375,0.0,249.99839782714844,0.0,68.61923217773438,1.0,0.9739739876098205,0.0
2026-08-21_ewc_vitality-vs-spirit_mirage,apEX,T,8,88.484375,stop,63214,release,46.875,154.20217895507812,0.0,0.0,1.0,234.375,6.173145771026611,0.0,81.23771667480469,,,,,,,,,,,
2026-08-21_ewc_vitality-vs-spirit_mirage,apEX,T,8,88.484375,stop,63821,release,156.25,170.20802307128906,34.44816970825195,0.0,0.0,,,1.0,0.0,,,,,,,,,,,
2026-08-21_ewc_vitality-vs-spirit_mirage,apEX,T,8,88.484375,stop,64015,release,109.375,150.02915954589844,30.922670364379883,0.0,0.0,,,0.0,0.2942352294921875,,,,,,,,,,,
2026-08-21_ewc_vitality-vs-spirit_mirage,apEX,T,8,88.484375,stop,64190,release,234.375,153.8535614013672,32.611114501953125,0.0,0.0,,,0.0,1.470794677734375,,,,,,,,,,,
2026-08-21_ewc_vitality-vs-spirit_mirage,apEX,T,8,88.484375,stop,64597,release,265.625,157.787841796875,27.43345832824707,0.0,0.0,,,1.0,29.3719482421875,,,,,,,,,,,
2026-08-21_ewc_vitality-vs-spirit_mirage,apEX,T,8,88.484375,stop,64654,release,156.25,156.50921630859375,28.53215217590332,0.0,1.0,0.0,28.53215217590332,1.0,1.8491363525390625,,,,,,,,,,,
2026-08-21_ewc_vitality-vs-spirit_mirage,apEX,T,8,88.484375,stop,67583,counterstrafe,78.125,154.22891235351562,27.618276596069336,0.0,0.0,,,1.0,0.0418853759765625,,,,,,,,,,,
2026-08-21_ewc_vitality-vs-spirit_mirage,apEX,T,8,88.484375,stop,68027,release,78.125,155.86973571777344,24.62939453125,0.0,0.0,,,1.0,3.4878158569335938,,,,,,,,,,,
2026-08-21_ewc_vitality-vs-spirit_mirage,apEX,T,8,88.484375,stop,68081,release,78.125,164.03517150878906,30.73749351501465,0.0,1.0,0.0,30.73749351501465,0.0,1.0086669921875,,,,,,,,,,,
2026-08-21_ewc_vitality-vs-spirit_mirage,apEX,T,8,88.484375,stop,68146,release,203.125,153.5249786376953,34.558555603027344,0.0,0.0,,,0.0,31.431198120117188,,,,,,,,,,,
2026-08-21_ewc_vitality-vs-spirit_mirage,apEX,T,8,88.484375,stop,68186,release,234.375,155.43592834472656,33.27935028076172,0.0,0.0,,,0.0,0.7982254028320312,,,,,,,,,,,
2026-08-21_ewc_vitality-vs-spirit_mirage,apEX,T,8,88.484375,stop,68332,crouch_stop,31.25,154.5682373046875,0.0,1.0,1.0,0.0,0.0,0.0,0.336456298828125,,,,,,,,,,,
2026-08-21_ewc_vitality-vs-spirit_mirage,apEX,T,8,88.484375,peek,63268,,,,,,,,,,,traversal,269.68117761986946,1484.375,4984.375,0.0,247.8027801513672,0.0,84.79693603515625,0.0,0.12473784778041672,0.0
2026-08-21_ewc_vitality-vs-spirit_mirage,apEX,T,8,88.484375,peek,63843,,,,,,,,,,,jiggle,34.1994256323036,750.0,750.0,1.0,121.68397521972656,0.0,48.785133361816406,0.0,5.087944967896495,0.0
2026-08-21_ewc_vitality-vs-spirit_mirage,apEX,T,8,88.484375,peek,63930,,,,,,,,,,,narrow,66.71091060053192,1375.0,3109.375,1.0,161.46864318847656,0.0,7.6485443115234375,0.0,1.124320703090847,0.0
2026-08-21_ewc_vitality-vs-spirit_mirage,apEX,T,8,88.484375,peek,64371,,,,,,,,,,,traversal,22.0668070477701,1359.375,1359.375,1.0,86.00621795654297,0.9431818181818182,1.0927963256835938,0.0,0.29746348639193615,1.0
2026-08-21_ewc_vitality-vs-spirit_mirage,apEX,T,8,88.484375,peek,64462,,,,,,,,,,,traversal,76.13426657461125,1484.375,4984.375,0.0,198.34654235839844,0.25,73.4926986694336,2.0,0.19465555258139658,0.0
2026-08-21_ewc_vitality-vs-spirit_mirage,apEX,T,8,88.484375,peek,64795,,,,,,,,,,,traversal,261.81251143766366,1484.375,4984.375,0.0,250.00100708007812,0.0,105.30223083496094,0.0,0.5266469201999875,0.0
2026-08-21_ewc_vitality-vs-spirit_mirage,apEX,T,8,88.484375,peek,66810,,,,,,,,,,,jiggle,19.58789472354546,1484.375,1484.375,1.0,80.52345275878906,1.0,3.3614654541015625,0.0,2.9298845286530297,1.0
2026-08-21_ewc_vitality-vs-spirit_mirage,apEX,T,8,88.484375,peek,67991,,,,,,,,,,,jiggle,23.099834467812908,281.25,281.25,1.0,131.5244598388672,0.0,14.32891845703125,0.0,1.5434414768365596,0.0
2026-08-21_ewc_vitality-vs-spirit_mirage,apEX,T,8,88.484375,peek,68098,,,,,,,,,,,traversal,95.09822845482702,796.875,1296.875,1.0,199.177978515625,0.0,151.01979064941406,0.0,0.38142280832449804,0.0
2026-08-21_ewc_vitality-vs-spirit_mirage,apEX,T,9,138.203125,stop,72999,counterstrafe,78.125,153.67990112304688,18.183996200561523,0.0,0.0,,,1.0,0.083770751953125,,,,,,,,,,,
2026-08-21_ewc_vitality-vs-spirit_mirage,apEX,T,9,138.203125,stop,73620,release,78.125,161.59542846679688,28.318056106567383,0.0,0.0,,,1.0,0.0,,,,,,,,,,,
2026-08-21_ewc_vitality-vs-spirit_mirage,apEX,T,9,138.203125,stop,73829,counterstrafe,93.75,153.4537353515625,20.144277572631836,0.0,0.0,,,1.0,0.0,,,,,,,,,,,
2026-08-21_ewc_vitality-vs-spirit_mirage,apEX,T,9,138.203125,stop,76489,release,31.25,209.396484375,1.7271854877471924,0.0,0.0,,,1.0,0.1678924560546875,,,,,,,,,,,
2026-08-21_ewc_vitality-vs-spirit_mirage,apEX,T,9,138.203125,stop,78186,release,78.125,165.49559020996094,27.774301528930664,0.0,0.0,,,0.0,0.7567138671875,,,,,,,,,,,
2026-08-21_ewc_vitality-vs-spirit_mirage,apEX,T,9,138.203125,stop,78211,release,78.125,154.9461212158203,25.650264739990234,0.0,0.0,,,1.0,0.42022705078125,,,,,,,,,,,
2026-08-21_ewc_vitality-vs-spirit_mirage,apEX,T,9,138.203125,stop,78224,release,281.25,154.9461212158203,28.1284122467041,0.0,0.0,,,1.0,0.672576904296875,,,,,,,,,,,
2026-08-21_ewc_vitality-vs-spirit_mirage,apEX,T,9,138.203125,stop,78306,counterstrafe,78.125,163.45755004882812,33.411190032958984,0.0,0.0,,,1.0,0.33612060546875,,,,,,,,,,,
2026-08-21_ewc_vitality-vs-spirit_mirage,apEX,T,9,138.203125,stop,78331,release,78.125,153.47250366210938,19.822233200073242,0.0,0.0,,,0.0,0.042236328125,,,,,,,,,,,
2026-08-21_ewc_vitality-vs-spirit_mirage,apEX,T,9,138.203125,stop,78347,counterstrafe,328.125,153.47250366210938,11.365971565246582,0.0,0.0,,,1.0,0.126007080078125,,,,,,,,,,,
2026-08-21_ewc_vitality-vs-spirit_mirage,apEX,T,9,138.203125,stop,78375,release,93.75,155.37147521972656,30.07189178466797,0.0,0.0,,,1.0,0.0,,,,,,,,,,,
2026-08-21_ewc_vitality-vs-spirit_mirage,apEX,T,9,138.203125,stop,78393,counterstrafe,375.0,155.37147521972656,28.067405700683594,0.0,0.0,,,1.0,0.378326416015625,,,,,,,,,,,
2026-08-21_ewc_vitality-vs-spirit_mirage,apEX,T,9,138.203125,stop,78455,release,78.125,158.07933044433594,21.808990478515625,0.0,0.0,,,1.0,0.0,,,,,,,,,,,
2026-08-21_ewc_vitality-vs-spirit_mirage,apEX,T,9,138.203125,stop,78553,release,156.25,174.02252197265625,29.771724700927734,0.0,0.0,,,0.0,0.67291259765625,,,,,,,,,,,
2026-08-21_ewc_vitality-vs-spirit_mirage,apEX,T,9,138.203125,stop,78621,release,78.125,165.3920440673828,33.71045684814453,0.0,0.0,,,1.0,0.0,,,,,,,,,,,
2026-08-21_ewc_vitality-vs-spirit_mirage,apEX,T,9,138.203125,stop,78697,release,156.25,151.16937255859375,32.51541519165039,0.0,0.0,,,0.0,0.46246337890625,,,,,,,,,,,
2026-08-21_ewc_vitality-vs-spirit_mirage,apEX,T,9,138.203125,stop,79645,counterstrafe,93.75,198.9901123046875,11.447683334350586,0.0,1.0,109.375,45.703311920166016,1.0,1.30291748046875,,,,,,,,,,,
2026-08-21_ewc_vitality-vs-spirit_mirage,apEX,T,9,138.203125,stop,79654,counterstrafe,234.375,198.9901123046875,32.70320129394531,0.0,1.0,0.0,32.70320129394531,1.0,2.6473388671875,,,,,,,,,,,
2026-08-21_ewc_vitality-vs-spirit_mirage,apEX,T,9,138.203125,stop,79953,counterstrafe,78.125,155.8371124267578,33.882530212402344,0.0,0.0,,,1.0,0.0,,,,,,,,,,,
2026-08-21_ewc_vitality-vs-spirit_mirage,apEX,T,9,138.203125,stop,79970,counterstrafe,343.75,155.8371124267578,32.12657928466797,0.0,0.0,,,1.0,0.0,,,,,,,,,,,
2026-08-21_ewc_vitality-vs-spirit_mirage,apEX,T,9,138.203125,peek,74290,,,,,,,,,,,jiggle,48.30238706250171,656.25,750.0,1.0,148.94200134277344,0.0,3.36181640625,0.0,38.307323843384964,0.0
2026-08-21_ewc_vitality-vs-spirit_mirage,apEX,T,9,138.203125,peek,75286,,,,,,,,,,,traversal,35.02359658349162,609.375,609.375,1.0,105.58307647705078,0.6,8.8240966796875,0.0,0.6077255671922258,1.0
2026-08-21_ewc_vitality-vs-spirit_mirage,apEX,T,9,138.203125,peek,75768,,,,,,,,,,,jiggle,9.709771040280334,1421.875,1421.875,1.0,117.86168670654297,0.0,0.0,0.0,32.71952379750854,0.0
2026-08-21_ewc_vitality-vs-spirit_mirage,apEX,T,9,138.203125,peek,75916,,,,,,,,,,,jiggle,9.591488651723092,828.125,828.125,1.0,90.00131225585938,0.7037037037037037,0.0,0.0,30.25876816486533,1.0
2026-08-21_ewc_vitality-vs-spirit_mirage,apEX,T,9,138.203125,peek,76067,,,,,,,,,,,traversal,153.82409883622122,1484.375,4984.375,0.0,139.4843292236328,0.875,137.48909759521484,0.0,0.4980320312350484,1.0
2026-08-21_ewc_vitality-vs-spirit_mirage,apEX,T,9,138.203125,peek,76437,,,,,,,,,,,traversal,121.62290253514033,843.75,3734.375,1.0,220.11767578125,0.0,2.81591796875,1.0,0.4693175043681308,0.0
2026-08-21_ewc_vitality-vs-spirit_mirage,apEX,T,9,138.203125,peek,76850,,,,,,,,,,,commit,121.95474436271003,1484.375,4984.375,0.0,111.80549621582031,0.9479166666666666,188.92227172851562,0.0,1.066505117336945,1.0
2026-08-21_ewc_vitality-vs-spirit_mirage,apEX,T,9,138.203125,peek,77189,,,,,,,,,,,traversal,13.783987547203862,281.25,281.25,1.0,74.977294921875,1.0,0.0418853759765625,0.0,0.00034050396103545497,1.0
2026-08-21_ewc_vitality-vs-spirit_mirage,apEX,T,9,138.203125,peek,77376,,,,,,,,,,,traversal,185.10170455170572,1484.375,4984.375,0.0,203.79039001464844,0.5,144.71707153320312,1.0,0.3886378763151936,0.0
2026-08-21_ewc_vitality-vs-spirit_mirage,apEX,T,9,138.203125,peek,77819,,,,,,,,,,,traversal,165.46148526146163,1484.375,4984.375,0.0,164.41773986816406,0.8229166666666666,24.70758056640625,0.0,0.3281346794129334,1.0
2026-08-21_ewc_vitality-vs-spirit_mirage,apEX,T,9,138.203125,peek,78286,,,,,,,,,,,jiggle,35.3089430368452,312.5,312.5,1.0,170.10845947265625,0.0,1.680938720703125,0.0,50.641736363051415,0.0
2026-08-21_ewc_vitality-vs-spirit_mirage,apEX,T,9,138.203125,peek,78601,,,,,,,,,,,jiggle,56.07673497734574,656.25,828.125,1.0,167.6260528564453,0.0,0.16790771484375,0.0,80.81692947650603,0.0
2026-08-21_ewc_vitality-vs-spirit_mirage,apEX,T,9,138.203125,peek,78754,,,,,,,,,,,commit,106.44964014143659,1484.375,4984.375,0.0,111.79811096191406,0.5520833333333334,14.119110107421875,0.0,1.105019952069699,1.0
2026-08-21_ewc_vitality-vs-spirit_mirage,apEX,T,9,138.203125,peek,79927,,,,,,,,,,,jiggle,52.057316263651074,515.625,1250.0,1.0,187.4657745361328,0.0,1.050567626953125,0.0,54.69316050606595,0.0
2026-08-21_ewc_vitality-vs-spirit_mirage,apEX,T,10,120.0,stop,85548,counterstrafe,93.75,177.504150390625,30.867935180664062,0.0,0.0,,,1.0,0.210113525390625,,,,,,,,,,,
2026-08-21_ewc_vitality-vs-spirit_mirage,apEX,T,10,120.0,stop,85657,release,78.125,153.89242553710938,9.16870403289795,0.0,0.0,,,0.0,1.806915283203125,,,,,,,,,,,
2026-08-21_ewc_vitality-vs-spirit_mirage,apEX,T,10,120.0,stop,85950,release,234.375,154.89166259765625,31.403705596923828,0.0,0.0,,,0.0,0.5881118774414062,,,,,,,,,,,
2026-08-21_ewc_vitality-vs-spirit_mirage,apEX,T,10,120.0,stop,86112,release,156.25,194.43003845214844,30.64914894104004,0.0,0.0,,,0.0,2.0170135498046875,,,,,,,,,,,
2026-08-21_ewc_vitality-vs-spirit_mirage,apEX,T,10,120.0,stop,86915,counterstrafe,78.125,151.10601806640625,7.86199951171875,0.0,0.0,,,1.0,0.5881118774414062,,,,,,,,,,,
2026-08-21_ewc_vitality-vs-spirit_mirage,apEX,T,10,120.0,stop,89920,counterstrafe,62.5,156.10061645507812,30.032649993896484,0.0,0.0,,,1.0,0.126007080078125,,,,,,,,,,,
2026-08-21_ewc_vitality-vs-spirit_mirage,apEX,T,10,120.0,stop,89938,counterstrafe,343.75,156.10061645507812,29.384384155273438,0.0,0.0,,,1.0,0.630340576171875,,,,,,,,,,,
2026-08-21_ewc_vitality-vs-spirit_mirage,apEX,T,10,120.0,stop,89966,release,78.125,165.19180297851562,31.37887191772461,0.0,0.0,,,1.0,0.29388427734375,,,,,,,,,,,
2026-08-21_ewc_vitality-vs-spirit_mirage,apEX,T,10,120.0,stop,89982,counterstrafe,328.125,165.19180297851562,31.348791122436523,0.0,0.0,,,1.0,0.29388427734375,,,,,,,,,,,
2026-08-21_ewc_vitality-vs-spirit_mirage,apEX,T,10,120.0,stop,90013,counterstrafe,78.125,153.82374572753906,20.160083770751953,0.0,0.0,,,1.0,0.042236328125,,,,,,,,,,,
2026-08-21_ewc_vitality-vs-spirit_mirage,apEX,T,10,120.0,stop,90043,release,93.75,178.76315307617188,12.38543701171875,0.0,0.0,,,1.0,0.0,,,,,,,,,,,
2026-08-21_ewc_vitality-vs-spirit_mirage,apEX,T,10,120.0,stop,90086,counterstrafe,78.125,156.72731018066406,21.492828369140625,0.0,0.0,,,1.0,0.0841064453125,,,,,,,,,,,
2026-08-21_ewc_vitality-vs-spirit_mirage,apEX,T,10,120.0,stop,90144,counterstrafe,234.375,167.57537841796875,30.693849563598633,0.0,0.0,,,1.0,0.588470458984375,,,,,,,,,,,
2026-08-21_ewc_vitality-vs-spirit_mirage,apEX,T,10,120.0,stop,90204,counterstrafe,93.75,158.12806701660156,24.01828384399414,0.0,0.0,,,1.0,1.386688232421875,,,,,,,,,,,
2026-08-21_ewc_vitality-vs-spirit_mirage,apEX,T,10,120.0,stop,90515,release,31.25,177.63877868652344,17.134693145751953,0.0,1.0,0.0,17.134693145751953,1.0,0.167877197265625,,,,,,,,,,,
2026-08-21_ewc_vitality-vs-spirit_mirage,apEX,T,10,120.0,stop,90560,release,62.5,154.7069549560547,27.376188278198242,0.0,1.0,0.0,27.376188278198242,1.0,0.7982177734375,,,,,,,,,,,
2026-08-21_ewc_vitality-vs-spirit_mirage,apEX,T,10,120.0,stop,90919,counterstrafe,78.125,162.0281524658203,28.699874877929688,0.0,0.0,,,1.0,1.680908203125,,,,,,,,,,,
2026-08-21_ewc_vitality-vs-spirit_mirage,apEX,T,10,120.0,stop,90953,release,203.125,167.49118041992188,25.86879539489746,0.0,0.0,,,1.0,0.25201416015625,,,,,,,,,,,
2026-08-21_ewc_vitality-vs-spirit_mirage,apEX,T,10,120.0,stop,91042,crouch_stop,203.125,197.0465850830078,34.9296875,1.0,0.0,,,0.0,7.2695159912109375,,,,,,,,,,,
2026-08-21_ewc_vitality-vs-spirit_mirage,apEX,T,10,120.0,stop,91089,release,46.875,205.90432739257812,2.4363229274749756,0.0,0.0,,,1.0,0.0,,,,,,,,,,,
2026-08-21_ewc_vitality-vs-spirit_mirage,apEX,T,10,120.0,stop,91155,release,93.75,150.802734375,29.4296875,0.0,0.0,,,0.0,0.083770751953125,,,,,,,,,,,
2026-08-21_ewc_vitality-vs-spirit_mirage,apEX,T,10,120.0,stop,91490,release,187.5,169.76852416992188,32.659908294677734,0.0,0.0,,,0.0,4.9163818359375,,,,,,,,,,,
2026-08-21_ewc_vitality-vs-spirit_mirage,apEX,T,10,120.0,peek,81323,,,,,,,,,,,jiggle,6.4319685100469055,109.375,109.375,1.0,82.26615142822266,0.0,0.4621124267578125,0.0,3.5562238003849407,0.0
2026-08-21_ewc_vitality-vs-spirit_mirage,apEX,T,10,120.0,peek,81371,,,,,,,,,,,jiggle,6.411976085954923,109.375,109.375,1.0,86.35064697265625,0.0,0.0841064453125,0.0,57.5577942827906,0.0
2026-08-21_ewc_vitality-vs-spirit_mirage,apEX,T,10,120.0,peek,85094,,,,,,,,,,,traversal,308.8828152081678,1484.375,4984.375,0.0,249.20372009277344,0.0,53.785614013671875,0.0,0.14871888903592875,0.0
2026-08-21_ewc_vitality-vs-spirit_mirage,apEX,T,10,120.0,peek,86331,,,,,,,,,,,traversal,69.489587406458,1484.375,4984.375,0.0,147.09681701660156,0.21875,2.7740478515625,0.0,0.010602234862250787,0.0
2026-08-21_ewc_vitality-vs-spirit_mirage,apEX,T,10,120.0,peek,86804,,,,,,,,,,,jiggle,20.764163176274515,968.75,968.75,1.0,131.43865966796875,0.0,0.0,0.0,62.92894344800542,0.0
2026-08-21_ewc_vitality-vs-spirit_mirage,apEX,T,10,120.0,peek,87040,,,,,,,,,,,traversal,141.69757103420415,1484.375,4984.375,0.0,130.00450134277344,0.8958333333333334,272.0794982910156,0.0,0.41488557387723507,1.0
2026-08-21_ewc_vitality-vs-spirit_mirage,apEX,T,10,120.0,peek,87744,,,,,,,,,,,traversal,138.57075887877156,1484.375,4984.375,0.0,119.20084381103516,1.0,17.90119171142578,0.0,0.3658294527721066,1.0
2026-08-21_ewc_vitality-vs-spirit_mirage,apEX,T,10,120.0,peek,88075,,,,,,,,,,,jiggle,23.525152315981032,265.625,265.625,1.0,111.78817749023438,0.4444444444444444,1.30291748046875,0.0,1.973308679878959,0.0
2026-08-21_ewc_vitality-vs-spirit_mirage,apEX,T,10,120.0,peek,88123,,,,,,,,,,,commit,151.51549275992303,1484.375,4984.375,0.0,111.80892944335938,1.0,55.55133056640625,0.0,1.4850679970681844,1.0
2026-08-21_ewc_vitality-vs-spirit_mirage,apEX,T,10,120.0,peek,88625,,,,,,,,,,,narrow,126.38471392258916,1328.125,4640.625,1.0,111.80729675292969,0.9883720930232558,194.88885498046875,0.0,1.0688379486279111,1.0
2026-08-21_ewc_vitality-vs-spirit_mirage,apEX,T,10,120.0,peek,89183,,,,,,,,,,,narrow,114.61786770290512,1484.375,4484.375,1.0,107.0078125,0.0,13.531036376953125,0.0,1.898389883886386,0.0
2026-08-21_ewc_vitality-vs-spirit_mirage,apEX,T,10,120.0,peek,89528,,,,,,,,,,,jiggle,29.088600405979815,437.5,437.5,1.0,104.421875,1.0,8.488311767578125,0.0,2.229465655852474,1.0
2026-08-21_ewc_vitality-vs-spirit_mirage,apEX,T,10,120.0,peek,89680,,,,,,,,,,,traversal,22.04907374465277,406.25,406.25,1.0,82.42808532714844,1.0,18.614959716796875,0.0,0.43931400156802325,1.0
2026-08-21_ewc_vitality-vs-spirit_mirage,apEX,T,10,120.0,peek,89855,,,,,,,,,,,traversal,123.73723245352312,1015.625,4984.375,0.0,184.74513244628906,0.06060606060606061,96.52074432373047,0.0,0.9648376880186899,0.0
2026-08-21_ewc_vitality-vs-spirit_mirage,apEX,T,10,120.0,peek,90536,,,,,,,,,,,jiggle,36.640315935675716,359.375,359.375,1.0,179.08204650878906,0.2916666666666667,3.109466552734375,0.0,7.015858544828193,0.0
2026-08-21_ewc_vitality-vs-spirit_mirage,apEX,T,10,120.0,peek,90620,,,,,,,,,,,traversal,306.5035997743751,1484.375,4984.375,0.0,250.00534057617188,0.052083333333333336,41.97807312011719,1.0,0.07445361699123988,0.0
2026-08-21_ewc_vitality-vs-spirit_mirage,apEX,T,10,120.0,peek,91124,,,,,,,,,,,traversal,61.77168791338286,1406.25,4984.375,0.0,172.09060668945312,0.0,6.8914794921875,2.0,0.6801376874831703,0.0
2026-08-21_ewc_vitality-vs-spirit_mirage,apEX,T,11,51.09375,stop,95553,release,93.75,180.87680053710938,15.134669303894043,0.0,0.0,,,1.0,0.2945709228515625,,,,,,,,,,,
2026-08-21_ewc_vitality-vs-spirit_mirage,apEX,T,11,51.09375,stop,95580,counterstrafe,78.125,159.37783813476562,32.90543746948242,0.0,1.0,93.75,0.0,0.0,0.3783416748046875,,,,,,,,,,,
2026-08-21_ewc_vitality-vs-spirit_mirage,apEX,T,11,51.09375,peek,92555,,,,,,,,,,,commit,65.68961106911195,1484.375,4984.375,0.0,131.32164001464844,0.8854166666666666,33.826202392578125,0.0,1.1278594914579572,1.0
2026-08-21_ewc_vitality-vs-spirit_mirage,apEX,T,11,51.09375,peek,95400,,,,,,,,,,,traversal,33.97126563877513,1484.375,1484.375,1.0,108.74158477783203,1.0,34.96055603027344,0.0,0.12309723986989164,1.0
2026-08-21_ewc_vitality-vs-spirit_mirage,apEX,T,11,51.09375,peek,95626,,,,,,,,,,,traversal,120.00522557226846,1109.375,1984.375,1.0,191.41140747070312,0.6666666666666666,55.67665100097656,0.0,0.12259010771448721,1.0
2026-08-21_ewc_vitality-vs-spirit_mirage,apEX,T,11,51.09375,peek,96061,,,,,,,,,,,commit,242.9733706176923,1484.375,4984.375,0.0,214.99732971191406,0.0,53.9542236328125,0.0,3.0307978900860744,0.0
2026-08-21_ewc_vitality-vs-spirit_mirage,donk,CT,0,35.5625,stop,1719,counterstrafe,78.125,172.72344970703125,27.654523849487305,0.0,0.0,,,1.0,0.1376800537109375,,,,,,,,,,,
2026-08-21_ewc_vitality-vs-spirit_mirage,donk,CT,0,35.5625,stop,1742,counterstrafe,78.125,177.0708770751953,31.054550170898438,0.0,0.0,,,1.0,0.4950714111328125,,,,,,,,,,,
2026-08-21_ewc_vitality-vs-spirit_mirage,donk,CT,0,35.5625,stop,1762,counterstrafe,78.125,159.38351440429688,21.03174591064453,0.0,0.0,,,1.0,0.0,,,,,,,,,,,
2026-08-21_ewc_vitality-vs-spirit_mirage,donk,CT,0,35.5625,stop,1784,counterstrafe,78.125,164.88633728027344,19.93081283569336,0.0,0.0,,,1.0,0.2200775146484375,,,,,,,,,,,
2026-08-21_ewc_vitality-vs-spirit_mirage,donk,CT,0,35.5625,stop,1808,release,78.125,166.59115600585938,17.821285247802734,0.0,0.0,,,1.0,0.2200775146484375,,,,,,,,,,,
2026-08-21_ewc_vitality-vs-spirit_mirage,donk,CT,0,35.5625,stop,1831,release,78.125,161.0853271484375,14.299504280090332,0.0,0.0,,,1.0,0.1651458740234375,,,,,,,,,,,
2026-08-21_ewc_vitality-vs-spirit_mirage,donk,CT,0,35.5625,stop,1852,release,78.125,170.45570373535156,23.79051399230957,0.0,0.0,,,1.0,0.1373291015625,,,,,,,,,,,
2026-08-21_ewc_vitality-vs-spirit_mirage,donk,CT,0,35.5625,stop,1876,release,62.5,151.11190795898438,32.85416793823242,0.0,0.0,,,1.0,0.0274658203125,,,,,,,,,,,
2026-08-21_ewc_vitality-vs-spirit_mirage,donk,CT,0,35.5625,stop,1900,counterstrafe,78.125,158.05604553222656,11.574387550354004,0.0,0.0,,,1.0,0.0,,,,,,,,,,,
2026-08-21_ewc_vitality-vs-spirit_mirage,donk,CT,0,35.5625,stop,1926,release,78.125,164.36404418945312,16.668926239013672,0.0,0.0,,,1.0,0.2200775146484375,,,,,,,,,,,
2026-08-21_ewc_vitality-vs-spirit_mirage,donk,CT,0,35.5625,stop,1947,counterstrafe,78.125,167.2288818359375,26.77979278564453,0.0,0.0,,,1.0,0.0274658203125,,,,,,,,,,,
2026-08-21_ewc_vitality-vs-spirit_mirage,donk,CT,0,35.5625,stop,1967,counterstrafe,78.125,165.1057891845703,31.46986961364746,0.0,0.0,,,1.0,0.0274658203125,,,,,,,,,,,
2026-08-21_ewc_vitality-vs-spirit_mirage,donk,CT,0,35.5625,stop,1988,counterstrafe,93.75,163.05984497070312,8.643295288085938,0.0,0.0,,,1.0,0.1373291015625,,,,,,,,,,,
2026-08-21_ewc_vitality-vs-spirit_mirage,donk,CT,0,35.5625,stop,2007,counterstrafe,78.125,150.9975128173828,10.864522933959961,0.0,0.0,,,1.0,0.0,,,,,,,,,,,
2026-08-21_ewc_vitality-vs-spirit_mirage,donk,CT,0,35.5625,stop,2024,counterstrafe,343.75,150.9975128173828,31.42481231689453,0.0,0.0,,,1.0,0.6324005126953125,,,,,,,,,,,
2026-08-21_ewc_vitality-vs-spirit_mirage,donk,CT,0,35.5625,stop,2312,counterstrafe,125.0,181.1125946044922,33.932708740234375,0.0,0.0,,,1.0,0.0,,,,,,,,,,,
2026-08-21_ewc_vitality-vs-spirit_mirage,donk,CT,0,35.5625,stop,3042,counterstrafe,78.125,163.55242919921875,24.312068939208984,0.0,0.0,,,1.0,2.22747802734375,,,,,,,,,,,
2026-08-21_ewc_vitality-vs-spirit_mirage,donk,CT,0,35.5625,stop,3047,counterstrafe,156.25,163.55242919921875,34.347164154052734,0.0,0.0,,,1.0,4.1799468994140625,,,,,,,,,,,
2026-08-21_ewc_vitality-vs-spirit_mirage,donk,CT,0,35.5625,stop,3137,counterstrafe,62.5,152.58816528320312,34.93980026245117,0.0,1.0,171.875,124.22123718261719,1.0,0.302459716796875,,,,,,,,,,,
2026-08-21_ewc_vitality-vs-spirit_mirage,donk,CT,0,35.5625,stop,3152,counterstrafe,296.875,152.58816528320312,16.335084915161133,0.0,1.0,0.0,16.335084915161133,1.0,4.3172607421875,,,,,,,,,,,
2026-08-21_ewc_vitality-vs-spirit_mirage,donk,CT,0,35.5625,stop,3358,release,93.75,178.04278564453125,31.808025360107422,0.0,0.0,,,1.0,0.6598663330078125,,,,,,,,,,,
2026-08-21_ewc_vitality-vs-spirit_mirage,donk,CT,0,35.5625,stop,3385,counterstrafe,78.125,166.15521240234375,34.11253356933594,0.0,0.0,,,0.0,0.137664794921875,,,,,,,,,,,
2026-08-21_ewc_vitality-vs-spirit_mirage,donk,CT,0,35.5625,stop,3413,release,78.125,161.56024169921875,14.694697380065918,0.0,0.0,,,1.0,1.842620849609375,,,,,,,,,,,
2026-08-21_ewc_vitality-vs-spirit_mirage,donk,CT,0,35.5625,stop,3432,counterstrafe,78.125,160.96487426757812,25.4537296295166,0.0,0.0,,,0.0,0.5774688720703125,,,,,,,,,,,
2026-08-21_ewc_vitality-vs-spirit_mirage,donk,CT,0,35.5625,stop,3524,release,62.5,152.4456787109375,33.990516662597656,0.0,1.0,250.0,1.5711333751678467,1.0,0.82464599609375,,,,,,,,,,,
2026-08-21_ewc_vitality-vs-spirit_mirage,donk,CT,0,35.5625,stop,3536,release,250.0,152.4456787109375,22.909942626953125,0.0,1.0,62.5,1.5711333751678467,0.0,12.897247314453125,,,,,,,,,,,
2026-08-21_ewc_vitality-vs-spirit_mirage,donk,CT,0,35.5625,peek,3475,,,,,,,,,,,commit,54.58903496817003,1062.5,1171.875,0.0,176.86117553710938,0.0,17.18670654296875,2.0,26.195478359577923,0.0
2026-08-21_ewc_vitality-vs-spirit_mirage,donk,CT,1,48.265625,stop,5153,counter_fwd,15.625,241.23146057128906,10.743963241577148,0.0,0.0,,,1.0,0.0,,,,,,,,,,,
2026-08-21_ewc_vitality-vs-spirit_mirage,donk,CT,1,48.265625,stop,5634,counterstrafe,93.75,170.7462921142578,21.518152236938477,0.0,0.0,,,1.0,0.1926116943359375,,,,,,,,,,,
2026-08-21_ewc_vitality-vs-spirit_mirage,donk,CT,1,48.265625,stop,5663,release,78.125,168.5083770751953,25.313129425048828,0.0,0.0,,,1.0,0.082733154296875,,,,,,,,,,,
2026-08-21_ewc_vitality-vs-spirit_mirage,donk,CT,1,48.265625,stop,5687,release,78.125,153.64926147460938,14.0122652053833,0.0,0.0,,,1.0,0.0,,,,,,,,,,,
2026-08-21_ewc_vitality-vs-spirit_mirage,donk,CT,1,48.265625,stop,5720,counterstrafe,78.125,152.96522521972656,13.687676429748535,0.0,0.0,,,1.0,0.1651458740234375,,,,,,,,,,,
2026-08-21_ewc_vitality-vs-spirit_mirage,donk,CT,1,48.265625,stop,5753,counterstrafe,78.125,158.9479522705078,18.223674774169922,0.0,0.0,,,1.0,0.082733154296875,,,,,,,,,,,
2026-08-21_ewc_vitality-vs-spirit_mirage,donk,CT,1,48.265625,stop,5786,release,78.125,173.17041015625,28.726613998413086,0.0,0.0,,,1.0,0.2200775146484375,,,,,,,,,,,
2026-08-21_ewc_vitality-vs-spirit_mirage,donk,CT,1,48.265625,stop,5818,release,78.125,174.31118774414062,29.55161476135254,0.0,0.0,,,1.0,0.1373291015625,,,,,,,,,,,
2026-08-21_ewc_vitality-vs-spirit_mirage,donk,CT,1,48.265625,stop,5850,release,78.125,163.19094848632812,21.310575485229492,0.0,0.0,,,1.0,0.1926116943359375,,,,,,,,,,,
2026-08-21_ewc_vitality-vs-spirit_mirage,donk,CT,1,48.265625,stop,5880,release,78.125,174.3554229736328,29.58983039855957,0.0,0.0,,,1.0,0.0,,,,,,,,,,,
2026-08-21_ewc_vitality-vs-spirit_mirage,donk,CT,1,48.265625,stop,5917,counterstrafe,156.25,152.51512145996094,31.135103225708008,1.0,0.0,,,1.0,0.6327362060546875,,,,,,,,,,,
2026-08-21_ewc_vitality-vs-spirit_mirage,donk,CT,1,48.265625,stop,5964,release,78.125,162.64678955078125,20.9735050201416,0.0,0.0,,,1.0,0.247528076171875,,,,,,,,,,,
2026-08-21_ewc_vitality-vs-spirit_mirage,donk,CT,1,48.265625,stop,6000,release,78.125,168.02806091308594,24.97452735900879,0.0,0.0,,,1.0,0.0274658203125,,,,,,,,,,,
2026-08-21_ewc_vitality-vs-spirit_mirage,donk,CT,1,48.265625,stop,6037,counterstrafe,78.125,152.88771057128906,13.423175811767578,0.0,0.0,,,1.0,0.1373291015625,,,,,,,,,,,
2026-08-21_ewc_vitality-vs-spirit_mirage,donk,CT,1,48.265625,stop,6071,release,78.125,157.52374267578125,17.185129165649414,0.0,0.0,,,1.0,0.0823974609375,,,,,,,,,,,
2026-08-21_ewc_vitality-vs-spirit_mirage,donk,CT,1,48.265625,stop,6107,release,78.125,154.7225799560547,15.091010093688965,0.0,0.0,,,1.0,0.0274658203125,,,,,,,,,,,
2026-08-21_ewc_vitality-vs-spirit_mirage,donk,CT,1,48.265625,stop,6144,release,78.125,172.22312927246094,28.04183578491211,0.0,0.0,,,1.0,0.1922607421875,,,,,,,,,,,
2026-08-21_ewc_vitality-vs-spirit_mirage,donk,CT,1,48.265625,stop,6177,release,78.125,175.052490234375,30.122390747070312,0.0,0.0,,,1.0,0.0823974609375,,,,,,,,,,,
2026-08-21_ewc_vitality-vs-spirit_mirage,donk,CT,1,48.265625,stop,6215,counterstrafe,156.25,152.47157287597656,28.137420654296875,1.0,0.0,,,1.0,0.46759033203125,,,,,,,,,,,
2026-08-21_ewc_vitality-vs-spirit_mirage,donk,CT,1,48.265625,stop,6261,release,78.125,156.0587158203125,15.92566204071045,0.0,0.0,,,1.0,0.082733154296875,,,,,,,,,,,
2026-08-21_ewc_vitality-vs-spirit_mirage,donk,CT,1,48.265625,stop,6298,release,78.125,175.01239013671875,30.290891647338867,0.0,0.0,,,1.0,0.0823974609375,,,,,,,,,,,
2026-08-21_ewc_vitality-vs-spirit_mirage,donk,CT,1,48.265625,stop,6334,release,78.125,150.18431091308594,11.632206916809082,0.0,0.0,,,1.0,0.2750091552734375,,,,,,,,,,,
2026-08-21_ewc_vitality-vs-spirit_mirage,donk,CT,1,48.265625,stop,6369,release,78.125,169.72515869140625,26.270994186401367,0.0,0.0,,,1.0,0.0274658203125,,,,,,,,,,,
2026-08-21_ewc_vitality-vs-spirit_mirage,donk,CT,1,48.265625,stop,6405,release,78.125,176.90948486328125,31.642423629760742,0.0,0.0,,,1.0,0.274993896484375,,,,,,,,,,,
2026-08-21_ewc_vitality-vs-spirit_mirage,donk,CT,1,48.265625,stop,6437,counterstrafe,78.125,169.03536987304688,25.79895782470703,0.0,0.0,,,1.0,0.0,,,,,,,,,,,
2026-08-21_ewc_vitality-vs-spirit_mirage,donk,CT,1,48.265625,stop,6471,release,78.125,157.56837463378906,17.12155532836914,0.0,0.0,,,1.0,0.164794921875,,,,,,,,,,,
2026-08-21_ewc_vitality-vs-spirit_mirage,donk,CT,1,48.265625,stop,6502,counterstrafe,78.125,167.52105712890625,26.0882568359375,0.0,0.0,,,1.0,0.054931640625,,,,,,,,,,,
2026-08-21_ewc_vitality-vs-spirit_mirage,donk,CT,1,48.265625,stop,6718,counterstrafe,78.125,152.31520080566406,34.24531555175781,0.0,0.0,,,1.0,0.2475433349609375,,,,,,,,,,,
2026-08-21_ewc_vitality-vs-spirit_mirage,donk,CT,1,48.265625,stop,6738,counterstrafe,78.125,151.4201202392578,32.76703643798828,0.0,0.0,,,1.0,0.0,,,,,,,,,,,
2026-08-21_ewc_vitality-vs-spirit_mirage,donk,CT,1,48.265625,stop,6781,release,78.125,157.41464233398438,30.286701202392578,0.0,0.0,,,1.0,0.0,,,,,,,,,,,
2026-08-21_ewc_vitality-vs-spirit_mirage,donk,CT,1,48.265625,stop,6806,release,78.125,153.00262451171875,18.9945068359375,0.0,0.0,,,1.0,0.0823974609375,,,,,,,,,,,
2026-08-21_ewc_vitality-vs-spirit_mirage,donk,CT,1,48.265625,stop,6824,release,359.375,153.00262451171875,32.293479919433594,0.0,0.0,,,1.0,1.319732666015625,,,,,,,,,,,
2026-08-21_ewc_vitality-vs-spirit_mirage,donk,CT,1,48.265625,stop,7049,release,78.125,152.1269073486328,29.670024871826172,0.0,0.0,,,1.0,0.0,,,,,,,,,,,
2026-08-21_ewc_vitality-vs-spirit_mirage,donk,CT,1,48.265625,stop,7068,counterstrafe,375.0,152.1269073486328,29.794662475585938,0.0,0.0,,,1.0,1.182403564453125,,,,,,,,,,,
2026-08-21_ewc_vitality-vs-spirit_mirage,donk,CT,1,48.265625,stop,7112,release,78.125,156.72244262695312,30.585857391357422,0.0,0.0,,,1.0,0.0,,,,,,,,,,,
2026-08-21_ewc_vitality-vs-spirit_mirage,donk,CT,1,48.265625,stop,7136,counterstrafe,93.75,153.04299926757812,9.42664909362793,0.0,0.0,,,1.0,0.0274658203125,,,,,,,,,,,
2026-08-21_ewc_vitality-vs-spirit_mirage,donk,CT,1,48.265625,stop,7156,counterstrafe,78.125,158.3212432861328,34.192115783691406,0.0,0.0,,,1.0,0.0,,,,,,,,,,,
2026-08-21_ewc_vitality-vs-spirit_mirage,donk,CT,1,48.265625,stop,7179,counterstrafe,78.125,152.43902587890625,33.53892517089844,0.0,0.0,,,1.0,0.0274658203125,,,,,,,,,,,
2026-08-21_ewc_vitality-vs-spirit_mirage,donk,CT,1,48.265625,stop,7199,release,78.125,154.9353790283203,27.345699310302734,0.0,0.0,,,1.0,0.0,,,,,,,,,,,
2026-08-21_ewc_vitality-vs-spirit_mirage,donk,CT,1,48.265625,stop,7327,release,78.125,155.31333923339844,19.55624771118164,0.0,0.0,,,1.0,0.0,,,,,,,,,,,
2026-08-21_ewc_vitality-vs-spirit_mirage,donk,CT,1,48.265625,stop,7350,release,78.125,151.7317657470703,30.383121490478516,0.0,0.0,,,1.0,0.1922607421875,,,,,,,,,,,
2026-08-21_ewc_vitality-vs-spirit_mirage,donk,CT,1,48.265625,stop,7457,counterstrafe,125.0,162.7001495361328,28.532018661499023,0.0,0.0,,,1.0,0.0,,,,,,,,,,,
2026-08-21_ewc_vitality-vs-spirit_mirage,donk,CT,1,48.265625,stop,7471,counterstrafe,343.75,162.7001495361328,20.61624526977539,0.0,0.0,,,1.0,0.63275146484375,,,,,,,,,,,
2026-08-21_ewc_vitality-vs-spirit_mirage,donk,CT,1,48.265625,stop,7662,counterstrafe,93.75,176.1466827392578,21.385746002197266,0.0,0.0,,,1.0,0.302459716796875,,,,,,,,,,,
2026-08-21_ewc_vitality-vs-spirit_mirage,donk,CT,1,48.265625,stop,7843,counterstrafe,78.125,158.5869140625,28.388776779174805,0.0,1.0,46.875,39.28493881225586,1.0,1.7324066162109375,,,,,,,,,,,
2026-08-21_ewc_vitality-vs-spirit_mirage,donk,CT,1,48.265625,peek,3583,,,,,,,,,,,traversal,312.49775206579886,1484.375,4984.375,0.0,238.95497131347656,0.0,9.43243408203125,0.0,0.30150021151740497,0.0
2026-08-21_ewc_vitality-vs-spirit_mirage,donk,CT,2,24.734375,stop,9522,release,15.625,218.6886444091797,10.593891143798828,0.0,0.0,,,0.0,0.247528076171875,,,,,,,,,,,
2026-08-21_ewc_vitality-vs-spirit_mirage,donk,CT,2,24.734375,stop,10012,release,109.375,177.7765350341797,11.022828102111816,0.0,0.0,,,0.0,12.182830810546875,,,,,,,,,,,
2026-08-21_ewc_vitality-vs-spirit_mirage,donk,CT,2,24.734375,stop,10066,counterstrafe,78.125,161.58534240722656,14.908432006835938,0.0,1.0,78.125,0.0,1.0,0.4126739501953125,,,,,,,,,,,
2026-08-21_ewc_vitality-vs-spirit_mirage,donk,CT,2,24.734375,stop,10083,counterstrafe,343.75,161.58534240722656,33.876102447509766,0.0,1.0,0.0,33.876102447509766,1.0,0.71514892578125,,,,,,,,,,,
2026-08-21_ewc_vitality-vs-spirit_mirage,donk,CT,2,24.734375,stop,10321,counter_fwd,125.0,157.09365844726562,27.440418243408203,0.0,0.0,,,0.0,1.1274566650390625,,,,,,,,,,,
2026-08-21_ewc_vitality-vs-spirit_mirage,donk,CT,2,24.734375,stop,10385,release,78.125,157.58148193359375,33.62449264526367,0.0,0.0,,,1.0,0.44049072265625,,,,,,,,,,,
2026-08-21_ewc_vitality-vs-spirit_mirage,donk,CT,2,24.734375,stop,10466,counterstrafe,78.125,154.93414306640625,33.96078109741211,0.0,1.0,0.0,33.96078109741211,0.0,0.3302764892578125,,,,,,,,,,,
2026-08-21_ewc_vitality-vs-spirit_mirage,donk,CT,2,24.734375,stop,10483,counter_fwd,62.5,163.31883239746094,31.741241455078125,0.0,0.0,,,0.0,1.072540283203125,,,,,,,,,,,
2026-08-21_ewc_vitality-vs-spirit_mirage,donk,CT,2,24.734375,stop,10512,release,109.375,152.49609375,25.29592514038086,0.0,0.0,,,0.0,70.62013244628906,,,,,,,,,,,
2026-08-21_ewc_vitality-vs-spirit_mirage,donk,CT,2,24.734375,stop,10543,release,78.125,156.1562042236328,17.607805252075195,0.0,0.0,,,1.0,0.440155029296875,,,,,,,,,,,
2026-08-21_ewc_vitality-vs-spirit_mirage,donk,CT,2,24.734375,stop,10558,release,312.5,156.1562042236328,21.634201049804688,0.0,0.0,,,1.0,4.0426483154296875,,,,,,,,,,,
2026-08-21_ewc_vitality-vs-spirit_mirage,donk,CT,2,24.734375,stop,10618,counterstrafe,93.75,164.6680450439453,18.1484375,0.0,0.0,,,1.0,0.054931640625,,,,,,,,,,,
2026-08-21_ewc_vitality-vs-spirit_mirage,donk,CT,2,24.734375,stop,10688,counterstrafe,78.125,177.14755249023438,32.13862991333008,0.0,1.0,46.875,25.028610229492188,1.0,2.804931640625,,,,,,,,,,,
2026-08-21_ewc_vitality-vs-spirit_mirage,donk,CT,2,24.734375,stop,10766,counterstrafe,296.875,211.683837890625,32.32200622558594,0.0,1.0,0.0,32.32200622558594,1.0,3.90460205078125,,,,,,,,,,,
2026-08-21_ewc_vitality-vs-spirit_mirage,donk,CT,2,24.734375,peek,7953,,,,,,,,,,,traversal,216.54289823025002,1484.375,4984.375,0.0,183.38372802734375,0.0,179.271484375,0.0,0.35496658795151453,0.0
2026-08-21_ewc_vitality-vs-spirit_mirage,donk,CT,2,24.734375,peek,10277,,,,,,,,,,,commit,186.7417773323971,1484.375,4984.375,0.0,225.0076904296875,0.0,18.534957885742188,1.0,1.3356484932879886,0.0
2026-08-21_ewc_vitality-vs-spirit_mirage,donk,CT,2,24.734375,peek,10648,,,,,,,,,,,commit,97.34387189850209,625.0,2093.75,0.0,223.65811157226562,0.0,8.552154541015625,2.0,11.144078882809989,0.0
2026-08-21_ewc_vitality-vs-spirit_mirage,donk,CT,3,81.0625,stop,17819,counterstrafe,78.125,156.69932556152344,32.78092575073242,0.0,1.0,281.25,26.297794342041016,1.0,0.2197265625,,,,,,,,,,,
2026-08-21_ewc_vitality-vs-spirit_mirage,donk,CT,3,81.0625,stop,17832,counterstrafe,281.25,156.69932556152344,32.74934768676758,1.0,1.0,78.125,26.297794342041016,1.0,1.347198486328125,,,,,,,,,,,
2026-08-21_ewc_vitality-vs-spirit_mirage,donk,CT,3,81.0625,stop,17996,release,31.25,158.984375,0.0,0.0,0.0,,,0.0,0.0,,,,,,,,,,,
2026-08-21_ewc_vitality-vs-spirit_mirage,donk,CT,3,81.0625,stop,18221,release,31.25,166.7661590576172,1.8782402276992798,0.0,0.0,,,1.0,0.0,,,,,,,,,,,
2026-08-21_ewc_vitality-vs-spirit_mirage,donk,CT,3,81.0625,stop,18260,release,93.75,183.3682861328125,11.240493774414062,0.0,0.0,,,1.0,3.080291748046875,,,,,,,,,,,
2026-08-21_ewc_vitality-vs-spirit_mirage,donk,CT,3,81.0625,stop,18285,counterstrafe,78.125,160.3170166015625,20.60586929321289,0.0,0.0,,,1.0,0.5500030517578125,,,,,,,,,,,
2026-08-21_ewc_vitality-vs-spirit_mirage,donk,CT,3,81.0625,stop,18307,release,78.125,155.5667266845703,16.1811580657959,0.0,0.0,,,1.0,0.0274658203125,,,,,,,,,,,
2026-08-21_ewc_vitality-vs-spirit_mirage,donk,CT,3,81.0625,stop,18324,counterstrafe,343.75,155.5667266845703,9.982626914978027,0.0,0.0,,,1.0,0.68768310546875,,,,,,,,,,,
2026-08-21_ewc_vitality-vs-spirit_mirage,donk,CT,3,81.0625,stop,18776,release,62.5,150.30929565429688,30.50661277770996,0.0,0.0,,,1.0,0.0,,,,,,,,,,,
2026-08-21_ewc_vitality-vs-spirit_mirage,donk,CT,3,81.0625,stop,18833,release,78.125,170.65933227539062,20.997699737548828,0.0,0.0,,,1.0,0.0,,,,,,,,,,,
2026-08-21_ewc_vitality-vs-spirit_mirage,donk,CT,3,81.0625,stop,18857,counterstrafe,156.25,155.5226593017578,23.897743225097656,0.0,0.0,,,1.0,0.49505615234375,,,,,,,,,,,
2026-08-21_ewc_vitality-vs-spirit_mirage,donk,CT,3,81.0625,stop,18911,release,78.125,157.44944763183594,18.123964309692383,0.0,0.0,,,0.0,0.054931640625,,,,,,,,,,,
2026-08-21_ewc_vitality-vs-spirit_mirage,donk,CT,3,81.0625,stop,18937,counterstrafe,78.125,164.63394165039062,22.949922561645508,0.0,0.0,,,1.0,0.46728515625,,,,,,,,,,,
2026-08-21_ewc_vitality-vs-spirit_mirage,donk,CT,3,81.0625,stop,18947,counterstrafe,234.375,164.63394165039062,24.380905151367188,0.0,0.0,,,1.0,1.099700927734375,,,,,,,,,,,
2026-08-21_ewc_vitality-vs-spirit_mirage,donk,CT,3,81.0625,stop,18967,release,93.75,150.91851806640625,13.355932235717773,0.0,0.0,,,1.0,0.164794921875,,,,,,,,,,,
2026-08-21_ewc_vitality-vs-spirit_mirage,donk,CT,3,81.0625,stop,18984,counterstrafe,359.375,150.91851806640625,17.480485916137695,0.0,0.0,,,1.0,1.20953369140625,,,,,,,,,,,
2026-08-21_ewc_vitality-vs-spirit_mirage,donk,CT,3,81.0625,stop,19003,release,78.125,154.8309326171875,31.17569351196289,0.0,0.0,,,1.0,0.054931640625,,,,,,,,,,,
2026-08-21_ewc_vitality-vs-spirit_mirage,donk,CT,3,81.0625,stop,19020,release,343.75,154.8309326171875,18.76471519470215,0.0,0.0,,,1.0,1.539825439453125,,,,,,,,,,,
2026-08-21_ewc_vitality-vs-spirit_mirage,donk,CT,3,81.0625,stop,19174,release,78.125,173.4976043701172,29.117456436157227,0.0,0.0,,,0.0,0.0274658203125,,,,,,,,,,,
2026-08-21_ewc_vitality-vs-spirit_mirage,donk,CT,3,81.0625,stop,19207,release,78.125,154.9163055419922,16.642871856689453,0.0,0.0,,,1.0,0.0,,,,,,,,,,,
2026-08-21_ewc_vitality-vs-spirit_mirage,donk,CT,3,81.0625,stop,19229,release,109.375,151.27040100097656,25.11224365234375,0.0,0.0,,,0.0,0.1651458740234375,,,,,,,,,,,
2026-08-21_ewc_vitality-vs-spirit_mirage,donk,CT,3,81.0625,stop,19261,release,62.5,153.29022216796875,32.87539291381836,0.0,0.0,,,1.0,0.0,,,,,,,,,,,
2026-08-21_ewc_vitality-vs-spirit_mirage,donk,CT,3,81.0625,stop,19312,release,78.125,174.4371795654297,29.633075714111328,0.0,0.0,,,1.0,0.0,,,,,,,,,,,
2026-08-21_ewc_vitality-vs-spirit_mirage,donk,CT,3,81.0625,stop,19361,release,78.125,167.88528442382812,16.909515380859375,0.0,0.0,,,1.0,0.0,,,,,,,,,,,
2026-08-21_ewc_vitality-vs-spirit_mirage,donk,CT,3,81.0625,stop,19414,counterstrafe,78.125,171.3394317626953,28.16287612915039,0.0,0.0,,,1.0,0.0,,,,,,,,,,,
2026-08-21_ewc_vitality-vs-spirit_mirage,donk,CT,3,81.0625,stop,19470,release,78.125,164.1487579345703,3.329206943511963,0.0,0.0,,,1.0,0.0,,,,,,,,,,,
2026-08-21_ewc_vitality-vs-spirit_mirage,donk,CT,3,81.0625,stop,19496,counterstrafe,234.375,151.39273071289062,26.457454681396484,0.0,0.0,,,1.0,0.0,,,,,,,,,,,
2026-08-21_ewc_vitality-vs-spirit_mirage,donk,CT,3,81.0625,stop,19525,release,78.125,158.33534240722656,9.2677001953125,0.0,0.0,,,1.0,0.0,,,,,,,,,,,
2026-08-21_ewc_vitality-vs-spirit_mirage,donk,CT,3,81.0625,stop,19574,release,78.125,165.6456298828125,23.71965217590332,0.0,0.0,,,1.0,0.0,,,,,,,,,,,
2026-08-21_ewc_vitality-vs-spirit_mirage,donk,CT,3,81.0625,stop,19619,release,78.125,164.95025634765625,15.747973442077637,0.0,0.0,,,1.0,0.0,,,,,,,,,,,
2026-08-21_ewc_vitality-vs-spirit_mirage,donk,CT,3,81.0625,stop,19676,release,78.125,151.98402404785156,15.410743713378906,0.0,0.0,,,1.0,0.0,,,,,,,,,,,
2026-08-21_ewc_vitality-vs-spirit_mirage,donk,CT,3,81.0625,stop,19728,counterstrafe,78.125,164.39117431640625,0.37140199542045593,0.0,0.0,,,1.0,0.0,,,,,,,,,,,
2026-08-21_ewc_vitality-vs-spirit_mirage,donk,CT,3,81.0625,stop,19787,release,78.125,176.2300567626953,23.382091522216797,0.0,0.0,,,1.0,0.0,,,,,,,,,,,
2026-08-21_ewc_vitality-vs-spirit_mirage,donk,CT,3,81.0625,stop,19844,release,78.125,170.29556274414062,18.522016525268555,0.0,0.0,,,1.0,0.0,,,,,,,,,,,
2026-08-21_ewc_vitality-vs-spirit_mirage,donk,CT,3,81.0625,stop,19907,counterstrafe,78.125,179.87770080566406,28.14322853088379,0.0,0.0,,,1.0,0.0,,,,,,,,,,,
2026-08-21_ewc_vitality-vs-spirit_mirage,donk,CT,3,81.0625,stop,20117,release,78.125,160.79620361328125,28.819766998291016,0.0,0.0,,,1.0,0.247528076171875,,,,,,,,,,,
2026-08-21_ewc_vitality-vs-spirit_mirage,donk,CT,3,81.0625,stop,20125,release,203.125,160.79620361328125,28.593271255493164,0.0,0.0,,,1.0,0.44012451171875,,,,,,,,,,,
2026-08-21_ewc_vitality-vs-spirit_mirage,donk,CT,3,81.0625,stop,20203,counterstrafe,62.5,177.64234924316406,15.421285629272461,0.0,0.0,,,1.0,1.787353515625,,,,,,,,,,,
2026-08-21_ewc_vitality-vs-spirit_mirage,donk,CT,3,81.0625,stop,20219,counterstrafe,312.5,177.64234924316406,32.25643539428711,0.0,0.0,,,1.0,1.8697509765625,,,,,,,,,,,
2026-08-21_ewc_vitality-vs-spirit_mirage,donk,CT,3,81.0625,stop,20270,release,78.125,150.51719665527344,11.884233474731445,0.0,0.0,,,1.0,0.247528076171875,,,,,,,,,,,
2026-08-21_ewc_vitality-vs-spirit_mirage,donk,CT,3,81.0625,stop,20295,counterstrafe,93.75,167.96878051757812,12.425061225891113,0.0,0.0,,,1.0,0.3848876953125,,,,,,,,,,,
2026-08-21_ewc_vitality-vs-spirit_mirage,donk,CT,3,81.0625,stop,20320,release,93.75,160.5828094482422,9.512125015258789,0.0,0.0,,,1.0,0.357421875,,,,,,,,,,,
2026-08-21_ewc_vitality-vs-spirit_mirage,donk,CT,3,81.0625,stop,20332,counterstrafe,281.25,160.5828094482422,21.787511825561523,0.0,0.0,,,1.0,0.357421875,,,,,,,,,,,
2026-08-21_ewc_vitality-vs-spirit_mirage,donk,CT,3,81.0625,stop,20415,counterstrafe,109.375,165.57443237304688,30.08984375,0.0,1.0,0.0,30.08984375,1.0,0.2197265625,,,,,,,,,,,
2026-08-21_ewc_vitality-vs-spirit_mirage,donk,CT,3,81.0625,stop,20505,counterstrafe,93.75,160.9393310546875,34.29405975341797,0.0,0.0,,,1.0,0.0,,,,,,,,,,,
2026-08-21_ewc_vitality-vs-spirit_mirage,donk,CT,3,81.0625,stop,20526,release,78.125,154.1764678955078,32.71209716796875,0.0,0.0,,,1.0,0.0,,,,,,,,,,,
2026-08-21_ewc_vitality-vs-spirit_mirage,donk,CT,3,81.0625,stop,20548,release,78.125,165.5595703125,32.35552978515625,0.0,0.0,,,1.0,0.0,,,,,,,,,,,
2026-08-21_ewc_vitality-vs-spirit_mirage,donk,CT,3,81.0625,stop,20573,release,78.125,166.7289276123047,29.16994857788086,0.0,0.0,,,1.0,0.0,,,,,,,,,,,
2026-08-21_ewc_vitality-vs-spirit_mirage,donk,CT,3,81.0625,stop,20855,counterstrafe,78.125,156.21714782714844,18.63324737548828,0.0,0.0,,,1.0,0.082733154296875,,,,,,,,,,,
2026-08-21_ewc_vitality-vs-spirit_mirage,donk,CT,3,81.0625,stop,20868,counterstrafe,281.25,156.21714782714844,15.531086921691895,0.0,0.0,,,1.0,5.472564697265625,,,,,,,,,,,
2026-08-21_ewc_vitality-vs-spirit_mirage,donk,CT,3,81.0625,stop,20906,release,78.125,163.199951171875,34.579681396484375,0.0,0.0,,,0.0,0.0274658203125,,,,,,,,,,,
2026-08-21_ewc_vitality-vs-spirit_mirage,donk,CT,3,81.0625,stop,21382,release,15.625,150.66317749023438,4.644991397857666,0.0,0.0,,,1.0,0.0,,,,,,,,,,,
2026-08-21_ewc_vitality-vs-spirit_mirage,donk,CT,3,81.0625,stop,21549,release,265.625,152.92764282226562,34.20168685913086,0.0,0.0,,,1.0,0.93487548828125,,,,,,,,,,,
2026-08-21_ewc_vitality-vs-spirit_mirage,donk,CT,3,81.0625,stop,22490,counterstrafe,78.125,175.28073120117188,31.135000228881836,0.0,0.0,,,1.0,0.054931640625,,,,,,,,,,,
2026-08-21_ewc_vitality-vs-spirit_mirage,donk,CT,3,81.0625,stop,22499,counterstrafe,218.75,175.28073120117188,26.26556396484375,0.0,0.0,,,1.0,0.715118408203125,,,,,,,,,,,
2026-08-21_ewc_vitality-vs-spirit_mirage,donk,CT,3,81.0625,stop,22526,counterstrafe,93.75,157.3890838623047,23.065454483032227,0.0,1.0,0.0,23.065454483032227,1.0,1.292266845703125,,,,,,,,,,,
2026-08-21_ewc_vitality-vs-spirit_mirage,donk,CT,3,81.0625,stop,22540,counterstrafe,312.5,157.3890838623047,33.602149963378906,1.0,1.0,0.0,33.602149963378906,1.0,1.89788818359375,,,,,,,,,,,
2026-08-21_ewc_vitality-vs-spirit_mirage,donk,CT,3,81.0625,peek,17872,,,,,,,,,,,jiggle,22.598168160089543,953.125,953.125,1.0,51.36302947998047,0.0,9.432464599609375,0.0,2.8545125482352938,0.0
2026-08-21_ewc_vitality-vs-spirit_mirage,donk,CT,3,81.0625,peek,17944,,,,,,,,,,,commit,112.08021476760875,781.25,4984.375,0.0,212.50694274902344,0.0,10.944793701171875,0.0,1.9788857816866368,0.0
2026-08-21_ewc_vitality-vs-spirit_mirage,donk,CT,3,81.0625,peek,19967,,,,,,,,,,,jiggle,30.387519220564702,1484.375,1484.375,1.0,172.02609252929688,0.8020833333333334,6.54510498046875,0.0,2.069950233156432,1.0
2026-08-21_ewc_vitality-vs-spirit_mirage,donk,CT,3,81.0625,peek,20452,,,,,,,,,,,commit,139.14900754560756,843.75,4984.375,0.0,225.00686645507812,0.0,14.547271728515625,0.0,7.154995221345088,0.0
2026-08-21_ewc_vitality-vs-spirit_mirage,donk,CT,4,89.59375,stop,27789,release,296.875,189.38348388671875,23.844390869140625,0.0,0.0,,,0.0,174.982666015625,,,,,,,,,,,
2026-08-21_ewc_vitality-vs-spirit_mirage,donk,CT,4,89.59375,stop,27909,counter_fwd,218.75,158.5614471435547,33.03217697143555,0.0,0.0,,,0.0,7.97503662109375,,,,,,,,,,,
2026-08-21_ewc_vitality-vs-spirit_mirage,donk,CT,4,89.59375,stop,28008,release,93.75,151.84783935546875,0.0,0.0,0.0,,,1.0,0.2750244140625,,,,,,,,,,,
2026-08-21_ewc_vitality-vs-spirit_mirage,donk,CT,4,89.59375,stop,28039,release,78.125,155.42803955078125,22.291011810302734,0.0,0.0,,,1.0,0.0,,,,,,,,,,,
2026-08-21_ewc_vitality-vs-spirit_mirage,donk,CT,4,89.59375,stop,28061,release,93.75,157.51727294921875,13.2403564453125,0.0,0.0,,,1.0,0.0,,,,,,,,,,,
2026-08-21_ewc_vitality-vs-spirit_mirage,donk,CT,4,89.59375,stop,28078,release,359.375,157.51727294921875,29.481245040893555,0.0,0.0,,,1.0,0.77008056640625,,,,,,,,,,,
2026-08-21_ewc_vitality-vs-spirit_mirage,donk,CT,4,89.59375,stop,28132,release,78.125,160.3778839111328,27.333251953125,0.0,0.0,,,1.0,0.2197265625,,,,,,,,,,,
2026-08-21_ewc_vitality-vs-spirit_mirage,donk,CT,4,89.59375,stop,28200,counterstrafe,93.75,154.4695281982422,25.512643814086914,0.0,0.0,,,1.0,0.0,,,,,,,,,,,
2026-08-21_ewc_vitality-vs-spirit_mirage,donk,CT,4,89.59375,stop,28272,release,78.125,158.5514678955078,25.849136352539062,0.0,0.0,,,1.0,0.220062255859375,,,,,,,,,,,
2026-08-21_ewc_vitality-vs-spirit_mirage,donk,CT,4,89.59375,stop,28295,release,93.75,156.7117462158203,29.27513313293457,0.0,0.0,,,1.0,0.0,,,,,,,,,,,
2026-08-21_ewc_vitality-vs-spirit_mirage,donk,CT,4,89.59375,stop,28328,counterstrafe,93.75,156.0135955810547,12.995884895324707,0.0,0.0,,,1.0,0.357391357421875,,,,,,,,,,,
2026-08-21_ewc_vitality-vs-spirit_mirage,donk,CT,4,89.59375,stop,28345,counterstrafe,359.375,156.0135955810547,20.5683650970459,0.0,0.0,,,1.0,1.5123291015625,,,,,,,,,,,
2026-08-21_ewc_vitality-vs-spirit_mirage,donk,CT,4,89.59375,stop,28887,counter_fwd,62.5,181.15155029296875,28.508743286132812,0.0,0.0,,,0.0,2.640167236328125,,,,,,,,,,,
2026-08-21_ewc_vitality-vs-spirit_mirage,donk,CT,4,89.59375,stop,29289,release,31.25,228.5062255859375,21.4609432220459,0.0,0.0,,,1.0,0.604949951171875,,,,,,,,,,,
2026-08-21_ewc_vitality-vs-spirit_mirage,donk,CT,4,89.59375,stop,29333,counterstrafe,109.375,169.5703125,27.32032012939453,0.0,0.0,,,1.0,0.0274658203125,,,,,,,,,,,
2026-08-21_ewc_vitality-vs-spirit_mirage,donk,CT,4,89.59375,stop,29413,release,93.75,179.23155212402344,20.75199317932129,0.0,0.0,,,1.0,0.3852081298828125,,,,,,,,,,,
2026-08-21_ewc_vitality-vs-spirit_mirage,donk,CT,4,89.59375,stop,29451,release,125.0,155.5493927001953,31.69442367553711,0.0,0.0,,,1.0,0.0,,,,,,,,,,,
2026-08-21_ewc_vitality-vs-spirit_mirage,donk,CT,4,89.59375,stop,29682,release,93.75,175.86573791503906,10.752995491027832,0.0,1.0,359.375,176.2732391357422,1.0,0.164794921875,,,,,,,,,,,
2026-08-21_ewc_vitality-vs-spirit_mirage,donk,CT,4,89.59375,stop,29755,release,93.75,164.04693603515625,31.14269256591797,0.0,1.0,0.0,31.14269256591797,0.0,0.054931640625,,,,,,,,,,,
2026-08-21_ewc_vitality-vs-spirit_mirage,donk,CT,4,89.59375,stop,31838,counterstrafe,93.75,170.62445068359375,15.427125930786133,0.0,0.0,,,1.0,0.0,,,,,,,,,,,
2026-08-21_ewc_vitality-vs-spirit_mirage,donk,CT,4,89.59375,stop,31896,counterstrafe,78.125,160.4969024658203,23.7676944732666,0.0,0.0,,,0.0,0.0,,,,,,,,,,,
2026-08-21_ewc_vitality-vs-spirit_mirage,donk,CT,4,89.59375,stop,32459,counterstrafe,93.75,170.27734375,25.200687408447266,0.0,0.0,,,1.0,2.8602294921875,,,,,,,,,,,
2026-08-21_ewc_vitality-vs-spirit_mirage,donk,CT,4,89.59375,stop,32470,counterstrafe,265.625,170.27734375,33.017513275146484,0.0,1.0,281.25,13.840015411376953,1.0,4.235595703125,,,,,,,,,,,
2026-08-21_ewc_vitality-vs-spirit_mirage,donk,CT,4,89.59375,peek,32510,,,,,,,,,,,commit,46.90923421218672,781.25,890.625,0.0,72.89177703857422,0.0,9.6806640625,0.0,1.1565896111764324,0.0
2026-08-21_ewc_vitality-vs-spirit_mirage,donk,CT,5,120.0,stop,32817,release,171.875,153.36119079589844,12.511719703674316,0.0,0.0,,,0.0,3.5471954345703125,,,,,,,,,,,
2026-08-21_ewc_vitality-vs-spirit_mirage,donk,CT,5,120.0,stop,34644,release,78.125,160.1935272216797,33.162437438964844,0.0,1.0,250.0,31.785348892211914,1.0,0.274993896484375,,,,,,,,,,,
2026-08-21_ewc_vitality-vs-spirit_mirage,donk,CT,5,120.0,stop,34651,counterstrafe,187.5,160.1935272216797,31.88936424255371,0.0,1.0,140.625,31.785348892211914,1.0,0.79718017578125,,,,,,,,,,,
2026-08-21_ewc_vitality-vs-spirit_mirage,donk,CT,5,120.0,stop,34657,counterstrafe,281.25,160.1935272216797,20.121801376342773,0.0,1.0,46.875,31.785348892211914,1.0,0.8799285888671875,,,,,,,,,,,
2026-08-21_ewc_vitality-vs-spirit_mirage,donk,CT,5,120.0,stop,34864,release,78.125,153.96209716796875,27.65580177307129,0.0,1.0,0.0,27.65580177307129,1.0,1.292266845703125,,,,,,,,,,,
2026-08-21_ewc_vitality-vs-spirit_mirage,donk,CT,5,120.0,stop,34878,counterstrafe,15.625,154.16334533691406,31.198654174804688,0.0,1.0,0.0,31.198654174804688,1.0,0.57745361328125,,,,,,,,,,,
2026-08-21_ewc_vitality-vs-spirit_mirage,donk,CT,5,120.0,stop,35219,counterstrafe,78.125,167.62709045410156,23.284568786621094,0.0,0.0,,,1.0,0.5496673583984375,,,,,,,,,,,
2026-08-21_ewc_vitality-vs-spirit_mirage,donk,CT,5,120.0,stop,35595,counter_fwd,93.75,152.7063446044922,30.573701858520508,0.0,0.0,,,0.0,4.482421875,,,,,,,,,,,
2026-08-21_ewc_vitality-vs-spirit_mirage,donk,CT,5,120.0,stop,35814,release,78.125,152.5738983154297,18.122549057006836,0.0,0.0,,,1.0,0.0,,,,,,,,,,,
2026-08-21_ewc_vitality-vs-spirit_mirage,donk,CT,5,120.0,stop,36017,counterstrafe,93.75,159.06704711914062,18.295021057128906,0.0,0.0,,,0.0,0.02783203125,,,,,,,,,,,
2026-08-21_ewc_vitality-vs-spirit_mirage,donk,CT,5,120.0,stop,36042,release,78.125,151.91329956054688,23.3981876373291,0.0,0.0,,,0.0,0.0,,,,,,,,,,,
2026-08-21_ewc_vitality-vs-spirit_mirage,donk,CT,5,120.0,stop,36059,counterstrafe,343.75,151.91329956054688,28.59889030456543,0.0,0.0,,,0.0,2.969757080078125,,,,,,,,,,,
2026-08-21_ewc_vitality-vs-spirit_mirage,donk,CT,5,120.0,stop,37344,counterstrafe,93.75,154.91217041015625,29.39611053466797,0.0,0.0,,,1.0,0.5225372314453125,,,,,,,,,,,
2026-08-21_ewc_vitality-vs-spirit_mirage,donk,CT,5,120.0,stop,37360,counterstrafe,343.75,154.91217041015625,15.227670669555664,0.0,0.0,,,1.0,1.3475494384765625,,,,,,,,,,,
2026-08-21_ewc_vitality-vs-spirit_mirage,donk,CT,5,120.0,stop,37753,counterstrafe,78.125,167.2268829345703,16.343252182006836,0.0,0.0,,,1.0,0.0,,,,,,,,,,,
2026-08-21_ewc_vitality-vs-spirit_mirage,donk,CT,5,120.0,stop,37848,counter_fwd,78.125,167.3708038330078,28.781339645385742,0.0,0.0,,,0.0,0.3848724365234375,,,,,,,,,,,
2026-08-21_ewc_vitality-vs-spirit_mirage,donk,CT,5,120.0,stop,37853,counter_fwd,156.25,167.3708038330078,29.9989070892334,0.0,0.0,,,0.0,30.8551025390625,,,,,,,,,,,
2026-08-21_ewc_vitality-vs-spirit_mirage,donk,CT,5,120.0,stop,38189,release,93.75,175.17344665527344,17.74448585510254,0.0,0.0,,,1.0,0.2471923828125,,,,,,,,,,,
2026-08-21_ewc_vitality-vs-spirit_mirage,donk,CT,5,120.0,stop,38195,counterstrafe,187.5,175.17344665527344,23.891496658325195,0.0,0.0,,,1.0,0.714447021484375,,,,,,,,,,,
2026-08-21_ewc_vitality-vs-spirit_mirage,donk,CT,5,120.0,stop,38205,counterstrafe,343.75,175.17344665527344,25.511402130126953,0.0,0.0,,,1.0,0.96197509765625,,,,,,,,,,,
2026-08-21_ewc_vitality-vs-spirit_mirage,donk,CT,5,120.0,stop,38279,counterstrafe,93.75,159.6603546142578,11.99052906036377,0.0,0.0,,,1.0,0.0823974609375,,,,,,,,,,,
2026-08-21_ewc_vitality-vs-spirit_mirage,donk,CT,5,120.0,stop,38291,counterstrafe,281.25,159.6603546142578,26.39102554321289,0.0,0.0,,,1.0,0.329925537109375,,,,,,,,,,,
2026-08-21_ewc_vitality-vs-spirit_mirage,donk,CT,5,120.0,stop,38998,release,125.0,163.04685974121094,28.41976547241211,0.0,0.0,,,0.0,0.0,,,,,,,,,,,
2026-08-21_ewc_vitality-vs-spirit_mirage,donk,CT,5,120.0,stop,39221,counterstrafe,78.125,162.91539001464844,25.265987396240234,0.0,1.0,0.0,25.265987396240234,1.0,0.6876983642578125,,,,,,,,,,,
2026-08-21_ewc_vitality-vs-spirit_mirage,donk,CT,5,120.0,stop,39333,release,78.125,151.0260467529297,17.165149688720703,0.0,0.0,,,1.0,0.192596435546875,,,,,,,,,,,
2026-08-21_ewc_vitality-vs-spirit_mirage,donk,CT,5,120.0,stop,39372,counterstrafe,78.125,150.60836791992188,23.574295043945312,0.0,0.0,,,1.0,1.209869384765625,,,,,,,,,,,
2026-08-21_ewc_vitality-vs-spirit_mirage,donk,CT,5,120.0,stop,39399,release,78.125,161.56141662597656,23.99014663696289,0.0,0.0,,,1.0,0.4676055908203125,,,,,,,,,,,
2026-08-21_ewc_vitality-vs-spirit_mirage,donk,CT,5,120.0,stop,39416,counterstrafe,343.75,161.56141662597656,12.061817169189453,0.0,0.0,,,1.0,5.445098876953125,,,,,,,,,,,
2026-08-21_ewc_vitality-vs-spirit_mirage,donk,CT,5,120.0,stop,39601,counterstrafe,93.75,180.88031005859375,15.657600402832031,0.0,1.0,187.5,18.38041114807129,1.0,2.17254638671875,,,,,,,,,,,
2026-08-21_ewc_vitality-vs-spirit_mirage,donk,CT,5,120.0,stop,39611,counterstrafe,250.0,180.88031005859375,14.809680938720703,0.0,1.0,31.25,18.38041114807129,1.0,8.800033569335938,,,,,,,,,,,
2026-08-21_ewc_vitality-vs-spirit_mirage,donk,CT,5,120.0,stop,39712,counterstrafe,78.125,172.2863006591797,34.40821075439453,0.0,1.0,0.0,34.40821075439453,0.0,0.54998779296875,,,,,,,,,,,
2026-08-21_ewc_vitality-vs-spirit_mirage,donk,CT,5,120.0,stop,39901,counterstrafe,78.125,161.12396240234375,24.609086990356445,0.0,1.0,31.25,19.253652572631836,1.0,1.457061767578125,,,,,,,,,,,
2026-08-21_ewc_vitality-vs-spirit_mirage,donk,CT,5,120.0,stop,40502,release,93.75,175.08082580566406,33.389373779296875,0.0,0.0,,,0.0,2.007415771484375,,,,,,,,,,,
2026-08-21_ewc_vitality-vs-spirit_mirage,donk,CT,5,120.0,stop,40548,counterstrafe,78.125,151.59857177734375,18.55575180053711,0.0,0.0,,,1.0,0.302459716796875,,,,,,,,,,,
2026-08-21_ewc_vitality-vs-spirit_mirage,donk,CT,5,120.0,stop,41122,counter_fwd,78.125,183.89129638671875,26.564170837402344,0.0,0.0,,,0.0,2.640167236328125,,,,,,,,,,,
2026-08-21_ewc_vitality-vs-spirit_mirage,donk,CT,5,120.0,stop,41237,counter_fwd,78.125,169.74122619628906,16.08315086364746,0.0,0.0,,,0.0,2.6672821044921875,,,,,,,,,,,
2026-08-21_ewc_vitality-vs-spirit_mirage,donk,CT,5,120.0,stop,41480,release,15.625,250.00990295410156,21.798328399658203,0.0,0.0,,,0.0,4.152488708496094,,,,,,,,,,,
2026-08-21_ewc_vitality-vs-spirit_mirage,donk,CT,5,120.0,peek,32601,,,,,,,,,,,traversal,139.8539672759697,1156.25,4984.375,0.0,191.5706787109375,0.0,152.43185424804688,0.0,0.7826040499294309,0.0
2026-08-21_ewc_vitality-vs-spirit_mirage,donk,CT,5,120.0,peek,34704,,,,,,,,,,,jiggle,11.204173958723283,1453.125,1453.125,1.0,84.9867172241211,0.0,13.915206909179688,0.0,12.790061279777413,0.0
2026-08-21_ewc_vitality-vs-spirit_mirage,donk,CT,5,120.0,peek,34812,,,,,,,,,,,jiggle,32.72521985679026,546.875,546.875,1.0,163.04347229003906,0.0,19.167724609375,0.0,14.313767839414707,0.0
2026-08-21_ewc_vitality-vs-spirit_mirage,donk,CT,5,120.0,peek,34915,,,,,,,,,,,traversal,213.89250785009503,1484.375,4984.375,0.0,223.93516540527344,0.0,111.07247924804688,1.0,0.05473945467674321,0.0
2026-08-21_ewc_vitality-vs-spirit_mirage,donk,CT,5,120.0,peek,36144,,,,,,,,,,,traversal,81.23255644333099,1484.375,3812.5,1.0,127.40768432617188,1.0,6.7373809814453125,0.0,0.6021968035780418,1.0
2026-08-21_ewc_vitality-vs-spirit_mirage,donk,CT,5,120.0,peek,36496,,,,,,,,,,,narrow,115.3433423744989,1312.5,2546.875,1.0,124.72412109375,0.8823529411764706,6.3518218994140625,0.0,1.6258057583670364,1.0
2026-08-21_ewc_vitality-vs-spirit_mirage,donk,CT,5,120.0,peek,36852,,,,,,,,,,,traversal,167.4654695649504,1484.375,4984.375,0.0,130.0073699951172,0.9479166666666666,4.867279052734375,0.0,0.1476159523365229,1.0
2026-08-21_ewc_vitality-vs-spirit_mirage,donk,CT,5,120.0,peek,39182,,,,,,,,,,,narrow,92.89020671638015,609.375,1640.625,1.0,214.5086669921875,0.0,7.534942626953125,1.0,26.202156888186614,0.0
2026-08-21_ewc_vitality-vs-spirit_mirage,donk,CT,5,120.0,peek,39473,,,,,,,,,,,jiggle,9.27621365721421,1484.375,1484.375,1.0,70.65979766845703,0.5729166666666666,35.42024230957031,0.0,1.287867841698501,1.0
2026-08-21_ewc_vitality-vs-spirit_mirage,donk,CT,5,120.0,peek,41503,,,,,,,,,,,traversal,69.59649579061477,265.625,375.0,0.0,269.6728515625,0.0,99.08261108398438,0.0,0.6380318428634676,0.0
2026-08-21_ewc_vitality-vs-spirit_mirage,donk,CT,6,90.515625,stop,41628,counterstrafe,31.25,279.6922607421875,29.829090118408203,1.0,1.0,78.125,30.735883712768555,0.0,0.60491943359375,,,,,,,,,,,
2026-08-21_ewc_vitality-vs-spirit_mirage,donk,CT,6,90.515625,stop,41724,release,31.25,221.19949340820312,1.9844095706939697,0.0,0.0,,,1.0,34.67730712890625,,,,,,,,,,,
2026-08-21_ewc_vitality-vs-spirit_mirage,donk,CT,6,90.515625,stop,41743,release,328.125,221.19949340820312,15.24224853515625,0.0,0.0,,,0.0,71.55498504638672,,,,,,,,,,,
2026-08-21_ewc_vitality-vs-spirit_mirage,donk,CT,6,90.515625,stop,45455,crouch_stop,78.125,152.86512756347656,3.9147660732269287,1.0,0.0,,,0.0,0.87994384765625,,,,,,,,,,,
2026-08-21_ewc_vitality-vs-spirit_mirage,donk,CT,6,90.515625,stop,45773,release,31.25,157.3671875,0.0,0.0,0.0,,,1.0,0.0827484130859375,,,,,,,,,,,
2026-08-21_ewc_vitality-vs-spirit_mirage,donk,CT,6,90.515625,stop,45918,release,46.875,190.2689971923828,18.801197052001953,0.0,0.0,,,1.0,0.0,,,,,,,,,,,
2026-08-21_ewc_vitality-vs-spirit_mirage,donk,CT,6,90.515625,stop,45981,counterstrafe,78.125,152.7198028564453,17.451196670532227,0.0,0.0,,,1.0,0.302459716796875,,,,,,,,,,,
2026-08-21_ewc_vitality-vs-spirit_mirage,donk,CT,6,90.515625,stop,45997,counterstrafe,328.125,152.7198028564453,29.344865798950195,0.0,0.0,,,1.0,4.097198486328125,,,,,,,,,,,
2026-08-21_ewc_vitality-vs-spirit_mirage,donk,CT,6,90.515625,stop,46018,counterstrafe,78.125,154.1988983154297,34.93721389770508,0.0,1.0,62.5,68.4609603881836,0.0,1.7327423095703125,,,,,,,,,,,
2026-08-21_ewc_vitality-vs-spirit_mirage,donk,CT,6,90.515625,stop,46087,counterstrafe,62.5,153.13182067871094,34.49547576904297,0.0,1.0,0.0,34.49547576904297,1.0,0.274993896484375,,,,,,,,,,,
2026-08-21_ewc_vitality-vs-spirit_mirage,donk,CT,6,90.515625,stop,46384,counterstrafe,78.125,162.15626525878906,26.013824462890625,0.0,1.0,234.375,160.83074951171875,1.0,0.0274658203125,,,,,,,,,,,
2026-08-21_ewc_vitality-vs-spirit_mirage,donk,CT,6,90.515625,stop,46477,release,78.125,176.7953643798828,21.574037551879883,0.0,0.0,,,0.0,5.500030517578125,,,,,,,,,,,
2026-08-21_ewc_vitality-vs-spirit_mirage,donk,CT,6,90.515625,stop,47312,release,93.75,155.0408477783203,11.165702819824219,0.0,0.0,,,1.0,0.2197265625,,,,,,,,,,,
2026-08-21_ewc_vitality-vs-spirit_mirage,donk,CT,6,90.515625,stop,47324,counterstrafe,281.25,155.0408477783203,20.63753890991211,0.0,0.0,,,1.0,2.227142333984375,,,,,,,,,,,
2026-08-21_ewc_vitality-vs-spirit_mirage,donk,CT,6,90.515625,stop,47484,counterstrafe,78.125,151.71058654785156,34.879207611083984,0.0,0.0,,,1.0,1.732757568359375,,,,,,,,,,,
2026-08-21_ewc_vitality-vs-spirit_mirage,donk,CT,6,90.515625,stop,47660,release,78.125,172.63369750976562,33.2468147277832,0.0,0.0,,,1.0,0.3852081298828125,,,,,,,,,,,
2026-08-21_ewc_vitality-vs-spirit_mirage,donk,CT,6,90.515625,stop,47669,counterstrafe,218.75,172.63369750976562,33.13517761230469,0.0,0.0,,,1.0,0.66021728515625,,,,,,,,,,,
2026-08-21_ewc_vitality-vs-spirit_mirage,donk,CT,6,90.515625,stop,48449,release,78.125,153.4267120361328,19.2161808013916,0.0,0.0,,,1.0,0.2200775146484375,,,,,,,,,,,
2026-08-21_ewc_vitality-vs-spirit_mirage,donk,CT,6,90.515625,stop,48929,release,93.75,179.6569061279297,13.144762992858887,0.0,0.0,,,1.0,0.1373291015625,,,,,,,,,,,
2026-08-21_ewc_vitality-vs-spirit_mirage,donk,CT,6,90.515625,stop,49015,release,109.375,172.16049194335938,34.7592658996582,0.0,0.0,,,1.0,1.3475494384765625,,,,,,,,,,,
2026-08-21_ewc_vitality-vs-spirit_mirage,donk,CT,6,90.515625,stop,49748,counterstrafe,78.125,154.12347412109375,18.488178253173828,0.0,0.0,,,1.0,0.0,,,,,,,,,,,
2026-08-21_ewc_vitality-vs-spirit_mirage,donk,CT,6,90.515625,stop,49776,counterstrafe,78.125,166.30677795410156,31.415258407592773,0.0,0.0,,,0.0,0.632415771484375,,,,,,,,,,,
2026-08-21_ewc_vitality-vs-spirit_mirage,donk,CT,6,90.515625,stop,50063,release,109.375,176.53700256347656,32.4636116027832,0.0,0.0,,,1.0,0.0274658203125,,,,,,,,,,,
2026-08-21_ewc_vitality-vs-spirit_mirage,donk,CT,6,90.515625,peek,45167,,,,,,,,,,,traversal,343.97695153186294,1484.375,4984.375,0.0,249.9918975830078,0.0,0.0,0.0,8.331826612894629e-05,0.0
2026-08-21_ewc_vitality-vs-spirit_mirage,donk,CT,6,90.515625,peek,45493,,,,,,,,,,,traversal,174.92736045206513,1484.375,4984.375,0.0,244.07366943359375,0.0,62.42498779296875,2.0,0.5353427338954194,0.0
2026-08-21_ewc_vitality-vs-spirit_mirage,donk,CT,6,90.515625,peek,45852,,,,,,,,,,,commit,96.66435423366264,687.5,4984.375,0.0,195.53907775878906,0.0,8.195465087890625,1.0,3.1510189277951346,0.0
2026-08-21_ewc_vitality-vs-spirit_mirage,donk,CT,6,90.515625,peek,47264,,,,,,,,,,,jiggle,50.716073373396746,734.375,875.0,1.0,155.0408477783203,0.3541666666666667,96.58013916015625,0.0,2.1403263740774165,0.0
2026-08-21_ewc_vitality-vs-spirit_mirage,donk,CT,6,90.515625,peek,47340,,,,,,,,,,,jiggle,45.77061475444907,968.75,1265.625,1.0,111.8018569946289,0.6507936507936508,132.3293228149414,0.0,1.031129662888111,1.0
2026-08-21_ewc_vitality-vs-spirit_mirage,donk,CT,6,90.515625,peek,47422,,,,,,,,,,,jiggle,52.71951120199578,968.75,1125.0,1.0,151.71058654785156,0.2222222222222222,121.10983276367188,0.0,1.4988828580772038,0.0
2026-08-21_ewc_vitality-vs-spirit_mirage,donk,CT,6,90.515625,peek,49894,,,,,,,,,,,commit,163.49118551666442,1484.375,4984.375,0.0,188.01593017578125,0.0,21.97265625,0.0,2.688152981462143,0.0
2026-08-21_ewc_vitality-vs-spirit_mirage,donk,CT,6,90.515625,peek,50375,,,,,,,,,,,traversal,143.50092864941928,1484.375,4062.5,0.0,118.32408142089844,0.9270833333333334,24.750167846679688,0.0,0.21471156093508287,1.0
2026-08-21_ewc_vitality-vs-spirit_mirage,donk,CT,7,121.3125,stop,52238,release,15.625,249.99790954589844,10.739752769470215,0.0,0.0,,,0.0,0.0,,,,,,,,,,,
2026-08-21_ewc_vitality-vs-spirit_mirage,donk,CT,7,121.3125,stop,52582,release,78.125,171.70787048339844,17.4930477142334,0.0,1.0,0.0,17.4930477142334,0.0,5.9676513671875,,,,,,,,,,,
2026-08-21_ewc_vitality-vs-spirit_mirage,donk,CT,7,121.3125,stop,53154,release,78.125,156.7784423828125,23.866695404052734,0.0,0.0,,,1.0,2.9148101806640625,,,,,,,,,,,
2026-08-21_ewc_vitality-vs-spirit_mirage,donk,CT,7,121.3125,stop,53164,counterstrafe,234.375,156.7784423828125,25.885848999023438,0.0,0.0,,,1.0,3.2447509765625,,,,,,,,,,,
2026-08-21_ewc_vitality-vs-spirit_mirage,donk,CT,7,121.3125,stop,53204,release,78.125,157.0568084716797,22.541465759277344,0.0,0.0,,,1.0,0.5222015380859375,,,,,,,,,,,
2026-08-21_ewc_vitality-vs-spirit_mirage,donk,CT,7,121.3125,stop,53339,counter_fwd,78.125,183.2146453857422,29.705591201782227,0.0,1.0,0.0,29.705591201782227,0.0,0.1651458740234375,,,,,,,,,,,
2026-08-21_ewc_vitality-vs-spirit_mirage,donk,CT,7,121.3125,stop,53476,counter_fwd,78.125,169.0323486328125,29.231809616088867,0.0,1.0,0.0,29.231809616088867,0.0,0.165130615234375,,,,,,,,,,,
2026-08-21_ewc_vitality-vs-spirit_mirage,donk,CT,7,121.3125,stop,53569,counterstrafe,78.125,160.0010986328125,24.484251022338867,0.0,0.0,,,0.0,0.274993896484375,,,,,,,,,,,
2026-08-21_ewc_vitality-vs-spirit_mirage,donk,CT,7,121.3125,stop,54641,counterstrafe,78.125,172.2180938720703,34.91099548339844,0.0,0.0,,,0.0,0.495086669921875,,,,,,,,,,,
2026-08-21_ewc_vitality-vs-spirit_mirage,donk,CT,7,121.3125,stop,56548,release,78.125,150.02806091308594,19.461503982543945,0.0,0.0,,,1.0,0.192596435546875,,,,,,,,,,,
2026-08-21_ewc_vitality-vs-spirit_mirage,donk,CT,7,121.3125,stop,56605,release,187.5,151.6256866455078,31.59903335571289,0.0,0.0,,,1.0,1.8426055908203125,,,,,,,,,,,
2026-08-21_ewc_vitality-vs-spirit_mirage,donk,CT,7,121.3125,stop,56635,counterstrafe,93.75,160.81484985351562,26.18758773803711,0.0,0.0,,,0.0,0.6598663330078125,,,,,,,,,,,
2026-08-21_ewc_vitality-vs-spirit_mirage,donk,CT,7,121.3125,stop,59536,release,78.125,156.62356567382812,21.038789749145508,0.0,0.0,,,0.0,0.60491943359375,,,,,,,,,,,
2026-08-21_ewc_vitality-vs-spirit_mirage,donk,CT,7,121.3125,peek,50655,,,,,,,,,,,traversal,264.33861405102846,1328.125,4984.375,0.0,249.9993896484375,0.0,54.862274169921875,0.0,0.3781071687136037,0.0
2026-08-21_ewc_vitality-vs-spirit_mirage,donk,CT,7,121.3125,peek,54617,,,,,,,,,,,commit,159.5998575775139,1484.375,4984.375,0.0,180.62738037109375,0.6666666666666666,29.039947509765625,0.0,1.2671837007215148,1.0
2026-08-21_ewc_vitality-vs-spirit_mirage,donk,CT,7,121.3125,peek,57080,,,,,,,,,,,traversal,136.80163020110217,1484.375,4984.375,0.0,111.80811309814453,0.9583333333333334,208.66986083984375,0.0,0.5950689304932586,1.0
2026-08-21_ewc_vitality-vs-spirit_mirage,donk,CT,7,121.3125,peek,57514,,,,,,,,,,,jiggle,31.81523827457424,1484.375,1484.375,1.0,124.81133270263672,0.23958333333333334,66.35746765136719,0.0,9.166719559206749,0.0
2026-08-21_ewc_vitality-vs-spirit_mirage,donk,CT,7,121.3125,peek,57683,,,,,,,,,,,jiggle,25.04747929263513,546.875,546.875,1.0,109.52616882324219,0.0,4.3450927734375,0.0,1.479532326797024,0.0
2026-08-21_ewc_vitality-vs-spirit_mirage,donk,CT,7,121.3125,peek,58248,,,,,,,,,,,jiggle,23.727395198505366,281.25,281.25,1.0,126.26249694824219,0.0,0.4126739501953125,0.0,1.03704904987934,0.0
2026-08-21_ewc_vitality-vs-spirit_mirage,donk,CT,8,82.3125,stop,63820,counterstrafe,62.5,187.56985473632812,30.681228637695312,0.0,0.0,,,1.0,0.165130615234375,,,,,,,,,,,
2026-08-21_ewc_vitality-vs-spirit_mirage,donk,CT,8,82.3125,stop,63854,counterstrafe,93.75,175.9464569091797,9.416254043579102,0.0,0.0,,,1.0,0.0,,,,,,,,,,,
2026-08-21_ewc_vitality-vs-spirit_mirage,donk,CT,8,82.3125,stop,63864,counterstrafe,250.0,175.9464569091797,18.2877197265625,0.0,0.0,,,1.0,2.03485107421875,,,,,,,,,,,
2026-08-21_ewc_vitality-vs-spirit_mirage,donk,CT,8,82.3125,stop,63920,counter_fwd,156.25,156.2610321044922,28.568727493286133,1.0,1.0,109.375,15.307168006896973,1.0,0.85211181640625,,,,,,,,,,,
2026-08-21_ewc_vitality-vs-spirit_mirage,donk,CT,8,82.3125,stop,64193,release,78.125,175.96206665039062,34.72525405883789,0.0,0.0,,,1.0,0.0,,,,,,,,,,,
2026-08-21_ewc_vitality-vs-spirit_mirage,donk,CT,8,82.3125,stop,64445,release,93.75,154.47328186035156,18.904600143432617,0.0,0.0,,,1.0,81.31770324707031,,,,,,,,,,,
2026-08-21_ewc_vitality-vs-spirit_mirage,donk,CT,8,82.3125,stop,64599,release,78.125,173.7275390625,29.05897331237793,0.0,0.0,,,0.0,0.0827484130859375,,,,,,,,,,,
2026-08-21_ewc_vitality-vs-spirit_mirage,donk,CT,8,82.3125,stop,64830,release,171.875,151.98245239257812,18.774892807006836,0.0,0.0,,,1.0,0.1373291015625,,,,,,,,,,,
2026-08-21_ewc_vitality-vs-spirit_mirage,donk,CT,8,82.3125,stop,65148,counterstrafe,78.125,170.48251342773438,29.970718383789062,0.0,0.0,,,1.0,0.0,,,,,,,,,,,
2026-08-21_ewc_vitality-vs-spirit_mirage,donk,CT,8,82.3125,stop,65368,counterstrafe,78.125,153.31600952148438,14.619985580444336,0.0,0.0,,,1.0,0.0274658203125,,,,,,,,,,,
2026-08-21_ewc_vitality-vs-spirit_mirage,donk,CT,8,82.3125,stop,65473,counterstrafe,78.125,156.6484375,29.80234718322754,0.0,0.0,,,1.0,0.60491943359375,,,,,,,,,,,
2026-08-21_ewc_vitality-vs-spirit_mirage,donk,CT,8,82.3125,stop,65491,counterstrafe,359.375,156.6484375,20.310686111450195,0.0,0.0,,,1.0,4.97747802734375,,,,,,,,,,,
2026-08-21_ewc_vitality-vs-spirit_mirage,donk,CT,8,82.3125,stop,66190,counterstrafe,78.125,163.3005828857422,24.975873947143555,0.0,0.0,,,1.0,0.247528076171875,,,,,,,,,,,
2026-08-21_ewc_vitality-vs-spirit_mirage,donk,CT,8,82.3125,stop,66782,release,78.125,162.68702697753906,21.201980590820312,0.0,0.0,,,1.0,0.2200927734375,,,,,,,,,,,
2026-08-21_ewc_vitality-vs-spirit_mirage,donk,CT,8,82.3125,stop,67139,release,78.125,162.59141540527344,21.52288246154785,0.0,0.0,,,1.0,1.017608642578125,,,,,,,,,,,
2026-08-21_ewc_vitality-vs-spirit_mirage,donk,CT,8,82.3125,peek,64575,,,,,,,,,,,traversal,155.46921073059363,1484.375,4984.375,0.0,206.84832763671875,0.53125,130.90005493164062,0.0,0.8455035189172205,1.0
2026-08-21_ewc_vitality-vs-spirit_mirage,donk,CT,8,82.3125,peek,64966,,,,,,,,,,,commit,60.81752475987373,1484.375,4984.375,0.0,118.66551208496094,0.3125,149.902587890625,0.0,1.066188425119354,0.0
2026-08-21_ewc_vitality-vs-spirit_mirage,donk,CT,8,82.3125,peek,65345,,,,,,,,,,,jiggle,42.36233371208718,343.75,343.75,1.0,184.98777770996094,0.0,8.30462646484375,0.0,14.283543154863054,0.0
2026-08-21_ewc_vitality-vs-spirit_mirage,donk,CT,8,82.3125,peek,65455,,,,,,,,,,,jiggle,29.350325278922448,328.125,328.125,1.0,161.52557373046875,0.0,10.0926513671875,0.0,9.712507097428691,0.0
2026-08-21_ewc_vitality-vs-spirit_mirage,donk,CT,8,82.3125,peek,66411,,,,,,,,,,,jiggle,12.457370266139554,640.625,640.625,1.0,90.9296875,0.9285714285714286,2.0345458984375,0.0,1.5778958637388558,1.0
2026-08-21_ewc_vitality-vs-spirit_mirage,donk,CT,8,82.3125,peek,66583,,,,,,,,,,,jiggle,3.4765628348575386,93.75,93.75,1.0,48.83192825317383,1.0,0.0,0.0,2.162748425075679,1.0
2026-08-21_ewc_vitality-vs-spirit_mirage,donk,CT,8,82.3125,peek,66694,,,,,,,,,,,narrow,103.29700284745708,1359.375,2000.0,1.0,187.65296936035156,0.6477272727272727,53.3221435546875,0.0,1.2699204615504835,1.0
2026-08-21_ewc_vitality-vs-spirit_mirage,donk,CT,8,82.3125,peek,66899,,,,,,,,,,,traversal,64.38500981191267,937.5,2375.0,1.0,127.37815856933594,0.9016393442622951,5.58172607421875,1.0,0.19812862898463962,1.0
2026-08-21_ewc_vitality-vs-spirit_mirage,donk,CT,8,82.3125,peek,67264,,,,,,,,,,,narrow,60.16395692799956,1484.375,3578.125,1.0,113.82032012939453,0.9270833333333334,23.896331787109375,0.0,1.2533895870651444,1.0
2026-08-21_ewc_vitality-vs-spirit_mirage,donk,CT,8,82.3125,peek,68174,,,,,,,,,,,traversal,127.7528791473075,1484.375,3078.125,1.0,117.00208282470703,0.9583333333333334,139.1226348876953,0.0,0.6595035957079673,1.0
2026-08-21_ewc_vitality-vs-spirit_mirage,donk,CT,9,87.296875,stop,72707,release,62.5,206.7083740234375,0.0,0.0,0.0,,,0.0,1.622528076171875,,,,,,,,,,,
2026-08-21_ewc_vitality-vs-spirit_mirage,donk,CT,9,87.296875,stop,73307,counterstrafe,78.125,160.74745178222656,11.484375953674316,0.0,1.0,0.0,11.484375953674316,1.0,0.6598663330078125,,,,,,,,,,,
2026-08-21_ewc_vitality-vs-spirit_mirage,donk,CT,9,87.296875,stop,73341,counterstrafe,78.125,152.00106811523438,8.834211349487305,0.0,1.0,0.0,8.834211349487305,1.0,0.247528076171875,,,,,,,,,,,
2026-08-21_ewc_vitality-vs-spirit_mirage,donk,CT,9,87.296875,stop,73357,counterstrafe,328.125,152.00106811523438,11.646551132202148,0.0,1.0,0.0,11.646551132202148,1.0,1.787322998046875,,,,,,,,,,,
2026-08-21_ewc_vitality-vs-spirit_mirage,donk,CT,9,87.296875,stop,73419,counterstrafe,78.125,164.54638671875,16.169960021972656,0.0,0.0,,,1.0,0.302459716796875,,,,,,,,,,,
2026-08-21_ewc_vitality-vs-spirit_mirage,donk,CT,9,87.296875,stop,73446,release,78.125,171.97457885742188,17.905202865600586,0.0,0.0,,,1.0,0.0,,,,,,,,,,,
2026-08-21_ewc_vitality-vs-spirit_mirage,donk,CT,9,87.296875,stop,74522,counterstrafe,78.125,165.0579071044922,34.68522262573242,0.0,0.0,,,1.0,0.32993316650390625,,,,,,,,,,,
2026-08-21_ewc_vitality-vs-spirit_mirage,donk,CT,9,87.296875,stop,74796,counterstrafe,78.125,171.7838134765625,33.932090759277344,0.0,0.0,,,1.0,0.385223388671875,,,,,,,,,,,
2026-08-21_ewc_vitality-vs-spirit_mirage,donk,CT,9,87.296875,stop,75114,release,78.125,155.91665649414062,20.1589298248291,0.0,0.0,,,1.0,0.0274658203125,,,,,,,,,,,
2026-08-21_ewc_vitality-vs-spirit_mirage,donk,CT,9,87.296875,stop,75139,release,78.125,157.32899475097656,25.82369613647461,0.0,0.0,,,1.0,0.0,,,,,,,,,,,
2026-08-21_ewc_vitality-vs-spirit_mirage,donk,CT,9,87.296875,stop,75208,release,78.125,150.57510375976562,33.02175521850586,0.0,0.0,,,1.0,0.41265869140625,,,,,,,,,,,
2026-08-21_ewc_vitality-vs-spirit_mirage,donk,CT,9,87.296875,stop,75313,counterstrafe,78.125,152.78924560546875,20.156015396118164,0.0,0.0,,,1.0,0.2471923828125,,,,,,,,,,,
2026-08-21_ewc_vitality-vs-spirit_mirage,donk,CT,9,87.296875,stop,75331,counterstrafe,359.375,152.78924560546875,18.084978103637695,0.0,0.0,,,1.0,2.94158935546875,,,,,,,,,,,
2026-08-21_ewc_vitality-vs-spirit_mirage,donk,CT,9,87.296875,stop,75356,counterstrafe,78.125,155.17633056640625,30.725494384765625,0.0,0.0,,,1.0,0.90740966796875,,,,,,,,,,,
2026-08-21_ewc_vitality-vs-spirit_mirage,donk,CT,9,87.296875,stop,75410,counterstrafe,78.125,164.71006774902344,25.71009635925293,0.0,0.0,,,1.0,0.0,,,,,,,,,,,
2026-08-21_ewc_vitality-vs-spirit_mirage,donk,CT,9,87.296875,stop,75565,release,93.75,151.80007934570312,12.635942459106445,0.0,0.0,,,1.0,0.054931640625,,,,,,,,,,,
2026-08-21_ewc_vitality-vs-spirit_mirage,donk,CT,9,87.296875,stop,75732,release,93.75,171.5792999267578,11.607555389404297,0.0,0.0,,,1.0,0.137664794921875,,,,,,,,,,,
2026-08-21_ewc_vitality-vs-spirit_mirage,donk,CT,9,87.296875,stop,75851,release,78.125,150.30775451660156,13.84554672241211,0.0,0.0,,,1.0,0.10986328125,,,,,,,,,,,
2026-08-21_ewc_vitality-vs-spirit_mirage,donk,CT,9,87.296875,stop,75956,release,78.125,158.2797393798828,18.79787254333496,0.0,0.0,,,1.0,0.412322998046875,,,,,,,,,,,
2026-08-21_ewc_vitality-vs-spirit_mirage,donk,CT,9,87.296875,stop,76018,counterstrafe,78.125,157.00686645507812,18.916208267211914,0.0,0.0,,,1.0,0.0,,,,,,,,,,,
2026-08-21_ewc_vitality-vs-spirit_mirage,donk,CT,9,87.296875,stop,76071,counterstrafe,78.125,152.42691040039062,13.617816925048828,0.0,0.0,,,1.0,0.082733154296875,,,,,,,,,,,
2026-08-21_ewc_vitality-vs-spirit_mirage,donk,CT,9,87.296875,stop,76184,counterstrafe,78.125,169.27249145507812,34.57175827026367,0.0,0.0,,,1.0,0.054931640625,,,,,,,,,,,
2026-08-21_ewc_vitality-vs-spirit_mirage,donk,CT,9,87.296875,stop,77877,release,78.125,150.73019409179688,15.028570175170898,0.0,0.0,,,1.0,1.04510498046875,,,,,,,,,,,
2026-08-21_ewc_vitality-vs-spirit_mirage,donk,CT,9,87.296875,peek,72834,,,,,,,,,,,commit,210.90941361437035,1484.375,4984.375,0.0,244.9976806640625,0.0,0.0,1.0,1.5370792742855746,0.0
2026-08-21_ewc_vitality-vs-spirit_mirage,donk,CT,9,87.296875,peek,73325,,,,,,,,,,,jiggle,24.272525872446984,234.375,234.375,1.0,161.0579071044922,0.0,2.28240966796875,0.0,34.14816739868903,0.0
2026-08-21_ewc_vitality-vs-spirit_mirage,donk,CT,9,87.296875,peek,73398,,,,,,,,,,,jiggle,38.7011574064849,312.5,312.5,1.0,188.41842651367188,0.0,4.1802978515625,0.0,33.86378071264666,0.0
2026-08-21_ewc_vitality-vs-spirit_mirage,donk,CT,9,87.296875,peek,74602,,,,,,,,,,,jiggle,18.128228688005166,265.625,265.625,1.0,126.52581024169922,0.0,3.62994384765625,0.0,1.188965554749499,0.0
2026-08-21_ewc_vitality-vs-spirit_mirage,donk,CT,9,87.296875,peek,77222,,,,,,,,,,,jiggle,41.87116249674753,406.25,406.25,1.0,117.31756591796875,0.7037037037037037,61.29753112792969,0.0,4.207508134481557,1.0
2026-08-21_ewc_vitality-vs-spirit_mirage,donk,CT,9,87.296875,peek,77841,,,,,,,,,,,commit,82.46866642101024,546.875,812.5,0.0,217.36831665039062,0.0,48.6749267578125,0.0,11.6485644715565,0.0
2026-08-21_ewc_vitality-vs-spirit_mirage,donk,CT,10,115.0,stop,85664,release,78.125,180.37306213378906,14.975395202636719,0.0,1.0,109.375,97.58063507080078,1.0,0.2471923828125,,,,,,,,,,,
2026-08-21_ewc_vitality-vs-spirit_mirage,donk,CT,10,115.0,stop,85687,counterstrafe,93.75,156.91281127929688,24.15625,0.0,1.0,0.0,24.15625,1.0,0.1922607421875,,,,,,,,,,,
2026-08-21_ewc_vitality-vs-spirit_mirage,donk,CT,10,115.0,stop,85762,counterstrafe,78.125,165.46170043945312,29.040071487426758,0.0,0.0,,,1.0,0.2197265625,,,,,,,,,,,
2026-08-21_ewc_vitality-vs-spirit_mirage,donk,CT,10,115.0,stop,85786,counterstrafe,93.75,151.50709533691406,10.974528312683105,0.0,0.0,,,1.0,0.137664794921875,,,,,,,,,,,
2026-08-21_ewc_vitality-vs-spirit_mirage,donk,CT,10,115.0,stop,85804,counterstrafe,375.0,151.50709533691406,29.67167091369629,0.0,0.0,,,1.0,0.879913330078125,,,,,,,,,,,
2026-08-21_ewc_vitality-vs-spirit_mirage,donk,CT,10,115.0,stop,85847,release,78.125,166.12295532226562,33.15830612182617,0.0,0.0,,,1.0,0.0,,,,,,,,,,,
2026-08-21_ewc_vitality-vs-spirit_mirage,donk,CT,10,115.0,stop,85878,counterstrafe,78.125,163.90164184570312,26.25525665283203,0.0,0.0,,,1.0,0.0,,,,,,,,,,,
2026-08-21_ewc_vitality-vs-spirit_mirage,donk,CT,10,115.0,stop,85901,release,93.75,168.22708129882812,22.617273330688477,0.0,0.0,,,1.0,0.1922607421875,,,,,,,,,,,
2026-08-21_ewc_vitality-vs-spirit_mirage,donk,CT,10,115.0,stop,85924,release,78.125,158.41262817382812,24.865310668945312,0.0,0.0,,,1.0,0.0,,,,,,,,,,,
2026-08-21_ewc_vitality-vs-spirit_mirage,donk,CT,10,115.0,stop,85946,counterstrafe,93.75,165.48709106445312,14.565787315368652,0.0,0.0,,,1.0,0.0,,,,,,,,,,,
2026-08-21_ewc_vitality-vs-spirit_mirage,donk,CT,10,115.0,stop,85975,counterstrafe,78.125,155.79795837402344,18.035430908203125,0.0,0.0,,,1.0,0.0,,,,,,,,,,,
2026-08-21_ewc_vitality-vs-spirit_mirage,donk,CT,10,115.0,stop,85993,counterstrafe,359.375,155.79795837402344,25.506778717041016,0.0,0.0,,,1.0,0.824981689453125,,,,,,,,,,,
2026-08-21_ewc_vitality-vs-spirit_mirage,donk,CT,10,115.0,stop,86217,counterstrafe,78.125,159.98538208007812,18.940330505371094,0.0,0.0,,,1.0,0.0,,,,,,,,,,,
2026-08-21_ewc_vitality-vs-spirit_mirage,donk,CT,10,115.0,stop,86236,counterstrafe,375.0,159.98538208007812,32.29287338256836,0.0,0.0,,,1.0,0.82501220703125,,,,,,,,,,,
2026-08-21_ewc_vitality-vs-spirit_mirage,donk,CT,10,115.0,stop,86262,release,93.75,155.76019287109375,10.778085708618164,0.0,0.0,,,1.0,0.0,,,,,,,,,,,
2026-08-21_ewc_vitality-vs-spirit_mirage,donk,CT,10,115.0,stop,86347,release,78.125,160.18446350097656,22.263002395629883,0.0,0.0,,,1.0,0.0,,,,,,,,,,,
2026-08-21_ewc_vitality-vs-spirit_mirage,donk,CT,10,115.0,stop,86392,release,78.125,150.7686004638672,20.196598052978516,0.0,0.0,,,1.0,0.110198974609375,,,,,,,,,,,
2026-08-21_ewc_vitality-vs-spirit_mirage,donk,CT,10,115.0,stop,86437,release,78.125,154.53359985351562,20.177438735961914,0.0,0.0,,,1.0,0.0274658203125,,,,,,,,,,,
2026-08-21_ewc_vitality-vs-spirit_mirage,donk,CT,10,115.0,stop,86455,release,359.375,154.53359985351562,28.85342788696289,0.0,0.0,,,1.0,0.98980712890625,,,,,,,,,,,
2026-08-21_ewc_vitality-vs-spirit_mirage,donk,CT,10,115.0,stop,86539,release,78.125,163.81427001953125,31.18149757385254,0.0,0.0,,,1.0,0.0,,,,,,,,,,,
2026-08-21_ewc_vitality-vs-spirit_mirage,donk,CT,10,115.0,stop,86563,release,78.125,154.5411834716797,17.657272338867188,0.0,0.0,,,1.0,0.10986328125,,,,,,,,,,,
2026-08-21_ewc_vitality-vs-spirit_mirage,donk,CT,10,115.0,stop,86579,release,328.125,154.5411834716797,31.238252639770508,0.0,0.0,,,1.0,0.74224853515625,,,,,,,,,,,
2026-08-21_ewc_vitality-vs-spirit_mirage,donk,CT,10,115.0,stop,86631,release,93.75,150.95977783203125,24.98455047607422,0.0,0.0,,,1.0,0.0,,,,,,,,,,,
2026-08-21_ewc_vitality-vs-spirit_mirage,donk,CT,10,115.0,stop,86656,counterstrafe,78.125,158.96539306640625,30.9727783203125,0.0,0.0,,,1.0,0.165130615234375,,,,,,,,,,,
2026-08-21_ewc_vitality-vs-spirit_mirage,donk,CT,10,115.0,stop,86666,counterstrafe,234.375,158.96539306640625,3.0586836338043213,0.0,0.0,,,0.0,0.165130615234375,,,,,,,,,,,
2026-08-21_ewc_vitality-vs-spirit_mirage,donk,CT,10,115.0,stop,88203,counterstrafe,93.75,166.4727020263672,9.87688159942627,0.0,0.0,,,1.0,0.054931640625,,,,,,,,,,,
2026-08-21_ewc_vitality-vs-spirit_mirage,donk,CT,10,115.0,stop,88366,counterstrafe,78.125,162.99871826171875,23.19000816345215,0.0,0.0,,,1.0,0.0,,,,,,,,,,,
2026-08-21_ewc_vitality-vs-spirit_mirage,donk,CT,10,115.0,stop,88511,release,93.75,176.72010803222656,10.7071533203125,0.0,0.0,,,1.0,0.10986328125,,,,,,,,,,,
2026-08-21_ewc_vitality-vs-spirit_mirage,donk,CT,10,115.0,stop,88527,release,343.75,176.72010803222656,14.017447471618652,0.0,0.0,,,1.0,1.595062255859375,,,,,,,,,,,
2026-08-21_ewc_vitality-vs-spirit_mirage,donk,CT,10,115.0,stop,89961,release,78.125,172.05087280273438,29.93391990661621,0.0,0.0,,,1.0,0.0,,,,,,,,,,,
2026-08-21_ewc_vitality-vs-spirit_mirage,donk,CT,10,115.0,stop,90255,counterstrafe,78.125,161.87171936035156,20.690479278564453,0.0,0.0,,,1.0,0.41265869140625,,,,,,,,,,,
2026-08-21_ewc_vitality-vs-spirit_mirage,donk,CT,10,115.0,stop,90316,counterstrafe,78.125,179.32675170898438,33.194252014160156,0.0,0.0,,,1.0,0.1922607421875,,,,,,,,,,,
2026-08-21_ewc_vitality-vs-spirit_mirage,donk,CT,10,115.0,stop,90340,release,78.125,158.110595703125,18.339454650878906,0.0,0.0,,,1.0,0.054931640625,,,,,,,,,,,
2026-08-21_ewc_vitality-vs-spirit_mirage,donk,CT,10,115.0,stop,90349,release,218.75,158.110595703125,16.661813735961914,0.0,0.0,,,1.0,0.6324005126953125,,,,,,,,,,,
2026-08-21_ewc_vitality-vs-spirit_mirage,donk,CT,10,115.0,stop,90631,counterstrafe,78.125,150.75173950195312,22.093887329101562,0.0,0.0,,,1.0,0.0,,,,,,,,,,,
2026-08-21_ewc_vitality-vs-spirit_mirage,donk,CT,10,115.0,stop,90936,counterstrafe,78.125,176.19696044921875,31.132678985595703,0.0,0.0,,,0.0,0.165130615234375,,,,,,,,,,,
2026-08-21_ewc_vitality-vs-spirit_mirage,donk,CT,10,115.0,stop,91023,release,93.75,150.86329650878906,34.91657257080078,0.0,0.0,,,1.0,0.0,,,,,,,,,,,
2026-08-21_ewc_vitality-vs-spirit_mirage,donk,CT,10,115.0,stop,91068,release,78.125,177.11773681640625,31.87469482421875,0.0,1.0,140.625,85.13748168945312,1.0,0.054931640625,,,,,,,,,,,
2026-08-21_ewc_vitality-vs-spirit_mirage,donk,CT,10,115.0,stop,91082,crouch_stop,296.875,177.11773681640625,22.857105255126953,1.0,1.0,0.0,22.857105255126953,1.0,1.75982666015625,,,,,,,,,,,
2026-08-21_ewc_vitality-vs-spirit_mirage,donk,CT,10,115.0,stop,91355,release,78.125,166.03672790527344,31.880491256713867,0.0,0.0,,,0.0,0.0827484130859375,,,,,,,,,,,
2026-08-21_ewc_vitality-vs-spirit_mirage,donk,CT,10,115.0,stop,91376,counterstrafe,78.125,159.79385375976562,19.45924949645996,0.0,1.0,312.5,100.70289611816406,1.0,0.385223388671875,,,,,,,,,,,
2026-08-21_ewc_vitality-vs-spirit_mirage,donk,CT,10,115.0,stop,91399,counterstrafe,78.125,162.41693115234375,21.25901985168457,0.0,1.0,0.0,21.25901985168457,1.0,0.38519287109375,,,,,,,,,,,
2026-08-21_ewc_vitality-vs-spirit_mirage,donk,CT,10,115.0,stop,91403,counterstrafe,140.625,162.41693115234375,30.294879913330078,0.0,1.0,0.0,30.294879913330078,1.0,0.824981689453125,,,,,,,,,,,
2026-08-21_ewc_vitality-vs-spirit_mirage,donk,CT,10,115.0,stop,91696,release,78.125,173.33323669433594,29.669231414794922,0.0,0.0,,,1.0,0.0274658203125,,,,,,,,,,,
2026-08-21_ewc_vitality-vs-spirit_mirage,donk,CT,10,115.0,stop,91720,release,78.125,161.7127685546875,20.115821838378906,0.0,0.0,,,1.0,0.0274658203125,,,,,,,,,,,
2026-08-21_ewc_vitality-vs-spirit_mirage,donk,CT,10,115.0,stop,91743,counterstrafe,78.125,159.9922332763672,18.894908905029297,0.0,0.0,,,1.0,0.0823974609375,,,,,,,,,,,
2026-08-21_ewc_vitality-vs-spirit_mirage,donk,CT,10,115.0,peek,85743,,,,,,,,,,,jiggle,32.26855905437737,296.875,296.875,1.0,168.8184356689453,0.0,0.577117919921875,0.0,16.381296005384364,0.0
2026-08-21_ewc_vitality-vs-spirit_mirage,donk,CT,10,115.0,peek,86131,,,,,,,,,,,traversal,113.51538924931464,1328.125,4984.375,0.0,176.34207153320312,0.6162790697674418,153.44985961914062,0.0,0.97269420985469,1.0
2026-08-21_ewc_vitality-vs-spirit_mirage,donk,CT,10,115.0,peek,86597,,,,,,,,,,,jiggle,20.311947840466807,218.75,218.75,1.0,144.2621307373047,0.0,0.962310791015625,0.0,51.88036734228518,0.0
2026-08-21_ewc_vitality-vs-spirit_mirage,donk,CT,10,115.0,peek,87942,,,,,,,,,,,jiggle,16.58428178573787,187.5,187.5,1.0,127.27132415771484,0.0,0.054931640625,0.0,78.41315286856782,0.0
2026-08-21_ewc_vitality-vs-spirit_mirage,donk,CT,10,115.0,peek,88323,,,,,,,,,,,jiggle,44.740746304710676,656.25,656.25,1.0,178.16046142578125,0.4186046511627907,0.71478271484375,0.0,14.873302431052887,0.0
2026-08-21_ewc_vitality-vs-spirit_mirage,donk,CT,10,115.0,peek,88461,,,,,,,,,,,narrow,74.7981708882324,1015.625,1656.25,1.0,177.93247985839844,0.0,65.45001220703125,0.0,4.807961990503346,0.0
2026-08-21_ewc_vitality-vs-spirit_mirage,donk,CT,10,115.0,peek,88620,,,,,,,,,,,jiggle,18.006828099980467,937.5,937.5,1.0,99.75009155273438,0.0,1.621856689453125,0.0,35.68348830818421,0.0
2026-08-21_ewc_vitality-vs-spirit_mirage,donk,CT,10,115.0,peek,90011,,,,,,,,,,,traversal,115.45708051723639,1484.375,4984.375,0.0,128.77430725097656,0.90625,113.43695068359375,0.0,0.4705623180023341,1.0
2026-08-21_ewc_vitality-vs-spirit_mirage,donk,CT,10,115.0,peek,90560,,,,,,,,,,,wide,196.66567342226685,1093.75,2203.125,1.0,224.99288940429688,0.0,158.09735107421875,0.0,3.2810913407890476,0.0
2026-08-21_ewc_vitality-vs-spirit_mirage,donk,CT,10,115.0,peek,90799,,,,,,,,,,,commit,200.33276534269103,1484.375,4984.375,0.0,221.1959991455078,0.0,102.10725402832031,1.0,1.5017621030105364,0.0
2026-08-21_ewc_vitality-vs-spirit_mirage,donk,CT,11,88.171875,stop,92423,crouch_stop,31.25,161.47573852539062,30.601566314697266,1.0,0.0,,,1.0,0.1926116943359375,,,,,,,,,,,
2026-08-21_ewc_vitality-vs-spirit_mirage,donk,CT,11,88.171875,stop,92505,release,78.125,174.51158142089844,26.525819778442383,0.0,0.0,,,1.0,2.30987548828125,,,,,,,,,,,
2026-08-21_ewc_vitality-vs-spirit_mirage,donk,CT,11,88.171875,stop,92553,crouch_stop,31.25,203.07614135742188,21.718751907348633,1.0,0.0,,,1.0,0.302459716796875,,,,,,,,,,,
2026-08-21_ewc_vitality-vs-spirit_mirage,donk,CT,11,88.171875,stop,93964,release,15.625,215.06277465820312,10.744857788085938,0.0,0.0,,,1.0,0.0,,,,,,,,,,,
2026-08-21_ewc_vitality-vs-spirit_mirage,donk,CT,11,88.171875,stop,94373,crouch_stop,156.25,151.87437438964844,25.014829635620117,1.0,0.0,,,0.0,0.7975311279296875,,,,,,,,,,,
2026-08-21_ewc_vitality-vs-spirit_mirage,donk,CT,11,88.171875,stop,95493,counterstrafe,93.75,152.0326690673828,22.94947052001953,0.0,0.0,,,0.0,0.054931640625,,,,,,,,,,,
2026-08-21_ewc_vitality-vs-spirit_mirage,donk,CT,11,88.171875,stop,95509,counterstrafe,343.75,152.0326690673828,16.085369110107422,0.0,1.0,156.25,17.092561721801758,1.0,4.179595947265625,,,,,,,,,,,
2026-08-21_ewc_vitality-vs-spirit_mirage,donk,CT,11,88.171875,stop,95683,release,78.125,155.785400390625,32.7276611328125,0.0,0.0,,,1.0,0.0274658203125,,,,,,,,,,,
2026-08-21_ewc_vitality-vs-spirit_mirage,donk,CT,11,88.171875,stop,95702,release,375.0,155.785400390625,12.017895698547363,0.0,0.0,,,1.0,2.227142333984375,,,,,,,,,,,
2026-08-21_ewc_vitality-vs-spirit_mirage,donk,CT,11,88.171875,stop,95911,release,78.125,160.61302185058594,29.8857364654541,0.0,0.0,,,1.0,0.46728515625,,,,,,,,,,,
2026-08-21_ewc_vitality-vs-spirit_mirage,donk,CT,11,88.171875,stop,96013,counterstrafe,78.125,151.3113555908203,16.71927833557129,0.0,1.0,31.25,23.093610763549805,1.0,1.264801025390625,,,,,,,,,,,
2026-08-21_ewc_vitality-vs-spirit_mirage,donk,CT,11,88.171875,stop,96079,counterstrafe,234.375,176.98455810546875,19.881776809692383,0.0,1.0,0.0,19.881776809692383,1.0,29.644882202148438,,,,,,,,,,,
2026-08-21_ewc_vitality-vs-spirit_mirage,donk,CT,11,88.171875,stop,97481,counterstrafe,93.75,165.49026489257812,15.911066055297852,0.0,0.0,,,1.0,0.137664794921875,,,,,,,,,,,
2026-08-21_ewc_vitality-vs-spirit_mirage,donk,CT,11,88.171875,stop,97810,counterstrafe,78.125,156.8845672607422,21.332334518432617,0.0,0.0,,,1.0,0.2200775146484375,,,,,,,,,,,
2026-08-21_ewc_vitality-vs-spirit_mirage,donk,CT,11,88.171875,stop,98154,release,78.125,151.21458435058594,16.61249542236328,0.0,0.0,,,1.0,0.1102142333984375,,,,,,,,,,,
2026-08-21_ewc_vitality-vs-spirit_mirage,donk,CT,11,88.171875,stop,98442,counter_fwd,78.125,173.95497131347656,30.35839080810547,0.0,0.0,,,0.0,19.470176696777344,,,,,,,,,,,
2026-08-21_ewc_vitality-vs-spirit_mirage,donk,CT,11,88.171875,stop,99263,release,78.125,152.24830627441406,21.1529483795166,0.0,1.0,62.5,42.45323181152344,1.0,1.072540283203125,,,,,,,,,,,
2026-08-21_ewc_vitality-vs-spirit_mirage,donk,CT,11,88.171875,stop,99268,counterstrafe,156.25,152.24830627441406,32.60780715942383,0.0,1.0,0.0,32.60780715942383,1.0,2.9697418212890625,,,,,,,,,,,
2026-08-21_ewc_vitality-vs-spirit_mirage,donk,CT,11,88.171875,peek,92569,,,,,,,,,,,traversal,227.81870692429786,1484.375,4984.375,0.0,225.00885009765625,0.0,88.30227661132812,0.0,0.5653270895076579,0.0
2026-08-21_ewc_vitality-vs-spirit_mirage,donk,CT,11,88.171875,peek,94928,,,,,,,,,,,traversal,154.87945269179156,1484.375,4984.375,0.0,240.99053955078125,0.0,6.3796234130859375,1.0,0.5038702867430416,0.0
2026-08-21_ewc_vitality-vs-spirit_mirage,donk,CT,11,88.171875,peek,95405,,,,,,,,,,,commit,132.31963773708694,1484.375,4984.375,0.0,214.5921630859375,0.0,23.81463623046875,1.0,1.0967301063832762,0.0
2026-08-21_ewc_vitality-vs-spirit_mirage,donk,CT,11,88.171875,peek,97906,,,,,,,,,,,traversal,52.0127788755821,1265.625,2796.875,1.0,71.01898193359375,0.024390243902439025,119.76229095458984,0.0,0.5314644349762144,0.0
2026-08-21_ewc_vitality-vs-spirit_mirage,donk,CT,11,88.171875,peek,98260,,,,,,,,,,,traversal,241.35496540594707,1484.375,4984.375,0.0,245.9356689453125,0.0,9.2120361328125,0.0,0.5684749246000644,0.0
2026-08-21_ewc_vitality-vs-spirit_mirage,donk,CT,11,88.171875,peek,99170,,,,,,,,,,,jiggle,32.21194070008934,781.25,781.25,1.0,104.19996643066406,0.9019607843137255,51.920005798339844,0.0,1.4111485152194871,1.0
2026-08-21_ewc_vitality-vs-spirit_mirage,donk,CT,11,88.171875,peek,99238,,,,,,,,,,,jiggle,50.23160807402112,468.75,640.625,1.0,186.8040313720703,0.0,4.3993377685546875,1.0,49.54524775295497,0.0
2026-08-21_ewc_vitality-vs-spirit_mirage,donk,T,12,65.5625,stop,102988,release,31.25,200.9087371826172,19.234375,0.0,0.0,,,0.0,0.98980712890625,,,,,,,,,,,
2026-08-21_ewc_vitality-vs-spirit_mirage,donk,T,12,65.5625,stop,103889,counterstrafe,125.0,151.9862823486328,30.321353912353516,0.0,0.0,,,0.0,0.3848724365234375,,,,,,,,,,,
2026-08-21_ewc_vitality-vs-spirit_mirage,donk,T,12,65.5625,stop,103910,counterstrafe,93.75,151.99610900878906,29.488056182861328,0.0,0.0,,,0.0,1.4852142333984375,,,,,,,,,,,
2026-08-21_ewc_vitality-vs-spirit_mirage,donk,T,12,65.5625,stop,103940,release,78.125,166.29110717773438,25.576282501220703,0.0,0.0,,,1.0,0.6598663330078125,,,,,,,,,,,
2026-08-21_ewc_vitality-vs-spirit_mirage,donk,T,12,65.5625,stop,103948,release,203.125,166.29110717773438,28.792367935180664,0.0,0.0,,,1.0,2.9697418212890625,,,,,,,,,,,
2026-08-21_ewc_vitality-vs-spirit_mirage,donk,T,12,65.5625,stop,103981,counterstrafe,78.125,181.26304626464844,31.703590393066406,0.0,0.0,,,1.0,0.11020660400390625,,,,,,,,,,,
2026-08-21_ewc_vitality-vs-spirit_mirage,donk,T,12,65.5625,stop,103994,counterstrafe,281.25,181.26304626464844,34.119937896728516,0.0,0.0,,,1.0,3.9876937866210938,,,,,,,,,,,
2026-08-21_ewc_vitality-vs-spirit_mirage,donk,T,12,65.5625,stop,104021,counterstrafe,78.125,165.004638671875,29.792755126953125,0.0,0.0,,,1.0,0.1922607421875,,,,,,,,,,,
2026-08-21_ewc_vitality-vs-spirit_mirage,donk,T,12,65.5625,stop,105319,release,78.125,167.9397430419922,19.682998657226562,0.0,0.0,,,1.0,0.164794921875,,,,,,,,,,,
2026-08-21_ewc_vitality-vs-spirit_mirage,donk,T,12,65.5625,stop,105826,counterstrafe,125.0,156.3855438232422,33.614017486572266,0.0,0.0,,,1.0,0.3299407958984375,,,,,,,,,,,
2026-08-21_ewc_vitality-vs-spirit_mirage,donk,T,12,65.5625,stop,106004,release,62.5,150.64556884765625,34.71352005004883,0.0,0.0,,,1.0,0.0,,,,,,,,,,,
2026-08-21_ewc_vitality-vs-spirit_mirage,donk,T,12,65.5625,stop,106049,release,78.125,150.2506561279297,14.506211280822754,0.0,0.0,,,1.0,0.0,,,,,,,,,,,
2026-08-21_ewc_vitality-vs-spirit_mirage,donk,T,12,65.5625,stop,106068,counterstrafe,375.0,150.2506561279297,27.428022384643555,0.0,0.0,,,1.0,0.7700653076171875,,,,,,,,,,,
2026-08-21_ewc_vitality-vs-spirit_mirage,donk,T,12,65.5625,stop,106093,release,78.125,150.74623107910156,11.110507011413574,0.0,0.0,,,1.0,0.0,,,,,,,,,,,
2026-08-21_ewc_vitality-vs-spirit_mirage,donk,T,12,65.5625,stop,106112,counterstrafe,375.0,150.74623107910156,20.347209930419922,0.0,0.0,,,1.0,0.7700653076171875,,,,,,,,,,,
2026-08-21_ewc_vitality-vs-spirit_mirage,donk,T,12,65.5625,stop,106257,release,78.125,151.58323669433594,10.943160057067871,0.0,0.0,,,1.0,0.0,,,,,,,,,,,
2026-08-21_ewc_vitality-vs-spirit_mirage,donk,T,12,65.5625,stop,106275,counterstrafe,359.375,151.58323669433594,31.763586044311523,0.0,0.0,,,1.0,0.1373291015625,,,,,,,,,,,
2026-08-21_ewc_vitality-vs-spirit_mirage,donk,T,12,65.5625,stop,106336,release,78.125,157.13877868652344,23.116291046142578,0.0,0.0,,,1.0,0.0274658203125,,,,,,,,,,,
2026-08-21_ewc_vitality-vs-spirit_mirage,donk,T,12,65.5625,stop,106355,counterstrafe,375.0,157.13877868652344,24.853605270385742,0.0,0.0,,,1.0,0.46759033203125,,,,,,,,,,,
2026-08-21_ewc_vitality-vs-spirit_mirage,donk,T,12,65.5625,stop,106450,release,78.125,151.16159057617188,30.765348434448242,0.0,0.0,,,1.0,0.0,,,,,,,,,,,
2026-08-21_ewc_vitality-vs-spirit_mirage,donk,T,12,65.5625,stop,106469,release,93.75,151.26577758789062,25.288043975830078,0.0,0.0,,,1.0,0.054931640625,,,,,,,,,,,
2026-08-21_ewc_vitality-vs-spirit_mirage,donk,T,12,65.5625,stop,106525,release,78.125,150.15872192382812,16.69525909423828,0.0,0.0,,,1.0,0.0,,,,,,,,,,,
2026-08-21_ewc_vitality-vs-spirit_mirage,donk,T,12,65.5625,stop,106634,counterstrafe,78.125,162.49937438964844,14.829902648925781,0.0,0.0,,,1.0,0.054931640625,,,,,,,,,,,
2026-08-21_ewc_vitality-vs-spirit_mirage,donk,T,12,65.5625,stop,106650,counterstrafe,328.125,162.49937438964844,34.550724029541016,0.0,0.0,,,1.0,2.7771377563476562,,,,,,,,,,,
2026-08-21_ewc_vitality-vs-spirit_mirage,donk,T,12,65.5625,stop,107023,counterstrafe,93.75,179.6953125,9.59375,0.0,0.0,,,1.0,1.925018310546875,,,,,,,,,,,
2026-08-21_ewc_vitality-vs-spirit_mirage,donk,T,12,65.5625,stop,107055,release,78.125,164.2515411376953,21.08756446838379,0.0,0.0,,,1.0,0.0274658203125,,,,,,,,,,,
2026-08-21_ewc_vitality-vs-spirit_mirage,donk,T,12,65.5625,peek,105090,,,,,,,,,,,traversal,114.99236193792453,1484.375,4984.375,0.0,124.79583740234375,1.0,107.332275390625,0.0,0.5762623874292622,1.0
2026-08-21_ewc_vitality-vs-spirit_mirage,donk,T,12,65.5625,peek,105776,,,,,,,,,,,jiggle,43.35561087911811,781.25,781.25,1.0,156.3855438232422,0.5686274509803921,2.14508056640625,0.0,2.3426329430603374,1.0
2026-08-21_ewc_vitality-vs-spirit_mirage,donk,T,12,65.5625,peek,105895,,,,,,,,,,,jiggle,20.002152261933762,281.25,281.25,1.0,149.49700927734375,0.0,1.4848785400390625,0.0,34.31749814627874,0.0
2026-08-21_ewc_vitality-vs-spirit_mirage,donk,T,13,106.234375,stop,112388,release,312.5,166.1015625,23.37518310546875,0.0,0.0,,,1.0,1.0996627807617188,,,,,,,,,,,
2026-08-21_ewc_vitality-vs-spirit_mirage,donk,T,13,106.234375,stop,112420,release,78.125,159.1602783203125,22.710676193237305,0.0,0.0,,,1.0,0.2471923828125,,,,,,,,,,,
2026-08-21_ewc_vitality-vs-spirit_mirage,donk,T,13,106.234375,stop,112438,release,359.375,159.1602783203125,18.645490646362305,0.0,0.0,,,1.0,2.9968643188476562,,,,,,,,,,,
2026-08-21_ewc_vitality-vs-spirit_mirage,donk,T,13,106.234375,stop,112703,release,78.125,155.6774444580078,20.028047561645508,0.0,0.0,,,0.0,0.137664794921875,,,,,,,,,,,
2026-08-21_ewc_vitality-vs-spirit_mirage,donk,T,13,106.234375,stop,112780,crouch_stop,62.5,155.4704132080078,7.608085632324219,1.0,0.0,,,0.0,0.0,,,,,,,,,,,
2026-08-21_ewc_vitality-vs-spirit_mirage,donk,T,13,106.234375,stop,112904,counterstrafe,156.25,157.69581604003906,19.4670467376709,0.0,0.0,,,1.0,0.027801513671875,,,,,,,,,,,
2026-08-21_ewc_vitality-vs-spirit_mirage,donk,T,13,106.234375,stop,112910,counterstrafe,250.0,157.69581604003906,29.785663604736328,0.0,0.0,,,1.0,0.220062255859375,,,,,,,,,,,
2026-08-21_ewc_vitality-vs-spirit_mirage,donk,T,13,106.234375,stop,112918,counterstrafe,375.0,157.69581604003906,30.901578903198242,0.0,0.0,,,1.0,0.52252197265625,,,,,,,,,,,
2026-08-21_ewc_vitality-vs-spirit_mirage,donk,T,13,106.234375,stop,113073,release,78.125,150.5372772216797,21.655630111694336,0.0,0.0,,,1.0,0.054931640625,,,,,,,,,,,
2026-08-21_ewc_vitality-vs-spirit_mirage,donk,T,13,106.234375,stop,113092,release,375.0,150.5372772216797,33.577728271484375,0.0,0.0,,,1.0,1.23736572265625,,,,,,,,,,,
2026-08-21_ewc_vitality-vs-spirit_mirage,donk,T,13,106.234375,stop,113798,release,93.75,168.55462646484375,22.805761337280273,0.0,0.0,,,1.0,0.1376800537109375,,,,,,,,,,,
2026-08-21_ewc_vitality-vs-spirit_mirage,donk,T,13,106.234375,stop,113815,release,359.375,168.55462646484375,23.684385299682617,0.0,0.0,,,1.0,1.3750152587890625,,,,,,,,,,,
2026-08-21_ewc_vitality-vs-spirit_mirage,donk,T,13,106.234375,stop,113838,release,78.125,152.2772979736328,17.262897491455078,0.0,0.0,,,1.0,0.0823974609375,,,,,,,,,,,
2026-08-21_ewc_vitality-vs-spirit_mirage,donk,T,13,106.234375,stop,113859,release,78.125,156.92901611328125,33.30769729614258,0.0,0.0,,,1.0,0.0274658203125,,,,,,,,,,,
2026-08-21_ewc_vitality-vs-spirit_mirage,donk,T,13,106.234375,stop,113877,release,359.375,156.92901611328125,30.406070709228516,0.0,0.0,,,1.0,1.209869384765625,,,,,,,,,,,
2026-08-21_ewc_vitality-vs-spirit_mirage,donk,T,13,106.234375,stop,114121,counterstrafe,203.125,155.08775329589844,28.19839859008789,1.0,0.0,,,0.0,1.264801025390625,,,,,,,,,,,
2026-08-21_ewc_vitality-vs-spirit_mirage,donk,T,13,106.234375,stop,114388,counterstrafe,93.75,169.40875244140625,31.674257278442383,0.0,0.0,,,0.0,16.637420654296875,,,,,,,,,,,
2026-08-21_ewc_vitality-vs-spirit_mirage,donk,T,13,106.234375,stop,114699,counterstrafe,62.5,151.60598754882812,32.05427932739258,0.0,1.0,0.0,32.05427932739258,1.0,0.7422637939453125,,,,,,,,,,,
2026-08-21_ewc_vitality-vs-spirit_mirage,donk,T,13,106.234375,stop,114709,counterstrafe,218.75,151.60598754882812,32.43323516845703,0.0,1.0,0.0,32.43323516845703,1.0,1.264801025390625,,,,,,,,,,,
2026-08-21_ewc_vitality-vs-spirit_mirage,donk,T,13,106.234375,stop,115094,counterstrafe,78.125,164.73104858398438,27.095870971679688,0.0,0.0,,,0.0,0.0274658203125,,,,,,,,,,,
2026-08-21_ewc_vitality-vs-spirit_mirage,donk,T,13,106.234375,stop,115132,release,78.125,153.52976989746094,19.88372039794922,0.0,0.0,,,1.0,0.3024749755859375,,,,,,,,,,,
2026-08-21_ewc_vitality-vs-spirit_mirage,donk,T,13,106.234375,stop,115550,counterstrafe,78.125,164.5083770751953,32.34174346923828,0.0,0.0,,,1.0,0.05527496337890625,,,,,,,,,,,
2026-08-21_ewc_vitality-vs-spirit_mirage,donk,T,13,106.234375,stop,115559,counterstrafe,218.75,164.5083770751953,28.617101669311523,0.0,0.0,,,1.0,0.9074020385742188,,,,,,,,,,,
2026-08-21_ewc_vitality-vs-spirit_mirage,donk,T,13,106.234375,stop,116977,counterstrafe,93.75,176.25604248046875,17.109329223632812,0.0,0.0,,,1.0,0.0,,,,,,,,,,,
2026-08-21_ewc_vitality-vs-spirit_mirage,donk,T,13,106.234375,stop,116994,counterstrafe,359.375,176.25604248046875,34.07235336303711,0.0,0.0,,,1.0,9.541969299316406,,,,,,,,,,,
2026-08-21_ewc_vitality-vs-spirit_mirage,donk,T,13,106.234375,stop,117130,release,93.75,152.7837677001953,11.425978660583496,0.0,0.0,,,1.0,0.19260406494140625,,,,,,,,,,,
2026-08-21_ewc_vitality-vs-spirit_mirage,donk,T,13,106.234375,stop,117148,release,375.0,152.7837677001953,33.968994140625,0.0,0.0,,,1.0,1.182403564453125,,,,,,,,,,,
2026-08-21_ewc_vitality-vs-spirit_mirage,donk,T,13,106.234375,stop,117394,release,78.125,150.28997802734375,21.199424743652344,0.0,0.0,,,1.0,0.0,,,,,,,,,,,
2026-08-21_ewc_vitality-vs-spirit_mirage,donk,T,13,106.234375,stop,117413,counterstrafe,375.0,150.28997802734375,10.911727905273438,0.0,0.0,,,1.0,0.6324005126953125,,,,,,,,,,,
2026-08-21_ewc_vitality-vs-spirit_mirage,donk,T,13,106.234375,stop,117977,release,78.125,155.2113494873047,33.67252731323242,0.0,0.0,,,1.0,0.0,,,,,,,,,,,
2026-08-21_ewc_vitality-vs-spirit_mirage,donk,T,13,106.234375,stop,117996,counterstrafe,375.0,155.2113494873047,31.875,0.0,0.0,,,1.0,0.7426071166992188,,,,,,,,,,,
2026-08-21_ewc_vitality-vs-spirit_mirage,donk,T,13,106.234375,stop,118021,release,78.125,159.4169158935547,25.807781219482422,0.0,0.0,,,1.0,0.0823974609375,,,,,,,,,,,
2026-08-21_ewc_vitality-vs-spirit_mirage,donk,T,13,106.234375,stop,118027,counterstrafe,171.875,159.4169158935547,34.95336151123047,0.0,0.0,,,1.0,0.0823974609375,,,,,,,,,,,
2026-08-21_ewc_vitality-vs-spirit_mirage,donk,T,13,106.234375,stop,118079,counterstrafe,93.75,179.46923828125,12.983981132507324,0.0,0.0,,,1.0,0.0823974609375,,,,,,,,,,,
2026-08-21_ewc_vitality-vs-spirit_mirage,donk,T,13,106.234375,stop,118104,release,78.125,151.35414123535156,16.694528579711914,0.0,0.0,,,1.0,0.0,,,,,,,,,,,
2026-08-21_ewc_vitality-vs-spirit_mirage,donk,T,13,106.234375,stop,118126,counterstrafe,78.125,151.5972900390625,32.87880325317383,0.0,0.0,,,1.0,0.0,,,,,,,,,,,
2026-08-21_ewc_vitality-vs-spirit_mirage,donk,T,13,106.234375,stop,118145,counterstrafe,375.0,151.5972900390625,26.97445297241211,0.0,0.0,,,1.0,0.8246612548828125,,,,,,,,,,,
2026-08-21_ewc_vitality-vs-spirit_mirage,donk,T,13,106.234375,stop,118190,counterstrafe,93.75,166.86801147460938,14.35334300994873,0.0,0.0,,,1.0,0.054931640625,,,,,,,,,,,
2026-08-21_ewc_vitality-vs-spirit_mirage,donk,T,13,106.234375,stop,118243,counterstrafe,93.75,175.0802764892578,10.92070198059082,0.0,0.0,,,1.0,0.11020660400390625,,,,,,,,,,,
2026-08-21_ewc_vitality-vs-spirit_mirage,donk,T,13,106.234375,stop,118263,release,78.125,152.2894287109375,32.0667724609375,0.0,0.0,,,1.0,0.0,,,,,,,,,,,
2026-08-21_ewc_vitality-vs-spirit_mirage,donk,T,13,106.234375,stop,118287,release,78.125,151.1678924560547,19.379894256591797,0.0,0.0,,,1.0,0.0,,,,,,,,,,,
2026-08-21_ewc_vitality-vs-spirit_mirage,donk,T,13,106.234375,stop,118308,release,78.125,152.55123901367188,21.794702529907227,0.0,0.0,,,1.0,0.0274658203125,,,,,,,,,,,
2026-08-21_ewc_vitality-vs-spirit_mirage,donk,T,13,106.234375,stop,118330,release,93.75,158.43365478515625,18.420738220214844,0.0,0.0,,,1.0,0.054931640625,,,,,,,,,,,
2026-08-21_ewc_vitality-vs-spirit_mirage,donk,T,13,106.234375,stop,118358,counterstrafe,78.125,156.01658630371094,20.335588455200195,0.0,0.0,,,1.0,0.0,,,,,,,,,,,
2026-08-21_ewc_vitality-vs-spirit_mirage,donk,T,13,106.234375,stop,118384,release,78.125,152.3125762939453,17.155437469482422,0.0,0.0,,,1.0,0.0274658203125,,,,,,,,,,,
2026-08-21_ewc_vitality-vs-spirit_mirage,donk,T,13,106.234375,stop,118405,counterstrafe,93.75,153.75094604492188,23.473352432250977,0.0,0.0,,,1.0,0.0274658203125,,,,,,,,,,,
2026-08-21_ewc_vitality-vs-spirit_mirage,donk,T,13,106.234375,stop,118428,counterstrafe,78.125,156.5953369140625,27.3507137298584,0.0,0.0,,,1.0,0.0,,,,,,,,,,,
2026-08-21_ewc_vitality-vs-spirit_mirage,donk,T,13,106.234375,stop,118451,counterstrafe,93.75,161.580810546875,11.280438423156738,0.0,0.0,,,1.0,0.22006988525390625,,,,,,,,,,,
2026-08-21_ewc_vitality-vs-spirit_mirage,donk,T,13,106.234375,stop,118476,counterstrafe,78.125,157.77574157714844,23.128812789916992,0.0,0.0,,,1.0,0.0,,,,,,,,,,,
2026-08-21_ewc_vitality-vs-spirit_mirage,donk,T,13,106.234375,stop,118521,counterstrafe,78.125,157.38096618652344,21.077274322509766,0.0,0.0,,,1.0,0.11020660400390625,,,,,,,,,,,
2026-08-21_ewc_vitality-vs-spirit_mirage,donk,T,13,106.234375,stop,118541,release,78.125,152.9158172607422,28.331417083740234,0.0,0.0,,,1.0,0.0,,,,,,,,,,,
2026-08-21_ewc_vitality-vs-spirit_mirage,donk,T,13,106.234375,peek,113686,,,,,,,,,,,wide,193.641227462766,1453.125,4875.0,1.0,192.44403076171875,0.0,10.1458740234375,0.0,1.391898410103199,0.0
2026-08-21_ewc_vitality-vs-spirit_mirage,donk,T,13,106.234375,peek,114649,,,,,,,,,,,jiggle,22.906790123035325,281.25,281.25,1.0,105.51077270507812,0.7368421052631579,7.0676422119140625,0.0,6.652342194130638,1.0
2026-08-21_ewc_vitality-vs-spirit_mirage,donk,T,13,106.234375,peek,114754,,,,,,,,,,,jiggle,7.364977839981066,109.375,109.375,1.0,94.45531463623047,0.0,0.0,0.0,36.33109332494347,0.0
2026-08-21_ewc_vitality-vs-spirit_mirage,donk,T,13,106.234375,peek,114820,,,,,,,,,,,jiggle,1.9648450440010072,31.25,31.25,1.0,64.5014419555664,0.0,0.6049346923828125,0.0,34.87861728312617,0.0
2026-08-21_ewc_vitality-vs-spirit_mirage,donk,T,13,106.234375,peek,114958,,,,,,,,,,,commit,248.99267877324402,1484.375,4984.375,0.0,215.0089874267578,0.0,216.23187255859375,0.0,2.8243700823795295,0.0
2026-08-21_ewc_vitality-vs-spirit_mirage,donk,T,14,44.515625,stop,118610,counterstrafe,93.75,160.367431640625,28.093978881835938,0.0,0.0,,,1.0,0.0274658203125,,,,,,,,,,,
2026-08-21_ewc_vitality-vs-spirit_mirage,donk,T,14,44.515625,stop,118636,counterstrafe,78.125,168.36012268066406,30.22115135192871,0.0,0.0,,,1.0,0.0274658203125,,,,,,,,,,,
2026-08-21_ewc_vitality-vs-spirit_mirage,donk,T,14,44.515625,stop,118766,release,31.25,247.7683868408203,0.0,0.0,0.0,,,1.0,0.879913330078125,,,,,,,,,,,
2026-08-21_ewc_vitality-vs-spirit_mirage,donk,T,14,44.515625,stop,122917,counter_fwd,93.75,173.79425048828125,24.256019592285156,0.0,0.0,,,0.0,1.567596435546875,,,,,,,,,,,
2026-08-21_ewc_vitality-vs-spirit_mirage,donk,T,14,44.515625,stop,122989,release,78.125,158.08949279785156,34.66111373901367,0.0,0.0,,,1.0,0.0,,,,,,,,,,,
2026-08-21_ewc_vitality-vs-spirit_mirage,donk,T,14,44.515625,stop,123015,release,93.75,156.32879638671875,31.809608459472656,0.0,0.0,,,1.0,0.137664794921875,,,,,,,,,,,
2026-08-21_ewc_vitality-vs-spirit_mirage,donk,T,14,44.515625,stop,123051,counterstrafe,93.75,178.85780334472656,14.693187713623047,0.0,0.0,,,1.0,0.137664794921875,,,,,,,,,,,
2026-08-21_ewc_vitality-vs-spirit_mirage,donk,T,14,44.515625,stop,123101,release,93.75,163.7490997314453,26.69205093383789,0.0,0.0,,,1.0,0.0,,,,,,,,,,,
2026-08-21_ewc_vitality-vs-spirit_mirage,donk,T,14,44.515625,stop,123111,release,250.0,163.7490997314453,16.189998626708984,0.0,0.0,,,1.0,0.192596435546875,,,,,,,,,,,
2026-08-21_ewc_vitality-vs-spirit_mirage,donk,T,14,44.515625,stop,123173,counterstrafe,78.125,162.39964294433594,33.03028869628906,0.0,0.0,,,0.0,1.649993896484375,,,,,,,,,,,
2026-08-21_ewc_vitality-vs-spirit_mirage,donk,T,14,44.515625,stop,123340,counterstrafe,78.125,162.30984497070312,34.349769592285156,0.0,0.0,,,0.0,0.165130615234375,,,,,,,,,,,
2026-08-21_ewc_vitality-vs-spirit_mirage,donk,T,14,44.515625,stop,123368,counterstrafe,78.125,169.95704650878906,34.90655517578125,0.0,0.0,,,0.0,0.494720458984375,,,,,,,,,,,
2026-08-21_ewc_vitality-vs-spirit_mirage,donk,T,14,44.515625,stop,123399,release,78.125,155.03585815429688,23.72234344482422,0.0,0.0,,,0.0,0.1373291015625,,,,,,,,,,,
2026-08-21_ewc_vitality-vs-spirit_mirage,donk,T,14,44.515625,stop,124210,release,78.125,154.42913818359375,26.79737091064453,0.0,1.0,15.625,4.306735992431641,1.0,1.5947265625,,,,,,,,,,,
2026-08-21_ewc_vitality-vs-spirit_mirage,donk,T,14,44.515625,stop,124242,counterstrafe,78.125,163.98403930664062,15.717508316040039,0.0,1.0,109.375,31.2578125,1.0,3.300018310546875,,,,,,,,,,,
2026-08-21_ewc_vitality-vs-spirit_mirage,donk,T,14,44.515625,stop,124252,counterstrafe,234.375,163.98403930664062,34.5859375,1.0,1.0,0.0,34.5859375,1.0,4.070404052734375,,,,,,,,,,,
2026-08-21_ewc_vitality-vs-spirit_mirage,donk,T,14,44.515625,stop,124294,counterstrafe,93.75,153.20315551757812,25.747802734375,0.0,0.0,,,1.0,46.50237274169922,,,,,,,,,,,
2026-08-21_ewc_vitality-vs-spirit_mirage,donk,T,14,44.515625,stop,124351,counterstrafe,265.625,150.9356689453125,30.778039932250977,1.0,1.0,78.125,6.29761266708374,1.0,3.6848831176757812,,,,,,,,,,,
2026-08-21_ewc_vitality-vs-spirit_mirage,donk,T,14,44.515625,stop,124637,counterstrafe,281.25,150.98529052734375,32.63945770263672,1.0,0.0,,,1.0,0.4676055908203125,,,,,,,,,,,
2026-08-21_ewc_vitality-vs-spirit_mirage,donk,T,14,44.515625,peek,122422,,,,,,,,,,,traversal,331.8736102775981,1484.375,4984.375,0.0,250.01300048828125,0.0,38.00482177734375,0.0,0.12632158854616954,0.0
2026-08-21_ewc_vitality-vs-spirit_mirage,donk,T,14,44.515625,peek,124376,,,,,,,,,,,jiggle,24.464893320000815,656.25,656.25,1.0,129.60464477539062,0.0,5.1148223876953125,0.0,31.509685584347622,0.0
2026-08-21_ewc_vitality-vs-spirit_mirage,donk,T,14,44.515625,peek,124467,,,,,,,,,,,traversal,259.7191893890407,1484.375,4984.375,0.0,215.0,0.0,3.1070709228515625,1.0,0.27380203048923074,0.0
2026-08-21_ewc_vitality-vs-spirit_mirage,donk,T,15,59.140625,stop,126549,release,15.625,249.99618530273438,10.55846118927002,0.0,0.0,,,0.0,0.0,,,,,,,,,,,
2026-08-21_ewc_vitality-vs-spirit_mirage,donk,T,15,59.140625,stop,127016,release,15.625,150.4215545654297,29.123048782348633,0.0,0.0,,,1.0,0.0,,,,,,,,,,,
2026-08-21_ewc_vitality-vs-spirit_mirage,donk,T,15,59.140625,stop,127023,release,125.0,150.4215545654297,7.406262397766113,0.0,0.0,,,1.0,0.0,,,,,,,,,,,
2026-08-21_ewc_vitality-vs-spirit_mirage,donk,T,15,59.140625,stop,127031,counter_fwd,250.0,150.4215545654297,32.33790969848633,0.0,0.0,,,1.0,3.959869384765625,,,,,,,,,,,
2026-08-21_ewc_vitality-vs-spirit_mirage,donk,T,15,59.140625,stop,127091,release,31.25,186.44090270996094,23.27092933654785,0.0,0.0,,,1.0,1.7876815795898438,,,,,,,,,,,
2026-08-21_ewc_vitality-vs-spirit_mirage,donk,T,15,59.140625,stop,127139,counter_fwd,281.25,170.96859741210938,10.177485466003418,0.0,0.0,,,1.0,2.117279052734375,,,,,,,,,,,
2026-08-21_ewc_vitality-vs-spirit_mirage,donk,T,15,59.140625,stop,127183,counterstrafe,109.375,160.14125061035156,31.5841064453125,0.0,0.0,,,1.0,0.070709228515625,,,,,,,,,,,
2026-08-21_ewc_vitality-vs-spirit_mirage,donk,T,15,59.140625,stop,129364,counter_fwd,93.75,150.5543212890625,19.006301879882812,0.0,0.0,,,0.0,2.612335205078125,,,,,,,,,,,
2026-08-21_ewc_vitality-vs-spirit_mirage,donk,T,15,59.140625,stop,129601,release,93.75,161.49191284179688,23.50040626525879,0.0,0.0,,,1.0,13.72259521484375,,,,,,,,,,,
2026-08-21_ewc_vitality-vs-spirit_mirage,donk,T,15,59.140625,stop,129646,counterstrafe,109.375,150.00387573242188,34.384159088134766,0.0,1.0,265.625,0.0,1.0,0.537994384765625,,,,,,,,,,,
2026-08-21_ewc_vitality-vs-spirit_mirage,donk,T,15,59.140625,stop,129799,release,78.125,156.08314514160156,31.848737716674805,0.0,0.0,,,1.0,0.0,,,,,,,,,,,
2026-08-21_ewc_vitality-vs-spirit_mirage,donk,T,15,59.140625,stop,129806,counterstrafe,187.5,156.08314514160156,20.116718292236328,0.0,0.0,,,1.0,0.0,,,,,,,,,,,
2026-08-21_ewc_vitality-vs-spirit_mirage,donk,T,15,59.140625,stop,130010,release,234.375,161.04409790039062,17.9603328704834,0.0,0.0,,,0.0,2.3201904296875,,,,,,,,,,,
2026-08-21_ewc_vitality-vs-spirit_mirage,donk,T,15,59.140625,peek,127596,,,,,,,,,,,commit,155.55903957447848,1484.375,4984.375,0.0,190.7818603515625,0.0,39.627685546875,0.0,2.507606780930232,0.0
2026-08-21_ewc_vitality-vs-spirit_mirage,donk,T,15,59.140625,peek,127979,,,,,,,,,,,commit,268.2172792827402,1484.375,4984.375,0.0,200.0084686279297,0.0,12.58209228515625,0.0,8.264556438774019,0.0
2026-08-21_ewc_vitality-vs-spirit_mirage,donk,T,15,59.140625,peek,129267,,,,,,,,,,,traversal,107.03951958991735,1484.375,2109.375,1.0,181.6519012451172,0.0,5.44439697265625,2.0,0.6649856191194874,0.0
2026-08-21_ewc_vitality-vs-spirit_mirage,donk,T,15,59.140625,peek,129669,,,,,,,,,,,commit,209.12912834076312,1281.25,4984.375,0.0,194.67791748046875,0.0,40.64459228515625,0.0,2.97936522352506,0.0
2026-08-21_ewc_vitality-vs-spirit_mirage,flameZ,CT,12,88.046875,stop,103633,counter_fwd,93.75,159.60394287109375,30.136333465576172,0.0,0.0,,,0.0,4.817840576171875,,,,,,,,,,,
2026-08-21_ewc_vitality-vs-spirit_mirage,flameZ,CT,12,88.046875,stop,106201,release,234.375,155.30923461914062,29.02558708190918,0.0,0.0,,,0.0,0.396209716796875,,,,,,,,,,,
2026-08-21_ewc_vitality-vs-spirit_mirage,flameZ,CT,12,88.046875,stop,106915,counterstrafe,78.125,163.79910278320312,15.52730941772461,0.0,0.0,,,1.0,0.06591796875,,,,,,,,,,,
2026-08-21_ewc_vitality-vs-spirit_mirage,flameZ,CT,12,88.046875,stop,106941,counterstrafe,78.125,179.20082092285156,30.146961212158203,0.0,0.0,,,1.0,0.0,,,,,,,,,,,
2026-08-21_ewc_vitality-vs-spirit_mirage,flameZ,CT,12,88.046875,stop,106947,counterstrafe,171.875,179.20082092285156,1.006866216659546,0.0,0.0,,,0.0,0.0,,,,,,,,,,,
2026-08-21_ewc_vitality-vs-spirit_mirage,flameZ,CT,12,88.046875,stop,107784,counterstrafe,78.125,155.3002166748047,28.25456428527832,0.0,0.0,,,1.0,0.0,,,,,,,,,,,
2026-08-21_ewc_vitality-vs-spirit_mirage,flameZ,CT,12,88.046875,stop,107991,counterstrafe,78.125,181.4690399169922,29.096813201904297,0.0,1.0,0.0,29.096813201904297,1.0,0.329925537109375,,,,,,,,,,,
2026-08-21_ewc_vitality-vs-spirit_mirage,flameZ,CT,12,88.046875,stop,108052,counterstrafe,78.125,174.86561584472656,23.856203079223633,0.0,1.0,0.0,23.856203079223633,0.0,1.6500091552734375,,,,,,,,,,,
2026-08-21_ewc_vitality-vs-spirit_mirage,flameZ,CT,12,88.046875,stop,108068,counterstrafe,328.125,174.86561584472656,16.930646896362305,0.0,0.0,,,1.0,1.7818450927734375,,,,,,,,,,,
2026-08-21_ewc_vitality-vs-spirit_mirage,flameZ,CT,12,88.046875,stop,108130,release,78.125,153.43453979492188,0.0,0.0,1.0,250.0,43.285762786865234,1.0,0.0,,,,,,,,,,,
2026-08-21_ewc_vitality-vs-spirit_mirage,flameZ,CT,12,88.046875,stop,108147,counterstrafe,343.75,153.43453979492188,16.151655197143555,0.0,1.0,0.0,16.151655197143555,1.0,0.0,,,,,,,,,,,
2026-08-21_ewc_vitality-vs-spirit_mirage,flameZ,CT,12,88.046875,stop,108167,release,78.125,162.99600219726562,20.70635223388672,0.0,0.0,,,1.0,0.0,,,,,,,,,,,
2026-08-21_ewc_vitality-vs-spirit_mirage,flameZ,CT,12,88.046875,stop,108196,counterstrafe,78.125,152.8953094482422,18.157970428466797,0.0,0.0,,,1.0,0.0,,,,,,,,,,,
2026-08-21_ewc_vitality-vs-spirit_mirage,flameZ,CT,12,88.046875,stop,108253,counterstrafe,78.125,155.84515380859375,9.778135299682617,0.0,0.0,,,1.0,0.924224853515625,,,,,,,,,,,
2026-08-21_ewc_vitality-vs-spirit_mirage,flameZ,CT,12,88.046875,stop,108273,release,78.125,153.1907501220703,8.576431274414062,0.0,0.0,,,1.0,0.0,,,,,,,,,,,
2026-08-21_ewc_vitality-vs-spirit_mirage,flameZ,CT,12,88.046875,stop,108290,counterstrafe,343.75,153.1907501220703,29.28944206237793,0.0,0.0,,,1.0,3.630279541015625,,,,,,,,,,,
2026-08-21_ewc_vitality-vs-spirit_mirage,flameZ,CT,12,88.046875,stop,108450,counterstrafe,78.125,181.61766052246094,29.91091537475586,0.0,0.0,,,1.0,0.264007568359375,,,,,,,,,,,
2026-08-21_ewc_vitality-vs-spirit_mirage,flameZ,CT,12,88.046875,stop,108461,counterstrafe,250.0,181.61766052246094,17.729511260986328,0.0,0.0,,,1.0,1.7821807861328125,,,,,,,,,,,
2026-08-21_ewc_vitality-vs-spirit_mirage,flameZ,CT,12,88.046875,stop,108465,counterstrafe,312.5,181.61766052246094,16.920686721801758,0.0,0.0,,,1.0,1.7821807861328125,,,,,,,,,,,
2026-08-21_ewc_vitality-vs-spirit_mirage,flameZ,CT,12,88.046875,peek,103717,,,,,,,,,,,commit,180.8304931163275,1484.375,4984.375,0.0,145.4603729248047,0.90625,63.35986328125,0.0,2.2750072530059717,1.0
2026-08-21_ewc_vitality-vs-spirit_mirage,flameZ,CT,12,88.046875,peek,104679,,,,,,,,,,,traversal,25.016038454607408,1328.125,1328.125,1.0,51.62718963623047,0.0,0.0,0.0,0.0015716541876812668,0.0
2026-08-21_ewc_vitality-vs-spirit_mirage,flameZ,CT,12,88.046875,peek,104968,,,,,,,,,,,jiggle,18.152992563348214,1109.375,1109.375,1.0,126.66844940185547,0.0,0.85797119140625,0.0,1.6979299907623013,0.0
2026-08-21_ewc_vitality-vs-spirit_mirage,flameZ,CT,12,88.046875,peek,105098,,,,,,,,,,,traversal,146.47219340082165,1484.375,4984.375,0.0,124.80916595458984,0.9583333333333334,5.4121551513671875,0.0,0.9142253470037474,1.0
2026-08-21_ewc_vitality-vs-spirit_mirage,flameZ,CT,12,88.046875,peek,105435,,,,,,,,,,,traversal,22.257575407485994,343.75,343.75,1.0,94.51372528076172,1.0,0.59393310546875,0.0,0.2020600076613339,1.0
2026-08-21_ewc_vitality-vs-spirit_mirage,flameZ,CT,12,88.046875,peek,105475,,,,,,,,,,,traversal,18.921041505038904,906.25,906.25,1.0,98.17593383789062,0.0,1.4515380859375,0.0,0.9569002972648709,0.0
2026-08-21_ewc_vitality-vs-spirit_mirage,flameZ,CT,12,88.046875,peek,105587,,,,,,,,,,,traversal,32.20699372066719,1359.375,1359.375,1.0,122.4719009399414,0.6931818181818182,0.923858642578125,0.0,0.4230170614149257,1.0
2026-08-21_ewc_vitality-vs-spirit_mirage,flameZ,CT,12,88.046875,peek,105690,,,,,,,,,,,traversal,23.380551566322946,562.5,562.5,1.0,108.07706451416016,0.0,0.395843505859375,0.0,0.14113289961140804,0.0
2026-08-21_ewc_vitality-vs-spirit_mirage,flameZ,CT,12,88.046875,peek,105795,,,,,,,,,,,traversal,34.89556273719031,1359.375,1359.375,1.0,111.65604400634766,0.0,8.118194580078125,0.0,0.4591031943834149,0.0
2026-08-21_ewc_vitality-vs-spirit_mirage,flameZ,CT,12,88.046875,peek,105924,,,,,,,,,,,traversal,20.111466244203562,531.25,531.25,1.0,48.314292907714844,0.0,0.06591796875,0.0,0.502089771915949,0.0
2026-08-21_ewc_vitality-vs-spirit_mirage,flameZ,CT,12,88.046875,peek,105979,,,,,,,,,,,traversal,57.3068654653458,593.75,1093.75,1.0,124.80342102050781,0.717948717948718,0.52801513671875,0.0,0.041709209798512,1.0
2026-08-21_ewc_vitality-vs-spirit_mirage,flameZ,CT,12,88.046875,peek,106051,,,,,,,,,,,traversal,23.151268273236123,562.5,562.5,1.0,52.040225982666016,0.0,0.06591796875,0.0,0.17660478780704678,0.0
2026-08-21_ewc_vitality-vs-spirit_mirage,flameZ,CT,12,88.046875,peek,106119,,,,,,,,,,,traversal,44.237178725804746,546.875,546.875,1.0,110.6684341430664,1.0,0.92388916015625,0.0,0.14458377368656483,1.0
2026-08-21_ewc_vitality-vs-spirit_mirage,flameZ,CT,12,88.046875,peek,106174,,,,,,,,,,,traversal,43.82866821585658,703.125,703.125,1.0,158.4871826171875,0.717391304347826,1.7159423828125,0.0,0.2983485554865367,1.0
2026-08-21_ewc_vitality-vs-spirit_mirage,flameZ,CT,12,88.046875,peek,106240,,,,,,,,,,,traversal,22.790349149492613,437.5,437.5,1.0,108.92021179199219,0.10344827586206896,0.132171630859375,0.0,0.3203340153317361,0.0
2026-08-21_ewc_vitality-vs-spirit_mirage,flameZ,CT,12,88.046875,peek,106286,,,,,,,,,,,traversal,44.95562236798026,546.875,546.875,1.0,113.96232604980469,1.0,0.13250732421875,0.0,0.16067031527305792,1.0
2026-08-21_ewc_vitality-vs-spirit_mirage,flameZ,CT,12,88.046875,peek,106378,,,,,,,,,,,traversal,38.321378365449526,625.0,625.0,1.0,114.6795425415039,0.7317073170731707,0.066253662109375,0.0,0.1622644464920251,1.0
2026-08-21_ewc_vitality-vs-spirit_mirage,flameZ,CT,12,88.046875,peek,106454,,,,,,,,,,,traversal,42.285205776723004,828.125,828.125,1.0,70.50330352783203,0.0,0.395843505859375,0.0,0.0874049584217962,0.0
2026-08-21_ewc_vitality-vs-spirit_mirage,flameZ,CT,12,88.046875,peek,106524,,,,,,,,,,,traversal,19.10597019165369,312.5,312.5,1.0,111.46009063720703,0.8095238095238095,0.52801513671875,0.0,0.8660565249639534,1.0
2026-08-21_ewc_vitality-vs-spirit_mirage,flameZ,CT,12,88.046875,peek,106567,,,,,,,,,,,traversal,21.949051358303787,437.5,437.5,1.0,62.73879623413086,0.0,0.329925537109375,0.0,0.2101510517752538,0.0
2026-08-21_ewc_vitality-vs-spirit_mirage,flameZ,CT,12,88.046875,peek,106721,,,,,,,,,,,traversal,77.4172261838113,1484.375,4984.375,0.0,167.64158630371094,0.46875,60.32386779785156,0.0,0.8179922583209681,0.0
2026-08-21_ewc_vitality-vs-spirit_mirage,flameZ,CT,13,92.96875,stop,112468,counterstrafe,62.5,151.51025390625,33.51180648803711,0.0,0.0,,,1.0,0.39617919921875,,,,,,,,,,,
2026-08-21_ewc_vitality-vs-spirit_mirage,flameZ,CT,13,92.96875,stop,114462,release,78.125,161.30252075195312,16.61901092529297,0.0,0.0,,,1.0,0.0,,,,,,,,,,,
2026-08-21_ewc_vitality-vs-spirit_mirage,flameZ,CT,13,92.96875,stop,114512,counterstrafe,78.125,160.06004333496094,15.380169868469238,0.0,0.0,,,1.0,0.132171630859375,,,,,,,,,,,
2026-08-21_ewc_vitality-vs-spirit_mirage,flameZ,CT,13,92.96875,stop,114562,release,78.125,163.0640106201172,20.06722068786621,0.0,0.0,,,1.0,0.0,,,,,,,,,,,
2026-08-21_ewc_vitality-vs-spirit_mirage,flameZ,CT,13,92.96875,stop,114608,counterstrafe,78.125,150.58828735351562,9.249443054199219,0.0,0.0,,,1.0,0.0,,,,,,,,,,,
2026-08-21_ewc_vitality-vs-spirit_mirage,flameZ,CT,13,92.96875,stop,114702,release,93.75,150.00125122070312,14.272598266601562,0.0,0.0,,,1.0,0.395843505859375,,,,,,,,,,,
2026-08-21_ewc_vitality-vs-spirit_mirage,flameZ,CT,13,92.96875,stop,114751,counterstrafe,93.75,158.83177185058594,15.578756332397461,0.0,0.0,,,1.0,0.0,,,,,,,,,,,
2026-08-21_ewc_vitality-vs-spirit_mirage,flameZ,CT,13,92.96875,stop,114769,counterstrafe,375.0,158.83177185058594,25.457670211791992,0.0,0.0,,,1.0,0.0,,,,,,,,,,,
2026-08-21_ewc_vitality-vs-spirit_mirage,flameZ,CT,13,92.96875,stop,114795,release,78.125,154.2887420654297,15.723441123962402,0.0,0.0,,,1.0,0.06591796875,,,,,,,,,,,
2026-08-21_ewc_vitality-vs-spirit_mirage,flameZ,CT,13,92.96875,stop,114812,counterstrafe,343.75,154.2887420654297,26.2266845703125,0.0,0.0,,,1.0,0.85797119140625,,,,,,,,,,,
2026-08-21_ewc_vitality-vs-spirit_mirage,flameZ,CT,13,92.96875,stop,114884,release,62.5,151.57135009765625,31.54239273071289,0.0,0.0,,,1.0,0.0,,,,,,,,,,,
2026-08-21_ewc_vitality-vs-spirit_mirage,flameZ,CT,13,92.96875,stop,114902,counterstrafe,343.75,151.57135009765625,21.20137596130371,0.0,0.0,,,1.0,0.264007568359375,,,,,,,,,,,
2026-08-21_ewc_vitality-vs-spirit_mirage,flameZ,CT,13,92.96875,stop,115042,release,78.125,154.16891479492188,20.782564163208008,0.0,0.0,,,1.0,0.528045654296875,,,,,,,,,,,
2026-08-21_ewc_vitality-vs-spirit_mirage,flameZ,CT,13,92.96875,stop,115046,release,140.625,154.16891479492188,29.751195907592773,0.0,0.0,,,1.0,0.66021728515625,,,,,,,,,,,
2026-08-21_ewc_vitality-vs-spirit_mirage,flameZ,CT,13,92.96875,stop,115391,release,46.875,240.530517578125,17.89063262939453,0.0,0.0,,,0.0,0.527679443359375,,,,,,,,,,,
2026-08-21_ewc_vitality-vs-spirit_mirage,flameZ,CT,13,92.96875,stop,115805,release,125.0,157.83314514160156,28.9609375,0.0,0.0,,,1.0,28.380096435546875,,,,,,,,,,,
2026-08-21_ewc_vitality-vs-spirit_mirage,flameZ,CT,13,92.96875,stop,116359,counterstrafe,78.125,157.1321258544922,11.959808349609375,0.0,0.0,,,1.0,0.132171630859375,,,,,,,,,,,
2026-08-21_ewc_vitality-vs-spirit_mirage,flameZ,CT,13,92.96875,stop,116593,counterstrafe,93.75,153.11598205566406,10.003251075744629,0.0,0.0,,,1.0,0.72576904296875,,,,,,,,,,,
2026-08-21_ewc_vitality-vs-spirit_mirage,flameZ,CT,13,92.96875,stop,116691,counterstrafe,78.125,153.26116943359375,9.081154823303223,0.0,0.0,,,1.0,0.0,,,,,,,,,,,
2026-08-21_ewc_vitality-vs-spirit_mirage,flameZ,CT,13,92.96875,stop,116710,counterstrafe,78.125,150.96044921875,8.53911304473877,0.0,0.0,,,0.0,0.0,,,,,,,,,,,
2026-08-21_ewc_vitality-vs-spirit_mirage,flameZ,CT,13,92.96875,peek,113269,,,,,,,,,,,jiggle,14.653765353957327,250.0,250.0,1.0,83.86036682128906,1.0,7.392425537109375,0.0,13.113377380386474,1.0
2026-08-21_ewc_vitality-vs-spirit_mirage,flameZ,CT,13,92.96875,peek,113368,,,,,,,,,,,jiggle,5.155105663603803,93.75,93.75,1.0,93.7165756225586,0.0,3.7621307373046875,0.0,15.32004914065998,0.0
2026-08-21_ewc_vitality-vs-spirit_mirage,flameZ,CT,13,92.96875,peek,113490,,,,,,,,,,,jiggle,27.764085527482333,406.25,406.25,1.0,129.92137145996094,0.0,8.580322265625,0.0,10.849645044822754,0.0
2026-08-21_ewc_vitality-vs-spirit_mirage,flameZ,CT,13,92.96875,peek,113573,,,,,,,,,,,jiggle,14.446553150478023,1484.375,1484.375,1.0,126.85556030273438,0.5104166666666666,119.6579360961914,0.0,7.463664110941768,1.0
2026-08-21_ewc_vitality-vs-spirit_mirage,flameZ,CT,13,92.96875,peek,113727,,,,,,,,,,,jiggle,17.090951078889088,1234.375,1234.375,1.0,139.25390625,0.0,9.240188598632812,0.0,5.500403524640948,0.0
2026-08-21_ewc_vitality-vs-spirit_mirage,flameZ,CT,13,92.96875,peek,113818,,,,,,,,,,,commit,130.6754903544074,1484.375,4984.375,0.0,132.0770721435547,0.3541666666666667,215.4906234741211,0.0,1.8148790615765706,0.0
2026-08-21_ewc_vitality-vs-spirit_mirage,flameZ,CT,13,92.96875,peek,114262,,,,,,,,,,,narrow,67.11865192514595,593.75,921.875,1.0,146.98220825195312,0.6666666666666666,40.655609130859375,0.0,2.4838165231525324,1.0
2026-08-21_ewc_vitality-vs-spirit_mirage,flameZ,CT,13,92.96875,peek,114683,,,,,,,,,,,jiggle,31.564345884053164,281.25,281.25,1.0,167.69288635253906,0.15789473684210525,4.4879150390625,0.0,28.15283722255709,0.0
2026-08-21_ewc_vitality-vs-spirit_mirage,flameZ,CT,13,92.96875,peek,114870,,,,,,,,,,,jiggle,21.669079712990065,203.125,203.125,1.0,153.26931762695312,0.0,0.066253662109375,0.0,97.05536090498892,0.0
2026-08-21_ewc_vitality-vs-spirit_mirage,flameZ,CT,13,92.96875,peek,114971,,,,,,,,,,,commit,56.952798424683515,1093.75,4984.375,0.0,154.16891479492188,0.08450704225352113,187.70384216308594,0.0,2.1273121514652806,0.0
2026-08-21_ewc_vitality-vs-spirit_mirage,flameZ,CT,13,92.96875,peek,115853,,,,,,,,,,,traversal,235.12846988817438,1484.375,4984.375,0.0,228.45774841308594,0.03125,158.00436401367188,2.0,0.9813939858078801,0.0
2026-08-21_ewc_vitality-vs-spirit_mirage,flameZ,CT,13,92.96875,peek,116551,,,,,,,,,,,narrow,72.8560679413749,640.625,968.75,1.0,153.11598205566406,0.5476190476190477,25.475234985351562,0.0,4.334411815667668,1.0
2026-08-21_ewc_vitality-vs-spirit_mirage,flameZ,CT,13,92.96875,peek,116675,,,,,,,,,,,jiggle,24.66193447142026,234.375,234.375,1.0,162.3144989013672,0.0,1.05572509765625,0.0,50.699084901436656,0.0
2026-08-21_ewc_vitality-vs-spirit_mirage,flameZ,CT,13,92.96875,peek,117615,,,,,,,,,,,commit,57.7738475469052,1343.75,1812.5,0.0,122.24567413330078,0.0,45.47442626953125,1.0,6.744481271093243,0.0
2026-08-21_ewc_vitality-vs-spirit_mirage,flameZ,CT,14,39.515625,stop,124119,release,234.375,154.830322265625,27.66204071044922,0.0,1.0,62.5,0.0,1.0,0.79205322265625,,,,,,,,,,,
2026-08-21_ewc_vitality-vs-spirit_mirage,flameZ,CT,14,39.515625,stop,124216,counterstrafe,78.125,157.9595947265625,23.5625057220459,0.0,0.0,,,1.0,0.1322021484375,,,,,,,,,,,
2026-08-21_ewc_vitality-vs-spirit_mirage,flameZ,CT,14,39.515625,stop,124232,counterstrafe,328.125,157.9595947265625,26.789335250854492,0.0,0.0,,,1.0,0.198486328125,,,,,,,,,,,
2026-08-21_ewc_vitality-vs-spirit_mirage,flameZ,CT,14,39.515625,stop,124398,release,78.125,167.40882873535156,18.386213302612305,0.0,0.0,,,1.0,0.06591796875,,,,,,,,,,,
2026-08-21_ewc_vitality-vs-spirit_mirage,flameZ,CT,14,39.515625,stop,124453,counterstrafe,31.25,242.78395080566406,30.0107364654541,0.0,1.0,203.125,37.28235626220703,1.0,0.396209716796875,,,,,,,,,,,
2026-08-21_ewc_vitality-vs-spirit_mirage,flameZ,CT,14,39.515625,peek,123994,,,,,,,,,,,narrow,62.495712744176544,1437.5,1640.625,1.0,141.93313598632812,0.6989247311827957,221.95745849609375,0.0,1.143296539402961,1.0
2026-08-21_ewc_vitality-vs-spirit_mirage,flameZ,CT,14,39.515625,peek,124374,,,,,,,,,,,jiggle,48.62593676699308,359.375,453.125,1.0,201.96324157714844,0.0,0.659881591796875,1.0,93.85310577474887,0.0
2026-08-21_ewc_vitality-vs-spirit_mirage,flameZ,CT,14,39.515625,peek,124630,,,,,,,,,,,traversal,299.75200395806195,1484.375,4937.5,0.0,259.18353271484375,0.0,170.08245849609375,4.0,0.24528160629137188,0.0
2026-08-21_ewc_vitality-vs-spirit_mirage,flameZ,CT,15,106.3125,stop,126862,counterstrafe,78.125,160.3157958984375,26.225173950195312,0.0,1.0,0.0,26.225173950195312,0.0,2.77197265625,,,,,,,,,,,
2026-08-21_ewc_vitality-vs-spirit_mirage,flameZ,CT,15,106.3125,stop,126986,counterstrafe,78.125,167.4015655517578,24.558311462402344,0.0,0.0,,,0.0,0.2640228271484375,,,,,,,,,,,
2026-08-21_ewc_vitality-vs-spirit_mirage,flameZ,CT,15,106.3125,stop,127054,counterstrafe,78.125,160.16683959960938,19.536773681640625,0.0,0.0,,,1.0,0.1318359375,,,,,,,,,,,
2026-08-21_ewc_vitality-vs-spirit_mirage,flameZ,CT,15,106.3125,stop,127075,counterstrafe,93.75,159.93321228027344,14.122625350952148,0.0,0.0,,,1.0,0.06591796875,,,,,,,,,,,
2026-08-21_ewc_vitality-vs-spirit_mirage,flameZ,CT,15,106.3125,stop,127085,counterstrafe,250.0,159.93321228027344,0.0,0.0,0.0,,,0.0,0.1318359375,,,,,,,,,,,
2026-08-21_ewc_vitality-vs-spirit_mirage,flameZ,CT,15,106.3125,stop,127137,counterstrafe,328.125,153.77987670898438,29.222614288330078,0.0,0.0,,,1.0,6.204193115234375,,,,,,,,,,,
2026-08-21_ewc_vitality-vs-spirit_mirage,flameZ,CT,15,106.3125,stop,127194,release,93.75,162.2458038330078,28.847543716430664,0.0,0.0,,,1.0,0.5939483642578125,,,,,,,,,,,
2026-08-21_ewc_vitality-vs-spirit_mirage,flameZ,CT,15,106.3125,stop,127198,release,156.25,162.2458038330078,32.7203369140625,0.0,0.0,,,1.0,1.253814697265625,,,,,,,,,,,
2026-08-21_ewc_vitality-vs-spirit_mirage,flameZ,CT,15,106.3125,stop,127343,release,78.125,158.4844970703125,10.811678886413574,0.0,1.0,0.0,10.811678886413574,1.0,0.198089599609375,,,,,,,,,,,
2026-08-21_ewc_vitality-vs-spirit_mirage,flameZ,CT,15,106.3125,stop,128139,counterstrafe,328.125,200.0,32.0022087097168,1.0,0.0,,,1.0,80.71792602539062,,,,,,,,,,,
2026-08-21_ewc_vitality-vs-spirit_mirage,flameZ,CT,15,106.3125,stop,128826,counterstrafe,93.75,161.02493286132812,23.534297943115234,0.0,0.0,,,1.0,0.19775390625,,,,,,,,,,,
2026-08-21_ewc_vitality-vs-spirit_mirage,flameZ,CT,15,106.3125,stop,128842,counterstrafe,343.75,161.02493286132812,14.32161808013916,0.0,0.0,,,1.0,1.253814697265625,,,,,,,,,,,
2026-08-21_ewc_vitality-vs-spirit_mirage,flameZ,CT,15,106.3125,stop,129135,release,109.375,263.2618103027344,7.724619388580322,0.0,0.0,,,1.0,16.433822631835938,,,,,,,,,,,
2026-08-21_ewc_vitality-vs-spirit_mirage,flameZ,CT,15,106.3125,stop,129146,release,281.25,263.2618103027344,30.776296615600586,0.0,0.0,,,1.0,87.44979858398438,,,,,,,,,,,
2026-08-21_ewc_vitality-vs-spirit_mirage,flameZ,CT,15,106.3125,stop,130765,counterstrafe,78.125,161.08592224121094,18.71053695678711,0.0,1.0,109.375,98.92577362060547,1.0,1.716278076171875,,,,,,,,,,,
2026-08-21_ewc_vitality-vs-spirit_mirage,flameZ,CT,15,106.3125,stop,130777,counterstrafe,265.625,161.08592224121094,10.795110702514648,0.0,1.0,0.0,10.795110702514648,1.0,3.894317626953125,,,,,,,,,,,
2026-08-21_ewc_vitality-vs-spirit_mirage,flameZ,CT,15,106.3125,stop,131002,counterstrafe,15.625,249.98619079589844,0.0,0.0,0.0,,,1.0,2.64013671875,,,,,,,,,,,
2026-08-21_ewc_vitality-vs-spirit_mirage,flameZ,CT,15,106.3125,stop,131013,counterstrafe,187.5,249.98619079589844,19.291032791137695,0.0,0.0,,,1.0,26.598236083984375,,,,,,,,,,,
2026-08-21_ewc_vitality-vs-spirit_mirage,flameZ,CT,15,106.3125,stop,131330,release,78.125,151.32388305664062,25.365501403808594,0.0,0.0,,,1.0,0.2640228271484375,,,,,,,,,,,
2026-08-21_ewc_vitality-vs-spirit_mirage,flameZ,CT,15,106.3125,stop,131738,counterstrafe,265.625,164.09767150878906,22.308273315429688,0.0,0.0,,,1.0,0.990142822265625,,,,,,,,,,,
2026-08-21_ewc_vitality-vs-spirit_mirage,flameZ,CT,15,106.3125,stop,132205,release,78.125,162.8409881591797,32.889190673828125,0.0,0.0,,,1.0,0.85797119140625,,,,,,,,,,,
2026-08-21_ewc_vitality-vs-spirit_mirage,flameZ,CT,15,106.3125,stop,132354,counterstrafe,265.625,152.6329345703125,33.37067794799805,0.0,0.0,,,1.0,1.650360107421875,,,,,,,,,,,
2026-08-21_ewc_vitality-vs-spirit_mirage,flameZ,CT,15,106.3125,stop,132388,counterstrafe,78.125,166.37892150878906,24.391315460205078,0.0,0.0,,,1.0,0.06591796875,,,,,,,,,,,
2026-08-21_ewc_vitality-vs-spirit_mirage,flameZ,CT,15,106.3125,stop,132813,counter_fwd,203.125,153.8035125732422,29.984437942504883,0.0,0.0,,,0.0,0.0,,,,,,,,,,,
2026-08-21_ewc_vitality-vs-spirit_mirage,flameZ,CT,15,106.3125,stop,133146,release,109.375,167.5598907470703,27.005701065063477,0.0,0.0,,,1.0,0.79205322265625,,,,,,,,,,,
2026-08-21_ewc_vitality-vs-spirit_mirage,flameZ,CT,15,106.3125,peek,126884,,,,,,,,,,,traversal,208.6897456313429,1156.25,4984.375,0.0,209.74876403808594,0.0,46.266204833984375,1.0,0.36435147373754345,0.0
2026-08-21_ewc_vitality-vs-spirit_mirage,flameZ,CT,15,106.3125,peek,127217,,,,,,,,,,,traversal,198.762999710201,1484.375,4984.375,0.0,245.01023864746094,0.3333333333333333,49.23628234863281,3.0,0.5060815970464403,0.0
2026-08-21_ewc_vitality-vs-spirit_mirage,flameZ,CT,15,106.3125,peek,127925,,,,,,,,,,,traversal,25.448852539721226,406.25,406.25,1.0,91.6171875,1.0,2.7723312377929688,0.0,0.5299493692390289,1.0
2026-08-21_ewc_vitality-vs-spirit_mirage,flameZ,CT,15,106.3125,peek,128086,,,,,,,,,,,traversal,41.76087917079457,937.5,937.5,1.0,200.0,0.0,87.05461883544922,0.0,0.9391751105571051,0.0
2026-08-21_ewc_vitality-vs-spirit_mirage,flameZ,CT,15,106.3125,peek,128161,,,,,,,,,,,narrow,96.80849928282827,1453.125,4093.75,1.0,117.00323486328125,1.0,175.75894165039062,0.0,1.6493648971909083,1.0
2026-08-21_ewc_vitality-vs-spirit_mirage,flameZ,CT,15,106.3125,peek,128529,,,,,,,,,,,jiggle,19.199522771791788,984.375,984.375,1.0,97.22239685058594,0.734375,190.87201690673828,0.0,2.8167938229779126,1.0
2026-08-21_ewc_vitality-vs-spirit_mirage,flameZ,CT,15,106.3125,peek,129123,,,,,,,,,,,commit,109.10154777323528,1484.375,4984.375,0.0,269.671875,1.0,139.6561279296875,0.0,1.8290481248488928,1.0
2026-08-21_ewc_vitality-vs-spirit_mirage,flameZ,CT,15,106.3125,peek,130623,,,,,,,,,,,traversal,254.42527291884042,1484.375,4984.375,0.0,261.58197021484375,0.3020833333333333,125.79620361328125,2.0,0.21897142479746992,0.0
2026-08-21_ewc_vitality-vs-spirit_mirage,flameZ,CT,15,106.3125,peek,131220,,,,,,,,,,,jiggle,31.95688168726522,671.875,671.875,1.0,125.50525665283203,0.5227272727272727,6.666290283203125,0.0,2.5279670039462077,1.0
2026-08-21_ewc_vitality-vs-spirit_mirage,flameZ,CT,15,106.3125,peek,131312,,,,,,,,,,,jiggle,28.695133485191537,265.625,265.625,1.0,160.3739471435547,0.0,2.11212158203125,0.0,38.90307545780094,0.0
2026-08-21_ewc_vitality-vs-spirit_mirage,flameZ,CT,15,106.3125,peek,131388,,,,,,,,,,,jiggle,48.47671484946319,953.125,1125.0,1.0,140.52499389648438,0.20967741935483872,8.712158203125,0.0,1.2530903846884163,0.0
2026-08-21_ewc_vitality-vs-spirit_mirage,flameZ,CT,15,106.3125,peek,131905,,,,,,,,,,,narrow,82.16988590890541,1484.375,1890.625,1.0,151.60079956054688,0.4583333333333333,31.2845458984375,0.0,6.684900798135449,0.0
2026-08-21_ewc_vitality-vs-spirit_mirage,flameZ,CT,15,106.3125,peek,132103,,,,,,,,,,,jiggle,39.261644601870486,765.625,765.625,1.0,117.0047836303711,0.54,11.814788818359375,0.0,4.206332160461863,1.0
2026-08-21_ewc_vitality-vs-spirit_mirage,flameZ,CT,15,106.3125,peek,132185,,,,,,,,,,,jiggle,31.860006823841424,312.5,312.5,1.0,162.8409881591797,0.0,11.418212890625,0.0,1.901005222774077,0.0
2026-08-21_ewc_vitality-vs-spirit_mirage,flameZ,T,0,29.265625,stop,2966,release,78.125,164.9840545654297,22.050094604492188,0.0,1.0,359.375,203.7021484375,1.0,5.8079833984375,,,,,,,,,,,
2026-08-21_ewc_vitality-vs-spirit_mirage,flameZ,T,0,29.265625,peek,2271,,,,,,,,,,,traversal,79.09249867788377,1312.5,4984.375,0.0,120.24502563476562,1.0,33.857086181640625,3.0,0.7186525233913914,1.0
2026-08-21_ewc_vitality-vs-spirit_mirage,flameZ,T,1,43.265625,stop,5416,release,15.625,237.2615203857422,9.351959228515625,0.0,1.0,0.0,9.351959228515625,0.0,0.0,,,,,,,,,,,
2026-08-21_ewc_vitality-vs-spirit_mirage,flameZ,T,1,43.265625,stop,6169,counterstrafe,109.375,150.23509216308594,30.05218505859375,0.0,0.0,,,1.0,0.6602096557617188,,,,,,,,,,,
2026-08-21_ewc_vitality-vs-spirit_mirage,flameZ,T,1,43.265625,stop,6207,counterstrafe,93.75,150.06808471679688,31.328760147094727,0.0,0.0,,,1.0,50.82001495361328,,,,,,,,,,,
2026-08-21_ewc_vitality-vs-spirit_mirage,flameZ,T,1,43.265625,stop,7387,counterstrafe,78.125,160.6708526611328,26.151470184326172,0.0,0.0,,,0.0,1.5840911865234375,,,,,,,,,,,
2026-08-21_ewc_vitality-vs-spirit_mirage,flameZ,T,1,43.265625,stop,7886,release,78.125,152.910400390625,11.745675086975098,0.0,1.0,46.875,42.98358154296875,1.0,1.715911865234375,,,,,,,,,,,
2026-08-21_ewc_vitality-vs-spirit_mirage,flameZ,T,1,43.265625,peek,5711,,,,,,,,,,,traversal,63.73949897307579,703.125,3390.625,1.0,167.20956420898438,0.7608695652173914,6.534461975097656,0.0,0.4520578901452005,1.0
2026-08-21_ewc_vitality-vs-spirit_mirage,flameZ,T,1,43.265625,peek,5980,,,,,,,,,,,jiggle,39.34231965237311,1296.875,1296.875,1.0,130.01065063476562,0.25,2.9700851440429688,0.0,2.546347267475171,0.0
2026-08-21_ewc_vitality-vs-spirit_mirage,flameZ,T,1,43.265625,peek,6560,,,,,,,,,,,jiggle,33.92669794543478,468.75,468.75,1.0,119.25382232666016,0.9032258064516129,3.168182373046875,0.0,29.240922839328057,1.0
2026-08-21_ewc_vitality-vs-spirit_mirage,flameZ,T,1,43.265625,peek,7032,,,,,,,,,,,traversal,35.25714243675899,578.125,578.125,1.0,116.48461151123047,0.15789473684210525,0.5942916870117188,0.0,0.0012882293558891882,0.0
2026-08-21_ewc_vitality-vs-spirit_mirage,flameZ,T,1,43.265625,peek,7145,,,,,,,,,,,commit,47.99115012109209,1484.375,4984.375,0.0,111.3722152709961,0.9479166666666666,131.93344116210938,0.0,1.3085260507163876,1.0
2026-08-21_ewc_vitality-vs-spirit_mirage,flameZ,T,1,43.265625,peek,7680,,,,,,,,,,,commit,73.66724819938618,1359.375,3734.375,0.0,166.01504516601562,0.4318181818181818,37.554039001464844,2.0,1.7045402514691381,0.0
2026-08-21_ewc_vitality-vs-spirit_mirage,flameZ,T,2,81.109375,stop,9577,release,31.25,217.13441467285156,5.4453349113464355,0.0,0.0,,,0.0,0.198089599609375,,,,,,,,,,,
2026-08-21_ewc_vitality-vs-spirit_mirage,flameZ,T,2,81.109375,stop,10041,release,328.125,152.4662322998047,30.423051834106445,0.0,0.0,,,0.0,0.39585113525390625,,,,,,,,,,,
2026-08-21_ewc_vitality-vs-spirit_mirage,flameZ,T,2,81.109375,stop,10094,release,234.375,156.14242553710938,20.97216796875,0.0,0.0,,,0.0,4.157981872558594,,,,,,,,,,,
2026-08-21_ewc_vitality-vs-spirit_mirage,flameZ,T,2,81.109375,stop,10173,counterstrafe,78.125,170.40213012695312,22.3569278717041,0.0,0.0,,,1.0,0.0,,,,,,,,,,,
2026-08-21_ewc_vitality-vs-spirit_mirage,flameZ,T,2,81.109375,stop,10217,counterstrafe,78.125,178.57467651367188,29.26604652404785,0.0,0.0,,,1.0,0.06591796875,,,,,,,,,,,
2026-08-21_ewc_vitality-vs-spirit_mirage,flameZ,T,2,81.109375,stop,10343,counterstrafe,78.125,185.3987274169922,29.69711685180664,0.0,1.0,31.25,18.936553955078125,1.0,0.0,,,,,,,,,,,
2026-08-21_ewc_vitality-vs-spirit_mirage,flameZ,T,2,81.109375,stop,10398,release,109.375,152.3237762451172,32.771575927734375,0.0,1.0,31.25,19.7686824798584,1.0,0.7257843017578125,,,,,,,,,,,
2026-08-21_ewc_vitality-vs-spirit_mirage,flameZ,T,2,81.109375,stop,10716,crouch_stop,296.875,150.6167449951172,21.388599395751953,1.0,0.0,,,1.0,25.739898681640625,,,,,,,,,,,
2026-08-21_ewc_vitality-vs-spirit_mirage,flameZ,T,2,81.109375,stop,10720,crouch_stop,359.375,150.6167449951172,6.662057399749756,1.0,0.0,,,1.0,26.729705810546875,,,,,,,,,,,
2026-08-21_ewc_vitality-vs-spirit_mirage,flameZ,T,2,81.109375,stop,12065,counterstrafe,93.75,160.86607360839844,2.9947972297668457,0.0,1.0,0.0,2.9947972297668457,0.0,0.0,,,,,,,,,,,
2026-08-21_ewc_vitality-vs-spirit_mirage,flameZ,T,2,81.109375,stop,12172,counterstrafe,93.75,152.3830108642578,17.27659034729004,0.0,0.0,,,1.0,0.79168701171875,,,,,,,,,,,
2026-08-21_ewc_vitality-vs-spirit_mirage,flameZ,T,2,81.109375,stop,12578,counterstrafe,93.75,159.95901489257812,19.104022979736328,0.0,0.0,,,1.0,0.0,,,,,,,,,,,
2026-08-21_ewc_vitality-vs-spirit_mirage,flameZ,T,2,81.109375,stop,12582,counterstrafe,156.25,159.95901489257812,33.597110748291016,0.0,0.0,,,1.0,0.0,,,,,,,,,,,
2026-08-21_ewc_vitality-vs-spirit_mirage,flameZ,T,2,81.109375,stop,13268,counterstrafe,93.75,182.56515502929688,20.015302658081055,0.0,1.0,0.0,20.015302658081055,1.0,1.18792724609375,,,,,,,,,,,
2026-08-21_ewc_vitality-vs-spirit_mirage,flameZ,T,2,81.109375,stop,13417,counterstrafe,78.125,154.50314331054688,21.189626693725586,0.0,1.0,281.25,11.923782348632812,1.0,1.451904296875,,,,,,,,,,,
2026-08-21_ewc_vitality-vs-spirit_mirage,flameZ,T,2,81.109375,stop,13435,counterstrafe,359.375,154.50314331054688,11.923782348632812,0.0,1.0,0.0,11.923782348632812,1.0,4.026153564453125,,,,,,,,,,,
2026-08-21_ewc_vitality-vs-spirit_mirage,flameZ,T,2,81.109375,stop,14061,counterstrafe,93.75,162.11143493652344,20.511085510253906,0.0,0.0,,,1.0,0.7920455932617188,,,,,,,,,,,
2026-08-21_ewc_vitality-vs-spirit_mirage,flameZ,T,2,81.109375,stop,14162,release,93.75,155.75538635253906,23.82979965209961,0.0,0.0,,,1.0,0.06626129150390625,,,,,,,,,,,
2026-08-21_ewc_vitality-vs-spirit_mirage,flameZ,T,2,81.109375,stop,14250,counterstrafe,93.75,152.97288513183594,18.287921905517578,0.0,0.0,,,1.0,0.1318359375,,,,,,,,,,,
2026-08-21_ewc_vitality-vs-spirit_mirage,flameZ,T,2,81.109375,stop,14268,counterstrafe,375.0,152.97288513183594,15.439393997192383,0.0,0.0,,,1.0,2.0455322265625,,,,,,,,,,,
2026-08-21_ewc_vitality-vs-spirit_mirage,flameZ,T,2,81.109375,stop,14474,crouch_stop,203.125,152.18885803222656,3.187509536743164,1.0,0.0,,,1.0,5.41143798828125,,,,,,,,,,,
2026-08-21_ewc_vitality-vs-spirit_mirage,flameZ,T,2,81.109375,stop,14532,counterstrafe,93.75,165.5470733642578,22.869672775268555,1.0,1.0,0.0,22.869672775268555,1.0,5.543975830078125,,,,,,,,,,,
2026-08-21_ewc_vitality-vs-spirit_mirage,flameZ,T,2,81.109375,stop,14628,crouch_stop,171.875,182.98049926757812,30.6015625,1.0,0.0,,,1.0,5.544319152832031,,,,,,,,,,,
2026-08-21_ewc_vitality-vs-spirit_mirage,flameZ,T,2,81.109375,stop,14709,counterstrafe,109.375,157.81495666503906,31.346914291381836,0.0,1.0,0.0,31.346914291381836,1.0,11.154212951660156,,,,,,,,,,,
2026-08-21_ewc_vitality-vs-spirit_mirage,flameZ,T,2,81.109375,peek,9547,,,,,,,,,,,traversal,259.4770427934349,1484.375,4984.375,0.0,248.8069610595703,0.0,85.2724609375,0.0,0.3110652795104113,0.0
2026-08-21_ewc_vitality-vs-spirit_mirage,flameZ,T,2,81.109375,peek,10143,,,,,,,,,,,traversal,65.18853083723668,453.125,4984.375,0.0,200.53933715820312,0.0,1.5181732177734375,2.0,0.2624033749782526,0.0
2026-08-21_ewc_vitality-vs-spirit_mirage,flameZ,T,2,81.109375,peek,10814,,,,,,,,,,,traversal,189.13719741142296,1484.375,4984.375,0.0,229.2950897216797,0.0,73.45941162109375,2.0,0.21734352666501777,0.0
2026-08-21_ewc_vitality-vs-spirit_mirage,flameZ,T,2,81.109375,peek,12093,,,,,,,,,,,traversal,162.89002463584606,1046.875,4984.375,0.0,215.00172424316406,0.0,5.80731201171875,0.0,0.41839637629596793,0.0
2026-08-21_ewc_vitality-vs-spirit_mirage,flameZ,T,2,81.109375,peek,13151,,,,,,,,,,,commit,124.15713587506572,953.125,4984.375,0.0,214.2667694091797,0.2903225806451613,12.672393798828125,2.0,1.169331857777558,0.0
2026-08-21_ewc_vitality-vs-spirit_mirage,flameZ,T,2,81.109375,peek,13886,,,,,,,,,,,jiggle,9.969891644969215,171.875,171.875,1.0,76.71034240722656,1.0,0.0,0.0,1.096635087342237,1.0
2026-08-21_ewc_vitality-vs-spirit_mirage,flameZ,T,2,81.109375,peek,14042,,,,,,,,,,,jiggle,30.186261574754393,281.25,281.25,1.0,162.11143493652344,0.0,19.140243530273438,0.0,6.086893754269482,0.0
2026-08-21_ewc_vitality-vs-spirit_mirage,flameZ,T,2,81.109375,peek,14139,,,,,,,,,,,jiggle,32.227652593498064,359.375,359.375,1.0,155.75538635253906,0.0,9.636383056640625,0.0,1.2507852626776634,0.0
2026-08-21_ewc_vitality-vs-spirit_mirage,flameZ,T,2,81.109375,peek,14562,,,,,,,,,,,commit,153.07805015598007,1093.75,2312.5,0.0,211.61526489257812,0.0,152.6584701538086,1.0,3.3301949452122996,0.0
2026-08-21_ewc_vitality-vs-spirit_mirage,flameZ,T,3,97.90625,stop,18045,release,125.0,156.2893829345703,31.067384719848633,0.0,0.0,,,1.0,0.13217926025390625,,,,,,,,,,,
2026-08-21_ewc_vitality-vs-spirit_mirage,flameZ,T,3,97.90625,stop,18170,counterstrafe,78.125,153.90408325195312,24.386262893676758,0.0,0.0,,,1.0,0.26401519775390625,,,,,,,,,,,
2026-08-21_ewc_vitality-vs-spirit_mirage,flameZ,T,3,97.90625,stop,18188,counterstrafe,359.375,153.90408325195312,32.62276077270508,0.0,0.0,,,1.0,1.9140243530273438,,,,,,,,,,,
2026-08-21_ewc_vitality-vs-spirit_mirage,flameZ,T,3,97.90625,stop,18352,counterstrafe,78.125,153.3227081298828,18.93572425842285,0.0,0.0,,,1.0,0.5939483642578125,,,,,,,,,,,
2026-08-21_ewc_vitality-vs-spirit_mirage,flameZ,T,3,97.90625,stop,18386,release,78.125,162.15390014648438,24.55868148803711,0.0,0.0,,,1.0,0.0,,,,,,,,,,,
2026-08-21_ewc_vitality-vs-spirit_mirage,flameZ,T,3,97.90625,stop,18400,counterstrafe,296.875,162.15390014648438,24.82381248474121,0.0,0.0,,,1.0,0.0,,,,,,,,,,,
2026-08-21_ewc_vitality-vs-spirit_mirage,flameZ,T,3,97.90625,stop,18444,counterstrafe,359.375,152.17909240722656,25.986127853393555,0.0,0.0,,,1.0,0.5280303955078125,,,,,,,,,,,
2026-08-21_ewc_vitality-vs-spirit_mirage,flameZ,T,3,97.90625,stop,18519,release,93.75,152.39356994628906,31.339824676513672,0.0,0.0,,,1.0,0.0,,,,,,,,,,,
2026-08-21_ewc_vitality-vs-spirit_mirage,flameZ,T,3,97.90625,stop,18524,counterstrafe,171.875,152.39356994628906,32.017311096191406,0.0,0.0,,,1.0,0.0,,,,,,,,,,,
2026-08-21_ewc_vitality-vs-spirit_mirage,flameZ,T,3,97.90625,stop,18551,release,78.125,154.36097717285156,31.43291664123535,0.0,0.0,,,1.0,0.0,,,,,,,,,,,
2026-08-21_ewc_vitality-vs-spirit_mirage,flameZ,T,3,97.90625,stop,18556,counterstrafe,156.25,154.36097717285156,18.4019775390625,0.0,0.0,,,1.0,0.0,,,,,,,,,,,
2026-08-21_ewc_vitality-vs-spirit_mirage,flameZ,T,3,97.90625,stop,18580,counterstrafe,93.75,154.86512756347656,33.38712692260742,0.0,0.0,,,1.0,0.0,,,,,,,,,,,
2026-08-21_ewc_vitality-vs-spirit_mirage,flameZ,T,3,97.90625,stop,18666,counterstrafe,78.125,157.174560546875,21.313100814819336,0.0,1.0,109.375,57.061767578125,1.0,1.320068359375,,,,,,,,,,,
2026-08-21_ewc_vitality-vs-spirit_mirage,flameZ,T,3,97.90625,stop,18676,counterstrafe,234.375,157.174560546875,23.112871170043945,0.0,1.0,0.0,23.112871170043945,1.0,1.848419189453125,,,,,,,,,,,
2026-08-21_ewc_vitality-vs-spirit_mirage,flameZ,T,3,97.90625,stop,18682,counterstrafe,328.125,157.174560546875,25.084203720092773,1.0,1.0,0.0,25.084203720092773,1.0,2.1124420166015625,,,,,,,,,,,
2026-08-21_ewc_vitality-vs-spirit_mirage,flameZ,T,3,97.90625,stop,18773,counterstrafe,78.125,171.89776611328125,33.78023910522461,0.0,1.0,281.25,31.183879852294922,1.0,1.583740234375,,,,,,,,,,,
2026-08-21_ewc_vitality-vs-spirit_mirage,flameZ,T,3,97.90625,stop,18787,counterstrafe,296.875,171.89776611328125,15.815159797668457,0.0,1.0,62.5,31.183879852294922,1.0,4.289825439453125,,,,,,,,,,,
2026-08-21_ewc_vitality-vs-spirit_mirage,flameZ,T,3,97.90625,stop,18837,counterstrafe,78.125,158.47010803222656,23.39946937561035,0.0,1.0,0.0,23.39946937561035,1.0,0.263671875,,,,,,,,,,,
2026-08-21_ewc_vitality-vs-spirit_mirage,flameZ,T,3,97.90625,stop,18890,release,31.25,186.30184936523438,15.041016578674316,0.0,0.0,,,1.0,1.0560302734375,,,,,,,,,,,
2026-08-21_ewc_vitality-vs-spirit_mirage,flameZ,T,3,97.90625,stop,18980,counterstrafe,234.375,153.15174865722656,24.330005645751953,0.0,0.0,,,0.0,3.8280487060546875,,,,,,,,,,,
2026-08-21_ewc_vitality-vs-spirit_mirage,flameZ,T,3,97.90625,stop,22058,release,78.125,231.9019775390625,29.642026901245117,0.0,0.0,,,1.0,1.385986328125,,,,,,,,,,,
2026-08-21_ewc_vitality-vs-spirit_mirage,flameZ,T,3,97.90625,stop,22258,counterstrafe,281.25,174.33645629882812,24.793899536132812,0.0,0.0,,,1.0,3.3662796020507812,,,,,,,,,,,
2026-08-21_ewc_vitality-vs-spirit_mirage,flameZ,T,3,97.90625,peek,18600,,,,,,,,,,,commit,178.45129452363378,1171.875,4984.375,0.0,215.0017547607422,0.0,113.91616821289062,3.0,1.8528640803920429,0.0
2026-08-21_ewc_vitality-vs-spirit_mirage,flameZ,T,3,97.90625,peek,21253,,,,,,,,,,,traversal,22.883137460852478,484.375,484.375,1.0,105.15592956542969,0.0,2.045562744140625,0.0,0.5542698189777324,0.0
2026-08-21_ewc_vitality-vs-spirit_mirage,flameZ,T,3,97.90625,peek,21327,,,,,,,,,,,traversal,21.70083488762417,843.75,843.75,1.0,94.35173034667969,0.36363636363636365,219.12020874023438,0.0,0.30618555393017755,0.0
2026-08-21_ewc_vitality-vs-spirit_mirage,flameZ,T,3,97.90625,peek,21489,,,,,,,,,,,commit,160.2690656422023,1484.375,4984.375,0.0,111.80561828613281,0.9479166666666666,67.18896484375,0.0,1.4035647434481475,1.0
2026-08-21_ewc_vitality-vs-spirit_mirage,flameZ,T,3,97.90625,peek,21845,,,,,,,,,,,commit,180.7251571466772,1484.375,4984.375,0.0,215.01055908203125,0.3125,56.4951171875,0.0,4.902532145004261,0.0
2026-08-21_ewc_vitality-vs-spirit_mirage,flameZ,T,3,97.90625,peek,22958,,,,,,,,,,,traversal,25.492100925047193,1437.5,1437.5,1.0,98.55780792236328,0.1935483870967742,1.91363525390625,0.0,0.4557689396211221,0.0
2026-08-21_ewc_vitality-vs-spirit_mirage,flameZ,T,3,97.90625,peek,23232,,,,,,,,,,,jiggle,51.37696108024926,1484.375,2656.25,1.0,112.38253784179688,0.19791666666666666,6.401580810546875,0.0,2.0807916522634806,0.0
2026-08-21_ewc_vitality-vs-spirit_mirage,flameZ,T,3,97.90625,peek,23552,,,,,,,,,,,jiggle,30.326517208165193,500.0,500.0,1.0,132.7825164794922,0.0,6.137603759765625,0.0,26.01774438955497,0.0
2026-08-21_ewc_vitality-vs-spirit_mirage,flameZ,T,4,85.953125,stop,26885,counter_fwd,187.5,151.5167236328125,33.7630500793457,0.0,0.0,,,0.0,0.0,,,,,,,,,,,
2026-08-21_ewc_vitality-vs-spirit_mirage,flameZ,T,4,85.953125,stop,26922,release,234.375,154.78518676757812,33.036251068115234,0.0,0.0,,,0.0,0.0,,,,,,,,,,,
2026-08-21_ewc_vitality-vs-spirit_mirage,flameZ,T,4,85.953125,stop,27494,counterstrafe,359.375,166.0653839111328,1.3417450189590454,0.0,0.0,,,1.0,0.0,,,,,,,,,,,
2026-08-21_ewc_vitality-vs-spirit_mirage,flameZ,T,4,85.953125,stop,27553,counterstrafe,78.125,164.59068298339844,25.874736785888672,0.0,0.0,,,1.0,1.5840911865234375,,,,,,,,,,,
2026-08-21_ewc_vitality-vs-spirit_mirage,flameZ,T,4,85.953125,stop,27595,release,234.375,153.34243774414062,2.22265625,0.0,0.0,,,0.0,0.198089599609375,,,,,,,,,,,
2026-08-21_ewc_vitality-vs-spirit_mirage,flameZ,T,4,85.953125,stop,27921,counterstrafe,109.375,160.69351196289062,19.671010971069336,0.0,0.0,,,1.0,1.3859939575195312,,,,,,,,,,,
2026-08-21_ewc_vitality-vs-spirit_mirage,flameZ,T,4,85.953125,stop,28142,counterstrafe,125.0,151.2899627685547,28.40909767150879,0.0,0.0,,,1.0,0.0,,,,,,,,,,,
2026-08-21_ewc_vitality-vs-spirit_mirage,flameZ,T,4,85.953125,stop,28155,counterstrafe,328.125,151.2899627685547,7.67329740524292,0.0,0.0,,,1.0,0.0,,,,,,,,,,,
2026-08-21_ewc_vitality-vs-spirit_mirage,flameZ,T,4,85.953125,stop,28205,release,78.125,161.00083923339844,16.70391082763672,0.0,0.0,,,1.0,0.1318359375,,,,,,,,,,,
2026-08-21_ewc_vitality-vs-spirit_mirage,flameZ,T,4,85.953125,stop,28276,counterstrafe,78.125,164.5900115966797,16.328227996826172,0.0,0.0,,,1.0,0.06591796875,,,,,,,,,,,
2026-08-21_ewc_vitality-vs-spirit_mirage,flameZ,T,4,85.953125,stop,28622,counterstrafe,78.125,163.34347534179688,23.245203018188477,0.0,0.0,,,1.0,0.0,,,,,,,,,,,
2026-08-21_ewc_vitality-vs-spirit_mirage,flameZ,T,4,85.953125,stop,28789,counterstrafe,78.125,160.27662658691406,9.677803993225098,0.0,0.0,,,1.0,0.13217926025390625,,,,,,,,,,,
2026-08-21_ewc_vitality-vs-spirit_mirage,flameZ,T,4,85.953125,stop,28811,counterstrafe,171.875,151.45016479492188,22.10686683654785,0.0,0.0,,,1.0,0.0,,,,,,,,,,,
2026-08-21_ewc_vitality-vs-spirit_mirage,flameZ,T,4,85.953125,stop,29144,counterstrafe,78.125,150.90415954589844,12.64293384552002,0.0,0.0,,,1.0,0.0,,,,,,,,,,,
2026-08-21_ewc_vitality-vs-spirit_mirage,flameZ,T,4,85.953125,stop,29208,release,78.125,152.3137969970703,31.60106086730957,0.0,0.0,,,1.0,0.06591796875,,,,,,,,,,,
2026-08-21_ewc_vitality-vs-spirit_mirage,flameZ,T,4,85.953125,stop,29228,release,109.375,150.10353088378906,25.073009490966797,0.0,0.0,,,0.0,0.0,,,,,,,,,,,
2026-08-21_ewc_vitality-vs-spirit_mirage,flameZ,T,4,85.953125,stop,29482,counterstrafe,78.125,153.1426239013672,13.487706184387207,0.0,0.0,,,1.0,0.06626129150390625,,,,,,,,,,,
2026-08-21_ewc_vitality-vs-spirit_mirage,flameZ,T,4,85.953125,stop,29501,counterstrafe,375.0,153.1426239013672,30.916643142700195,0.0,0.0,,,1.0,1.8481063842773438,,,,,,,,,,,
2026-08-21_ewc_vitality-vs-spirit_mirage,flameZ,T,4,85.953125,stop,29809,counterstrafe,78.125,173.37139892578125,26.597627639770508,0.0,0.0,,,1.0,0.0,,,,,,,,,,,
2026-08-21_ewc_vitality-vs-spirit_mirage,flameZ,T,4,85.953125,stop,29816,counterstrafe,187.5,173.37139892578125,25.957319259643555,0.0,0.0,,,1.0,6.7981414794921875,,,,,,,,,,,
2026-08-21_ewc_vitality-vs-spirit_mirage,flameZ,T,4,85.953125,stop,29868,release,78.125,177.04327392578125,27.770509719848633,0.0,0.0,,,1.0,0.5939483642578125,,,,,,,,,,,
2026-08-21_ewc_vitality-vs-spirit_mirage,flameZ,T,4,85.953125,stop,29923,counterstrafe,62.5,170.5092315673828,23.69695281982422,0.0,0.0,,,1.0,0.0,,,,,,,,,,,
2026-08-21_ewc_vitality-vs-spirit_mirage,flameZ,T,4,85.953125,stop,30012,release,78.125,158.72210693359375,13.739418029785156,0.0,0.0,,,1.0,0.0,,,,,,,,,,,
2026-08-21_ewc_vitality-vs-spirit_mirage,flameZ,T,4,85.953125,stop,30065,counterstrafe,78.125,157.1678466796875,12.177732467651367,0.0,0.0,,,1.0,0.5939483642578125,,,,,,,,,,,
2026-08-21_ewc_vitality-vs-spirit_mirage,flameZ,T,4,85.953125,stop,30168,counterstrafe,78.125,163.78366088867188,31.492843627929688,0.0,0.0,,,1.0,0.0,,,,,,,,,,,
2026-08-21_ewc_vitality-vs-spirit_mirage,flameZ,T,4,85.953125,stop,30192,counterstrafe,109.375,158.8463897705078,16.924440383911133,0.0,0.0,,,0.0,0.0,,,,,,,,,,,
2026-08-21_ewc_vitality-vs-spirit_mirage,flameZ,T,4,85.953125,stop,30293,counterstrafe,78.125,168.3317413330078,26.25338363647461,0.0,0.0,,,1.0,0.066253662109375,,,,,,,,,,,
2026-08-21_ewc_vitality-vs-spirit_mirage,flameZ,T,4,85.953125,stop,30304,counterstrafe,250.0,168.3317413330078,18.32818603515625,0.0,0.0,,,1.0,0.066253662109375,,,,,,,,,,,
2026-08-21_ewc_vitality-vs-spirit_mirage,flameZ,T,4,85.953125,stop,32202,release,78.125,157.26376342773438,14.876617431640625,0.0,0.0,,,1.0,0.13217926025390625,,,,,,,,,,,
2026-08-21_ewc_vitality-vs-spirit_mirage,flameZ,T,4,85.953125,stop,32244,counterstrafe,109.375,150.58326721191406,28.528303146362305,0.0,0.0,,,0.0,3.6299591064453125,,,,,,,,,,,
2026-08-21_ewc_vitality-vs-spirit_mirage,flameZ,T,4,85.953125,peek,26862,,,,,,,,,,,traversal,85.50995113308853,1203.125,1640.625,1.0,202.49819946289062,0.0,90.75016784667969,0.0,0.9773994865404894,0.0
2026-08-21_ewc_vitality-vs-spirit_mirage,flameZ,T,4,85.953125,peek,27455,,,,,,,,,,,jiggle,41.849882850447976,375.0,375.0,1.0,190.11231994628906,0.0,0.0,0.0,4.764621079699637,0.0
2026-08-21_ewc_vitality-vs-spirit_mirage,flameZ,T,4,85.953125,peek,27517,,,,,,,,,,,narrow,69.04219154718008,546.875,812.5,1.0,186.5635528564453,0.3611111111111111,107.84420013427734,0.0,1.4068089812809326,0.0
2026-08-21_ewc_vitality-vs-spirit_mirage,flameZ,T,4,85.953125,peek,27683,,,,,,,,,,,jiggle,52.07045021205704,406.25,593.75,1.0,198.88978576660156,0.037037037037037035,25.146331787109375,0.0,4.797444891447697,0.0
2026-08-21_ewc_vitality-vs-spirit_mirage,flameZ,T,4,85.953125,peek,27876,,,,,,,,,,,narrow,60.79988237701308,703.125,1031.25,1.0,206.72903442382812,0.17391304347826086,107.64610290527344,0.0,5.854927766416173,0.0
2026-08-21_ewc_vitality-vs-spirit_mirage,flameZ,T,4,85.953125,peek,27992,,,,,,,,,,,traversal,17.56793925832381,328.125,328.125,1.0,75.238525390625,1.0,0.0,0.0,0.4785554199741112,1.0
2026-08-21_ewc_vitality-vs-spirit_mirage,flameZ,T,4,85.953125,peek,28101,,,,,,,,,,,jiggle,18.842059262223106,265.625,265.625,1.0,98.27535247802734,0.7777777777777778,0.0,0.0,67.53657431027041,1.0
2026-08-21_ewc_vitality-vs-spirit_mirage,flameZ,T,4,85.953125,peek,28175,,,,,,,,,,,jiggle,37.40655377369547,453.125,453.125,1.0,186.05612182617188,0.0,0.7261276245117188,0.0,2.2107890103954864,0.0
2026-08-21_ewc_vitality-vs-spirit_mirage,flameZ,T,4,85.953125,peek,28257,,,,,,,,,,,jiggle,33.17301308111709,281.25,281.25,1.0,180.85848999023438,0.0,0.7261276245117188,0.0,73.61452361099589,0.0
2026-08-21_ewc_vitality-vs-spirit_mirage,flameZ,T,4,85.953125,peek,28467,,,,,,,,,,,jiggle,23.98477769816593,468.75,468.75,1.0,87.02911376953125,1.0,100.18807983398438,0.0,1.3315861707598662,1.0
2026-08-21_ewc_vitality-vs-spirit_mirage,flameZ,T,4,85.953125,peek,28572,,,,,,,,,,,jiggle,51.569806471889635,765.625,906.25,1.0,180.0707550048828,0.54,79.332275390625,0.0,1.6817888046965754,1.0
2026-08-21_ewc_vitality-vs-spirit_mirage,flameZ,T,4,85.953125,peek,28742,,,,,,,,,,,jiggle,40.759029467075464,703.125,703.125,1.0,186.79000854492188,0.4782608695652174,0.7261276245117188,0.0,5.3374406825500955,0.0
2026-08-21_ewc_vitality-vs-spirit_mirage,flameZ,T,4,85.953125,peek,28847,,,,,,,,,,,traversal,33.581402137929736,390.625,390.625,1.0,143.84664916992188,0.6923076923076923,0.0,0.0,0.20539495343641107,1.0
2026-08-21_ewc_vitality-vs-spirit_mirage,flameZ,T,4,85.953125,peek,28928,,,,,,,,,,,jiggle,20.78008620859902,1250.0,1250.0,1.0,145.95338439941406,0.0,3.8936233520507812,0.0,5.759434681774213,0.0
2026-08-21_ewc_vitality-vs-spirit_mirage,flameZ,T,4,85.953125,peek,29125,,,,,,,,,,,jiggle,31.554720817639616,281.25,281.25,1.0,171.30152893066406,0.0,0.6602096557617188,0.0,65.12310270607666,0.0
2026-08-21_ewc_vitality-vs-spirit_mirage,flameZ,T,4,85.953125,peek,29194,,,,,,,,,,,jiggle,21.500501098899285,218.75,218.75,1.0,152.3137969970703,0.0,0.5939483642578125,0.0,63.59773085066726,0.0
2026-08-21_ewc_vitality-vs-spirit_mirage,flameZ,T,4,85.953125,peek,29466,,,,,,,,,,,jiggle,23.973317468106135,234.375,234.375,1.0,157.10206604003906,0.0,2.04620361328125,0.0,35.04686737635067,0.0
2026-08-21_ewc_vitality-vs-spirit_mirage,flameZ,T,4,85.953125,peek,29519,,,,,,,,,,,traversal,158.9127361521156,1484.375,4984.375,0.0,177.86988830566406,0.7604166666666666,11.08795166015625,2.0,0.7496176296691804,1.0
2026-08-21_ewc_vitality-vs-spirit_mirage,flameZ,T,4,85.953125,peek,29993,,,,,,,,,,,jiggle,31.981242632699797,281.25,281.25,1.0,177.2901153564453,0.0,1.9799346923828125,0.0,4.854616638319366,0.0
2026-08-21_ewc_vitality-vs-spirit_mirage,flameZ,T,4,85.953125,peek,30048,,,,,,,,,,,jiggle,26.430278109236617,250.0,250.0,1.0,164.62722778320312,0.0,1.1216278076171875,0.0,70.1946161748276,0.0
2026-08-21_ewc_vitality-vs-spirit_mirage,flameZ,T,4,85.953125,peek,30121,,,,,,,,,,,jiggle,37.96674962053148,734.375,734.375,1.0,172.25608825683594,0.3333333333333333,1.056060791015625,0.0,9.38560945791716,0.0
2026-08-21_ewc_vitality-vs-spirit_mirage,flameZ,T,4,85.953125,peek,30271,,,,,,,,,,,jiggle,42.78264073895253,328.125,328.125,1.0,191.9558563232422,0.0,2.9697418212890625,0.0,32.40183657435573,0.0
2026-08-21_ewc_vitality-vs-spirit_mirage,flameZ,T,4,85.953125,peek,31097,,,,,,,,,,,traversal,165.74955178006192,1453.125,4984.375,0.0,125.56411743164062,0.925531914893617,125.39967346191406,0.0,0.7447075422450505,1.0
2026-08-21_ewc_vitality-vs-spirit_mirage,flameZ,T,4,85.953125,peek,31872,,,,,,,,,,,jiggle,9.457761532477438,390.625,390.625,1.0,93.03691101074219,0.0,0.65985107421875,0.0,37.98861079958649,0.0
2026-08-21_ewc_vitality-vs-spirit_mirage,flameZ,T,4,85.953125,peek,31938,,,,,,,,,,,jiggle,23.4929568303017,1078.125,1078.125,1.0,114.23822784423828,0.6714285714285714,36.69569396972656,0.0,1.6182899836569866,1.0
2026-08-21_ewc_vitality-vs-spirit_mirage,flameZ,T,4,85.953125,peek,32081,,,,,,,,,,,jiggle,37.44347212996679,734.375,734.375,1.0,142.31455993652344,0.5,164.5374298095703,0.0,2.633693301556129,0.0
2026-08-21_ewc_vitality-vs-spirit_mirage,flameZ,T,4,85.953125,peek,32178,,,,,,,,,,,jiggle,45.89497542359128,359.375,406.25,1.0,197.18399047851562,0.0,30.09600830078125,0.0,5.151020687919624,0.0
2026-08-21_ewc_vitality-vs-spirit_mirage,flameZ,T,4,85.953125,peek,32260,,,,,,,,,,,commit,142.86120317294447,1046.875,1156.25,0.0,240.00196838378906,0.0,50.42381286621094,0.0,3.1235096454939115,0.0
2026-08-21_ewc_vitality-vs-spirit_mirage,flameZ,T,5,86.578125,stop,34923,release,234.375,208.3714599609375,3.3674538135528564,0.0,0.0,,,0.0,3.82769775390625,,,,,,,,,,,
2026-08-21_ewc_vitality-vs-spirit_mirage,flameZ,T,5,86.578125,stop,35175,release,93.75,177.3438262939453,15.762838363647461,0.0,0.0,,,1.0,0.0,,,,,,,,,,,
2026-08-21_ewc_vitality-vs-spirit_mirage,flameZ,T,5,86.578125,stop,35207,counterstrafe,265.625,152.1928253173828,34.08475875854492,0.0,0.0,,,0.0,1.187896728515625,,,,,,,,,,,
2026-08-21_ewc_vitality-vs-spirit_mirage,flameZ,T,5,86.578125,stop,35926,counterstrafe,78.125,171.7119903564453,33.58015060424805,0.0,0.0,,,1.0,0.39617919921875,,,,,,,,,,,
2026-08-21_ewc_vitality-vs-spirit_mirage,flameZ,T,5,86.578125,stop,36014,counterstrafe,375.0,151.990234375,30.187698364257812,1.0,0.0,,,0.0,0.923553466796875,,,,,,,,,,,
2026-08-21_ewc_vitality-vs-spirit_mirage,flameZ,T,5,86.578125,stop,36197,counterstrafe,78.125,168.06396484375,32.05647277832031,0.0,0.0,,,0.0,0.4621124267578125,,,,,,,,,,,
2026-08-21_ewc_vitality-vs-spirit_mirage,flameZ,T,5,86.578125,stop,37773,counterstrafe,93.75,156.5037841796875,25.50568962097168,0.0,0.0,,,1.0,0.0,,,,,,,,,,,
2026-08-21_ewc_vitality-vs-spirit_mirage,flameZ,T,5,86.578125,stop,37785,counterstrafe,281.25,156.5037841796875,12.525650024414062,0.0,0.0,,,1.0,0.65985107421875,,,,,,,,,,,
2026-08-21_ewc_vitality-vs-spirit_mirage,flameZ,T,5,86.578125,stop,37836,counterstrafe,218.75,155.1983642578125,26.247098922729492,1.0,0.0,,,1.0,1.3200759887695312,,,,,,,,,,,
2026-08-21_ewc_vitality-vs-spirit_mirage,flameZ,T,5,86.578125,stop,38688,counterstrafe,93.75,180.62965393066406,14.747386932373047,0.0,0.0,,,1.0,0.329925537109375,,,,,,,,,,,
2026-08-21_ewc_vitality-vs-spirit_mirage,flameZ,T,5,86.578125,stop,38862,counterstrafe,78.125,166.64256286621094,29.504953384399414,0.0,0.0,,,1.0,1.254150390625,,,,,,,,,,,
2026-08-21_ewc_vitality-vs-spirit_mirage,flameZ,T,5,86.578125,stop,38881,counterstrafe,375.0,166.64256286621094,25.69466781616211,0.0,0.0,,,1.0,1.320404052734375,,,,,,,,,,,
2026-08-21_ewc_vitality-vs-spirit_mirage,flameZ,T,5,86.578125,stop,38906,counterstrafe,109.375,154.57254028320312,31.94929313659668,0.0,0.0,,,1.0,0.0,,,,,,,,,,,
2026-08-21_ewc_vitality-vs-spirit_mirage,flameZ,T,5,86.578125,stop,39257,crouch_stop,265.625,158.01171875,2.3079724311828613,1.0,0.0,,,1.0,2.5079803466796875,,,,,,,,,,,
2026-08-21_ewc_vitality-vs-spirit_mirage,flameZ,T,5,86.578125,stop,39322,release,78.125,150.7288055419922,26.664749145507812,0.0,0.0,,,1.0,0.066253662109375,,,,,,,,,,,
2026-08-21_ewc_vitality-vs-spirit_mirage,flameZ,T,5,86.578125,stop,39367,counterstrafe,78.125,152.27813720703125,19.3125,0.0,0.0,,,1.0,1.056060791015625,,,,,,,,,,,
2026-08-21_ewc_vitality-vs-spirit_mirage,flameZ,T,5,86.578125,stop,39397,counterstrafe,78.125,167.7238006591797,30.882122039794922,0.0,0.0,,,1.0,0.0,,,,,,,,,,,
2026-08-21_ewc_vitality-vs-spirit_mirage,flameZ,T,5,86.578125,stop,39435,release,78.125,153.1940460205078,17.72750473022461,0.0,0.0,,,1.0,0.0,,,,,,,,,,,
2026-08-21_ewc_vitality-vs-spirit_mirage,flameZ,T,5,86.578125,stop,39483,release,62.5,151.6534423828125,32.27315902709961,0.0,0.0,,,1.0,0.0,,,,,,,,,,,
2026-08-21_ewc_vitality-vs-spirit_mirage,flameZ,T,5,86.578125,stop,39552,counterstrafe,78.125,150.4315185546875,26.310688018798828,0.0,0.0,,,1.0,0.5280303955078125,,,,,,,,,,,
2026-08-21_ewc_vitality-vs-spirit_mirage,flameZ,T,5,86.578125,stop,39594,release,78.125,153.0309600830078,25.667644500732422,0.0,1.0,156.25,114.20228576660156,1.0,0.0,,,,,,,,,,,
2026-08-21_ewc_vitality-vs-spirit_mirage,flameZ,T,5,86.578125,stop,39646,counterstrafe,93.75,160.28207397460938,26.438138961791992,1.0,1.0,0.0,26.438138961791992,1.0,0.132171630859375,,,,,,,,,,,
2026-08-21_ewc_vitality-vs-spirit_mirage,flameZ,T,5,86.578125,peek,35151,,,,,,,,,,,jiggle,42.790197493254226,359.375,359.375,1.0,178.4711151123047,0.0,8.315948486328125,0.0,4.383016811302467,0.0
2026-08-21_ewc_vitality-vs-spirit_mirage,flameZ,T,5,86.578125,peek,35787,,,,,,,,,,,traversal,9.962535586721335,515.625,515.625,1.0,137.57965087890625,0.6764705882352942,20.328125,0.0,0.9315621626199305,1.0
2026-08-21_ewc_vitality-vs-spirit_mirage,flameZ,T,5,86.578125,peek,35858,,,,,,,,,,,commit,142.72790089274525,1484.375,4984.375,0.0,210.63514709472656,0.28125,24.55169677734375,1.0,2.022650374920133,0.0
2026-08-21_ewc_vitality-vs-spirit_mirage,flameZ,T,5,86.578125,peek,37416,,,,,,,,,,,jiggle,20.98604874493724,234.375,234.375,1.0,129.76943969726562,0.5,0.32993316650390625,0.0,5.477453117634724,0.0
2026-08-21_ewc_vitality-vs-spirit_mirage,flameZ,T,5,86.578125,peek,37807,,,,,,,,,,,commit,109.2268565443193,1296.875,4984.375,0.0,164.51251220703125,0.3333333333333333,72.60074615478516,0.0,4.407426154338742,0.0
2026-08-21_ewc_vitality-vs-spirit_mirage,flameZ,T,5,86.578125,peek,38561,,,,,,,,,,,traversal,81.74700747829307,734.375,4984.375,0.0,166.58245849609375,0.2916666666666667,3.29931640625,0.0,0.40944668573091164,0.0
2026-08-21_ewc_vitality-vs-spirit_mirage,flameZ,T,5,86.578125,peek,39018,,,,,,,,,,,commit,128.0402480301187,1484.375,4984.375,0.0,161.8288116455078,0.0,6.9955291748046875,0.0,3.7947924890836187,0.0
2026-08-21_ewc_vitality-vs-spirit_mirage,flameZ,T,6,75.890625,stop,46221,counterstrafe,78.125,167.64971923828125,23.183210372924805,0.0,0.0,,,1.0,0.0,,,,,,,,,,,
2026-08-21_ewc_vitality-vs-spirit_mirage,flameZ,T,6,75.890625,stop,46243,release,78.125,170.8705291748047,34.134857177734375,0.0,0.0,,,1.0,0.06626129150390625,,,,,,,,,,,
2026-08-21_ewc_vitality-vs-spirit_mirage,flameZ,T,6,75.890625,stop,46303,release,78.125,168.5618133544922,17.206594467163086,0.0,1.0,109.375,72.25396728515625,1.0,0.0,,,,,,,,,,,
2026-08-21_ewc_vitality-vs-spirit_mirage,flameZ,T,6,75.890625,stop,46313,release,234.375,168.5618133544922,21.15005874633789,0.0,1.0,0.0,21.15005874633789,1.0,0.19775390625,,,,,,,,,,,
2026-08-21_ewc_vitality-vs-spirit_mirage,flameZ,T,6,75.890625,stop,46342,counterstrafe,78.125,176.2589111328125,23.740644454956055,0.0,1.0,0.0,23.740644454956055,1.0,0.5280303955078125,,,,,,,,,,,
2026-08-21_ewc_vitality-vs-spirit_mirage,flameZ,T,6,75.890625,stop,46413,counterstrafe,78.125,159.4280242919922,29.767314910888672,0.0,0.0,,,1.0,0.19809722900390625,,,,,,,,,,,
2026-08-21_ewc_vitality-vs-spirit_mirage,flameZ,T,6,75.890625,stop,46425,counterstrafe,265.625,159.4280242919922,17.21919059753418,0.0,0.0,,,1.0,0.19809722900390625,,,,,,,,,,,
2026-08-21_ewc_vitality-vs-spirit_mirage,flameZ,T,6,75.890625,stop,46597,counterstrafe,78.125,173.7869415283203,32.37476348876953,0.0,0.0,,,1.0,0.26401519775390625,,,,,,,,,,,
2026-08-21_ewc_vitality-vs-spirit_mirage,flameZ,T,6,75.890625,stop,46702,counterstrafe,78.125,169.2185821533203,32.98033142089844,0.0,0.0,,,1.0,0.19809722900390625,,,,,,,,,,,
2026-08-21_ewc_vitality-vs-spirit_mirage,flameZ,T,6,75.890625,stop,46767,counterstrafe,343.75,151.33438110351562,29.522607803344727,0.0,0.0,,,1.0,1.3859939575195312,,,,,,,,,,,
2026-08-21_ewc_vitality-vs-spirit_mirage,flameZ,T,6,75.890625,stop,46795,release,78.125,170.36546325683594,32.83072280883789,0.0,0.0,,,1.0,0.0,,,,,,,,,,,
2026-08-21_ewc_vitality-vs-spirit_mirage,flameZ,T,6,75.890625,stop,47103,counterstrafe,78.125,161.55091857910156,29.982532501220703,0.0,0.0,,,1.0,0.1318359375,,,,,,,,,,,
2026-08-21_ewc_vitality-vs-spirit_mirage,flameZ,T,6,75.890625,stop,47154,counterstrafe,78.125,152.3074951171875,16.835851669311523,0.0,0.0,,,1.0,0.0,,,,,,,,,,,
2026-08-21_ewc_vitality-vs-spirit_mirage,flameZ,T,6,75.890625,stop,47204,release,78.125,161.37368774414062,7.392398357391357,0.0,0.0,,,1.0,0.0,,,,,,,,,,,
2026-08-21_ewc_vitality-vs-spirit_mirage,flameZ,T,6,75.890625,stop,47372,counterstrafe,250.0,160.0325164794922,24.751266479492188,0.0,0.0,,,1.0,0.06591796875,,,,,,,,,,,
2026-08-21_ewc_vitality-vs-spirit_mirage,flameZ,T,6,75.890625,stop,47376,counterstrafe,312.5,160.0325164794922,31.724313735961914,0.0,0.0,,,1.0,0.06591796875,,,,,,,,,,,
2026-08-21_ewc_vitality-vs-spirit_mirage,flameZ,T,6,75.890625,stop,47630,release,78.125,172.6699676513672,26.479585647583008,0.0,0.0,,,1.0,0.1321868896484375,,,,,,,,,,,
2026-08-21_ewc_vitality-vs-spirit_mirage,flameZ,T,6,75.890625,stop,49218,counterstrafe,78.125,173.77947998046875,33.19724655151367,0.0,0.0,,,0.0,0.132171630859375,,,,,,,,,,,
2026-08-21_ewc_vitality-vs-spirit_mirage,flameZ,T,6,75.890625,stop,49277,counterstrafe,265.625,161.455322265625,24.573076248168945,0.0,0.0,,,1.0,0.066253662109375,,,,,,,,,,,
2026-08-21_ewc_vitality-vs-spirit_mirage,flameZ,T,6,75.890625,stop,49283,counterstrafe,359.375,161.455322265625,28.477739334106445,0.0,0.0,,,1.0,0.066253662109375,,,,,,,,,,,
2026-08-21_ewc_vitality-vs-spirit_mirage,flameZ,T,6,75.890625,stop,49421,release,125.0,178.6577911376953,31.557153701782227,0.0,0.0,,,1.0,2.30987548828125,,,,,,,,,,,
2026-08-21_ewc_vitality-vs-spirit_mirage,flameZ,T,6,75.890625,stop,49520,release,281.25,160.87197875976562,3.7123866081237793,0.0,0.0,,,1.0,1.25384521484375,,,,,,,,,,,
2026-08-21_ewc_vitality-vs-spirit_mirage,flameZ,T,6,75.890625,stop,49687,release,78.125,153.42820739746094,21.08909797668457,0.0,0.0,,,1.0,0.19775390625,,,,,,,,,,,
2026-08-21_ewc_vitality-vs-spirit_mirage,flameZ,T,6,75.890625,stop,49787,counterstrafe,78.125,168.59471130371094,25.774307250976562,0.0,0.0,,,1.0,0.0,,,,,,,,,,,
2026-08-21_ewc_vitality-vs-spirit_mirage,flameZ,T,6,75.890625,stop,49799,counterstrafe,265.625,168.59471130371094,18.98395538330078,0.0,0.0,,,1.0,0.0,,,,,,,,,,,
2026-08-21_ewc_vitality-vs-spirit_mirage,flameZ,T,6,75.890625,stop,49823,release,78.125,156.7344970703125,15.212949752807617,0.0,0.0,,,1.0,0.0,,,,,,,,,,,
2026-08-21_ewc_vitality-vs-spirit_mirage,flameZ,T,6,75.890625,stop,49859,counterstrafe,93.75,172.04212951660156,24.306455612182617,0.0,0.0,,,1.0,0.0,,,,,,,,,,,
2026-08-21_ewc_vitality-vs-spirit_mirage,flameZ,T,6,75.890625,stop,49995,release,62.5,150.68186950683594,29.882028579711914,0.0,0.0,,,1.0,0.0,,,,,,,,,,,
2026-08-21_ewc_vitality-vs-spirit_mirage,flameZ,T,6,75.890625,peek,46203,,,,,,,,,,,jiggle,31.304527148684592,265.625,265.625,1.0,176.78135681152344,0.0,0.8579635620117188,0.0,63.752754112597465,0.0
2026-08-21_ewc_vitality-vs-spirit_mirage,flameZ,T,6,75.890625,peek,46281,,,,,,,,,,,jiggle,41.97812698978264,328.125,328.125,1.0,196.22348022460938,0.0,0.06626129150390625,0.0,114.09099497055576,0.0
2026-08-21_ewc_vitality-vs-spirit_mirage,flameZ,T,6,75.890625,peek,46364,,,,,,,,,,,narrow,75.96490581058089,937.5,1453.125,1.0,196.70558166503906,0.0,5.807991027832031,0.0,1.258345495167213,0.0
2026-08-21_ewc_vitality-vs-spirit_mirage,flameZ,T,6,75.890625,peek,46490,,,,,,,,,,,jiggle,21.595184290376963,218.75,218.75,1.0,144.30592346191406,0.0,1.4522552490234375,0.0,44.49210316041387,0.0
2026-08-21_ewc_vitality-vs-spirit_mirage,flameZ,T,6,75.890625,peek,47139,,,,,,,,,,,jiggle,22.786587826724176,218.75,218.75,1.0,152.3074951171875,0.0,0.5939483642578125,0.0,66.19279631757514,0.0
2026-08-21_ewc_vitality-vs-spirit_mirage,flameZ,T,6,75.890625,peek,47306,,,,,,,,,,,jiggle,37.50381013077232,1093.75,1093.75,1.0,160.0325164794922,0.0,0.792022705078125,0.0,1.5371851293928696,0.0
2026-08-21_ewc_vitality-vs-spirit_mirage,flameZ,T,6,75.890625,peek,47603,,,,,,,,,,,jiggle,57.67328720132356,421.875,593.75,1.0,205.35110473632812,0.0,2.7057342529296875,0.0,38.772189762217,0.0
2026-08-21_ewc_vitality-vs-spirit_mirage,flameZ,T,6,75.890625,peek,48855,,,,,,,,,,,traversal,26.835620606607975,343.75,343.75,1.0,114.22923278808594,0.0,1.0557098388671875,0.0,0.580405252849623,0.0
2026-08-21_ewc_vitality-vs-spirit_mirage,flameZ,T,6,75.890625,peek,48921,,,,,,,,,,,commit,161.6267352289823,1484.375,4984.375,0.0,160.7620391845703,0.7291666666666666,23.100143432617188,1.0,1.3781752347947016,1.0
2026-08-21_ewc_vitality-vs-spirit_mirage,flameZ,T,6,75.890625,peek,49543,,,,,,,,,,,commit,306.3069402579413,1484.375,4984.375,0.0,230.00936889648438,0.0,240.63595581054688,0.0,2.0319003322535387,0.0
2026-08-21_ewc_vitality-vs-spirit_mirage,flameZ,T,7,116.3125,stop,52871,counterstrafe,93.75,174.5672607421875,33.90874481201172,0.0,1.0,15.625,27.403642654418945,0.0,3.6299591064453125,,,,,,,,,,,
2026-08-21_ewc_vitality-vs-spirit_mirage,flameZ,T,7,116.3125,stop,52961,counterstrafe,218.75,160.6309051513672,34.656028747558594,0.0,0.0,,,0.0,0.32993316650390625,,,,,,,,,,,
2026-08-21_ewc_vitality-vs-spirit_mirage,flameZ,T,7,116.3125,stop,53010,release,93.75,174.66024780273438,15.473963737487793,0.0,0.0,,,1.0,0.066253662109375,,,,,,,,,,,
2026-08-21_ewc_vitality-vs-spirit_mirage,flameZ,T,7,116.3125,stop,53017,counterstrafe,203.125,174.66024780273438,32.33467483520508,0.0,0.0,,,1.0,0.198089599609375,,,,,,,,,,,
2026-08-21_ewc_vitality-vs-spirit_mirage,flameZ,T,7,116.3125,stop,53232,counterstrafe,78.125,171.66233825683594,32.82764434814453,0.0,0.0,,,1.0,0.0,,,,,,,,,,,
2026-08-21_ewc_vitality-vs-spirit_mirage,flameZ,T,7,116.3125,stop,53250,counterstrafe,359.375,171.66233825683594,32.13173294067383,0.0,0.0,,,1.0,1.715911865234375,,,,,,,,,,,
2026-08-21_ewc_vitality-vs-spirit_mirage,flameZ,T,7,116.3125,stop,53291,counterstrafe,78.125,160.70755004882812,30.91786766052246,0.0,0.0,,,1.0,0.3961944580078125,,,,,,,,,,,
2026-08-21_ewc_vitality-vs-spirit_mirage,flameZ,T,7,116.3125,stop,53357,release,62.5,170.04527282714844,27.5645809173584,0.0,0.0,,,1.0,0.06591796875,,,,,,,,,,,
2026-08-21_ewc_vitality-vs-spirit_mirage,flameZ,T,7,116.3125,stop,53419,counterstrafe,78.125,150.4307403564453,15.815836906433105,0.0,0.0,,,1.0,0.1981048583984375,,,,,,,,,,,
2026-08-21_ewc_vitality-vs-spirit_mirage,flameZ,T,7,116.3125,stop,53424,counterstrafe,156.25,150.4307403564453,33.723541259765625,0.0,0.0,,,1.0,0.924224853515625,,,,,,,,,,,
2026-08-21_ewc_vitality-vs-spirit_mirage,flameZ,T,7,116.3125,stop,53446,release,78.125,153.47007751464844,24.28608512878418,0.0,0.0,,,1.0,0.1318359375,,,,,,,,,,,
2026-08-21_ewc_vitality-vs-spirit_mirage,flameZ,T,7,116.3125,stop,53546,counterstrafe,62.5,182.82192993164062,26.88056182861328,0.0,1.0,296.875,167.38938903808594,1.0,0.0,,,,,,,,,,,
2026-08-21_ewc_vitality-vs-spirit_mirage,flameZ,T,7,116.3125,stop,53578,counterstrafe,78.125,160.08193969726562,24.129281997680664,0.0,1.0,125.0,12.520709991455078,1.0,0.06591796875,,,,,,,,,,,
2026-08-21_ewc_vitality-vs-spirit_mirage,flameZ,T,7,116.3125,stop,53700,counterstrafe,78.125,154.0493927001953,25.057395935058594,0.0,1.0,187.5,39.723392486572266,1.0,0.0,,,,,,,,,,,
2026-08-21_ewc_vitality-vs-spirit_mirage,flameZ,T,7,116.3125,stop,53713,counterstrafe,281.25,154.0493927001953,14.772464752197266,0.0,1.0,0.0,14.772464752197266,1.0,2.90380859375,,,,,,,,,,,
2026-08-21_ewc_vitality-vs-spirit_mirage,flameZ,T,7,116.3125,stop,53947,release,93.75,178.34457397460938,13.398063659667969,0.0,0.0,,,1.0,0.06591796875,,,,,,,,,,,
2026-08-21_ewc_vitality-vs-spirit_mirage,flameZ,T,7,116.3125,stop,53960,counterstrafe,296.875,178.34457397460938,18.207805633544922,0.0,1.0,250.0,2.9245293140411377,1.0,4.81787109375,,,,,,,,,,,
2026-08-21_ewc_vitality-vs-spirit_mirage,flameZ,T,7,116.3125,stop,54096,release,93.75,159.27902221679688,13.750232696533203,0.0,0.0,,,1.0,0.198089599609375,,,,,,,,,,,
2026-08-21_ewc_vitality-vs-spirit_mirage,flameZ,T,7,116.3125,stop,54120,release,78.125,152.93797302246094,17.601634979248047,0.0,0.0,,,1.0,0.066253662109375,,,,,,,,,,,
2026-08-21_ewc_vitality-vs-spirit_mirage,flameZ,T,7,116.3125,stop,54283,counterstrafe,78.125,166.69386291503906,29.1324405670166,0.0,0.0,,,1.0,0.0,,,,,,,,,,,
2026-08-21_ewc_vitality-vs-spirit_mirage,flameZ,T,7,116.3125,stop,54345,counterstrafe,62.5,150.91746520996094,31.042570114135742,0.0,0.0,,,1.0,0.0,,,,,,,,,,,
2026-08-21_ewc_vitality-vs-spirit_mirage,flameZ,T,7,116.3125,stop,54667,release,78.125,153.05259704589844,31.330020904541016,0.0,0.0,,,1.0,0.0,,,,,,,,,,,
2026-08-21_ewc_vitality-vs-spirit_mirage,flameZ,T,7,116.3125,stop,54720,release,78.125,157.57469177246094,28.941299438476562,0.0,0.0,,,1.0,0.198089599609375,,,,,,,,,,,
2026-08-21_ewc_vitality-vs-spirit_mirage,flameZ,T,7,116.3125,stop,54799,release,93.75,172.50689697265625,10.29687786102295,0.0,0.0,,,1.0,0.0,,,,,,,,,,,
2026-08-21_ewc_vitality-vs-spirit_mirage,flameZ,T,7,116.3125,stop,54917,counterstrafe,93.75,152.0635986328125,21.123703002929688,0.0,0.0,,,1.0,0.0,,,,,,,,,,,
2026-08-21_ewc_vitality-vs-spirit_mirage,flameZ,T,7,116.3125,stop,55160,counterstrafe,78.125,158.93650817871094,24.086389541625977,0.0,0.0,,,1.0,0.0,,,,,,,,,,,
2026-08-21_ewc_vitality-vs-spirit_mirage,flameZ,T,7,116.3125,stop,55234,release,78.125,169.91439819335938,32.968685150146484,0.0,0.0,,,1.0,0.0,,,,,,,,,,,
2026-08-21_ewc_vitality-vs-spirit_mirage,flameZ,T,7,116.3125,stop,55294,counterstrafe,78.125,159.86788940429688,24.53774642944336,0.0,0.0,,,1.0,0.0,,,,,,,,,,,
2026-08-21_ewc_vitality-vs-spirit_mirage,flameZ,T,7,116.3125,stop,55388,release,93.75,174.23040771484375,12.410460472106934,0.0,0.0,,,1.0,0.06591796875,,,,,,,,,,,
2026-08-21_ewc_vitality-vs-spirit_mirage,flameZ,T,7,116.3125,stop,55471,counterstrafe,78.125,164.13558959960938,32.598915100097656,0.0,0.0,,,1.0,0.0,,,,,,,,,,,
2026-08-21_ewc_vitality-vs-spirit_mirage,flameZ,T,7,116.3125,stop,55525,release,93.75,163.73065185546875,14.967534065246582,0.0,0.0,,,1.0,0.0,,,,,,,,,,,
2026-08-21_ewc_vitality-vs-spirit_mirage,flameZ,T,7,116.3125,stop,55577,release,78.125,163.92990112304688,32.67025375366211,0.0,0.0,,,1.0,0.0,,,,,,,,,,,
2026-08-21_ewc_vitality-vs-spirit_mirage,flameZ,T,7,116.3125,stop,55890,release,78.125,161.8477783203125,24.216354370117188,0.0,0.0,,,1.0,0.0,,,,,,,,,,,
2026-08-21_ewc_vitality-vs-spirit_mirage,flameZ,T,7,116.3125,stop,55953,counterstrafe,93.75,160.34579467773438,14.437644004821777,0.0,0.0,,,1.0,0.0,,,,,,,,,,,
2026-08-21_ewc_vitality-vs-spirit_mirage,flameZ,T,7,116.3125,stop,56055,counterstrafe,78.125,155.92269897460938,20.411500930786133,0.0,0.0,,,1.0,0.0,,,,,,,,,,,
2026-08-21_ewc_vitality-vs-spirit_mirage,flameZ,T,7,116.3125,stop,56127,release,78.125,158.64218139648438,22.13360595703125,0.0,0.0,,,1.0,0.0,,,,,,,,,,,
2026-08-21_ewc_vitality-vs-spirit_mirage,flameZ,T,7,116.3125,stop,56178,release,93.75,155.8173065185547,13.856560707092285,0.0,0.0,,,1.0,0.0,,,,,,,,,,,
2026-08-21_ewc_vitality-vs-spirit_mirage,flameZ,T,7,116.3125,stop,56239,release,93.75,160.6408233642578,17.44520378112793,0.0,0.0,,,1.0,0.0,,,,,,,,,,,
2026-08-21_ewc_vitality-vs-spirit_mirage,flameZ,T,7,116.3125,stop,56287,release,78.125,150.37783813476562,23.447580337524414,0.0,0.0,,,1.0,0.0,,,,,,,,,,,
2026-08-21_ewc_vitality-vs-spirit_mirage,flameZ,T,7,116.3125,stop,56385,release,78.125,156.74977111816406,29.283222198486328,0.0,0.0,,,1.0,0.0,,,,,,,,,,,
2026-08-21_ewc_vitality-vs-spirit_mirage,flameZ,T,7,116.3125,stop,56464,counterstrafe,93.75,153.37339782714844,20.68447494506836,0.0,0.0,,,1.0,0.0,,,,,,,,,,,
2026-08-21_ewc_vitality-vs-spirit_mirage,flameZ,T,7,116.3125,stop,56488,counterstrafe,125.0,150.41957092285156,33.71095657348633,0.0,0.0,,,0.0,0.0,,,,,,,,,,,
2026-08-21_ewc_vitality-vs-spirit_mirage,flameZ,T,7,116.3125,stop,57717,release,78.125,160.95704650878906,24.688011169433594,0.0,0.0,,,1.0,0.0,,,,,,,,,,,
2026-08-21_ewc_vitality-vs-spirit_mirage,flameZ,T,7,116.3125,stop,57934,counterstrafe,78.125,153.90048217773438,18.62957000732422,0.0,0.0,,,1.0,1.45159912109375,,,,,,,,,,,
2026-08-21_ewc_vitality-vs-spirit_mirage,flameZ,T,7,116.3125,stop,57948,counterstrafe,296.875,153.90048217773438,12.329784393310547,0.0,0.0,,,1.0,8.64556884765625,,,,,,,,,,,
2026-08-21_ewc_vitality-vs-spirit_mirage,flameZ,T,7,116.3125,stop,57974,counterstrafe,93.75,159.59722900390625,23.21652603149414,0.0,0.0,,,1.0,1.187896728515625,,,,,,,,,,,
2026-08-21_ewc_vitality-vs-spirit_mirage,flameZ,T,7,116.3125,stop,57982,counterstrafe,218.75,159.59722900390625,26.16205596923828,0.0,0.0,,,1.0,4.02581787109375,,,,,,,,,,,
2026-08-21_ewc_vitality-vs-spirit_mirage,flameZ,T,7,116.3125,stop,58036,counterstrafe,78.125,166.24130249023438,33.24260711669922,0.0,0.0,,,1.0,0.32993316650390625,,,,,,,,,,,
2026-08-21_ewc_vitality-vs-spirit_mirage,flameZ,T,7,116.3125,stop,58092,counterstrafe,93.75,151.8795166015625,14.106541633605957,0.0,0.0,,,0.0,1.6500091552734375,,,,,,,,,,,
2026-08-21_ewc_vitality-vs-spirit_mirage,flameZ,T,7,116.3125,stop,59049,counterstrafe,78.125,150.15504455566406,17.708566665649414,0.0,0.0,,,1.0,0.06591796875,,,,,,,,,,,
2026-08-21_ewc_vitality-vs-spirit_mirage,flameZ,T,7,116.3125,stop,59212,counterstrafe,78.125,163.520751953125,33.212890625,0.0,0.0,,,1.0,0.0,,,,,,,,,,,
2026-08-21_ewc_vitality-vs-spirit_mirage,flameZ,T,7,116.3125,stop,59313,counterstrafe,78.125,167.77395629882812,31.615570068359375,0.0,0.0,,,1.0,0.79205322265625,,,,,,,,,,,
2026-08-21_ewc_vitality-vs-spirit_mirage,flameZ,T,7,116.3125,peek,52822,,,,,,,,,,,commit,64.3894606867554,890.625,4984.375,0.0,223.38890075683594,0.0,16.631919860839844,5.0,5.143512690539548,0.0
2026-08-21_ewc_vitality-vs-spirit_mirage,flameZ,T,7,116.3125,peek,53672,,,,,,,,,,,jiggle,33.59227695053559,437.5,437.5,1.0,161.93643188476562,0.0,9.437591552734375,0.0,1.6142831531175128,0.0
2026-08-21_ewc_vitality-vs-spirit_mirage,flameZ,T,7,116.3125,peek,53757,,,,,,,,,,,narrow,92.14696201070576,671.875,2750.0,1.0,165.95912170410156,0.0,2.639801025390625,0.0,9.048383514528028,0.0
2026-08-21_ewc_vitality-vs-spirit_mirage,flameZ,T,7,116.3125,peek,54015,,,,,,,,,,,jiggle,20.501494029202384,234.375,234.375,1.0,140.50811767578125,0.0,3.95989990234375,0.0,21.407242807717157,0.0
2026-08-21_ewc_vitality-vs-spirit_mirage,flameZ,T,7,116.3125,peek,54076,,,,,,,,,,,jiggle,33.01653276276263,296.875,296.875,1.0,164.97825622558594,0.0,3.695526123046875,0.0,26.26147548622514,0.0
2026-08-21_ewc_vitality-vs-spirit_mirage,flameZ,T,7,116.3125,peek,54204,,,,,,,,,,,jiggle,40.26498817329572,328.125,328.125,1.0,187.01507568359375,0.0,13.529998779296875,0.0,1.5617384620231685,0.0
2026-08-21_ewc_vitality-vs-spirit_mirage,flameZ,T,7,116.3125,peek,54325,,,,,,,,,,,jiggle,39.46541176284963,312.5,312.5,1.0,193.70352172851562,0.0,15.047821044921875,0.0,7.9023545340954895,0.0
2026-08-21_ewc_vitality-vs-spirit_mirage,flameZ,T,7,116.3125,peek,54617,,,,,,,,,,,narrow,60.64354811714601,781.25,1359.375,1.0,154.3594512939453,0.4117647058823529,16.03729248046875,0.0,1.3278398746932707,0.0
2026-08-21_ewc_vitality-vs-spirit_mirage,flameZ,T,7,116.3125,peek,54777,,,,,,,,,,,jiggle,38.130560395244395,328.125,328.125,1.0,174.2747802734375,0.0,0.72613525390625,0.0,68.993653873571,0.0
2026-08-21_ewc_vitality-vs-spirit_mirage,flameZ,T,7,116.3125,peek,54893,,,,,,,,,,,jiggle,38.66921613261074,359.375,359.375,1.0,163.1898956298828,0.0,1.847747802734375,0.0,1.56474457161766,0.0
2026-08-21_ewc_vitality-vs-spirit_mirage,flameZ,T,7,116.3125,peek,54994,,,,,,,,,,,narrow,61.61128641720586,1046.875,1421.875,1.0,81.9553451538086,0.08823529411764706,68.57391357421875,0.0,4.842406153079326,0.0
2026-08-21_ewc_vitality-vs-spirit_mirage,flameZ,T,7,116.3125,peek,55211,,,,,,,,,,,jiggle,38.50285486577885,359.375,359.375,1.0,172.20870971679688,0.041666666666666664,0.395843505859375,0.0,9.58550693524452,0.0
2026-08-21_ewc_vitality-vs-spirit_mirage,flameZ,T,7,116.3125,peek,55366,,,,,,,,,,,jiggle,38.51227397420043,328.125,328.125,1.0,174.63462829589844,0.0,2.30987548828125,0.0,37.23968914762578,0.0
2026-08-21_ewc_vitality-vs-spirit_mirage,flameZ,T,7,116.3125,peek,55448,,,,,,,,,,,jiggle,42.07392231570554,359.375,359.375,1.0,176.81346130371094,0.0,1.253814697265625,0.0,57.196919521805775,0.0
2026-08-21_ewc_vitality-vs-spirit_mirage,flameZ,T,7,116.3125,peek,55784,,,,,,,,,,,commit,152.10715577481116,1484.375,4984.375,0.0,176.00119018554688,0.625,58.60760498046875,0.0,2.743150278276772,1.0
2026-08-21_ewc_vitality-vs-spirit_mirage,flameZ,T,7,116.3125,peek,56105,,,,,,,,,,,jiggle,39.15059579028074,328.125,328.125,1.0,176.17361450195312,0.0,0.329925537109375,0.0,90.33023360685041,0.0
2026-08-21_ewc_vitality-vs-spirit_mirage,flameZ,T,7,116.3125,peek,56337,,,,,,,,,,,jiggle,32.49019886597659,750.0,750.0,1.0,156.74977111816406,0.4897959183673469,0.461761474609375,0.0,1.4843492140877934,0.0
2026-08-21_ewc_vitality-vs-spirit_mirage,flameZ,T,7,116.3125,peek,56433,,,,,,,,,,,jiggle,39.86113994461121,468.75,468.75,1.0,153.37339782714844,0.5161290322580645,0.3302764892578125,0.0,1.697593778844652,1.0
2026-08-21_ewc_vitality-vs-spirit_mirage,flameZ,T,7,116.3125,peek,57483,,,,,,,,,,,jiggle,13.961468975728891,968.75,968.75,1.0,104.03598022460938,0.0,1.517486572265625,0.0,29.027893634264267,0.0
2026-08-21_ewc_vitality-vs-spirit_mirage,flameZ,T,7,116.3125,peek,59288,,,,,,,,,,,jiggle,47.83910463004067,390.625,468.75,1.0,184.93418884277344,0.0,11.9459228515625,0.0,10.780978996507988,0.0
2026-08-21_ewc_vitality-vs-spirit_mirage,flameZ,T,7,116.3125,peek,59497,,,,,,,,,,,traversal,84.71128111978337,1125.0,2843.75,0.0,117.13028717041016,0.9041095890410958,0.0,0.0,0.6165657224774207,1.0
2026-08-21_ewc_vitality-vs-spirit_mirage,flameZ,T,8,109.515625,stop,63214,release,15.625,249.99807739257812,10.743391990661621,0.0,0.0,,,1.0,0.0,,,,,,,,,,,
2026-08-21_ewc_vitality-vs-spirit_mirage,flameZ,T,8,109.515625,stop,63817,release,265.625,161.39785766601562,31.683616638183594,0.0,0.0,,,0.0,97.35018920898438,,,,,,,,,,,
2026-08-21_ewc_vitality-vs-spirit_mirage,flameZ,T,8,109.515625,stop,64368,counterstrafe,109.375,153.53143310546875,11.717948913574219,0.0,0.0,,,1.0,11.351959228515625,,,,,,,,,,,
2026-08-21_ewc_vitality-vs-spirit_mirage,flameZ,T,8,109.515625,stop,64471,release,250.0,158.93402099609375,28.521060943603516,0.0,0.0,,,0.0,0.1981048583984375,,,,,,,,,,,
2026-08-21_ewc_vitality-vs-spirit_mirage,flameZ,T,8,109.515625,stop,64523,counterstrafe,93.75,173.8824005126953,29.171480178833008,0.0,0.0,,,1.0,72.203857421875,,,,,,,,,,,
2026-08-21_ewc_vitality-vs-spirit_mirage,flameZ,T,8,109.515625,stop,64592,counterstrafe,78.125,184.9825897216797,32.385498046875,0.0,1.0,0.0,32.385498046875,1.0,0.98980712890625,,,,,,,,,,,
2026-08-21_ewc_vitality-vs-spirit_mirage,flameZ,T,8,109.515625,stop,64669,counterstrafe,343.75,153.5556640625,26.733699798583984,0.0,0.0,,,1.0,116.82005310058594,,,,,,,,,,,
2026-08-21_ewc_vitality-vs-spirit_mirage,flameZ,T,8,109.515625,stop,64841,release,78.125,174.78781127929688,34.78822326660156,0.0,0.0,,,1.0,0.264007568359375,,,,,,,,,,,
2026-08-21_ewc_vitality-vs-spirit_mirage,flameZ,T,8,109.515625,stop,64878,counterstrafe,78.125,152.7891082763672,17.681089401245117,0.0,0.0,,,1.0,0.1322021484375,,,,,,,,,,,
2026-08-21_ewc_vitality-vs-spirit_mirage,flameZ,T,8,109.515625,stop,65001,counterstrafe,78.125,155.35336303710938,28.98972511291504,1.0,1.0,0.0,28.98972511291504,1.0,0.329925537109375,,,,,,,,,,,
2026-08-21_ewc_vitality-vs-spirit_mirage,flameZ,T,8,109.515625,stop,65199,release,78.125,153.14231872558594,19.177141189575195,0.0,1.0,0.0,19.177141189575195,1.0,0.0,,,,,,,,,,,
2026-08-21_ewc_vitality-vs-spirit_mirage,flameZ,T,8,109.515625,stop,65211,counterstrafe,265.625,153.14231872558594,19.029878616333008,0.0,0.0,,,1.0,0.06591796875,,,,,,,,,,,
2026-08-21_ewc_vitality-vs-spirit_mirage,flameZ,T,8,109.515625,stop,66064,counterstrafe,156.25,157.4397735595703,33.54457092285156,0.0,1.0,281.25,111.79463958740234,1.0,1.848114013671875,,,,,,,,,,,
2026-08-21_ewc_vitality-vs-spirit_mirage,flameZ,T,8,109.515625,stop,66173,counterstrafe,109.375,152.43638610839844,34.44602584838867,0.0,0.0,,,1.0,0.329925537109375,,,,,,,,,,,
2026-08-21_ewc_vitality-vs-spirit_mirage,flameZ,T,8,109.515625,stop,66186,counterstrafe,312.5,152.43638610839844,28.968046188354492,0.0,0.0,,,1.0,0.59393310546875,,,,,,,,,,,
2026-08-21_ewc_vitality-vs-spirit_mirage,flameZ,T,8,109.515625,stop,66554,counterstrafe,93.75,170.022705078125,14.811631202697754,0.0,0.0,,,1.0,0.0,,,,,,,,,,,
2026-08-21_ewc_vitality-vs-spirit_mirage,flameZ,T,8,109.515625,stop,66853,release,93.75,158.63893127441406,11.866055488586426,0.0,0.0,,,1.0,0.19775390625,,,,,,,,,,,
2026-08-21_ewc_vitality-vs-spirit_mirage,flameZ,T,8,109.515625,stop,66871,counterstrafe,375.0,158.63893127441406,27.032596588134766,0.0,0.0,,,1.0,1.6492919921875,,,,,,,,,,,
2026-08-21_ewc_vitality-vs-spirit_mirage,flameZ,T,8,109.515625,stop,66918,counterstrafe,93.75,165.65023803710938,15.132625579833984,0.0,0.0,,,1.0,0.132171630859375,,,,,,,,,,,
2026-08-21_ewc_vitality-vs-spirit_mirage,flameZ,T,8,109.515625,stop,66933,counterstrafe,328.125,165.65023803710938,22.003101348876953,0.0,0.0,,,1.0,0.79205322265625,,,,,,,,,,,
2026-08-21_ewc_vitality-vs-spirit_mirage,flameZ,T,8,109.515625,stop,66993,counterstrafe,93.75,154.68247985839844,23.90245246887207,0.0,0.0,,,1.0,0.066253662109375,,,,,,,,,,,
2026-08-21_ewc_vitality-vs-spirit_mirage,flameZ,T,8,109.515625,stop,67010,counterstrafe,359.375,154.68247985839844,30.671314239501953,0.0,0.0,,,1.0,1.254150390625,,,,,,,,,,,
2026-08-21_ewc_vitality-vs-spirit_mirage,flameZ,T,8,109.515625,stop,67073,counterstrafe,93.75,180.57748413085938,13.679567337036133,0.0,0.0,,,1.0,0.593963623046875,,,,,,,,,,,
2026-08-21_ewc_vitality-vs-spirit_mirage,flameZ,T,8,109.515625,stop,67226,counterstrafe,62.5,150.42567443847656,23.044034957885742,0.0,1.0,0.0,23.044034957885742,1.0,0.659881591796875,,,,,,,,,,,
2026-08-21_ewc_vitality-vs-spirit_mirage,flameZ,T,8,109.515625,stop,67301,release,93.75,182.5819091796875,14.968742370605469,0.0,0.0,,,1.0,0.32993316650390625,,,,,,,,,,,
2026-08-21_ewc_vitality-vs-spirit_mirage,flameZ,T,8,109.515625,stop,67371,counterstrafe,78.125,166.6498260498047,33.27714157104492,0.0,1.0,0.0,33.27714157104492,0.0,0.8579635620117188,,,,,,,,,,,
2026-08-21_ewc_vitality-vs-spirit_mirage,flameZ,T,8,109.515625,stop,67717,counterstrafe,93.75,161.23626708984375,21.682355880737305,0.0,0.0,,,1.0,0.0,,,,,,,,,,,
2026-08-21_ewc_vitality-vs-spirit_mirage,flameZ,T,8,109.515625,stop,67732,counterstrafe,328.125,161.23626708984375,24.645252227783203,0.0,0.0,,,1.0,0.39617919921875,,,,,,,,,,,
2026-08-21_ewc_vitality-vs-spirit_mirage,flameZ,T,8,109.515625,stop,68219,counterstrafe,78.125,166.162353515625,30.398481369018555,0.0,0.0,,,1.0,0.19775390625,,,,,,,,,,,
2026-08-21_ewc_vitality-vs-spirit_mirage,flameZ,T,8,109.515625,stop,68376,counterstrafe,78.125,150.74166870117188,19.07834243774414,0.0,0.0,,,1.0,0.329925537109375,,,,,,,,,,,
2026-08-21_ewc_vitality-vs-spirit_mirage,flameZ,T,8,109.515625,stop,68389,counterstrafe,281.25,150.74166870117188,33.96692657470703,0.0,0.0,,,1.0,3.82769775390625,,,,,,,,,,,
2026-08-21_ewc_vitality-vs-spirit_mirage,flameZ,T,8,109.515625,stop,69542,counterstrafe,78.125,154.75320434570312,30.514602661132812,0.0,0.0,,,1.0,0.0,,,,,,,,,,,
2026-08-21_ewc_vitality-vs-spirit_mirage,flameZ,T,8,109.515625,stop,69578,counterstrafe,78.125,152.7483367919922,22.822771072387695,0.0,0.0,,,1.0,0.0,,,,,,,,,,,
2026-08-21_ewc_vitality-vs-spirit_mirage,flameZ,T,8,109.515625,stop,69596,counterstrafe,359.375,152.7483367919922,26.673181533813477,0.0,0.0,,,1.0,1.5178375244140625,,,,,,,,,,,
2026-08-21_ewc_vitality-vs-spirit_mirage,flameZ,T,8,109.515625,stop,69624,counterstrafe,93.75,153.8789825439453,33.729400634765625,0.0,0.0,,,1.0,0.0,,,,,,,,,,,
2026-08-21_ewc_vitality-vs-spirit_mirage,flameZ,T,8,109.515625,stop,69650,counterstrafe,109.375,160.7305908203125,23.197906494140625,0.0,0.0,,,0.0,21.9781494140625,,,,,,,,,,,
2026-08-21_ewc_vitality-vs-spirit_mirage,flameZ,T,8,109.515625,stop,69755,counterstrafe,78.125,163.8639373779297,30.52677345275879,0.0,1.0,218.75,28.879457473754883,1.0,0.330291748046875,,,,,,,,,,,
2026-08-21_ewc_vitality-vs-spirit_mirage,flameZ,T,8,109.515625,stop,69766,counterstrafe,250.0,163.8639373779297,16.20664405822754,0.0,1.0,46.875,28.879457473754883,1.0,0.85833740234375,,,,,,,,,,,
2026-08-21_ewc_vitality-vs-spirit_mirage,flameZ,T,8,109.515625,stop,69852,release,218.75,150.7073211669922,27.70448112487793,0.0,1.0,0.0,27.70448112487793,1.0,3.1015625,,,,,,,,,,,
2026-08-21_ewc_vitality-vs-spirit_mirage,flameZ,T,8,109.515625,peek,63883,,,,,,,,,,,traversal,9.046021850446335,203.125,203.125,1.0,67.58949279785156,0.7857142857142857,0.0,0.0,0.7486760044578562,1.0
2026-08-21_ewc_vitality-vs-spirit_mirage,flameZ,T,8,109.515625,peek,64143,,,,,,,,,,,traversal,58.222596153994786,1218.75,1515.625,1.0,108.6832275390625,1.0,4.554176330566406,0.0,0.4084643758941929,1.0
2026-08-21_ewc_vitality-vs-spirit_mirage,flameZ,T,8,109.515625,peek,64297,,,,,,,,,,,traversal,34.738317241883834,453.125,453.125,1.0,111.76078796386719,1.0,115.2359390258789,0.0,0.16835736576626473,1.0
2026-08-21_ewc_vitality-vs-spirit_mirage,flameZ,T,8,109.515625,peek,64349,,,,,,,,,,,jiggle,28.64376840583312,281.25,281.25,1.0,153.53143310546875,0.0,13.464088439941406,0.0,11.525232199565643,0.0
2026-08-21_ewc_vitality-vs-spirit_mirage,flameZ,T,8,109.515625,peek,64737,,,,,,,,,,,jiggle,34.45394231440174,390.625,390.625,1.0,115.02011108398438,0.7307692307692307,9.108016967773438,0.0,2.474453099137306,1.0
2026-08-21_ewc_vitality-vs-spirit_mirage,flameZ,T,8,109.515625,peek,65031,,,,,,,,,,,traversal,186.72097736296047,1484.375,4984.375,0.0,234.79580688476562,0.3125,116.88629150390625,2.0,0.3235757943198679,0.0
2026-08-21_ewc_vitality-vs-spirit_mirage,flameZ,T,8,109.515625,peek,65573,,,,,,,,,,,traversal,112.43537430209358,1250.0,3203.125,1.0,127.65270233154297,1.0,0.06591796875,0.0,0.31743324416068924,1.0
2026-08-21_ewc_vitality-vs-spirit_mirage,flameZ,T,8,109.515625,peek,65826,,,,,,,,,,,traversal,62.6768584182913,1312.5,1625.0,1.0,82.54356384277344,0.0,15.18035888671875,0.0,0.0359629410407558,0.0
2026-08-21_ewc_vitality-vs-spirit_mirage,flameZ,T,8,109.515625,peek,66114,,,,,,,,,,,narrow,60.49546982712158,1125.0,1375.0,1.0,152.43638610839844,0.0,8.579620361328125,0.0,1.3896001223645331,0.0
2026-08-21_ewc_vitality-vs-spirit_mirage,flameZ,T,8,109.515625,peek,66259,,,,,,,,,,,commit,52.38399849317304,1484.375,4984.375,0.0,149.93130493164062,0.0,0.726104736328125,0.0,1.3761069946484934,0.0
2026-08-21_ewc_vitality-vs-spirit_mirage,flameZ,T,8,109.515625,peek,67242,,,,,,,,,,,traversal,151.6707745760141,906.25,4984.375,0.0,215.00283813476562,0.0,141.70203399658203,4.0,0.8809664317841057,0.0
2026-08-21_ewc_vitality-vs-spirit_mirage,flameZ,T,8,109.515625,peek,68193,,,,,,,,,,,commit,87.612225522812,921.875,4984.375,0.0,183.02853393554688,0.31666666666666665,117.0833740234375,1.0,6.196110018620879,0.0
2026-08-21_ewc_vitality-vs-spirit_mirage,flameZ,T,8,109.515625,peek,69197,,,,,,,,,,,traversal,38.226297096281435,875.0,875.0,1.0,103.60713958740234,0.0,7.061798095703125,0.0,0.3173008691298293,0.0
2026-08-21_ewc_vitality-vs-spirit_mirage,flameZ,T,8,109.515625,peek,69257,,,,,,,,,,,traversal,23.643988611639458,546.875,546.875,1.0,112.74419403076172,0.4722222222222222,0.329925537109375,0.0,0.077894620198243,0.0
2026-08-21_ewc_vitality-vs-spirit_mirage,flameZ,T,8,109.515625,peek,69357,,,,,,,,,,,traversal,5.796847467910576,125.0,125.0,1.0,68.59052276611328,0.0,1.253814697265625,0.0,0.45724571887389126,0.0
2026-08-21_ewc_vitality-vs-spirit_mirage,flameZ,T,8,109.515625,peek,69381,,,,,,,,,,,traversal,20.694627547869235,1421.875,1421.875,1.0,75.88330841064453,0.0,25.87213134765625,0.0,0.5260482718990711,0.0
2026-08-21_ewc_vitality-vs-spirit_mirage,flameZ,T,8,109.515625,peek,69516,,,,,,,,,,,jiggle,45.49492090920781,406.25,468.75,1.0,171.78659057617188,0.0,5.27960205078125,0.0,1.5727438808605732,0.0
2026-08-21_ewc_vitality-vs-spirit_mirage,flameZ,T,8,109.515625,peek,69559,,,,,,,,,,,jiggle,30.662891345954304,281.25,281.25,1.0,161.73036193847656,0.0,1.9136810302734375,0.0,40.590659447846264,0.0
2026-08-21_ewc_vitality-vs-spirit_mirage,flameZ,T,8,109.515625,peek,69806,,,,,,,,,,,commit,83.61555579756117,609.375,1468.75,0.0,194.180419921875,0.0,13.00128173828125,1.0,1.453170363065016,0.0
2026-08-21_ewc_vitality-vs-spirit_mirage,flameZ,T,9,138.203125,stop,72886,counter_fwd,328.125,178.81015014648438,33.26219940185547,0.0,0.0,,,0.0,113.52000427246094,,,,,,,,,,,
2026-08-21_ewc_vitality-vs-spirit_mirage,flameZ,T,9,138.203125,stop,73539,counterstrafe,93.75,153.1243438720703,23.830175399780273,0.0,0.0,,,1.0,0.0,,,,,,,,,,,
2026-08-21_ewc_vitality-vs-spirit_mirage,flameZ,T,9,138.203125,stop,73554,counterstrafe,328.125,153.1243438720703,30.415937423706055,0.0,0.0,,,1.0,1.8481063842773438,,,,,,,,,,,
2026-08-21_ewc_vitality-vs-spirit_mirage,flameZ,T,9,138.203125,stop,73640,counterstrafe,93.75,174.06845092773438,16.81640625,0.0,0.0,,,1.0,6.53411865234375,,,,,,,,,,,
2026-08-21_ewc_vitality-vs-spirit_mirage,flameZ,T,9,138.203125,stop,73657,counterstrafe,359.375,174.06845092773438,29.210344314575195,0.0,0.0,,,1.0,8.183807373046875,,,,,,,,,,,
2026-08-21_ewc_vitality-vs-spirit_mirage,flameZ,T,9,138.203125,stop,73691,counterstrafe,203.125,158.10366821289062,23.00798225402832,0.0,0.0,,,1.0,0.1981048583984375,,,,,,,,,,,
2026-08-21_ewc_vitality-vs-spirit_mirage,flameZ,T,9,138.203125,stop,73722,counterstrafe,109.375,157.5237274169922,20.083919525146484,0.0,0.0,,,1.0,0.329925537109375,,,,,,,,,,,
2026-08-21_ewc_vitality-vs-spirit_mirage,flameZ,T,9,138.203125,stop,73819,counterstrafe,78.125,167.4117889404297,31.06707191467285,0.0,0.0,,,1.0,0.06591796875,,,,,,,,,,,
2026-08-21_ewc_vitality-vs-spirit_mirage,flameZ,T,9,138.203125,stop,73852,counterstrafe,78.125,154.8754119873047,19.433143615722656,1.0,1.0,46.875,0.0,1.0,0.72613525390625,,,,,,,,,,,
2026-08-21_ewc_vitality-vs-spirit_mirage,flameZ,T,9,138.203125,stop,74015,release,62.5,165.12979125976562,12.176578521728516,0.0,0.0,,,1.0,4.2901611328125,,,,,,,,,,,
2026-08-21_ewc_vitality-vs-spirit_mirage,flameZ,T,9,138.203125,stop,74040,counterstrafe,78.125,159.6829376220703,25.82900047302246,0.0,1.0,0.0,25.82900047302246,1.0,0.1318359375,,,,,,,,,,,
2026-08-21_ewc_vitality-vs-spirit_mirage,flameZ,T,9,138.203125,stop,74475,counterstrafe,78.125,161.58067321777344,24.389463424682617,0.0,0.0,,,1.0,0.06591796875,,,,,,,,,,,
2026-08-21_ewc_vitality-vs-spirit_mirage,flameZ,T,9,138.203125,stop,74629,counterstrafe,78.125,168.96566772460938,31.690486907958984,0.0,0.0,,,1.0,0.0,,,,,,,,,,,
2026-08-21_ewc_vitality-vs-spirit_mirage,flameZ,T,9,138.203125,stop,74696,release,78.125,158.39276123046875,21.674814224243164,0.0,0.0,,,1.0,0.0,,,,,,,,,,,
2026-08-21_ewc_vitality-vs-spirit_mirage,flameZ,T,9,138.203125,stop,75365,release,78.125,158.767822265625,25.206012725830078,0.0,0.0,,,1.0,0.329925537109375,,,,,,,,,,,
2026-08-21_ewc_vitality-vs-spirit_mirage,flameZ,T,9,138.203125,stop,75645,counterstrafe,78.125,159.95762634277344,27.584299087524414,0.0,0.0,,,1.0,0.329925537109375,,,,,,,,,,,
2026-08-21_ewc_vitality-vs-spirit_mirage,flameZ,T,9,138.203125,stop,75653,counterstrafe,203.125,159.95762634277344,28.7132625579834,0.0,0.0,,,1.0,1.056060791015625,,,,,,,,,,,
2026-08-21_ewc_vitality-vs-spirit_mirage,flameZ,T,9,138.203125,stop,75743,counterstrafe,93.75,156.1622772216797,23.142831802368164,0.0,0.0,,,1.0,0.0,,,,,,,,,,,
2026-08-21_ewc_vitality-vs-spirit_mirage,flameZ,T,9,138.203125,stop,75913,release,78.125,152.5615234375,17.822622299194336,0.0,0.0,,,1.0,0.198089599609375,,,,,,,,,,,
2026-08-21_ewc_vitality-vs-spirit_mirage,flameZ,T,9,138.203125,stop,76180,counterstrafe,78.125,162.48989868164062,24.790637969970703,0.0,0.0,,,1.0,0.1321868896484375,,,,,,,,,,,
2026-08-21_ewc_vitality-vs-spirit_mirage,flameZ,T,9,138.203125,stop,76250,counterstrafe,93.75,178.6142120361328,12.746875762939453,0.0,0.0,,,1.0,0.06591796875,,,,,,,,,,,
2026-08-21_ewc_vitality-vs-spirit_mirage,flameZ,T,9,138.203125,stop,76706,counterstrafe,93.75,158.7554473876953,22.84482765197754,0.0,0.0,,,1.0,0.0,,,,,,,,,,,
2026-08-21_ewc_vitality-vs-spirit_mirage,flameZ,T,9,138.203125,stop,76745,counterstrafe,78.125,151.48001098632812,16.371135711669922,0.0,0.0,,,1.0,0.06591796875,,,,,,,,,,,
2026-08-21_ewc_vitality-vs-spirit_mirage,flameZ,T,9,138.203125,stop,76769,counterstrafe,125.0,156.0497283935547,33.68825912475586,0.0,0.0,,,1.0,0.264007568359375,,,,,,,,,,,
2026-08-21_ewc_vitality-vs-spirit_mirage,flameZ,T,9,138.203125,stop,76792,counterstrafe,93.75,150.4817352294922,32.81215286254883,0.0,0.0,,,1.0,0.0,,,,,,,,,,,
2026-08-21_ewc_vitality-vs-spirit_mirage,flameZ,T,9,138.203125,stop,76836,release,78.125,151.08799743652344,22.16554069519043,0.0,0.0,,,1.0,0.0,,,,,,,,,,,
2026-08-21_ewc_vitality-vs-spirit_mirage,flameZ,T,9,138.203125,stop,76852,counterstrafe,328.125,151.08799743652344,25.07598114013672,0.0,0.0,,,1.0,0.1318359375,,,,,,,,,,,
2026-08-21_ewc_vitality-vs-spirit_mirage,flameZ,T,9,138.203125,stop,76884,counterstrafe,93.75,166.86585998535156,10.832962989807129,0.0,0.0,,,1.0,0.0,,,,,,,,,,,
2026-08-21_ewc_vitality-vs-spirit_mirage,flameZ,T,9,138.203125,stop,77511,crouch_stop,93.75,194.0718994140625,34.25337600708008,1.0,0.0,,,1.0,19.470176696777344,,,,,,,,,,,
2026-08-21_ewc_vitality-vs-spirit_mirage,flameZ,T,9,138.203125,stop,77598,counterstrafe,93.75,172.0645294189453,18.791635513305664,0.0,0.0,,,1.0,0.5939483642578125,,,,,,,,,,,
2026-08-21_ewc_vitality-vs-spirit_mirage,flameZ,T,9,138.203125,stop,77610,counterstrafe,281.25,172.0645294189453,31.9453125,0.0,0.0,,,1.0,4.4219970703125,,,,,,,,,,,
2026-08-21_ewc_vitality-vs-spirit_mirage,flameZ,T,9,138.203125,stop,77959,counterstrafe,93.75,164.2371826171875,28.173124313354492,1.0,1.0,0.0,28.173124313354492,1.0,1.4522552490234375,,,,,,,,,,,
2026-08-21_ewc_vitality-vs-spirit_mirage,flameZ,T,9,138.203125,stop,78145,counterstrafe,78.125,156.3630828857422,23.196977615356445,0.0,0.0,,,1.0,0.132171630859375,,,,,,,,,,,
2026-08-21_ewc_vitality-vs-spirit_mirage,flameZ,T,9,138.203125,stop,78164,counterstrafe,375.0,156.3630828857422,15.000938415527344,0.0,0.0,,,1.0,1.91400146484375,,,,,,,,,,,
2026-08-21_ewc_vitality-vs-spirit_mirage,flameZ,T,9,138.203125,stop,78189,release,93.75,161.43482971191406,18.498193740844727,0.0,0.0,,,1.0,0.1318359375,,,,,,,,,,,
2026-08-21_ewc_vitality-vs-spirit_mirage,flameZ,T,9,138.203125,stop,78320,counterstrafe,78.125,156.51539611816406,20.447132110595703,0.0,0.0,,,1.0,0.92388916015625,,,,,,,,,,,
2026-08-21_ewc_vitality-vs-spirit_mirage,flameZ,T,9,138.203125,stop,78332,counterstrafe,265.625,156.51539611816406,28.12274932861328,0.0,0.0,,,1.0,7.787628173828125,,,,,,,,,,,
2026-08-21_ewc_vitality-vs-spirit_mirage,flameZ,T,9,138.203125,stop,78410,counterstrafe,265.625,162.00511169433594,24.672039031982422,0.0,0.0,,,1.0,3.6962127685546875,,,,,,,,,,,
2026-08-21_ewc_vitality-vs-spirit_mirage,flameZ,T,9,138.203125,stop,78532,release,93.75,175.64903259277344,20.7753849029541,0.0,0.0,,,1.0,0.52801513671875,,,,,,,,,,,
2026-08-21_ewc_vitality-vs-spirit_mirage,flameZ,T,9,138.203125,stop,78765,counter_fwd,359.375,160.96795654296875,2.2964231967926025,0.0,0.0,,,1.0,67.3860092163086,,,,,,,,,,,
2026-08-21_ewc_vitality-vs-spirit_mirage,flameZ,T,9,138.203125,stop,78966,release,234.375,156.1009063720703,31.38652229309082,0.0,0.0,,,1.0,2.7060699462890625,,,,,,,,,,,
2026-08-21_ewc_vitality-vs-spirit_mirage,flameZ,T,9,138.203125,stop,79621,counterstrafe,93.75,162.9610595703125,18.75239372253418,0.0,0.0,,,1.0,0.0,,,,,,,,,,,
2026-08-21_ewc_vitality-vs-spirit_mirage,flameZ,T,9,138.203125,peek,72337,,,,,,,,,,,traversal,318.61445872523007,1484.375,4984.375,0.0,250.00088500976562,0.0,110.94607543945312,1.0,0.1912077074123798,0.0
2026-08-21_ewc_vitality-vs-spirit_mirage,flameZ,T,9,138.203125,peek,73053,,,,,,,,,,,traversal,135.38182322594292,1484.375,4984.375,0.0,177.36697387695312,0.71875,296.47257232666016,0.0,0.5951017854009037,1.0
2026-08-21_ewc_vitality-vs-spirit_mirage,flameZ,T,9,138.203125,peek,73403,,,,,,,,,,,traversal,69.68649471755742,1312.5,4984.375,0.0,161.1638946533203,0.0,4.9500274658203125,1.0,0.4403122210864994,0.0
2026-08-21_ewc_vitality-vs-spirit_mirage,flameZ,T,9,138.203125,peek,73892,,,,,,,,,,,commit,316.1225997401321,1484.375,4984.375,0.0,233.23533630371094,0.0,50.88525390625,1.0,5.399560248460402,0.0
2026-08-21_ewc_vitality-vs-spirit_mirage,flameZ,T,9,138.203125,peek,74811,,,,,,,,,,,narrow,93.68270681805525,1484.375,2515.625,1.0,76.76229095458984,0.0,1.649993896484375,0.0,23.162794290896322,0.0
2026-08-21_ewc_vitality-vs-spirit_mirage,flameZ,T,9,138.203125,peek,75347,,,,,,,,,,,jiggle,28.9175559357989,281.25,281.25,1.0,158.767822265625,0.0,2.37579345703125,0.0,34.8362452310848,0.0
2026-08-21_ewc_vitality-vs-spirit_mirage,flameZ,T,9,138.203125,peek,75484,,,,,,,,,,,commit,114.04716856831548,1484.375,4984.375,0.0,134.1612091064453,0.0,63.558319091796875,0.0,1.853974827406599,0.0
2026-08-21_ewc_vitality-vs-spirit_mirage,flameZ,T,9,138.203125,peek,76096,,,,,,,,,,,commit,130.3766519431973,1296.875,4984.375,0.0,187.72413635253906,0.5595238095238095,16.433822631835938,1.0,18.025187456914757,1.0
2026-08-21_ewc_vitality-vs-spirit_mirage,flameZ,T,9,138.203125,peek,76558,,,,,,,,,,,traversal,189.9146327836348,1484.375,4984.375,0.0,190.6055145263672,0.8020833333333334,21.646148681640625,3.0,0.8729313439329135,1.0
2026-08-21_ewc_vitality-vs-spirit_mirage,flameZ,T,9,138.203125,peek,77460,,,,,,,,,,,traversal,184.21851066205969,1484.375,4984.375,0.0,219.27430725097656,0.0,128.1726837158203,0.0,0.4554735926426733,0.0
2026-08-21_ewc_vitality-vs-spirit_mirage,flameZ,T,9,138.203125,peek,78046,,,,,,,,,,,narrow,151.96374218587349,1484.375,3000.0,1.0,206.3152313232422,0.0,128.70068359375,1.0,2.576343867263108,0.0
2026-08-21_ewc_vitality-vs-spirit_mirage,flameZ,T,9,138.203125,peek,78646,,,,,,,,,,,traversal,73.11830302947676,1140.625,1437.5,1.0,160.5709228515625,0.6216216216216216,189.28790283203125,1.0,0.7904279552284204,1.0
2026-08-21_ewc_vitality-vs-spirit_mirage,flameZ,T,9,138.203125,peek,78876,,,,,,,,,,,jiggle,56.748854588727774,750.0,1062.5,1.0,134.17984008789062,0.0,8.843994140625,0.0,5.305002933312543,0.0
2026-08-21_ewc_vitality-vs-spirit_mirage,flameZ,T,9,138.203125,peek,79051,,,,,,,,,,,traversal,69.21489612041943,1125.0,1578.125,1.0,111.80570220947266,0.9178082191780822,94.70970916748047,0.0,0.49857979785903783,1.0
2026-08-21_ewc_vitality-vs-spirit_mirage,flameZ,T,9,138.203125,peek,79381,,,,,,,,,,,traversal,27.73756987021183,343.75,343.75,1.0,111.80070495605469,0.8260869565217391,0.726470947265625,0.0,0.7826837116868613,1.0
2026-08-21_ewc_vitality-vs-spirit_mirage,flameZ,T,9,138.203125,peek,79433,,,,,,,,,,,jiggle,40.09159537291817,703.125,703.125,1.0,142.65985107421875,0.4782608695652174,108.57064819335938,0.0,1.3603125972530483,0.0
2026-08-21_ewc_vitality-vs-spirit_mirage,flameZ,T,9,138.203125,peek,79558,,,,,,,,,,,narrow,62.645371214594576,968.75,1265.625,1.0,182.2440948486328,0.0,265.9144515991211,0.0,2.2258550884047508,0.0
2026-08-21_ewc_vitality-vs-spirit_mirage,flameZ,T,9,138.203125,peek,79905,,,,,,,,,,,jiggle,42.496023344424636,703.125,703.125,1.0,144.0189971923828,0.0,16.50042724609375,0.0,5.700665296009265,0.0
2026-08-21_ewc_vitality-vs-spirit_mirage,flameZ,T,9,138.203125,peek,80459,,,,,,,,,,,traversal,21.346827904003305,234.375,234.375,1.0,127.8672103881836,0.0,2.11212158203125,0.0,0.019712084306604663,0.0
2026-08-21_ewc_vitality-vs-spirit_mirage,flameZ,T,9,138.203125,peek,80858,,,,,,,,,,,jiggle,9.231547642710364,140.625,140.625,1.0,93.0409927368164,0.0,0.198089599609375,0.0,58.356231819258824,0.0
2026-08-21_ewc_vitality-vs-spirit_mirage,flameZ,T,9,138.203125,peek,80949,,,,,,,,,,,jiggle,18.543974390177365,1484.375,1484.375,1.0,113.3237075805664,0.052083333333333336,2.3095703125,0.0,4.089388507762222,0.0
2026-08-21_ewc_vitality-vs-spirit_mirage,flameZ,T,9,138.203125,peek,81098,,,,,,,,,,,traversal,49.9513550812987,718.75,828.125,0.0,104.0790786743164,0.9361702127659575,2.37579345703125,0.0,0.4967656356014114,1.0
2026-08-21_ewc_vitality-vs-spirit_mirage,flameZ,T,10,95.34375,stop,81261,release,281.25,154.47354125976562,12.085938453674316,0.0,0.0,,,1.0,3.89361572265625,,,,,,,,,,,
2026-08-21_ewc_vitality-vs-spirit_mirage,flameZ,T,10,95.34375,stop,81448,counterstrafe,93.75,153.84378051757812,20.958757400512695,0.0,0.0,,,1.0,0.396209716796875,,,,,,,,,,,
2026-08-21_ewc_vitality-vs-spirit_mirage,flameZ,T,10,95.34375,stop,85004,release,15.625,151.60971069335938,10.742457389831543,0.0,0.0,,,0.0,0.0662689208984375,,,,,,,,,,,
2026-08-21_ewc_vitality-vs-spirit_mirage,flameZ,T,10,95.34375,stop,85661,counter_fwd,78.125,164.97142028808594,12.63217830657959,0.0,0.0,,,0.0,1.7818450927734375,,,,,,,,,,,
2026-08-21_ewc_vitality-vs-spirit_mirage,flameZ,T,10,95.34375,stop,85738,counterstrafe,78.125,164.48651123046875,34.30792999267578,0.0,1.0,0.0,34.30792999267578,0.0,0.264007568359375,,,,,,,,,,,
2026-08-21_ewc_vitality-vs-spirit_mirage,flameZ,T,10,95.34375,stop,86164,release,62.5,183.73953247070312,34.89643096923828,0.0,0.0,,,1.0,0.0,,,,,,,,,,,
2026-08-21_ewc_vitality-vs-spirit_mirage,flameZ,T,10,95.34375,stop,86388,counterstrafe,78.125,163.8208770751953,25.7449893951416,0.0,1.0,0.0,25.7449893951416,1.0,0.46209716796875,,,,,,,,,,,
2026-08-21_ewc_vitality-vs-spirit_mirage,flameZ,T,10,95.34375,stop,86456,release,78.125,165.56240844726562,29.653743743896484,0.0,1.0,156.25,0.0,1.0,0.9238739013671875,,,,,,,,,,,
2026-08-21_ewc_vitality-vs-spirit_mirage,flameZ,T,10,95.34375,stop,86502,counterstrafe,78.125,156.01321411132812,22.076135635375977,0.0,1.0,171.875,21.26581573486328,1.0,2.37579345703125,,,,,,,,,,,
2026-08-21_ewc_vitality-vs-spirit_mirage,flameZ,T,10,95.34375,stop,86638,counterstrafe,125.0,156.11993408203125,30.029096603393555,1.0,1.0,62.5,5.730495929718018,1.0,2.507965087890625,,,,,,,,,,,
2026-08-21_ewc_vitality-vs-spirit_mirage,flameZ,T,10,95.34375,stop,86754,release,78.125,156.61375427246094,28.402219772338867,0.0,0.0,,,1.0,0.06591796875,,,,,,,,,,,
2026-08-21_ewc_vitality-vs-spirit_mirage,flameZ,T,10,95.34375,stop,86842,crouch_stop,125.0,155.8332061767578,34.55354690551758,1.0,1.0,93.75,0.579719603061676,1.0,0.59393310546875,,,,,,,,,,,
2026-08-21_ewc_vitality-vs-spirit_mirage,flameZ,T,10,95.34375,stop,87002,counterstrafe,78.125,170.83763122558594,32.67734146118164,0.0,0.0,,,1.0,0.1318359375,,,,,,,,,,,
2026-08-21_ewc_vitality-vs-spirit_mirage,flameZ,T,10,95.34375,stop,87327,counterstrafe,78.125,160.3529052734375,28.743789672851562,0.0,0.0,,,1.0,0.0,,,,,,,,,,,
2026-08-21_ewc_vitality-vs-spirit_mirage,flameZ,T,10,95.34375,stop,87342,counterstrafe,312.5,160.3529052734375,10.917305946350098,0.0,0.0,,,1.0,0.2640380859375,,,,,,,,,,,
2026-08-21_ewc_vitality-vs-spirit_mirage,flameZ,T,10,95.34375,stop,87378,release,78.125,162.3838348388672,24.815366744995117,0.0,0.0,,,1.0,0.0,,,,,,,,,,,
2026-08-21_ewc_vitality-vs-spirit_mirage,flameZ,T,10,95.34375,stop,87540,counterstrafe,93.75,178.71157836914062,21.77197265625,0.0,0.0,,,1.0,0.132171630859375,,,,,,,,,,,
2026-08-21_ewc_vitality-vs-spirit_mirage,flameZ,T,10,95.34375,stop,87547,counterstrafe,203.125,178.71157836914062,26.974098205566406,0.0,0.0,,,1.0,0.132171630859375,,,,,,,,,,,
2026-08-21_ewc_vitality-vs-spirit_mirage,flameZ,T,10,95.34375,stop,87575,counterstrafe,78.125,151.9639892578125,18.997074127197266,0.0,0.0,,,1.0,0.264007568359375,,,,,,,,,,,
2026-08-21_ewc_vitality-vs-spirit_mirage,flameZ,T,10,95.34375,stop,87634,crouch_stop,62.5,174.63623046875,25.70376205444336,1.0,0.0,,,1.0,0.7257843017578125,,,,,,,,,,,
2026-08-21_ewc_vitality-vs-spirit_mirage,flameZ,T,10,95.34375,stop,88518,crouch_stop,15.625,250.0115966796875,26.476051330566406,1.0,0.0,,,0.0,0.0,,,,,,,,,,,
2026-08-21_ewc_vitality-vs-spirit_mirage,flameZ,T,10,95.34375,stop,90206,counterstrafe,140.625,154.16998291015625,5.5866546630859375,0.0,0.0,,,1.0,0.72613525390625,,,,,,,,,,,
2026-08-21_ewc_vitality-vs-spirit_mirage,flameZ,T,10,95.34375,stop,90217,counterstrafe,312.5,154.16998291015625,5.7187981605529785,0.0,0.0,,,1.0,172.98593139648438,,,,,,,,,,,
2026-08-21_ewc_vitality-vs-spirit_mirage,flameZ,T,10,95.34375,stop,90295,release,187.5,170.4973907470703,34.89071273803711,0.0,0.0,,,1.0,52.470001220703125,,,,,,,,,,,
2026-08-21_ewc_vitality-vs-spirit_mirage,flameZ,T,10,95.34375,stop,90390,counterstrafe,109.375,153.71218872070312,26.760969161987305,0.0,0.0,,,0.0,6.60003662109375,,,,,,,,,,,
2026-08-21_ewc_vitality-vs-spirit_mirage,flameZ,T,10,95.34375,stop,90425,counterstrafe,93.75,167.31256103515625,15.462457656860352,0.0,0.0,,,1.0,0.19775390625,,,,,,,,,,,
2026-08-21_ewc_vitality-vs-spirit_mirage,flameZ,T,10,95.34375,stop,90440,counterstrafe,328.125,167.31256103515625,13.898335456848145,0.0,0.0,,,1.0,0.7917022705078125,,,,,,,,,,,
2026-08-21_ewc_vitality-vs-spirit_mirage,flameZ,T,10,95.34375,peek,81282,,,,,,,,,,,commit,90.85856955955192,937.5,4984.375,0.0,153.55178833007812,0.6885245901639344,10.23065185546875,0.0,1.494174293384677,1.0
2026-08-21_ewc_vitality-vs-spirit_mirage,flameZ,T,10,95.34375,peek,85946,,,,,,,,,,,commit,134.01748343432652,1484.375,4984.375,0.0,155.8214874267578,0.7604166666666666,220.30746459960938,1.0,3.4053721750454677,1.0
2026-08-21_ewc_vitality-vs-spirit_mirage,flameZ,T,10,95.34375,peek,86406,,,,,,,,,,,jiggle,29.987373470299936,781.25,781.25,1.0,169.32000732421875,0.0,11.48345947265625,0.0,20.606582244587205,0.0
2026-08-21_ewc_vitality-vs-spirit_mirage,flameZ,T,10,95.34375,peek,86479,,,,,,,,,,,jiggle,41.40857121753945,343.75,343.75,1.0,176.45162963867188,0.0,21.119873046875,0.0,6.986268188262693,0.0
2026-08-21_ewc_vitality-vs-spirit_mirage,flameZ,T,10,95.34375,peek,86543,,,,,,,,,,,wide,251.41492242629153,1484.375,3203.125,1.0,207.6941375732422,0.0,28.709625244140625,3.0,16.718421310668738,0.0
2026-08-21_ewc_vitality-vs-spirit_mirage,flameZ,T,10,95.34375,peek,86919,,,,,,,,,,,jiggle,20.049324976310572,828.125,828.125,1.0,146.05636596679688,0.0,2.9697418212890625,1.0,58.6956358003135,0.0
2026-08-21_ewc_vitality-vs-spirit_mirage,flameZ,T,10,95.34375,peek,87506,,,,,,,,,,,narrow,60.849726054055694,531.25,1484.375,1.0,187.27951049804688,0.0,1.847747802734375,0.0,1.2553144044927618,0.0
2026-08-21_ewc_vitality-vs-spirit_mirage,flameZ,T,10,95.34375,peek,87770,,,,,,,,,,,commit,166.32501410409304,1484.375,4984.375,0.0,169.08338928222656,0.7291666666666666,59.53111267089844,0.0,2.5759404996583335,1.0
2026-08-21_ewc_vitality-vs-spirit_mirage,flameZ,T,10,95.34375,peek,89520,,,,,,,,,,,traversal,77.91434568749386,1125.0,4984.375,0.0,111.80719757080078,0.7808219178082192,52.79994201660156,1.0,0.9191396922458773,1.0
2026-08-21_ewc_vitality-vs-spirit_mirage,flameZ,T,10,95.34375,peek,90002,,,,,,,,,,,commit,238.33323224835334,1484.375,4984.375,0.0,212.69984436035156,0.0,39.532958984375,0.0,1.4188253861012,0.0
2026-08-21_ewc_vitality-vs-spirit_mirage,flameZ,T,10,95.34375,peek,90631,,,,,,,,,,,jiggle,20.022197152902457,218.75,218.75,1.0,136.81265258789062,0.0,0.6598663330078125,0.0,55.153610412712695,0.0
2026-08-21_ewc_vitality-vs-spirit_mirage,flameZ,T,11,32.109375,stop,94656,release,375.0,156.14732360839844,0.0,0.0,0.0,,,0.0,3.76177978515625,,,,,,,,,,,
2026-08-21_ewc_vitality-vs-spirit_mirage,flameZ,T,11,32.109375,stop,94874,counterstrafe,78.125,158.85897827148438,24.214519500732422,0.0,0.0,,,1.0,0.0,,,,,,,,,,,
2026-08-21_ewc_vitality-vs-spirit_mirage,flameZ,T,11,32.109375,stop,94987,counterstrafe,93.75,157.47027587890625,21.7829647064209,0.0,0.0,,,1.0,0.06591796875,,,,,,,,,,,
2026-08-21_ewc_vitality-vs-spirit_mirage,flameZ,T,11,32.109375,stop,95052,counterstrafe,109.375,152.70274353027344,11.312246322631836,0.0,0.0,,,1.0,0.1318359375,,,,,,,,,,,
2026-08-21_ewc_vitality-vs-spirit_mirage,flameZ,T,11,32.109375,stop,95553,release,78.125,164.01483154296875,25.990564346313477,0.0,0.0,,,1.0,0.0,,,,,,,,,,,
2026-08-21_ewc_vitality-vs-spirit_mirage,flameZ,T,11,32.109375,stop,95561,counterstrafe,203.125,164.01483154296875,16.652360916137695,0.0,0.0,,,1.0,0.0,,,,,,,,,,,
2026-08-21_ewc_vitality-vs-spirit_mirage,flameZ,T,11,32.109375,stop,95585,counterstrafe,78.125,150.3071746826172,24.48455238342285,0.0,0.0,,,1.0,0.0,,,,,,,,,,,
2026-08-21_ewc_vitality-vs-spirit_mirage,flameZ,T,11,32.109375,stop,95684,counterstrafe,78.125,174.42909240722656,30.89451789855957,0.0,0.0,,,1.0,0.0,,,,,,,,,,,
2026-08-21_ewc_vitality-vs-spirit_mirage,flameZ,T,11,32.109375,stop,95797,counterstrafe,109.375,157.7840118408203,34.64067840576172,0.0,1.0,0.0,34.64067840576172,1.0,0.06591796875,,,,,,,,,,,
2026-08-21_ewc_vitality-vs-spirit_mirage,flameZ,T,11,32.109375,stop,95898,counterstrafe,78.125,161.7774658203125,27.566699981689453,0.0,1.0,46.875,13.822257041931152,1.0,2.376129150390625,,,,,,,,,,,
2026-08-21_ewc_vitality-vs-spirit_mirage,flameZ,T,11,32.109375,stop,95908,counterstrafe,234.375,161.7774658203125,32.854576110839844,1.0,1.0,0.0,32.854576110839844,1.0,3.629608154296875,,,,,,,,,,,
2026-08-21_ewc_vitality-vs-spirit_mirage,flameZ,T,11,32.109375,stop,96006,counterstrafe,78.125,171.33538818359375,34.24673080444336,0.0,1.0,109.375,63.68367004394531,1.0,1.5840911865234375,,,,,,,,,,,
2026-08-21_ewc_vitality-vs-spirit_mirage,flameZ,T,11,32.109375,stop,96016,counterstrafe,234.375,171.33538818359375,26.72647476196289,1.0,1.0,0.0,26.72647476196289,1.0,2.6401519775390625,,,,,,,,,,,
2026-08-21_ewc_vitality-vs-spirit_mirage,flameZ,T,11,32.109375,peek,94832,,,,,,,,,,,jiggle,59.42217180140242,656.25,859.375,1.0,183.8280029296875,0.3488372093023256,4.553497314453125,0.0,2.3660547655432476,0.0
2026-08-21_ewc_vitality-vs-spirit_mirage,flameZ,T,11,32.109375,peek,95126,,,,,,,,,,,commit,112.26048503028453,1484.375,4984.375,0.0,214.9988250732422,0.0,24.61761474609375,3.0,11.13638928333433,0.0
2026-08-21_ewc_vitality-vs-spirit_mirage,flameZ,T,11,32.109375,peek,95938,,,,,,,,,,,commit,85.06185522474938,1062.5,1218.75,0.0,209.31204223632812,0.0,37.02629089355469,1.0,13.019434713215336,0.0
2026-08-21_ewc_vitality-vs-spirit_mirage,magixx,CT,0,35.5625,stop,1594,release,234.375,154.8941650390625,33.074214935302734,0.0,0.0,,,0.0,0.0,,,,,,,,,,,
2026-08-21_ewc_vitality-vs-spirit_mirage,magixx,CT,0,35.5625,stop,2115,counterstrafe,62.5,184.22459411621094,34.98843765258789,0.0,0.0,,,1.0,0.066253662109375,,,,,,,,,,,
2026-08-21_ewc_vitality-vs-spirit_mirage,magixx,CT,0,35.5625,stop,2187,counter_fwd,31.25,181.4654998779297,28.899826049804688,0.0,0.0,,,1.0,0.1318359375,,,,,,,,,,,
2026-08-21_ewc_vitality-vs-spirit_mirage,magixx,CT,0,35.5625,stop,2573,release,218.75,164.02333068847656,16.37919044494629,0.0,1.0,109.375,37.53125,0.0,2.277618408203125,,,,,,,,,,,
2026-08-21_ewc_vitality-vs-spirit_mirage,magixx,CT,0,35.5625,stop,2651,release,15.625,170.07847595214844,0.0,0.0,0.0,,,1.0,0.0,,,,,,,,,,,
2026-08-21_ewc_vitality-vs-spirit_mirage,magixx,CT,0,35.5625,stop,2707,counterstrafe,78.125,161.35952758789062,15.3671875,0.0,1.0,140.625,44.70151138305664,1.0,1.0560760498046875,,,,,,,,,,,
2026-08-21_ewc_vitality-vs-spirit_mirage,magixx,CT,0,35.5625,stop,2714,counterstrafe,187.5,161.35952758789062,33.865360260009766,0.0,1.0,31.25,44.70151138305664,1.0,1.71661376953125,,,,,,,,,,,
2026-08-21_ewc_vitality-vs-spirit_mirage,magixx,CT,0,35.5625,stop,2782,counterstrafe,234.375,151.61778259277344,14.9140625,0.0,0.0,,,1.0,3.8943023681640625,,,,,,,,,,,
2026-08-21_ewc_vitality-vs-spirit_mirage,magixx,CT,0,35.5625,stop,3160,counterstrafe,93.75,159.92752075195312,28.64253044128418,0.0,0.0,,,1.0,0.26401519775390625,,,,,,,,,,,
2026-08-21_ewc_vitality-vs-spirit_mirage,magixx,CT,0,35.5625,stop,3350,counterstrafe,93.75,172.8419647216797,32.23532485961914,0.0,0.0,,,1.0,1.98028564453125,,,,,,,,,,,
2026-08-21_ewc_vitality-vs-spirit_mirage,magixx,CT,0,35.5625,stop,3380,release,265.625,152.1282958984375,32.09185791015625,0.0,1.0,265.625,105.92250061035156,1.0,2.541290283203125,,,,,,,,,,,
2026-08-21_ewc_vitality-vs-spirit_mirage,magixx,CT,0,35.5625,stop,3438,release,31.25,226.70953369140625,26.613889694213867,0.0,1.0,203.125,144.76075744628906,1.0,0.264007568359375,,,,,,,,,,,
2026-08-21_ewc_vitality-vs-spirit_mirage,magixx,CT,0,35.5625,stop,3481,counterstrafe,78.125,167.4569091796875,24.712566375732422,0.0,1.0,0.0,24.712566375732422,1.0,1.7492218017578125,,,,,,,,,,,
2026-08-21_ewc_vitality-vs-spirit_mirage,magixx,CT,0,35.5625,stop,3521,counterstrafe,78.125,172.00144958496094,30.99909019470215,0.0,0.0,,,1.0,1.121978759765625,,,,,,,,,,,
2026-08-21_ewc_vitality-vs-spirit_mirage,magixx,CT,0,35.5625,stop,3531,counterstrafe,234.375,172.00144958496094,18.705387115478516,0.0,0.0,,,1.0,2.8379058837890625,,,,,,,,,,,
2026-08-21_ewc_vitality-vs-spirit_mirage,magixx,CT,0,35.5625,peek,1631,,,,,,,,,,,traversal,289.46269636573965,1484.375,4984.375,0.0,250.00906372070312,0.0,143.87994384765625,3.0,0.23003378736417512,0.0
2026-08-21_ewc_vitality-vs-spirit_mirage,magixx,CT,0,35.5625,peek,2496,,,,,,,,,,,commit,73.30950138857797,1421.875,4984.375,0.0,197.88792419433594,0.08695652173913043,100.78239440917969,7.0,1.2894479066716862,0.0
2026-08-21_ewc_vitality-vs-spirit_mirage,magixx,CT,0,35.5625,peek,2880,,,,,,,,,,,jiggle,6.2119140636994015,312.5,312.5,1.0,48.15283966064453,1.0,32.53843688964844,0.0,1.408769012367981,1.0
2026-08-21_ewc_vitality-vs-spirit_mirage,magixx,CT,0,35.5625,peek,2943,,,,,,,,,,,jiggle,34.21328043406653,1328.125,1328.125,1.0,123.234375,0.16279069767441862,144.70437622070312,0.0,1.3307462969509372,0.0
2026-08-21_ewc_vitality-vs-spirit_mirage,magixx,CT,0,35.5625,peek,3268,,,,,,,,,,,traversal,165.26943725762553,1265.625,2406.25,1.0,225.12319946289062,0.0,73.12808227539062,2.0,0.8195086479551602,0.0
2026-08-21_ewc_vitality-vs-spirit_mirage,magixx,CT,1,48.265625,stop,5153,release,187.5,163.1253662109375,10.5247163772583,0.0,1.0,0.0,10.5247163772583,0.0,120.28518676757812,,,,,,,,,,,
2026-08-21_ewc_vitality-vs-spirit_mirage,magixx,CT,1,48.265625,stop,5961,counter_fwd,78.125,152.415283203125,25.958864212036133,0.0,1.0,0.0,25.958864212036133,0.0,0.3628997802734375,,,,,,,,,,,
2026-08-21_ewc_vitality-vs-spirit_mirage,magixx,CT,1,48.265625,stop,6640,counterstrafe,78.125,176.73406982421875,23.996679306030273,0.0,1.0,0.0,23.996679306030273,1.0,0.0,,,,,,,,,,,
2026-08-21_ewc_vitality-vs-spirit_mirage,magixx,CT,1,48.265625,stop,6734,counterstrafe,78.125,160.04183959960938,10.848055839538574,0.0,0.0,,,1.0,0.0,,,,,,,,,,,
2026-08-21_ewc_vitality-vs-spirit_mirage,magixx,CT,1,48.265625,stop,6834,counterstrafe,78.125,170.4759979248047,18.596384048461914,0.0,0.0,,,1.0,0.0,,,,,,,,,,,
2026-08-21_ewc_vitality-vs-spirit_mirage,magixx,CT,1,48.265625,stop,6931,release,78.125,177.59388732910156,23.88679313659668,0.0,0.0,,,1.0,0.0,,,,,,,,,,,
2026-08-21_ewc_vitality-vs-spirit_mirage,magixx,CT,1,48.265625,stop,7033,release,62.5,151.10894775390625,29.5069580078125,0.0,0.0,,,1.0,0.0,,,,,,,,,,,
2026-08-21_ewc_vitality-vs-spirit_mirage,magixx,CT,1,48.265625,stop,7126,counterstrafe,78.125,173.10975646972656,20.538646697998047,0.0,0.0,,,1.0,0.0,,,,,,,,,,,
2026-08-21_ewc_vitality-vs-spirit_mirage,magixx,CT,1,48.265625,stop,7231,release,78.125,180.7239227294922,23.301130294799805,0.0,0.0,,,1.0,0.0,,,,,,,,,,,
2026-08-21_ewc_vitality-vs-spirit_mirage,magixx,CT,1,48.265625,stop,7332,release,78.125,177.52796936035156,23.870386123657227,0.0,0.0,,,1.0,0.0,,,,,,,,,,,
2026-08-21_ewc_vitality-vs-spirit_mirage,magixx,CT,1,48.265625,stop,7440,counterstrafe,78.125,171.7411346435547,19.603363037109375,0.0,0.0,,,1.0,0.0,,,,,,,,,,,
2026-08-21_ewc_vitality-vs-spirit_mirage,magixx,CT,1,48.265625,stop,7534,release,78.125,170.93212890625,18.92597770690918,0.0,0.0,,,1.0,0.0,,,,,,,,,,,
2026-08-21_ewc_vitality-vs-spirit_mirage,magixx,CT,1,48.265625,stop,7651,counter_fwd,78.125,152.28652954101562,17.95227813720703,0.0,1.0,31.25,27.98749351501465,0.0,0.1651458740234375,,,,,,,,,,,
2026-08-21_ewc_vitality-vs-spirit_mirage,magixx,CT,1,48.265625,stop,7863,counterstrafe,78.125,173.34637451171875,24.178218841552734,0.0,0.0,,,1.0,0.79205322265625,,,,,,,,,,,
2026-08-21_ewc_vitality-vs-spirit_mirage,magixx,CT,2,61.8125,stop,7947,release,187.5,158.26409912109375,27.582395553588867,0.0,0.0,,,0.0,0.0,,,,,,,,,,,
2026-08-21_ewc_vitality-vs-spirit_mirage,magixx,CT,2,61.8125,stop,8113,counterstrafe,218.75,153.76551818847656,28.265026092529297,0.0,1.0,0.0,28.265026092529297,1.0,21.714126586914062,,,,,,,,,,,
2026-08-21_ewc_vitality-vs-spirit_mirage,magixx,CT,2,61.8125,stop,9522,release,15.625,244.6032257080078,10.524200439453125,0.0,0.0,,,0.0,0.0,,,,,,,,,,,
2026-08-21_ewc_vitality-vs-spirit_mirage,magixx,CT,2,61.8125,stop,10239,counter_fwd,125.0,155.8331756591797,24.261058807373047,0.0,1.0,0.0,24.261058807373047,0.0,0.296966552734375,,,,,,,,,,,
2026-08-21_ewc_vitality-vs-spirit_mirage,magixx,CT,2,61.8125,stop,10263,counter_fwd,46.875,157.59671020507812,27.007558822631836,0.0,0.0,,,0.0,0.0,,,,,,,,,,,
2026-08-21_ewc_vitality-vs-spirit_mirage,magixx,CT,2,61.8125,stop,10276,counter_fwd,250.0,157.59671020507812,33.4201545715332,0.0,0.0,,,0.0,0.891265869140625,,,,,,,,,,,
2026-08-21_ewc_vitality-vs-spirit_mirage,magixx,CT,2,61.8125,stop,10324,counter_fwd,93.75,158.68902587890625,28.820451736450195,0.0,1.0,0.0,28.820451736450195,1.0,0.0,,,,,,,,,,,
2026-08-21_ewc_vitality-vs-spirit_mirage,magixx,CT,2,61.8125,stop,10364,release,140.625,151.96676635742188,10.907394409179688,0.0,0.0,,,0.0,12.737960815429688,,,,,,,,,,,
2026-08-21_ewc_vitality-vs-spirit_mirage,magixx,CT,2,61.8125,stop,10753,release,78.125,164.10537719726562,11.827838897705078,0.0,0.0,,,1.0,0.06591796875,,,,,,,,,,,
2026-08-21_ewc_vitality-vs-spirit_mirage,magixx,CT,2,61.8125,stop,10849,release,78.125,171.00091552734375,5.236706733703613,0.0,0.0,,,1.0,0.0,,,,,,,,,,,
2026-08-21_ewc_vitality-vs-spirit_mirage,magixx,CT,2,61.8125,stop,10951,counterstrafe,78.125,175.57003784179688,20.33660888671875,0.0,0.0,,,1.0,0.0,,,,,,,,,,,
2026-08-21_ewc_vitality-vs-spirit_mirage,magixx,CT,2,61.8125,stop,11049,release,15.625,204.1780242919922,30.562252044677734,0.0,0.0,,,0.0,0.0,,,,,,,,,,,
2026-08-21_ewc_vitality-vs-spirit_mirage,magixx,CT,2,61.8125,stop,11267,release,31.25,193.9401092529297,26.030378341674805,0.0,0.0,,,1.0,0.0,,,,,,,,,,,
2026-08-21_ewc_vitality-vs-spirit_mirage,magixx,CT,2,61.8125,stop,11379,counterstrafe,62.5,157.53855895996094,34.66701126098633,0.0,0.0,,,1.0,0.0,,,,,,,,,,,
2026-08-21_ewc_vitality-vs-spirit_mirage,magixx,CT,2,61.8125,stop,11472,counterstrafe,31.25,221.7010040283203,33.5223388671875,0.0,0.0,,,1.0,0.0,,,,,,,,,,,
2026-08-21_ewc_vitality-vs-spirit_mirage,magixx,CT,2,61.8125,stop,11542,release,62.5,185.46994018554688,3.858457565307617,0.0,0.0,,,1.0,0.0,,,,,,,,,,,
2026-08-21_ewc_vitality-vs-spirit_mirage,magixx,CT,2,61.8125,stop,11613,release,15.625,210.52171325683594,30.01717185974121,0.0,0.0,,,1.0,0.0,,,,,,,,,,,
2026-08-21_ewc_vitality-vs-spirit_mirage,magixx,CT,2,61.8125,stop,11631,counter_fwd,296.875,210.52171325683594,31.161128997802734,0.0,0.0,,,1.0,0.0,,,,,,,,,,,
2026-08-21_ewc_vitality-vs-spirit_mirage,magixx,CT,2,61.8125,stop,12706,counterstrafe,78.125,154.6712646484375,11.523640632629395,0.0,0.0,,,0.0,0.03330230712890625,,,,,,,,,,,
2026-08-21_ewc_vitality-vs-spirit_mirage,magixx,CT,2,61.8125,stop,12960,counterstrafe,78.125,162.309814453125,18.390260696411133,0.0,0.0,,,0.0,0.164794921875,,,,,,,,,,,
2026-08-21_ewc_vitality-vs-spirit_mirage,magixx,CT,2,61.8125,stop,13138,release,78.125,165.09332275390625,17.379234313964844,0.0,1.0,0.0,17.379234313964844,1.0,1.6170501708984375,,,,,,,,,,,
2026-08-21_ewc_vitality-vs-spirit_mirage,magixx,CT,2,61.8125,peek,10386,,,,,,,,,,,commit,293.7006040872146,1484.375,4984.375,0.0,250.00704956054688,0.0,37.35589599609375,1.0,1.2230097607035184,0.0
2026-08-21_ewc_vitality-vs-spirit_mirage,magixx,CT,2,61.8125,peek,11068,,,,,,,,,,,wide,294.61919027476205,1484.375,2843.75,1.0,229.40609741210938,0.0,0.0,1.0,10.571048760852163,0.0
2026-08-21_ewc_vitality-vs-spirit_mirage,magixx,CT,2,61.8125,peek,11958,,,,,,,,,,,traversal,332.2379354872948,1484.375,4984.375,0.0,250.0106964111328,0.0,71.14813995361328,2.0,0.30015176521494297,0.0
2026-08-21_ewc_vitality-vs-spirit_mirage,magixx,CT,3,107.90625,stop,17944,release,78.125,163.1477813720703,26.41921043395996,0.0,0.0,,,1.0,0.230712890625,,,,,,,,,,,
2026-08-21_ewc_vitality-vs-spirit_mirage,magixx,CT,3,107.90625,stop,18088,release,140.625,155.63787841796875,32.82488250732422,0.0,0.0,,,1.0,0.0,,,,,,,,,,,
2026-08-21_ewc_vitality-vs-spirit_mirage,magixx,CT,3,107.90625,stop,18156,release,46.875,172.7415008544922,32.14673614501953,0.0,0.0,,,0.0,2.376129150390625,,,,,,,,,,,
2026-08-21_ewc_vitality-vs-spirit_mirage,magixx,CT,3,107.90625,stop,18417,release,15.625,200.8927764892578,5.228611469268799,0.0,0.0,,,1.0,0.19775390625,,,,,,,,,,,
2026-08-21_ewc_vitality-vs-spirit_mirage,magixx,CT,3,107.90625,stop,18553,release,62.5,156.0239715576172,33.51416778564453,0.0,0.0,,,1.0,0.0662689208984375,,,,,,,,,,,
2026-08-21_ewc_vitality-vs-spirit_mirage,magixx,CT,3,107.90625,stop,18643,crouch_stop,31.25,231.28970336914062,34.780887603759766,1.0,0.0,,,0.0,0.0,,,,,,,,,,,
2026-08-21_ewc_vitality-vs-spirit_mirage,magixx,CT,3,107.90625,stop,18646,crouch_stop,78.125,231.28970336914062,34.99336624145508,1.0,0.0,,,1.0,0.0,,,,,,,,,,,
2026-08-21_ewc_vitality-vs-spirit_mirage,magixx,CT,3,107.90625,stop,18759,release,78.125,171.33419799804688,25.4768009185791,0.0,0.0,,,1.0,0.0,,,,,,,,,,,
2026-08-21_ewc_vitality-vs-spirit_mirage,magixx,CT,3,107.90625,stop,18852,release,31.25,191.87908935546875,31.178760528564453,0.0,0.0,,,1.0,0.3299407958984375,,,,,,,,,,,
2026-08-21_ewc_vitality-vs-spirit_mirage,magixx,CT,3,107.90625,stop,18953,release,78.125,177.64974975585938,22.841388702392578,0.0,0.0,,,1.0,0.0,,,,,,,,,,,
2026-08-21_ewc_vitality-vs-spirit_mirage,magixx,CT,3,107.90625,stop,19052,release,31.25,208.53463745117188,26.75924301147461,0.0,0.0,,,0.0,0.0,,,,,,,,,,,
2026-08-21_ewc_vitality-vs-spirit_mirage,magixx,CT,3,107.90625,stop,21822,counterstrafe,93.75,162.74351501464844,30.273252487182617,0.0,0.0,,,1.0,2.40875244140625,,,,,,,,,,,
2026-08-21_ewc_vitality-vs-spirit_mirage,magixx,CT,3,107.90625,stop,22077,counterstrafe,78.125,163.47280883789062,22.594480514526367,0.0,0.0,,,0.0,0.990142822265625,,,,,,,,,,,
2026-08-21_ewc_vitality-vs-spirit_mirage,magixx,CT,3,107.90625,stop,22138,counterstrafe,78.125,161.0000457763672,25.40740394592285,0.0,0.0,,,0.0,1.48486328125,,,,,,,,,,,
2026-08-21_ewc_vitality-vs-spirit_mirage,magixx,CT,3,107.90625,stop,22449,counterstrafe,78.125,166.30918884277344,27.48554801940918,0.0,0.0,,,1.0,0.8579559326171875,,,,,,,,,,,
2026-08-21_ewc_vitality-vs-spirit_mirage,magixx,CT,3,107.90625,stop,22473,counterstrafe,78.125,151.66525268554688,24.447561264038086,0.0,0.0,,,1.0,1.220855712890625,,,,,,,,,,,
2026-08-21_ewc_vitality-vs-spirit_mirage,magixx,CT,3,107.90625,stop,22499,counterstrafe,78.125,154.60528564453125,13.330617904663086,0.0,0.0,,,1.0,0.95684814453125,,,,,,,,,,,
2026-08-21_ewc_vitality-vs-spirit_mirage,magixx,CT,3,107.90625,stop,23626,counterstrafe,78.125,163.31019592285156,27.542882919311523,0.0,1.0,125.0,96.11228942871094,1.0,0.032958984375,,,,,,,,,,,
2026-08-21_ewc_vitality-vs-spirit_mirage,magixx,CT,3,107.90625,stop,23638,counterstrafe,265.625,163.31019592285156,32.315887451171875,0.0,1.0,0.0,32.315887451171875,0.0,4.81787109375,,,,,,,,,,,
2026-08-21_ewc_vitality-vs-spirit_mirage,magixx,CT,3,107.90625,stop,23783,counterstrafe,78.125,161.23655700683594,29.964229583740234,0.0,0.0,,,0.0,0.0992279052734375,,,,,,,,,,,
2026-08-21_ewc_vitality-vs-spirit_mirage,magixx,CT,3,107.90625,stop,23835,counterstrafe,78.125,174.21205139160156,33.98575973510742,0.0,0.0,,,1.0,1.6500091552734375,,,,,,,,,,,
2026-08-21_ewc_vitality-vs-spirit_mirage,magixx,CT,3,107.90625,stop,23859,release,78.125,151.48309326171875,23.423126220703125,0.0,0.0,,,1.0,0.0,,,,,,,,,,,
2026-08-21_ewc_vitality-vs-spirit_mirage,magixx,CT,3,107.90625,stop,24045,counterstrafe,93.75,180.9219512939453,13.531702041625977,0.0,0.0,,,1.0,0.032958984375,,,,,,,,,,,
2026-08-21_ewc_vitality-vs-spirit_mirage,magixx,CT,3,107.90625,stop,24067,release,93.75,155.48321533203125,27.44803810119629,0.0,0.0,,,1.0,0.3299407958984375,,,,,,,,,,,
2026-08-21_ewc_vitality-vs-spirit_mirage,magixx,CT,3,107.90625,stop,24226,counterstrafe,281.25,151.3999786376953,22.188743591308594,0.0,0.0,,,1.0,4.5871124267578125,,,,,,,,,,,
2026-08-21_ewc_vitality-vs-spirit_mirage,magixx,CT,3,107.90625,peek,17994,,,,,,,,,,,traversal,30.838223132763645,1015.625,1015.625,1.0,142.3245849609375,0.0,1.154937744140625,0.0,0.4175707494700553,0.0
2026-08-21_ewc_vitality-vs-spirit_mirage,magixx,CT,3,107.90625,peek,18064,,,,,,,,,,,traversal,36.78041584971359,421.875,421.875,1.0,155.63787841796875,0.0,3.56402587890625,0.0,0.766840338883239,0.0
2026-08-21_ewc_vitality-vs-spirit_mirage,magixx,CT,3,107.90625,peek,18439,,,,,,,,,,,wide,235.62526884823325,1484.375,2953.125,1.0,230.18331909179688,0.10416666666666667,24.024017333984375,0.0,14.174747764604733,0.0
2026-08-21_ewc_vitality-vs-spirit_mirage,magixx,CT,3,107.90625,peek,19424,,,,,,,,,,,traversal,64.36387771116614,1140.625,4984.375,0.0,88.02964782714844,0.6756756756756757,7.92010498046875,0.0,0.2295571955112497,1.0
2026-08-21_ewc_vitality-vs-spirit_mirage,magixx,CT,3,107.90625,peek,20860,,,,,,,,,,,traversal,131.32803166522024,1468.75,4984.375,0.0,124.79698181152344,0.9052631578947369,0.626922607421875,0.0,0.24044590886104417,1.0
2026-08-21_ewc_vitality-vs-spirit_mirage,magixx,CT,3,107.90625,peek,21716,,,,,,,,,,,narrow,88.42143063358576,1281.25,1906.25,1.0,137.2803955078125,0.0,17.225875854492188,0.0,2.0555083831408574,0.0
2026-08-21_ewc_vitality-vs-spirit_mirage,magixx,CT,3,107.90625,peek,21932,,,,,,,,,,,narrow,93.04492525538993,890.625,4875.0,1.0,124.80760192871094,0.9482758620689655,16.86297607421875,0.0,2.962731133424135,1.0
2026-08-21_ewc_vitality-vs-spirit_mirage,magixx,CT,3,107.90625,peek,22432,,,,,,,,,,,jiggle,28.062429953967737,343.75,343.75,1.0,166.30918884277344,0.0,4.9829864501953125,0.0,18.517368434659904,0.0
2026-08-21_ewc_vitality-vs-spirit_mirage,magixx,CT,3,107.90625,peek,22611,,,,,,,,,,,traversal,256.57808577849283,1484.375,4984.375,0.0,250.00926208496094,0.0,162.72366333007812,5.0,0.3121115318489458,0.0
2026-08-21_ewc_vitality-vs-spirit_mirage,magixx,CT,4,89.59375,stop,27638,counter_fwd,78.125,164.4574432373047,27.925268173217773,0.0,1.0,0.0,27.925268173217773,0.0,0.1981048583984375,,,,,,,,,,,
2026-08-21_ewc_vitality-vs-spirit_mirage,magixx,CT,4,89.59375,stop,27739,counterstrafe,78.125,164.14328002929688,24.932783126831055,0.0,0.0,,,1.0,0.0,,,,,,,,,,,
2026-08-21_ewc_vitality-vs-spirit_mirage,magixx,CT,4,89.59375,stop,29201,counter_fwd,140.625,162.989990234375,18.85293960571289,0.0,1.0,15.625,13.390426635742188,0.0,0.098876953125,,,,,,,,,,,
2026-08-21_ewc_vitality-vs-spirit_mirage,magixx,CT,4,89.59375,stop,29339,counter_fwd,203.125,156.29891967773438,26.47490692138672,0.0,1.0,15.625,1.8472267389297485,0.0,0.06591796875,,,,,,,,,,,
2026-08-21_ewc_vitality-vs-spirit_mirage,magixx,CT,4,89.59375,peek,28047,,,,,,,,,,,traversal,43.52351329679947,1453.125,1453.125,1.0,89.96192169189453,1.0,0.231048583984375,0.0,0.38350321887566763,1.0
2026-08-21_ewc_vitality-vs-spirit_mirage,magixx,CT,4,89.59375,peek,29164,,,,,,,,,,,traversal,86.16661487660375,562.5,906.25,1.0,223.3490447998047,0.0,3.893951416015625,1.0,0.22690710916392437,0.0
2026-08-21_ewc_vitality-vs-spirit_mirage,magixx,CT,4,89.59375,peek,29591,,,,,,,,,,,traversal,127.48524514870738,1484.375,4984.375,0.0,215.7220001220703,0.0625,96.06240844726562,0.0,0.12775431123104636,0.0
2026-08-21_ewc_vitality-vs-spirit_mirage,magixx,CT,4,89.59375,peek,30866,,,,,,,,,,,traversal,26.83837905310526,1484.375,1484.375,1.0,105.0859375,0.20833333333333334,101.83777618408203,0.0,0.6386437238238677,0.0
2026-08-21_ewc_vitality-vs-spirit_mirage,magixx,CT,4,89.59375,peek,31005,,,,,,,,,,,traversal,39.03772249783833,484.375,484.375,1.0,109.53125,1.0,1.023101806640625,0.0,0.573765252779136,1.0
2026-08-21_ewc_vitality-vs-spirit_mirage,magixx,CT,4,89.59375,peek,31183,,,,,,,,,,,jiggle,57.76538090351841,625.0,984.375,1.0,113.20022583007812,1.0,59.92835235595703,0.0,1.0860784375303707,1.0
2026-08-21_ewc_vitality-vs-spirit_mirage,magixx,CT,4,89.59375,peek,31384,,,,,,,,,,,jiggle,7.774316537938012,125.0,125.0,1.0,83.50125122070312,0.0,1.6170501708984375,0.0,5.374889969184839,0.0
2026-08-21_ewc_vitality-vs-spirit_mirage,magixx,CT,4,89.59375,peek,31596,,,,,,,,,,,commit,169.76960718306108,1484.375,4984.375,0.0,124.80608367919922,0.9791666666666666,55.868919372558594,1.0,3.0111234422139352,1.0
2026-08-21_ewc_vitality-vs-spirit_mirage,magixx,CT,4,89.59375,peek,32520,,,,,,,,,,,traversal,98.29093772995009,625.0,734.375,0.0,189.91986083984375,0.0,71.54399108886719,0.0,0.846444665365481,0.0
2026-08-21_ewc_vitality-vs-spirit_mirage,magixx,CT,5,95.53125,stop,34170,release,15.625,246.61434936523438,10.742233276367188,0.0,0.0,,,1.0,0.0,,,,,,,,,,,
2026-08-21_ewc_vitality-vs-spirit_mirage,magixx,CT,5,95.53125,stop,34972,counter_fwd,78.125,161.8789520263672,24.622970581054688,0.0,1.0,0.0,24.622970581054688,0.0,0.2969818115234375,,,,,,,,,,,
2026-08-21_ewc_vitality-vs-spirit_mirage,magixx,CT,5,95.53125,stop,35069,release,93.75,168.0903778076172,27.26486587524414,0.0,0.0,,,1.0,0.0,,,,,,,,,,,
2026-08-21_ewc_vitality-vs-spirit_mirage,magixx,CT,5,95.53125,stop,35192,release,62.5,159.47659301757812,10.857407569885254,0.0,0.0,,,1.0,0.132171630859375,,,,,,,,,,,
2026-08-21_ewc_vitality-vs-spirit_mirage,magixx,CT,5,95.53125,stop,35199,release,171.875,159.47659301757812,34.04755401611328,0.0,0.0,,,1.0,0.79205322265625,,,,,,,,,,,
2026-08-21_ewc_vitality-vs-spirit_mirage,magixx,CT,5,95.53125,stop,35206,release,281.25,159.47659301757812,12.555649757385254,0.0,0.0,,,1.0,1.683319091796875,,,,,,,,,,,
2026-08-21_ewc_vitality-vs-spirit_mirage,magixx,CT,5,95.53125,stop,35212,release,375.0,159.47659301757812,31.755765914916992,0.0,0.0,,,1.0,2.01324462890625,,,,,,,,,,,
2026-08-21_ewc_vitality-vs-spirit_mirage,magixx,CT,5,95.53125,stop,37224,counterstrafe,93.75,162.24560546875,28.174999237060547,0.0,0.0,,,0.0,1.121978759765625,,,,,,,,,,,
2026-08-21_ewc_vitality-vs-spirit_mirage,magixx,CT,5,95.53125,stop,37297,counterstrafe,93.75,154.75698852539062,21.377328872680664,0.0,0.0,,,1.0,0.593963623046875,,,,,,,,,,,
2026-08-21_ewc_vitality-vs-spirit_mirage,magixx,CT,5,95.53125,stop,37322,counterstrafe,93.75,153.57554626464844,28.623760223388672,0.0,0.0,,,1.0,0.59393310546875,,,,,,,,,,,
2026-08-21_ewc_vitality-vs-spirit_mirage,magixx,CT,5,95.53125,stop,37374,counterstrafe,109.375,150.7599639892578,12.006287574768066,0.0,0.0,,,1.0,1.187896728515625,,,,,,,,,,,
2026-08-21_ewc_vitality-vs-spirit_mirage,magixx,CT,5,95.53125,stop,37397,counterstrafe,93.75,158.87144470214844,10.56268310546875,0.0,0.0,,,1.0,0.6602020263671875,,,,,,,,,,,
2026-08-21_ewc_vitality-vs-spirit_mirage,magixx,CT,5,95.53125,stop,37521,counterstrafe,78.125,155.13351440429688,27.341930389404297,0.0,0.0,,,1.0,0.5939483642578125,,,,,,,,,,,
2026-08-21_ewc_vitality-vs-spirit_mirage,magixx,CT,5,95.53125,stop,37574,counterstrafe,93.75,153.38731384277344,21.838909149169922,0.0,0.0,,,1.0,0.5276947021484375,,,,,,,,,,,
2026-08-21_ewc_vitality-vs-spirit_mirage,magixx,CT,5,95.53125,stop,37657,counterstrafe,93.75,151.744873046875,25.280479431152344,0.0,0.0,,,1.0,0.59393310546875,,,,,,,,,,,
2026-08-21_ewc_vitality-vs-spirit_mirage,magixx,CT,5,95.53125,stop,37681,counterstrafe,78.125,151.1258544921875,11.942538261413574,0.0,0.0,,,1.0,0.3628997802734375,,,,,,,,,,,
2026-08-21_ewc_vitality-vs-spirit_mirage,magixx,CT,5,95.53125,stop,37731,release,78.125,151.46409606933594,20.716323852539062,0.0,0.0,,,1.0,0.6931610107421875,,,,,,,,,,,
2026-08-21_ewc_vitality-vs-spirit_mirage,magixx,CT,5,95.53125,stop,37779,counterstrafe,78.125,154.09059143066406,30.811859130859375,0.0,0.0,,,1.0,0.89093017578125,,,,,,,,,,,
2026-08-21_ewc_vitality-vs-spirit_mirage,magixx,CT,5,95.53125,stop,37832,counterstrafe,62.5,150.43115234375,34.88917541503906,0.0,0.0,,,1.0,0.5280303955078125,,,,,,,,,,,
2026-08-21_ewc_vitality-vs-spirit_mirage,magixx,CT,5,95.53125,stop,37963,release,93.75,154.71981811523438,11.929608345031738,0.0,0.0,,,1.0,0.1651458740234375,,,,,,,,,,,
2026-08-21_ewc_vitality-vs-spirit_mirage,magixx,CT,5,95.53125,stop,38045,counterstrafe,109.375,157.04800415039062,23.094270706176758,0.0,0.0,,,1.0,0.461761474609375,,,,,,,,,,,
2026-08-21_ewc_vitality-vs-spirit_mirage,magixx,CT,5,95.53125,stop,38070,counterstrafe,93.75,153.43736267089844,30.456560134887695,0.0,0.0,,,1.0,0.231048583984375,,,,,,,,,,,
2026-08-21_ewc_vitality-vs-spirit_mirage,magixx,CT,5,95.53125,stop,38166,counterstrafe,93.75,151.10462951660156,18.369644165039062,0.0,0.0,,,1.0,0.362884521484375,,,,,,,,,,,
2026-08-21_ewc_vitality-vs-spirit_mirage,magixx,CT,5,95.53125,stop,38315,counterstrafe,78.125,154.6967010498047,31.283010482788086,0.0,0.0,,,1.0,0.395843505859375,,,,,,,,,,,
2026-08-21_ewc_vitality-vs-spirit_mirage,magixx,CT,5,95.53125,stop,38673,counterstrafe,78.125,180.75607299804688,29.810102462768555,0.0,0.0,,,1.0,0.0,,,,,,,,,,,
2026-08-21_ewc_vitality-vs-spirit_mirage,magixx,CT,5,95.53125,stop,38691,counterstrafe,359.375,180.75607299804688,24.21490478515625,0.0,0.0,,,1.0,0.0,,,,,,,,,,,
2026-08-21_ewc_vitality-vs-spirit_mirage,magixx,CT,5,95.53125,stop,38724,counterstrafe,62.5,151.0018768310547,33.25861740112305,0.0,0.0,,,1.0,0.0,,,,,,,,,,,
2026-08-21_ewc_vitality-vs-spirit_mirage,magixx,CT,5,95.53125,stop,38745,release,78.125,158.42947387695312,34.024898529052734,0.0,0.0,,,1.0,0.0,,,,,,,,,,,
2026-08-21_ewc_vitality-vs-spirit_mirage,magixx,CT,5,95.53125,stop,39052,counterstrafe,125.0,167.88565063476562,34.99224853515625,0.0,1.0,218.75,38.83518600463867,1.0,0.099578857421875,,,,,,,,,,,
2026-08-21_ewc_vitality-vs-spirit_mirage,magixx,CT,5,95.53125,stop,39063,counterstrafe,296.875,167.88565063476562,24.314655303955078,0.0,1.0,46.875,38.83518600463867,1.0,0.46282958984375,,,,,,,,,,,
2026-08-21_ewc_vitality-vs-spirit_mirage,magixx,CT,5,95.53125,stop,39119,release,78.125,150.08287048339844,27.366588592529297,0.0,1.0,281.25,0.0,0.0,0.0,,,,,,,,,,,
2026-08-21_ewc_vitality-vs-spirit_mirage,magixx,CT,5,95.53125,stop,39405,counterstrafe,78.125,162.6273651123047,14.998618125915527,0.0,0.0,,,1.0,0.3299560546875,,,,,,,,,,,
2026-08-21_ewc_vitality-vs-spirit_mirage,magixx,CT,5,95.53125,stop,39471,counterstrafe,93.75,174.62313842773438,29.832765579223633,0.0,0.0,,,1.0,0.0,,,,,,,,,,,
2026-08-21_ewc_vitality-vs-spirit_mirage,magixx,CT,5,95.53125,stop,39474,counterstrafe,140.625,174.62313842773438,32.375972747802734,0.0,0.0,,,1.0,0.0,,,,,,,,,,,
2026-08-21_ewc_vitality-vs-spirit_mirage,magixx,CT,5,95.53125,stop,39480,counterstrafe,234.375,174.62313842773438,22.15845489501953,0.0,0.0,,,1.0,0.0,,,,,,,,,,,
2026-08-21_ewc_vitality-vs-spirit_mirage,magixx,CT,5,95.53125,stop,39487,counterstrafe,343.75,174.62313842773438,11.951879501342773,0.0,0.0,,,1.0,0.0,,,,,,,,,,,
2026-08-21_ewc_vitality-vs-spirit_mirage,magixx,CT,5,95.53125,stop,39562,release,78.125,159.00454711914062,23.79629135131836,0.0,0.0,,,0.0,1.385986328125,,,,,,,,,,,
2026-08-21_ewc_vitality-vs-spirit_mirage,magixx,CT,5,95.53125,stop,39659,counterstrafe,312.5,155.2369842529297,21.72650718688965,0.0,0.0,,,1.0,2.27691650390625,,,,,,,,,,,
2026-08-21_ewc_vitality-vs-spirit_mirage,magixx,CT,5,95.53125,stop,39944,release,78.125,152.4033660888672,31.938478469848633,0.0,1.0,0.0,31.938478469848633,1.0,0.561004638671875,,,,,,,,,,,
2026-08-21_ewc_vitality-vs-spirit_mirage,magixx,CT,5,95.53125,stop,39958,counterstrafe,296.875,152.4033660888672,32.256412506103516,1.0,1.0,0.0,32.256412506103516,1.0,1.484588623046875,,,,,,,,,,,
2026-08-21_ewc_vitality-vs-spirit_mirage,magixx,CT,5,95.53125,peek,35413,,,,,,,,,,,traversal,96.58823570219674,609.375,4984.375,0.0,236.38467407226562,0.0,5.543975830078125,1.0,0.010548368749098322,0.0
2026-08-21_ewc_vitality-vs-spirit_mirage,magixx,CT,5,95.53125,peek,35827,,,,,,,,,,,commit,89.69562468531734,1484.375,4984.375,0.0,120.09873962402344,0.8125,91.24454498291016,0.0,4.204567197752594,1.0
2026-08-21_ewc_vitality-vs-spirit_mirage,magixx,CT,5,95.53125,peek,36245,,,,,,,,,,,traversal,175.2152950075245,1484.375,4984.375,0.0,130.00656127929688,1.0,142.09820556640625,4.0,0.3370022635537938,1.0
2026-08-21_ewc_vitality-vs-spirit_mirage,magixx,CT,5,95.53125,peek,37855,,,,,,,,,,,jiggle,22.827978972151364,1375.0,1375.0,1.0,148.76930236816406,0.0,4.5208587646484375,0.0,11.190928640255708,0.0
2026-08-21_ewc_vitality-vs-spirit_mirage,magixx,CT,5,95.53125,peek,37948,,,,,,,,,,,jiggle,22.45688079853922,218.75,218.75,1.0,154.71981811523438,0.0,2.111785888671875,0.0,33.365333876357795,0.0
2026-08-21_ewc_vitality-vs-spirit_mirage,magixx,CT,5,95.53125,peek,37981,,,,,,,,,,,jiggle,19.53311726189184,1015.625,1015.625,1.0,157.04800415039062,0.0,6.7974090576171875,0.0,1.8604290288460217,0.0
2026-08-21_ewc_vitality-vs-spirit_mirage,magixx,CT,5,95.53125,peek,38425,,,,,,,,,,,commit,98.89732054918815,1453.125,4984.375,0.0,155.59967041015625,0.4148936170212766,25.145965576171875,0.0,2.890219353612515,0.0
2026-08-21_ewc_vitality-vs-spirit_mirage,magixx,CT,5,95.53125,peek,39195,,,,,,,,,,,traversal,219.70489910517819,1484.375,4984.375,0.0,240.00152587890625,0.0,12.57318115234375,0.0,0.7627783183251202,0.0
2026-08-21_ewc_vitality-vs-spirit_mirage,magixx,CT,5,95.53125,peek,39924,,,,,,,,,,,jiggle,32.941781725259546,296.875,296.875,1.0,169.44174194335938,0.0,4.88409423828125,0.0,2.208116539278713,0.0
2026-08-21_ewc_vitality-vs-spirit_mirage,magixx,CT,6,85.515625,stop,45928,counter_fwd,93.75,162.2861328125,11.967477798461914,0.0,1.0,0.0,11.967477798461914,0.0,0.3628997802734375,,,,,,,,,,,
2026-08-21_ewc_vitality-vs-spirit_mirage,magixx,CT,6,85.515625,stop,46027,counterstrafe,78.125,160.6025390625,13.719372749328613,0.0,0.0,,,1.0,0.066253662109375,,,,,,,,,,,
2026-08-21_ewc_vitality-vs-spirit_mirage,magixx,CT,6,85.515625,stop,46113,release,31.25,178.7198944091797,22.490156173706055,0.0,0.0,,,1.0,0.0,,,,,,,,,,,
2026-08-21_ewc_vitality-vs-spirit_mirage,magixx,CT,6,85.515625,stop,46523,release,234.375,171.18338012695312,33.90519332885742,0.0,1.0,78.125,39.61807632446289,1.0,0.3628997802734375,,,,,,,,,,,
2026-08-21_ewc_vitality-vs-spirit_mirage,magixx,CT,6,85.515625,stop,46634,counterstrafe,93.75,157.03933715820312,9.3443021774292,0.0,1.0,0.0,9.3443021774292,1.0,0.4621124267578125,,,,,,,,,,,
2026-08-21_ewc_vitality-vs-spirit_mirage,magixx,CT,6,85.515625,stop,46720,release,15.625,155.52890014648438,27.922229766845703,0.0,0.0,,,1.0,0.0,,,,,,,,,,,
2026-08-21_ewc_vitality-vs-spirit_mirage,magixx,CT,6,85.515625,stop,46909,counterstrafe,203.125,153.20220947265625,33.98414611816406,0.0,0.0,,,0.0,0.4950714111328125,,,,,,,,,,,
2026-08-21_ewc_vitality-vs-spirit_mirage,magixx,CT,6,85.515625,stop,47137,release,109.375,181.0654754638672,32.52885818481445,0.0,0.0,,,1.0,0.0,,,,,,,,,,,
2026-08-21_ewc_vitality-vs-spirit_mirage,magixx,CT,6,85.515625,stop,47890,release,93.75,175.2082977294922,13.632445335388184,0.0,0.0,,,1.0,0.7920455932617188,,,,,,,,,,,
2026-08-21_ewc_vitality-vs-spirit_mirage,magixx,CT,6,85.515625,stop,48194,release,78.125,174.5580291748047,31.597984313964844,0.0,1.0,0.0,31.597984313964844,0.0,1.0886764526367188,,,,,,,,,,,
2026-08-21_ewc_vitality-vs-spirit_mirage,magixx,CT,6,85.515625,stop,48498,counter_fwd,78.125,155.40518188476562,14.610419273376465,0.0,0.0,,,0.0,0.329925537109375,,,,,,,,,,,
2026-08-21_ewc_vitality-vs-spirit_mirage,magixx,CT,6,85.515625,stop,48591,release,93.75,161.3092803955078,26.26062774658203,0.0,0.0,,,1.0,0.4950714111328125,,,,,,,,,,,
2026-08-21_ewc_vitality-vs-spirit_mirage,magixx,CT,6,85.515625,stop,48657,release,78.125,150.05166625976562,15.518964767456055,0.0,0.0,,,1.0,0.06591796875,,,,,,,,,,,
2026-08-21_ewc_vitality-vs-spirit_mirage,magixx,CT,6,85.515625,stop,49501,release,31.25,190.46875,0.0,0.0,0.0,,,0.0,0.32993316650390625,,,,,,,,,,,
2026-08-21_ewc_vitality-vs-spirit_mirage,magixx,CT,6,85.515625,stop,49930,release,125.0,158.5668182373047,25.06695556640625,0.0,0.0,,,0.0,0.0,,,,,,,,,,,
2026-08-21_ewc_vitality-vs-spirit_mirage,magixx,CT,6,85.515625,peek,46134,,,,,,,,,,,traversal,67.41388940034636,1296.875,4078.125,1.0,124.63787078857422,1.0,8.976165771484375,0.0,0.2599254180376082,1.0
2026-08-21_ewc_vitality-vs-spirit_mirage,magixx,CT,6,85.515625,peek,46935,,,,,,,,,,,traversal,323.50452115471484,1484.375,4984.375,0.0,245.00538635253906,0.0,35.73992919921875,2.0,0.6425176754562741,0.0
2026-08-21_ewc_vitality-vs-spirit_mirage,magixx,CT,6,85.515625,peek,48166,,,,,,,,,,,commit,197.88414344535462,1484.375,4984.375,0.0,203.98471069335938,0.0,121.6038818359375,2.0,1.6342262458942012,0.0
2026-08-21_ewc_vitality-vs-spirit_mirage,magixx,CT,6,85.515625,peek,48968,,,,,,,,,,,jiggle,16.796431180307994,203.125,203.125,1.0,123.30216217041016,0.0,1.682952880859375,0.0,2.6996175325440386,0.0
2026-08-21_ewc_vitality-vs-spirit_mirage,magixx,CT,6,85.515625,peek,49021,,,,,,,,,,,commit,105.96806556075718,1484.375,4984.375,0.0,151.47970581054688,0.5520833333333334,163.91085815429688,0.0,2.842471109845191,1.0
2026-08-21_ewc_vitality-vs-spirit_mirage,magixx,CT,6,85.515625,peek,49407,,,,,,,,,,,commit,272.5022019833492,1437.5,4984.375,0.0,215.00709533691406,0.0,34.18773651123047,0.0,5.06196957184122,0.0
2026-08-21_ewc_vitality-vs-spirit_mirage,magixx,CT,6,85.515625,peek,49780,,,,,,,,,,,traversal,64.39142287936535,1109.375,1937.5,1.0,73.10025024414062,0.0,0.0,0.0,0.0005205521562219938,0.0
2026-08-21_ewc_vitality-vs-spirit_mirage,magixx,CT,6,85.515625,peek,50152,,,,,,,,,,,traversal,343.0777782529599,1484.375,4984.375,0.0,250.00868225097656,0.0,102.46536254882812,1.0,0.11468548463941385,0.0
2026-08-21_ewc_vitality-vs-spirit_mirage,magixx,CT,7,76.609375,stop,50736,crouch_stop,46.875,162.7102813720703,11.605944633483887,1.0,0.0,,,0.0,2.17803955078125,,,,,,,,,,,
2026-08-21_ewc_vitality-vs-spirit_mirage,magixx,CT,7,76.609375,stop,50887,release,234.375,150.90232849121094,31.058856964111328,0.0,0.0,,,0.0,0.0,,,,,,,,,,,
2026-08-21_ewc_vitality-vs-spirit_mirage,magixx,CT,7,76.609375,stop,54837,counterstrafe,296.875,154.3106231689453,33.91697311401367,0.0,0.0,,,0.0,0.03330230712890625,,,,,,,,,,,
2026-08-21_ewc_vitality-vs-spirit_mirage,magixx,CT,7,76.609375,stop,54951,release,78.125,160.7933349609375,21.133237838745117,0.0,0.0,,,1.0,0.0,,,,,,,,,,,
2026-08-21_ewc_vitality-vs-spirit_mirage,magixx,CT,7,76.609375,stop,54956,release,156.25,160.7933349609375,31.348604202270508,0.0,0.0,,,1.0,0.0,,,,,,,,,,,
2026-08-21_ewc_vitality-vs-spirit_mirage,magixx,CT,7,76.609375,stop,55117,release,93.75,151.3535614013672,26.803104400634766,0.0,0.0,,,1.0,0.032958984375,,,,,,,,,,,
2026-08-21_ewc_vitality-vs-spirit_mirage,magixx,CT,7,76.609375,stop,56647,counterstrafe,93.75,157.2659454345703,30.123432159423828,0.0,0.0,,,0.0,0.0,,,,,,,,,,,
2026-08-21_ewc_vitality-vs-spirit_mirage,magixx,CT,7,76.609375,peek,50775,,,,,,,,,,,traversal,187.72768724224568,1484.375,4984.375,0.0,250.00436401367188,0.0,0.0,2.0,0.0001251915254925688,0.0
2026-08-21_ewc_vitality-vs-spirit_mirage,magixx,CT,7,76.609375,peek,53295,,,,,,,,,,,commit,157.38108423327486,1484.375,4984.375,0.0,117.00745391845703,1.0,121.37419891357422,0.0,2.1460791799511965,1.0
2026-08-21_ewc_vitality-vs-spirit_mirage,magixx,CT,7,76.609375,peek,54181,,,,,,,,,,,jiggle,10.535346035490816,1437.5,1437.5,1.0,124.34718322753906,0.0,5.3448486328125,0.0,6.8156218542454745,0.0
2026-08-21_ewc_vitality-vs-spirit_mirage,magixx,CT,7,76.609375,peek,54303,,,,,,,,,,,jiggle,14.311994624409923,1125.0,1125.0,1.0,93.87986755371094,0.0,2.1447372436523438,0.0,3.632669210559371,0.0
2026-08-21_ewc_vitality-vs-spirit_mirage,magixx,CT,7,76.609375,peek,54651,,,,,,,,,,,jiggle,12.23785403373815,1234.375,1234.375,1.0,106.05118560791016,0.0,3.4644699096679688,0.0,3.7639939315942383,0.0
2026-08-21_ewc_vitality-vs-spirit_mirage,magixx,CT,7,76.609375,peek,54775,,,,,,,,,,,narrow,81.68714347725435,1250.0,1625.0,1.0,172.22996520996094,0.24691358024691357,7.128753662109375,0.0,5.131709412795738,0.0
2026-08-21_ewc_vitality-vs-spirit_mirage,magixx,CT,7,76.609375,peek,54924,,,,,,,,,,,jiggle,51.8441563985129,406.25,703.125,1.0,193.13722229003906,0.0,4.8841094970703125,0.0,3.337696254535534,0.0
2026-08-21_ewc_vitality-vs-spirit_mirage,magixx,CT,7,76.609375,peek,55077,,,,,,,,,,,jiggle,18.868967971055294,234.375,234.375,1.0,129.24139404296875,0.0,1.023101806640625,0.0,3.6349388484012066,0.0
2026-08-21_ewc_vitality-vs-spirit_mirage,magixx,CT,7,76.609375,peek,55249,,,,,,,,,,,commit,180.3959054788204,1484.375,4984.375,0.0,156.7149658203125,0.8541666666666666,158.86229705810547,2.0,1.3974968203981963,1.0
2026-08-21_ewc_vitality-vs-spirit_mirage,magixx,CT,7,76.609375,peek,56755,,,,,,,,,,,commit,69.24111748195396,656.25,984.375,0.0,131.3675079345703,0.7906976744186046,24.881973266601562,0.0,4.536277380977253,1.0
2026-08-21_ewc_vitality-vs-spirit_mirage,magixx,CT,8,104.171875,stop,64145,counterstrafe,78.125,159.7243194580078,27.40981674194336,0.0,0.0,,,1.0,0.3958587646484375,,,,,,,,,,,
2026-08-21_ewc_vitality-vs-spirit_mirage,magixx,CT,8,104.171875,stop,64151,counterstrafe,171.875,159.7243194580078,21.380666732788086,0.0,0.0,,,1.0,7.1936492919921875,,,,,,,,,,,
2026-08-21_ewc_vitality-vs-spirit_mirage,magixx,CT,8,104.171875,stop,64207,counterstrafe,78.125,171.86341857910156,27.628416061401367,0.0,0.0,,,1.0,0.164794921875,,,,,,,,,,,
2026-08-21_ewc_vitality-vs-spirit_mirage,magixx,CT,8,104.171875,stop,64233,counterstrafe,93.75,172.76211547851562,9.993213653564453,0.0,0.0,,,1.0,0.032958984375,,,,,,,,,,,
2026-08-21_ewc_vitality-vs-spirit_mirage,magixx,CT,8,104.171875,stop,64258,counterstrafe,78.125,159.40438842773438,18.51276969909668,0.0,0.0,,,1.0,0.461761474609375,,,,,,,,,,,
2026-08-21_ewc_vitality-vs-spirit_mirage,magixx,CT,8,104.171875,stop,64307,release,78.125,151.1771240234375,26.048851013183594,0.0,0.0,,,1.0,0.3299407958984375,,,,,,,,,,,
2026-08-21_ewc_vitality-vs-spirit_mirage,magixx,CT,8,104.171875,stop,64338,counterstrafe,93.75,172.09332275390625,12.482937812805176,0.0,0.0,,,0.0,0.164794921875,,,,,,,,,,,
2026-08-21_ewc_vitality-vs-spirit_mirage,magixx,CT,8,104.171875,stop,64363,counterstrafe,78.125,164.03492736816406,31.98754119873047,0.0,0.0,,,1.0,0.1651458740234375,,,,,,,,,,,
2026-08-21_ewc_vitality-vs-spirit_mirage,magixx,CT,8,104.171875,stop,64399,counterstrafe,93.75,160.74224853515625,27.408857345581055,0.0,0.0,,,1.0,0.264007568359375,,,,,,,,,,,
2026-08-21_ewc_vitality-vs-spirit_mirage,magixx,CT,8,104.171875,stop,64425,counterstrafe,78.125,152.36697387695312,21.80909538269043,0.0,0.0,,,1.0,0.198089599609375,,,,,,,,,,,
2026-08-21_ewc_vitality-vs-spirit_mirage,magixx,CT,8,104.171875,stop,64455,counterstrafe,93.75,162.66830444335938,18.60016632080078,0.0,0.0,,,1.0,0.032958984375,,,,,,,,,,,
2026-08-21_ewc_vitality-vs-spirit_mirage,magixx,CT,8,104.171875,stop,64482,release,78.125,167.6461944580078,31.968292236328125,0.0,0.0,,,0.0,0.0,,,,,,,,,,,
2026-08-21_ewc_vitality-vs-spirit_mirage,magixx,CT,8,104.171875,stop,64510,counterstrafe,78.125,154.03404235839844,19.993824005126953,0.0,0.0,,,1.0,0.06591796875,,,,,,,,,,,
2026-08-21_ewc_vitality-vs-spirit_mirage,magixx,CT,8,104.171875,stop,64540,counterstrafe,78.125,159.24212646484375,24.4335880279541,0.0,0.0,,,1.0,0.0,,,,,,,,,,,
2026-08-21_ewc_vitality-vs-spirit_mirage,magixx,CT,8,104.171875,stop,64616,release,78.125,152.3511962890625,34.146331787109375,0.0,0.0,,,1.0,0.098876953125,,,,,,,,,,,
2026-08-21_ewc_vitality-vs-spirit_mirage,magixx,CT,8,104.171875,stop,64667,release,93.75,164.62408447265625,27.36907958984375,0.0,0.0,,,0.0,0.593963623046875,,,,,,,,,,,
2026-08-21_ewc_vitality-vs-spirit_mirage,magixx,CT,8,104.171875,stop,64693,release,93.75,163.0546875,22.513023376464844,0.0,0.0,,,0.0,0.165130615234375,,,,,,,,,,,
2026-08-21_ewc_vitality-vs-spirit_mirage,magixx,CT,8,104.171875,stop,64752,release,93.75,164.17782592773438,11.98059368133545,0.0,0.0,,,1.0,0.1321868896484375,,,,,,,,,,,
2026-08-21_ewc_vitality-vs-spirit_mirage,magixx,CT,8,104.171875,stop,64768,release,343.75,164.17782592773438,30.26861572265625,0.0,0.0,,,1.0,1.2212066650390625,,,,,,,,,,,
2026-08-21_ewc_vitality-vs-spirit_mirage,magixx,CT,8,104.171875,stop,65254,counter_fwd,125.0,151.5756378173828,31.090730667114258,0.0,1.0,328.125,127.90158081054688,0.0,0.0,,,,,,,,,,,
2026-08-21_ewc_vitality-vs-spirit_mirage,magixx,CT,8,104.171875,stop,67316,release,328.125,170.37112426757812,18.41912269592285,0.0,1.0,93.75,81.89579772949219,0.0,2.111785888671875,,,,,,,,,,,
2026-08-21_ewc_vitality-vs-spirit_mirage,magixx,CT,8,104.171875,stop,67440,counter_fwd,109.375,158.45826721191406,15.467691421508789,0.0,0.0,,,1.0,0.0,,,,,,,,,,,
2026-08-21_ewc_vitality-vs-spirit_mirage,magixx,CT,8,104.171875,stop,67982,release,15.625,224.99313354492188,0.0,0.0,0.0,,,0.0,0.23105621337890625,,,,,,,,,,,
2026-08-21_ewc_vitality-vs-spirit_mirage,magixx,CT,8,104.171875,stop,68185,counterstrafe,78.125,154.4860382080078,15.67012882232666,0.0,0.0,,,1.0,0.230712890625,,,,,,,,,,,
2026-08-21_ewc_vitality-vs-spirit_mirage,magixx,CT,8,104.171875,stop,68792,release,31.25,187.01821899414062,0.0,0.0,1.0,328.125,0.0,0.0,0.1981048583984375,,,,,,,,,,,
2026-08-21_ewc_vitality-vs-spirit_mirage,magixx,CT,8,104.171875,stop,68935,counterstrafe,93.75,159.15133666992188,34.629825592041016,0.0,0.0,,,1.0,0.7257843017578125,,,,,,,,,,,
2026-08-21_ewc_vitality-vs-spirit_mirage,magixx,CT,8,104.171875,stop,68957,counterstrafe,78.125,153.21876525878906,19.01028060913086,0.0,0.0,,,1.0,0.0,,,,,,,,,,,
2026-08-21_ewc_vitality-vs-spirit_mirage,magixx,CT,8,104.171875,stop,69028,counterstrafe,78.125,151.936767578125,23.22287368774414,0.0,1.0,0.0,23.22287368774414,1.0,0.23105621337890625,,,,,,,,,,,
2026-08-21_ewc_vitality-vs-spirit_mirage,magixx,CT,8,104.171875,stop,69090,release,218.75,193.02442932128906,30.464191436767578,0.0,1.0,125.0,33.37544250488281,0.0,3.0030441284179688,,,,,,,,,,,
2026-08-21_ewc_vitality-vs-spirit_mirage,magixx,CT,8,104.171875,stop,69136,release,62.5,173.6476593017578,15.04454517364502,0.0,0.0,,,1.0,0.06591796875,,,,,,,,,,,
2026-08-21_ewc_vitality-vs-spirit_mirage,magixx,CT,8,104.171875,stop,69229,counterstrafe,78.125,173.19140625,33.75775909423828,0.0,0.0,,,1.0,0.4288177490234375,,,,,,,,,,,
2026-08-21_ewc_vitality-vs-spirit_mirage,magixx,CT,8,104.171875,stop,69242,counterstrafe,281.25,173.19140625,32.277618408203125,0.0,0.0,,,1.0,0.4947357177734375,,,,,,,,,,,
2026-08-21_ewc_vitality-vs-spirit_mirage,magixx,CT,8,104.171875,stop,69308,release,218.75,165.11061096191406,23.15287208557129,0.0,0.0,,,1.0,0.89129638671875,,,,,,,,,,,
2026-08-21_ewc_vitality-vs-spirit_mirage,magixx,CT,8,104.171875,stop,69314,release,312.5,165.11061096191406,25.925020217895508,0.0,0.0,,,1.0,1.08905029296875,,,,,,,,,,,
2026-08-21_ewc_vitality-vs-spirit_mirage,magixx,CT,8,104.171875,stop,69361,release,78.125,155.81214904785156,28.282461166381836,0.0,0.0,,,1.0,0.13217926025390625,,,,,,,,,,,
2026-08-21_ewc_vitality-vs-spirit_mirage,magixx,CT,8,104.171875,stop,69377,counterstrafe,328.125,155.81214904785156,15.04213809967041,0.0,0.0,,,1.0,1.9469833374023438,,,,,,,,,,,
2026-08-21_ewc_vitality-vs-spirit_mirage,magixx,CT,8,104.171875,stop,69417,counterstrafe,78.125,150.4550018310547,22.555856704711914,0.0,0.0,,,1.0,0.0,,,,,,,,,,,
2026-08-21_ewc_vitality-vs-spirit_mirage,magixx,CT,8,104.171875,stop,69425,counterstrafe,203.125,150.4550018310547,17.337608337402344,0.0,0.0,,,1.0,0.495086669921875,,,,,,,,,,,
2026-08-21_ewc_vitality-vs-spirit_mirage,magixx,CT,8,104.171875,stop,69769,release,62.5,165.34661865234375,34.256317138671875,0.0,0.0,,,1.0,0.92388916015625,,,,,,,,,,,
2026-08-21_ewc_vitality-vs-spirit_mirage,magixx,CT,8,104.171875,stop,69792,counterstrafe,93.75,151.109375,24.370027542114258,0.0,0.0,,,1.0,2.47467041015625,,,,,,,,,,,
2026-08-21_ewc_vitality-vs-spirit_mirage,magixx,CT,8,104.171875,stop,69847,counterstrafe,78.125,179.11404418945312,33.40467071533203,0.0,1.0,15.625,8.880066871643066,1.0,3.003387451171875,,,,,,,,,,,
2026-08-21_ewc_vitality-vs-spirit_mirage,magixx,CT,8,104.171875,stop,69863,counterstrafe,328.125,179.11404418945312,32.49361801147461,1.0,1.0,0.0,32.49361801147461,1.0,6.23712158203125,,,,,,,,,,,
2026-08-21_ewc_vitality-vs-spirit_mirage,magixx,CT,8,104.171875,peek,65131,,,,,,,,,,,jiggle,15.79514877133046,343.75,343.75,1.0,70.06487274169922,1.0,0.6598663330078125,0.0,1.3821942714912085,1.0
2026-08-21_ewc_vitality-vs-spirit_mirage,magixx,CT,8,104.171875,peek,65237,,,,,,,,,,,traversal,156.36728045009096,1484.375,4984.375,0.0,151.5756378173828,0.6979166666666666,30.030105590820312,2.0,0.8171268199875718,1.0
2026-08-21_ewc_vitality-vs-spirit_mirage,magixx,CT,8,104.171875,peek,67019,,,,,,,,,,,traversal,49.95863108929661,1484.375,4984.375,0.0,65.73162078857422,0.0,4.223899841308594,3.0,0.9041169985238308,0.0
2026-08-21_ewc_vitality-vs-spirit_mirage,magixx,CT,8,104.171875,peek,67860,,,,,,,,,,,traversal,151.2370898244277,1484.375,4984.375,0.0,222.46046447753906,0.5208333333333334,16.499404907226562,0.0,0.8743773966013454,1.0
2026-08-21_ewc_vitality-vs-spirit_mirage,magixx,CT,8,104.171875,peek,68828,,,,,,,,,,,traversal,48.16972503901078,421.875,500.0,1.0,188.42918395996094,0.0,0.0,1.0,0.1858941071243775,0.0
2026-08-21_ewc_vitality-vs-spirit_mirage,magixx,CT,8,104.171875,peek,69155,,,,,,,,,,,commit,178.6077025801748,1156.25,4984.375,0.0,225.00001525878906,0.0,63.29395294189453,0.0,3.2481670266768394,0.0
2026-08-21_ewc_vitality-vs-spirit_mirage,magixx,CT,8,104.171875,peek,69521,,,,,,,,,,,jiggle,21.058547547692513,1359.375,1359.375,1.0,144.067626953125,0.0,37.32368469238281,0.0,5.438189830012217,0.0
2026-08-21_ewc_vitality-vs-spirit_mirage,magixx,CT,9,138.203125,stop,73091,counter_fwd,62.5,151.5436248779297,34.828861236572266,0.0,1.0,0.0,34.828861236572266,0.0,0.165130615234375,,,,,,,,,,,
2026-08-21_ewc_vitality-vs-spirit_mirage,magixx,CT,9,138.203125,stop,73191,release,78.125,219.36993408203125,32.639408111572266,0.0,1.0,0.0,32.639408111572266,1.0,0.164794921875,,,,,,,,,,,
2026-08-21_ewc_vitality-vs-spirit_mirage,magixx,CT,9,138.203125,stop,73298,release,218.75,158.63987731933594,31.66974449157715,0.0,1.0,0.0,31.66974449157715,0.0,0.1321868896484375,,,,,,,,,,,
2026-08-21_ewc_vitality-vs-spirit_mirage,magixx,CT,9,138.203125,stop,73689,counterstrafe,78.125,152.72589111328125,13.085707664489746,0.0,0.0,,,1.0,0.593963623046875,,,,,,,,,,,
2026-08-21_ewc_vitality-vs-spirit_mirage,magixx,CT,9,138.203125,stop,73781,release,31.25,180.99020385742188,20.72349739074707,0.0,0.0,,,1.0,0.0,,,,,,,,,,,
2026-08-21_ewc_vitality-vs-spirit_mirage,magixx,CT,9,138.203125,stop,75358,release,93.75,151.24874877929688,23.751773834228516,0.0,0.0,,,0.0,2.21099853515625,,,,,,,,,,,
2026-08-21_ewc_vitality-vs-spirit_mirage,magixx,CT,9,138.203125,stop,75442,counterstrafe,93.75,153.8626708984375,10.690515518188477,0.0,1.0,31.25,0.0,0.0,0.06591796875,,,,,,,,,,,
2026-08-21_ewc_vitality-vs-spirit_mirage,magixx,CT,9,138.203125,stop,75664,counterstrafe,78.125,183.79696655273438,30.998641967773438,0.0,0.0,,,0.0,0.0,,,,,,,,,,,
2026-08-21_ewc_vitality-vs-spirit_mirage,magixx,CT,9,138.203125,stop,77109,counterstrafe,78.125,159.1396484375,28.713077545166016,0.0,0.0,,,0.0,0.56097412109375,,,,,,,,,,,
2026-08-21_ewc_vitality-vs-spirit_mirage,magixx,CT,9,138.203125,stop,78980,counterstrafe,78.125,163.9384002685547,17.507104873657227,0.0,0.0,,,1.0,0.0,,,,,,,,,,,
2026-08-21_ewc_vitality-vs-spirit_mirage,magixx,CT,9,138.203125,stop,78995,counterstrafe,312.5,163.9384002685547,22.49932861328125,0.0,0.0,,,1.0,2.6068496704101562,,,,,,,,,,,
2026-08-21_ewc_vitality-vs-spirit_mirage,magixx,CT,9,138.203125,stop,79507,counterstrafe,78.125,169.22210693359375,21.305011749267578,0.0,0.0,,,0.0,0.461761474609375,,,,,,,,,,,
2026-08-21_ewc_vitality-vs-spirit_mirage,magixx,CT,9,138.203125,peek,73485,,,,,,,,,,,traversal,30.31541047133891,328.125,328.125,1.0,145.62411499023438,0.5,0.395843505859375,0.0,0.27269755111225397,0.0
2026-08-21_ewc_vitality-vs-spirit_mirage,magixx,CT,9,138.203125,peek,73563,,,,,,,,,,,traversal,20.103057385059195,281.25,281.25,1.0,116.2309799194336,0.0,0.1318359375,0.0,0.2694404137781371,0.0
2026-08-21_ewc_vitality-vs-spirit_mirage,magixx,CT,9,138.203125,peek,75288,,,,,,,,,,,traversal,203.33413936820105,1093.75,4984.375,0.0,241.92080688476562,0.0,177.83706665039062,1.0,0.9656392741557355,0.0
2026-08-21_ewc_vitality-vs-spirit_mirage,magixx,CT,9,138.203125,peek,75639,,,,,,,,,,,traversal,142.13322951003468,1484.375,4984.375,0.0,206.46923828125,0.65625,5.874603271484375,0.0,0.8378785995856047,1.0
2026-08-21_ewc_vitality-vs-spirit_mirage,magixx,CT,9,138.203125,peek,76141,,,,,,,,,,,commit,54.615914702402875,1484.375,4984.375,0.0,123.43048095703125,0.9479166666666666,6.3689727783203125,0.0,1.1302886661022904,1.0
2026-08-21_ewc_vitality-vs-spirit_mirage,magixx,CT,9,138.203125,peek,76612,,,,,,,,,,,traversal,140.3668348439903,1484.375,4984.375,0.0,124.80130767822266,0.9479166666666666,5.08184814453125,0.0,0.47831061431102284,1.0
2026-08-21_ewc_vitality-vs-spirit_mirage,magixx,CT,9,138.203125,peek,76968,,,,,,,,,,,commit,85.09228515627188,890.625,4984.375,0.0,124.7862548828125,0.9827586206896551,35.14525604248047,0.0,1.2313060906356208,1.0
2026-08-21_ewc_vitality-vs-spirit_mirage,magixx,CT,9,138.203125,peek,77891,,,,,,,,,,,traversal,156.125472754598,1484.375,4984.375,0.0,124.80977630615234,0.9791666666666666,9.70196533203125,0.0,0.3386561274391579,1.0
2026-08-21_ewc_vitality-vs-spirit_mirage,magixx,CT,9,138.203125,peek,79623,,,,,,,,,,,commit,280.794859122358,1484.375,4984.375,0.0,250.00930786132812,0.0,45.30900573730469,3.0,20.043171067272752,0.0
2026-08-21_ewc_vitality-vs-spirit_mirage,magixx,CT,10,120.0,stop,85808,counter_fwd,93.75,161.66819763183594,31.4966983795166,0.0,1.0,15.625,7.190481185913086,0.0,0.1318359375,,,,,,,,,,,
2026-08-21_ewc_vitality-vs-spirit_mirage,magixx,CT,10,120.0,stop,85904,counterstrafe,46.875,167.7291259765625,34.81036376953125,0.0,1.0,15.625,22.303293228149414,1.0,0.1651458740234375,,,,,,,,,,,
2026-08-21_ewc_vitality-vs-spirit_mirage,magixx,CT,10,120.0,stop,85985,release,15.625,180.861572265625,16.717031478881836,0.0,0.0,,,1.0,0.0,,,,,,,,,,,
2026-08-21_ewc_vitality-vs-spirit_mirage,magixx,CT,10,120.0,stop,86004,release,312.5,180.861572265625,33.18922805786133,0.0,0.0,,,1.0,0.0,,,,,,,,,,,
2026-08-21_ewc_vitality-vs-spirit_mirage,magixx,CT,10,120.0,stop,87950,counter_fwd,93.75,153.8483428955078,17.220558166503906,0.0,0.0,,,0.0,0.296630859375,,,,,,,,,,,
2026-08-21_ewc_vitality-vs-spirit_mirage,magixx,CT,10,120.0,stop,88179,release,203.125,163.03952026367188,28.525047302246094,0.0,0.0,,,0.0,0.6928253173828125,,,,,,,,,,,
2026-08-21_ewc_vitality-vs-spirit_mirage,magixx,CT,10,120.0,stop,88270,counterstrafe,78.125,186.02928161621094,28.682655334472656,0.0,0.0,,,1.0,0.6598663330078125,,,,,,,,,,,
2026-08-21_ewc_vitality-vs-spirit_mirage,magixx,CT,10,120.0,stop,88286,counterstrafe,328.125,186.02928161621094,10.062029838562012,0.0,1.0,125.0,35.28485107421875,1.0,81.41108703613281,,,,,,,,,,,
2026-08-21_ewc_vitality-vs-spirit_mirage,magixx,CT,10,120.0,stop,91129,counterstrafe,46.875,223.5253143310547,27.287979125976562,0.0,0.0,,,0.0,0.0,,,,,,,,,,,
2026-08-21_ewc_vitality-vs-spirit_mirage,magixx,CT,10,120.0,stop,91529,release,62.5,152.05740356445312,33.66050338745117,0.0,0.0,,,1.0,0.1651458740234375,,,,,,,,,,,
2026-08-21_ewc_vitality-vs-spirit_mirage,magixx,CT,10,120.0,stop,91593,counterstrafe,78.125,168.06198120117188,18.869470596313477,0.0,0.0,,,1.0,0.231048583984375,,,,,,,,,,,
2026-08-21_ewc_vitality-vs-spirit_mirage,magixx,CT,10,120.0,stop,92009,counter_fwd,296.875,155.96826171875,28.867076873779297,0.0,0.0,,,1.0,80.88272094726562,,,,,,,,,,,
2026-08-21_ewc_vitality-vs-spirit_mirage,magixx,CT,10,120.0,peek,85006,,,,,,,,,,,traversal,339.18169324089183,1484.375,4984.375,0.0,250.0106658935547,0.0,27.885009765625,3.0,0.05777887399391286,0.0
2026-08-21_ewc_vitality-vs-spirit_mirage,magixx,CT,10,120.0,peek,87806,,,,,,,,,,,traversal,324.9574786524833,1484.375,4984.375,0.0,250.0030517578125,0.0,235.6859130859375,2.0,0.6037788118410966,0.0
2026-08-21_ewc_vitality-vs-spirit_mirage,magixx,CT,10,120.0,peek,88206,,,,,,,,,,,commit,135.08056920555617,953.125,4984.375,0.0,232.5557403564453,0.0,14.12396240234375,1.0,1.050394674964247,0.0
2026-08-21_ewc_vitality-vs-spirit_mirage,magixx,CT,10,120.0,peek,88880,,,,,,,,,,,commit,160.70413710044122,1484.375,4984.375,0.0,124.80807495117188,1.0,57.1234130859375,0.0,1.3837313990249323,1.0
2026-08-21_ewc_vitality-vs-spirit_mirage,magixx,CT,10,120.0,peek,89225,,,,,,,,,,,traversal,127.83054056188725,1375.0,4984.375,0.0,144.02987670898438,0.7303370786516854,5.313262939453125,0.0,0.5427738855810061,1.0
2026-08-21_ewc_vitality-vs-spirit_mirage,magixx,CT,10,120.0,peek,89901,,,,,,,,,,,commit,219.92653038447793,1484.375,4984.375,0.0,249.99867248535156,0.1875,141.339111328125,4.0,1.2866228952237309,0.0
2026-08-21_ewc_vitality-vs-spirit_mirage,magixx,CT,10,120.0,peek,91164,,,,,,,,,,,jiggle,1.212585412352495,125.0,125.0,1.0,37.606204986572266,1.0,40.0286865234375,0.0,3.0045507063999013,1.0
2026-08-21_ewc_vitality-vs-spirit_mirage,magixx,CT,10,120.0,peek,91448,,,,,,,,,,,commit,178.43154603371312,921.875,4984.375,0.0,240.00921630859375,0.0,13.167449951171875,0.0,11.64017381010272,0.0
2026-08-21_ewc_vitality-vs-spirit_mirage,magixx,CT,11,88.171875,stop,92503,crouch_stop,15.625,174.6474609375,2.4738500118255615,1.0,0.0,,,1.0,0.0,,,,,,,,,,,
2026-08-21_ewc_vitality-vs-spirit_mirage,magixx,CT,11,88.171875,stop,94782,counter_fwd,78.125,150.64353942871094,12.853583335876465,0.0,1.0,0.0,12.853583335876465,0.0,0.1651458740234375,,,,,,,,,,,
2026-08-21_ewc_vitality-vs-spirit_mirage,magixx,CT,11,88.171875,stop,94881,counterstrafe,78.125,168.23573303222656,17.03501319885254,0.0,0.0,,,1.0,0.06591796875,,,,,,,,,,,
2026-08-21_ewc_vitality-vs-spirit_mirage,magixx,CT,11,88.171875,stop,94964,release,15.625,177.84056091308594,14.343048095703125,0.0,0.0,,,1.0,0.0,,,,,,,,,,,
2026-08-21_ewc_vitality-vs-spirit_mirage,magixx,CT,11,88.171875,stop,95771,release,31.25,235.0561065673828,7.750913619995117,0.0,0.0,,,1.0,0.0,,,,,,,,,,,
2026-08-21_ewc_vitality-vs-spirit_mirage,magixx,CT,11,88.171875,stop,96663,counterstrafe,140.625,153.13587951660156,30.040607452392578,0.0,0.0,,,1.0,0.06591796875,,,,,,,,,,,
2026-08-21_ewc_vitality-vs-spirit_mirage,magixx,CT,11,88.171875,stop,97959,counterstrafe,78.125,156.0156707763672,18.185932159423828,0.0,0.0,,,1.0,0.528045654296875,,,,,,,,,,,
2026-08-21_ewc_vitality-vs-spirit_mirage,magixx,CT,11,88.171875,stop,97972,counterstrafe,281.25,156.0156707763672,20.10735321044922,0.0,0.0,,,1.0,11.153877258300781,,,,,,,,,,,
2026-08-21_ewc_vitality-vs-spirit_mirage,magixx,CT,11,88.171875,stop,98009,counterstrafe,78.125,165.88270568847656,28.647245407104492,0.0,0.0,,,1.0,0.0,,,,,,,,,,,
2026-08-21_ewc_vitality-vs-spirit_mirage,magixx,CT,11,88.171875,stop,98167,counterstrafe,78.125,152.56283569335938,0.0,0.0,0.0,,,0.0,0.132171630859375,,,,,,,,,,,
2026-08-21_ewc_vitality-vs-spirit_mirage,magixx,CT,11,88.171875,stop,98632,counterstrafe,78.125,164.10610961914062,27.778244018554688,0.0,0.0,,,1.0,1.4192962646484375,,,,,,,,,,,
2026-08-21_ewc_vitality-vs-spirit_mirage,magixx,CT,11,88.171875,stop,98694,release,78.125,153.14256286621094,30.347074508666992,0.0,0.0,,,1.0,0.164794921875,,,,,,,,,,,
2026-08-21_ewc_vitality-vs-spirit_mirage,magixx,CT,11,88.171875,stop,98748,counterstrafe,78.125,175.9930877685547,32.05562973022461,0.0,1.0,46.875,0.0,1.0,0.0,,,,,,,,,,,
2026-08-21_ewc_vitality-vs-spirit_mirage,magixx,CT,11,88.171875,stop,98870,release,93.75,182.8445587158203,29.595239639282227,0.0,0.0,,,1.0,0.0,,,,,,,,,,,
2026-08-21_ewc_vitality-vs-spirit_mirage,magixx,CT,11,88.171875,stop,98903,release,93.75,176.2998809814453,13.528148651123047,0.0,0.0,,,1.0,2.706085205078125,,,,,,,,,,,
2026-08-21_ewc_vitality-vs-spirit_mirage,magixx,CT,11,88.171875,stop,98941,counterstrafe,78.125,153.9227752685547,17.503828048706055,0.0,0.0,,,1.0,0.098876953125,,,,,,,,,,,
2026-08-21_ewc_vitality-vs-spirit_mirage,magixx,CT,11,88.171875,stop,98984,release,203.125,150.99256896972656,33.29694747924805,0.0,0.0,,,0.0,0.0,,,,,,,,,,,
2026-08-21_ewc_vitality-vs-spirit_mirage,magixx,CT,11,88.171875,peek,93966,,,,,,,,,,,traversal,339.02915821753976,1484.375,4984.375,0.0,250.0061798095703,0.0,21.5159912109375,2.0,0.03643393185414332,0.0
2026-08-21_ewc_vitality-vs-spirit_mirage,magixx,CT,11,88.171875,peek,95486,,,,,,,,,,,traversal,320.6115233524951,1484.375,4218.75,1.0,245.00732421875,0.0,56.46354675292969,2.0,0.5972132000769713,0.0
2026-08-21_ewc_vitality-vs-spirit_mirage,magixx,CT,11,88.171875,peek,96126,,,,,,,,,,,traversal,179.5293803380887,1109.375,4984.375,0.0,254.47132873535156,0.0,152.4603271484375,0.0,0.25077518134664123,0.0
2026-08-21_ewc_vitality-vs-spirit_mirage,magixx,CT,11,88.171875,peek,96615,,,,,,,,,,,jiggle,33.75663740563364,375.0,375.0,1.0,117.314208984375,0.68,0.5280303955078125,0.0,1.0212187537078377,1.0
2026-08-21_ewc_vitality-vs-spirit_mirage,magixx,CT,11,88.171875,peek,97499,,,,,,,,,,,traversal,123.1503004904702,1484.375,4984.375,0.0,135.2389373779297,0.0,3.2667236328125,0.0,0.4001812745774805,0.0
2026-08-21_ewc_vitality-vs-spirit_mirage,magixx,CT,11,88.171875,peek,98027,,,,,,,,,,,commit,125.21096453040411,1484.375,4984.375,0.0,190.1835479736328,0.4479166666666667,86.36112213134766,0.0,1.7854256775470079,0.0
2026-08-21_ewc_vitality-vs-spirit_mirage,magixx,CT,11,88.171875,peek,98723,,,,,,,,,,,jiggle,50.52854824930805,390.625,1671.875,1.0,193.73533630371094,0.0,1.220855712890625,1.0,69.91023043488464,0.0
2026-08-21_ewc_vitality-vs-spirit_mirage,magixx,CT,11,88.171875,peek,99093,,,,,,,,,,,traversal,54.08203621547782,1171.875,1390.625,1.0,117.0041275024414,0.3684210526315789,56.52912902832031,0.0,0.29951461255241363,0.0
2026-08-21_ewc_vitality-vs-spirit_mirage,magixx,T,12,112.734375,stop,103304,counterstrafe,125.0,151.7820281982422,31.300628662109375,0.0,0.0,,,1.0,0.0,,,,,,,,,,,
2026-08-21_ewc_vitality-vs-spirit_mirage,magixx,T,12,112.734375,stop,105104,counter_fwd,78.125,157.51983642578125,29.62061309814453,0.0,0.0,,,0.0,0.0,,,,,,,,,,,
2026-08-21_ewc_vitality-vs-spirit_mirage,magixx,T,12,112.734375,stop,106018,release,62.5,150.64625549316406,33.42118835449219,0.0,0.0,,,1.0,0.8909149169921875,,,,,,,,,,,
2026-08-21_ewc_vitality-vs-spirit_mirage,magixx,T,12,112.734375,stop,106521,release,78.125,168.79103088378906,33.18297576904297,0.0,0.0,,,0.0,0.29697418212890625,,,,,,,,,,,
2026-08-21_ewc_vitality-vs-spirit_mirage,magixx,T,12,112.734375,stop,106540,release,375.0,168.79103088378906,24.451108932495117,0.0,0.0,,,1.0,4.3560791015625,,,,,,,,,,,
2026-08-21_ewc_vitality-vs-spirit_mirage,magixx,T,12,112.734375,stop,106594,release,78.125,167.78475952148438,30.119808197021484,0.0,0.0,,,0.0,0.75909423828125,,,,,,,,,,,
2026-08-21_ewc_vitality-vs-spirit_mirage,magixx,T,12,112.734375,stop,106619,counterstrafe,78.125,168.709716796875,25.29872703552246,0.0,0.0,,,0.0,0.1651458740234375,,,,,,,,,,,
2026-08-21_ewc_vitality-vs-spirit_mirage,magixx,T,12,112.734375,stop,107208,counterstrafe,78.125,165.55921936035156,28.7385311126709,0.0,1.0,140.625,33.938865661621094,1.0,0.032958984375,,,,,,,,,,,
2026-08-21_ewc_vitality-vs-spirit_mirage,magixx,T,12,112.734375,stop,107217,counterstrafe,218.75,165.55921936035156,33.938865661621094,0.0,1.0,0.0,33.938865661621094,1.0,0.428802490234375,,,,,,,,,,,
2026-08-21_ewc_vitality-vs-spirit_mirage,magixx,T,12,112.734375,stop,107291,counterstrafe,265.625,156.02001953125,26.398473739624023,1.0,0.0,,,1.0,2.012908935546875,,,,,,,,,,,
2026-08-21_ewc_vitality-vs-spirit_mirage,magixx,T,12,112.734375,stop,107499,counterstrafe,78.125,169.72032165527344,20.34798812866211,0.0,0.0,,,1.0,0.231048583984375,,,,,,,,,,,
2026-08-21_ewc_vitality-vs-spirit_mirage,magixx,T,12,112.734375,stop,107597,counterstrafe,78.125,164.22364807128906,18.088943481445312,0.0,0.0,,,1.0,0.032958984375,,,,,,,,,,,
2026-08-21_ewc_vitality-vs-spirit_mirage,magixx,T,12,112.734375,stop,107768,counterstrafe,78.125,177.1049346923828,34.73916244506836,0.0,1.0,0.0,34.73916244506836,1.0,1.3197021484375,,,,,,,,,,,
2026-08-21_ewc_vitality-vs-spirit_mirage,magixx,T,12,112.734375,stop,107917,counterstrafe,93.75,173.21987915039062,26.98042106628418,0.0,1.0,0.0,26.98042106628418,1.0,0.82464599609375,,,,,,,,,,,
2026-08-21_ewc_vitality-vs-spirit_mirage,magixx,T,12,112.734375,stop,107954,release,78.125,177.374755859375,27.836585998535156,0.0,0.0,,,1.0,0.0,,,,,,,,,,,
2026-08-21_ewc_vitality-vs-spirit_mirage,magixx,T,12,112.734375,stop,107964,counterstrafe,234.375,177.374755859375,20.871618270874023,0.0,0.0,,,1.0,23.331207275390625,,,,,,,,,,,
2026-08-21_ewc_vitality-vs-spirit_mirage,magixx,T,12,112.734375,stop,108021,counterstrafe,78.125,158.05072021484375,13.329765319824219,0.0,0.0,,,1.0,0.032958984375,,,,,,,,,,,
2026-08-21_ewc_vitality-vs-spirit_mirage,magixx,T,12,112.734375,stop,108079,counterstrafe,78.125,151.2601318359375,12.795771598815918,0.0,1.0,265.625,43.440818786621094,1.0,0.032958984375,,,,,,,,,,,
2026-08-21_ewc_vitality-vs-spirit_mirage,magixx,T,12,112.734375,stop,108097,counterstrafe,359.375,151.2601318359375,16.329479217529297,0.0,1.0,0.0,16.329479217529297,1.0,0.56097412109375,,,,,,,,,,,
2026-08-21_ewc_vitality-vs-spirit_mirage,magixx,T,12,112.734375,stop,108178,counterstrafe,78.125,164.35020446777344,29.620038986206055,0.0,0.0,,,1.0,0.032958984375,,,,,,,,,,,
2026-08-21_ewc_vitality-vs-spirit_mirage,magixx,T,12,112.734375,stop,108272,counter_fwd,78.125,154.73390197753906,26.666440963745117,0.0,0.0,,,0.0,0.0,,,,,,,,,,,
2026-08-21_ewc_vitality-vs-spirit_mirage,magixx,T,12,112.734375,stop,108301,counterstrafe,93.75,153.5762939453125,14.880058288574219,0.0,1.0,0.0,14.880058288574219,1.0,0.098876953125,,,,,,,,,,,
2026-08-21_ewc_vitality-vs-spirit_mirage,magixx,T,12,112.734375,stop,108618,counterstrafe,203.125,171.79202270507812,20.23281478881836,0.0,0.0,,,1.0,0.132171630859375,,,,,,,,,,,
2026-08-21_ewc_vitality-vs-spirit_mirage,magixx,T,12,112.734375,stop,108650,counterstrafe,78.125,158.98765563964844,12.04996109008789,0.0,0.0,,,1.0,0.164794921875,,,,,,,,,,,
2026-08-21_ewc_vitality-vs-spirit_mirage,magixx,T,12,112.734375,stop,108671,counterstrafe,93.75,163.14955139160156,15.70304012298584,0.0,0.0,,,1.0,0.06591796875,,,,,,,,,,,
2026-08-21_ewc_vitality-vs-spirit_mirage,magixx,T,12,112.734375,stop,108687,counterstrafe,343.75,163.14955139160156,32.30796432495117,0.0,0.0,,,1.0,0.06591796875,,,,,,,,,,,
2026-08-21_ewc_vitality-vs-spirit_mirage,magixx,T,12,112.734375,stop,108890,counterstrafe,78.125,152.96832275390625,33.88600158691406,0.0,1.0,0.0,33.88600158691406,1.0,0.198089599609375,,,,,,,,,,,
2026-08-21_ewc_vitality-vs-spirit_mirage,magixx,T,12,112.734375,stop,108910,counterstrafe,78.125,151.51870727539062,28.7371768951416,0.0,0.0,,,0.0,0.2310638427734375,,,,,,,,,,,
2026-08-21_ewc_vitality-vs-spirit_mirage,magixx,T,12,112.734375,stop,108943,release,78.125,166.61233520507812,30.27651596069336,0.0,0.0,,,1.0,0.0992279052734375,,,,,,,,,,,
2026-08-21_ewc_vitality-vs-spirit_mirage,magixx,T,12,112.734375,stop,108962,release,78.125,157.8815155029297,27.492515563964844,0.0,0.0,,,0.0,0.329925537109375,,,,,,,,,,,
2026-08-21_ewc_vitality-vs-spirit_mirage,magixx,T,12,112.734375,stop,108994,counterstrafe,78.125,151.36912536621094,8.0897216796875,0.0,0.0,,,1.0,0.032958984375,,,,,,,,,,,
2026-08-21_ewc_vitality-vs-spirit_mirage,magixx,T,12,112.734375,stop,109014,counterstrafe,93.75,157.83648681640625,18.415258407592773,0.0,0.0,,,0.0,0.06591796875,,,,,,,,,,,
2026-08-21_ewc_vitality-vs-spirit_mirage,magixx,T,12,112.734375,stop,109056,counterstrafe,78.125,154.3857879638672,12.61746883392334,0.0,1.0,187.5,151.7102813720703,1.0,3.53106689453125,,,,,,,,,,,
2026-08-21_ewc_vitality-vs-spirit_mirage,magixx,T,12,112.734375,stop,109090,counterstrafe,78.125,160.17115783691406,12.730548858642578,0.0,0.0,,,1.0,0.0,,,,,,,,,,,
2026-08-21_ewc_vitality-vs-spirit_mirage,magixx,T,12,112.734375,stop,109101,counterstrafe,250.0,160.17115783691406,27.088693618774414,0.0,0.0,,,1.0,0.2969818115234375,,,,,,,,,,,
2026-08-21_ewc_vitality-vs-spirit_mirage,magixx,T,12,112.734375,stop,109138,counterstrafe,78.125,181.8982391357422,32.056312561035156,0.0,0.0,,,1.0,0.132171630859375,,,,,,,,,,,
2026-08-21_ewc_vitality-vs-spirit_mirage,magixx,T,12,112.734375,stop,109165,counterstrafe,109.375,168.2547149658203,29.245513916015625,0.0,0.0,,,0.0,0.066253662109375,,,,,,,,,,,
2026-08-21_ewc_vitality-vs-spirit_mirage,magixx,T,12,112.734375,stop,109231,counterstrafe,312.5,164.40771484375,27.633026123046875,0.0,0.0,,,1.0,3.1019287109375,,,,,,,,,,,
2026-08-21_ewc_vitality-vs-spirit_mirage,magixx,T,12,112.734375,stop,109252,counterstrafe,78.125,158.392333984375,28.159963607788086,0.0,0.0,,,1.0,0.098876953125,,,,,,,,,,,
2026-08-21_ewc_vitality-vs-spirit_mirage,magixx,T,12,112.734375,stop,109270,release,78.125,153.39376831054688,23.164710998535156,0.0,0.0,,,1.0,0.032958984375,,,,,,,,,,,
2026-08-21_ewc_vitality-vs-spirit_mirage,magixx,T,12,112.734375,stop,109289,counterstrafe,78.125,154.57518005371094,26.018627166748047,0.0,0.0,,,1.0,0.066253662109375,,,,,,,,,,,
2026-08-21_ewc_vitality-vs-spirit_mirage,magixx,T,12,112.734375,stop,109310,counterstrafe,78.125,152.88729858398438,13.748231887817383,0.0,0.0,,,1.0,0.0,,,,,,,,,,,
2026-08-21_ewc_vitality-vs-spirit_mirage,magixx,T,12,112.734375,stop,109338,counterstrafe,93.75,150.7218017578125,9.988823890686035,0.0,0.0,,,1.0,0.099212646484375,,,,,,,,,,,
2026-08-21_ewc_vitality-vs-spirit_mirage,magixx,T,12,112.734375,stop,109359,counterstrafe,93.75,158.28208923339844,31.757793426513672,0.0,0.0,,,1.0,0.0,,,,,,,,,,,
2026-08-21_ewc_vitality-vs-spirit_mirage,magixx,T,12,112.734375,stop,109609,counterstrafe,93.75,180.64263916015625,19.98535919189453,0.0,0.0,,,1.0,0.165130615234375,,,,,,,,,,,
2026-08-21_ewc_vitality-vs-spirit_mirage,magixx,T,12,112.734375,stop,109640,counterstrafe,78.125,170.9829864501953,29.659929275512695,0.0,0.0,,,0.0,1.6500091552734375,,,,,,,,,,,
2026-08-21_ewc_vitality-vs-spirit_mirage,magixx,T,12,112.734375,stop,109837,counterstrafe,78.125,176.67543029785156,26.409255981445312,0.0,0.0,,,1.0,1.35302734375,,,,,,,,,,,
2026-08-21_ewc_vitality-vs-spirit_mirage,magixx,T,12,112.734375,stop,109871,counterstrafe,78.125,172.3079833984375,24.82171630859375,0.0,0.0,,,0.0,0.0,,,,,,,,,,,
2026-08-21_ewc_vitality-vs-spirit_mirage,magixx,T,12,112.734375,stop,110006,counterstrafe,78.125,162.325927734375,15.096746444702148,0.0,0.0,,,1.0,0.0,,,,,,,,,,,
2026-08-21_ewc_vitality-vs-spirit_mirage,magixx,T,12,112.734375,stop,110042,counterstrafe,312.5,159.2408447265625,25.489051818847656,0.0,0.0,,,0.0,0.2310638427734375,,,,,,,,,,,
2026-08-21_ewc_vitality-vs-spirit_mirage,magixx,T,12,112.734375,peek,104456,,,,,,,,,,,traversal,111.4095633831295,1015.625,4984.375,0.0,127.39933013916016,0.9848484848484849,0.0,0.0,9.276327360933702e-05,1.0
2026-08-21_ewc_vitality-vs-spirit_mirage,magixx,T,12,112.734375,peek,107797,,,,,,,,,,,jiggle,54.30147775464066,953.125,1171.875,1.0,76.03279876708984,0.0,3.068634033203125,1.0,1.0573796154167086,0.0
2026-08-21_ewc_vitality-vs-spirit_mirage,magixx,T,12,112.734375,peek,108444,,,,,,,,,,,traversal,30.831480205643672,1000.0,1000.0,1.0,62.78765869140625,0.0,0.725799560546875,3.0,0.547126505162399,0.0
2026-08-21_ewc_vitality-vs-spirit_mirage,magixx,T,12,112.734375,peek,108800,,,,,,,,,,,jiggle,31.327910559119044,1406.25,1406.25,1.0,164.88113403320312,0.0,37.620635986328125,1.0,3.350970965567305,0.0
2026-08-21_ewc_vitality-vs-spirit_mirage,magixx,T,12,112.734375,peek,109187,,,,,,,,,,,narrow,69.05369034777412,1015.625,3828.125,1.0,177.03277587890625,0.0,13.69580078125,0.0,1.0685128766172198,0.0
2026-08-21_ewc_vitality-vs-spirit_mirage,magixx,T,12,112.734375,peek,109679,,,,,,,,,,,jiggle,29.03899154290086,734.375,734.375,1.0,136.73838806152344,0.3125,1.848114013671875,0.0,1.7697070323187654,0.0
2026-08-21_ewc_vitality-vs-spirit_mirage,magixx,T,12,112.734375,peek,109804,,,,,,,,,,,narrow,74.5317853577498,515.625,796.875,1.0,219.46156311035156,0.0,4.422332763671875,0.0,3.0395299925755115,0.0
2026-08-21_ewc_vitality-vs-spirit_mirage,magixx,T,12,112.734375,peek,109891,,,,,,,,,,,jiggle,10.66622569899421,1484.375,1484.375,1.0,137.30029296875,0.0,1.155609130859375,0.0,2.8446190462100622,0.0
2026-08-21_ewc_vitality-vs-spirit_mirage,magixx,T,12,112.734375,peek,110156,,,,,,,,,,,jiggle,41.475023271091096,281.25,281.25,1.0,202.36929321289062,0.0,2.4094390869140625,0.0,8.33984690255865,0.0
2026-08-21_ewc_vitality-vs-spirit_mirage,magixx,T,13,111.234375,stop,110192,counterstrafe,78.125,168.3615264892578,19.130163192749023,0.0,1.0,0.0,19.130163192749023,1.0,1.121978759765625,,,,,,,,,,,
2026-08-21_ewc_vitality-vs-spirit_mirage,magixx,T,13,111.234375,stop,111784,release,250.0,153.11524963378906,10.7402982711792,0.0,1.0,0.0,10.7402982711792,0.0,94.99534606933594,,,,,,,,,,,
2026-08-21_ewc_vitality-vs-spirit_mirage,magixx,T,13,111.234375,stop,112276,counterstrafe,93.75,183.60308837890625,27.62563705444336,0.0,0.0,,,1.0,0.032958984375,,,,,,,,,,,
2026-08-21_ewc_vitality-vs-spirit_mirage,magixx,T,13,111.234375,stop,112311,counterstrafe,218.75,166.10671997070312,31.281211853027344,0.0,0.0,,,1.0,0.3632354736328125,,,,,,,,,,,
2026-08-21_ewc_vitality-vs-spirit_mirage,magixx,T,13,111.234375,stop,112370,release,78.125,163.24806213378906,23.503395080566406,0.0,0.0,,,0.0,0.098876953125,,,,,,,,,,,
2026-08-21_ewc_vitality-vs-spirit_mirage,magixx,T,13,111.234375,stop,112766,counterstrafe,78.125,180.8828125,28.414508819580078,0.0,0.0,,,1.0,0.032958984375,,,,,,,,,,,
2026-08-21_ewc_vitality-vs-spirit_mirage,magixx,T,13,111.234375,stop,112804,counter_fwd,156.25,150.94688415527344,29.18393325805664,0.0,1.0,0.0,29.18393325805664,1.0,0.56097412109375,,,,,,,,,,,
2026-08-21_ewc_vitality-vs-spirit_mirage,magixx,T,13,111.234375,stop,112893,counterstrafe,78.125,155.4037628173828,18.119876861572266,0.0,0.0,,,1.0,0.561004638671875,,,,,,,,,,,
2026-08-21_ewc_vitality-vs-spirit_mirage,magixx,T,13,111.234375,stop,113223,counterstrafe,125.0,181.8536834716797,26.70111846923828,0.0,1.0,0.0,26.70111846923828,0.0,0.297332763671875,,,,,,,,,,,
2026-08-21_ewc_vitality-vs-spirit_mirage,magixx,T,13,111.234375,stop,113305,counterstrafe,109.375,158.9641876220703,32.4851188659668,0.0,1.0,109.375,0.0,1.0,0.659881591796875,,,,,,,,,,,
2026-08-21_ewc_vitality-vs-spirit_mirage,magixx,T,13,111.234375,stop,113335,release,109.375,156.03228759765625,30.865694046020508,0.0,1.0,218.75,159.50665283203125,0.0,0.1318359375,,,,,,,,,,,
2026-08-21_ewc_vitality-vs-spirit_mirage,magixx,T,13,111.234375,stop,113519,counterstrafe,78.125,153.6613311767578,8.443880081176758,0.0,0.0,,,1.0,0.23105621337890625,,,,,,,,,,,
2026-08-21_ewc_vitality-vs-spirit_mirage,magixx,T,13,111.234375,stop,113537,counterstrafe,359.375,153.6613311767578,22.607492446899414,0.0,0.0,,,1.0,49.632110595703125,,,,,,,,,,,
2026-08-21_ewc_vitality-vs-spirit_mirage,magixx,T,13,111.234375,stop,113647,counterstrafe,78.125,163.80532836914062,19.349506378173828,0.0,0.0,,,1.0,0.0,,,,,,,,,,,
2026-08-21_ewc_vitality-vs-spirit_mirage,magixx,T,13,111.234375,stop,113668,counterstrafe,93.75,157.87074279785156,10.647343635559082,0.0,0.0,,,0.0,0.0,,,,,,,,,,,
2026-08-21_ewc_vitality-vs-spirit_mirage,magixx,T,13,111.234375,stop,113704,release,78.125,153.02560424804688,8.188472747802734,0.0,0.0,,,1.0,0.1318359375,,,,,,,,,,,
2026-08-21_ewc_vitality-vs-spirit_mirage,magixx,T,13,111.234375,stop,113730,release,78.125,165.29364013671875,18.82120704650879,0.0,0.0,,,1.0,0.0,,,,,,,,,,,
2026-08-21_ewc_vitality-vs-spirit_mirage,magixx,T,13,111.234375,stop,113846,counterstrafe,78.125,167.12095642089844,18.680635452270508,0.0,0.0,,,1.0,0.098876953125,,,,,,,,,,,
2026-08-21_ewc_vitality-vs-spirit_mirage,magixx,T,13,111.234375,stop,113853,counterstrafe,187.5,167.12095642089844,18.749303817749023,0.0,0.0,,,1.0,0.1318359375,,,,,,,,,,,
2026-08-21_ewc_vitality-vs-spirit_mirage,magixx,T,13,111.234375,stop,113872,release,78.125,151.58009338378906,0.0,0.0,0.0,,,1.0,0.36289215087890625,,,,,,,,,,,
2026-08-21_ewc_vitality-vs-spirit_mirage,magixx,T,13,111.234375,stop,113890,counterstrafe,359.375,151.58009338378906,32.24571228027344,0.0,0.0,,,1.0,1.3859939575195312,,,,,,,,,,,
2026-08-21_ewc_vitality-vs-spirit_mirage,magixx,T,13,111.234375,stop,113923,counterstrafe,78.125,150.23655700683594,23.230377197265625,0.0,0.0,,,1.0,0.3961944580078125,,,,,,,,,,,
2026-08-21_ewc_vitality-vs-spirit_mirage,magixx,T,13,111.234375,stop,113952,release,171.875,159.9734344482422,32.82511520385742,0.0,0.0,,,1.0,0.32993316650390625,,,,,,,,,,,
2026-08-21_ewc_vitality-vs-spirit_mirage,magixx,T,13,111.234375,stop,114698,release,93.75,155.12110900878906,28.008792877197266,0.0,0.0,,,1.0,1.8810577392578125,,,,,,,,,,,
2026-08-21_ewc_vitality-vs-spirit_mirage,magixx,T,13,111.234375,stop,114919,counterstrafe,93.75,151.28134155273438,28.426410675048828,0.0,0.0,,,1.0,0.264007568359375,,,,,,,,,,,
2026-08-21_ewc_vitality-vs-spirit_mirage,magixx,T,13,111.234375,stop,115754,counterstrafe,78.125,170.02261352539062,25.228092193603516,0.0,0.0,,,1.0,0.4621124267578125,,,,,,,,,,,
2026-08-21_ewc_vitality-vs-spirit_mirage,magixx,T,13,111.234375,stop,115981,release,78.125,155.24305725097656,16.428752899169922,0.0,0.0,,,1.0,0.032958984375,,,,,,,,,,,
2026-08-21_ewc_vitality-vs-spirit_mirage,magixx,T,13,111.234375,stop,116066,counterstrafe,109.375,160.95095825195312,19.25528907775879,0.0,1.0,0.0,19.25528907775879,1.0,3.201141357421875,,,,,,,,,,,
2026-08-21_ewc_vitality-vs-spirit_mirage,magixx,T,13,111.234375,stop,116153,counterstrafe,78.125,164.20730590820312,19.4188175201416,0.0,0.0,,,1.0,0.5609893798828125,,,,,,,,,,,
2026-08-21_ewc_vitality-vs-spirit_mirage,magixx,T,13,111.234375,stop,116205,release,78.125,158.68984985351562,13.284636497497559,0.0,0.0,,,1.0,0.098876953125,,,,,,,,,,,
2026-08-21_ewc_vitality-vs-spirit_mirage,magixx,T,13,111.234375,stop,116241,counterstrafe,171.875,154.64303588867188,24.75,1.0,1.0,0.0,24.75,1.0,1.1875534057617188,,,,,,,,,,,
2026-08-21_ewc_vitality-vs-spirit_mirage,magixx,T,13,111.234375,stop,116467,counterstrafe,78.125,153.8177490234375,32.08224105834961,0.0,0.0,,,1.0,0.0,,,,,,,,,,,
2026-08-21_ewc_vitality-vs-spirit_mirage,magixx,T,13,111.234375,stop,116497,counterstrafe,78.125,161.3538055419922,22.583965301513672,0.0,1.0,0.0,22.583965301513672,1.0,0.230712890625,,,,,,,,,,,
2026-08-21_ewc_vitality-vs-spirit_mirage,magixx,T,13,111.234375,stop,116522,release,156.25,158.9809112548828,34.612640380859375,0.0,0.0,,,0.0,0.03330230712890625,,,,,,,,,,,
2026-08-21_ewc_vitality-vs-spirit_mirage,magixx,T,13,111.234375,stop,116829,counterstrafe,234.375,155.087646484375,33.675472259521484,0.0,0.0,,,0.0,0.032958984375,,,,,,,,,,,
2026-08-21_ewc_vitality-vs-spirit_mirage,magixx,T,13,111.234375,stop,116951,counterstrafe,78.125,167.87208557128906,24.255521774291992,0.0,0.0,,,0.0,0.0,,,,,,,,,,,
2026-08-21_ewc_vitality-vs-spirit_mirage,magixx,T,13,111.234375,stop,117008,release,78.125,156.0575408935547,10.042299270629883,0.0,0.0,,,1.0,0.098876953125,,,,,,,,,,,
2026-08-21_ewc_vitality-vs-spirit_mirage,magixx,T,13,111.234375,stop,117019,release,250.0,156.0575408935547,11.109399795532227,0.0,0.0,,,1.0,0.098876953125,,,,,,,,,,,
2026-08-21_ewc_vitality-vs-spirit_mirage,magixx,T,13,111.234375,stop,117071,release,109.375,155.56744384765625,27.72789764404297,0.0,0.0,,,1.0,0.066253662109375,,,,,,,,,,,
2026-08-21_ewc_vitality-vs-spirit_mirage,magixx,T,13,111.234375,stop,117077,release,203.125,155.56744384765625,23.036035537719727,0.0,0.0,,,1.0,0.19842529296875,,,,,,,,,,,
2026-08-21_ewc_vitality-vs-spirit_mirage,magixx,T,13,111.234375,stop,117081,release,265.625,155.56744384765625,29.400630950927734,0.0,0.0,,,1.0,0.29730224609375,,,,,,,,,,,
2026-08-21_ewc_vitality-vs-spirit_mirage,magixx,T,13,111.234375,stop,117450,counter_fwd,93.75,150.52476501464844,24.500757217407227,0.0,0.0,,,0.0,0.62725830078125,,,,,,,,,,,
2026-08-21_ewc_vitality-vs-spirit_mirage,magixx,T,13,111.234375,peek,112427,,,,,,,,,,,traversal,196.0378920379283,1484.375,4984.375,0.0,211.6953887939453,0.5520833333333334,69.95993041992188,2.0,0.7183655846455983,1.0
2026-08-21_ewc_vitality-vs-spirit_mirage,magixx,T,13,111.234375,peek,113173,,,,,,,,,,,narrow,128.32834866914843,781.25,4953.125,1.0,237.6776885986328,0.0,11.979217529296875,3.0,1.6501267632003864,0.0
2026-08-21_ewc_vitality-vs-spirit_mirage,magixx,T,13,111.234375,peek,113685,,,,,,,,,,,jiggle,32.13373566046165,281.25,281.25,1.0,174.6653594970703,0.0,2.11212158203125,0.0,40.2967415923546,0.0
2026-08-21_ewc_vitality-vs-spirit_mirage,magixx,T,13,111.234375,peek,113968,,,,,,,,,,,traversal,157.34142785447,1484.375,4984.375,0.0,124.80736541748047,1.0,0.098876953125,2.0,0.04823898072144338,1.0
2026-08-21_ewc_vitality-vs-spirit_mirage,magixx,T,13,111.234375,peek,114602,,,,,,,,,,,narrow,65.48692957108628,859.375,1406.25,1.0,140.5546875,0.4107142857142857,26.168746948242188,0.0,1.9212632075676506,0.0
2026-08-21_ewc_vitality-vs-spirit_mirage,magixx,T,13,111.234375,peek,114815,,,,,,,,,,,jiggle,51.92663600135336,1484.375,1906.25,1.0,153.734375,0.0,27.852066040039062,0.0,1.506184332389254,0.0
2026-08-21_ewc_vitality-vs-spirit_mirage,magixx,T,13,111.234375,peek,115005,,,,,,,,,,,narrow,64.79677727958443,875.0,1125.0,1.0,119.6015625,0.8596491228070176,27.35699462890625,0.0,1.9095964858350807,1.0
2026-08-21_ewc_vitality-vs-spirit_mirage,magixx,T,13,111.234375,peek,115173,,,,,,,,,,,traversal,1.2696808066674032,78.125,78.125,1.0,35.25,1.0,0.0,0.0,0.757143744989563,1.0
2026-08-21_ewc_vitality-vs-spirit_mirage,magixx,T,13,111.234375,peek,115314,,,,,,,,,,,traversal,16.172130861078127,1484.375,1484.375,1.0,41.711639404296875,1.0,4.91741943359375,0.0,0.7629996759584293,1.0
2026-08-21_ewc_vitality-vs-spirit_mirage,magixx,T,13,111.234375,peek,115413,,,,,,,,,,,traversal,4.69640085424805,765.625,765.625,1.0,35.11724853515625,1.0,1.056060791015625,0.0,0.4161388129824138,1.0
2026-08-21_ewc_vitality-vs-spirit_mirage,magixx,T,13,111.234375,peek,115681,,,,,,,,,,,traversal,133.1346851041678,1484.375,4984.375,0.0,197.829833984375,0.4270833333333333,52.43706512451172,1.0,0.863090376413922,0.0
2026-08-21_ewc_vitality-vs-spirit_mirage,magixx,T,13,111.234375,peek,116556,,,,,,,,,,,traversal,176.47497562444116,1234.375,4984.375,0.0,202.0105438232422,0.0,6.798133850097656,3.0,0.7619247502322913,0.0
2026-08-21_ewc_vitality-vs-spirit_mirage,magixx,T,13,111.234375,peek,117041,,,,,,,,,,,traversal,56.84193984411086,453.125,1531.25,1.0,182.27569580078125,0.0,27.38995361328125,0.0,0.987836725697321,0.0
2026-08-21_ewc_vitality-vs-spirit_mirage,magixx,T,13,111.234375,peek,117422,,,,,,,,,,,traversal,60.809253212213896,421.875,609.375,1.0,209.44715881347656,0.0,1.22052001953125,0.0,0.0036345865646302896,0.0
2026-08-21_ewc_vitality-vs-spirit_mirage,magixx,T,13,111.234375,peek,117584,,,,,,,,,,,commit,156.57924638252064,1484.375,4984.375,0.0,124.81072235107422,1.0,39.20404052734375,0.0,1.213143059372881,1.0
2026-08-21_ewc_vitality-vs-spirit_mirage,magixx,T,14,33.09375,stop,118697,counterstrafe,78.125,150.9878692626953,22.983121871948242,0.0,0.0,,,1.0,0.032958984375,,,,,,,,,,,
2026-08-21_ewc_vitality-vs-spirit_mirage,magixx,T,14,33.09375,stop,118713,counterstrafe,328.125,150.9878692626953,23.613428115844727,0.0,0.0,,,1.0,0.4288177490234375,,,,,,,,,,,
2026-08-21_ewc_vitality-vs-spirit_mirage,magixx,T,14,33.09375,stop,118750,release,78.125,152.11561584472656,17.740514755249023,0.0,0.0,,,1.0,0.0,,,,,,,,,,,
2026-08-21_ewc_vitality-vs-spirit_mirage,magixx,T,14,33.09375,stop,118769,counterstrafe,78.125,150.288330078125,11.589969635009766,0.0,0.0,,,1.0,0.0,,,,,,,,,,,
2026-08-21_ewc_vitality-vs-spirit_mirage,magixx,T,14,33.09375,stop,118779,counterstrafe,234.375,150.288330078125,11.415092468261719,0.0,0.0,,,1.0,0.0,,,,,,,,,,,
2026-08-21_ewc_vitality-vs-spirit_mirage,magixx,T,14,33.09375,stop,118818,release,15.625,186.13914489746094,0.0,0.0,0.0,,,0.0,0.0,,,,,,,,,,,
2026-08-21_ewc_vitality-vs-spirit_mirage,magixx,T,14,33.09375,stop,122872,release,78.125,152.260009765625,9.522069931030273,0.0,1.0,0.0,9.522069931030273,0.0,0.0,,,,,,,,,,,
2026-08-21_ewc_vitality-vs-spirit_mirage,magixx,T,14,33.09375,stop,122930,counter_fwd,93.75,153.36431884765625,16.104633331298828,0.0,0.0,,,0.0,0.0333099365234375,,,,,,,,,,,
2026-08-21_ewc_vitality-vs-spirit_mirage,magixx,T,14,33.09375,stop,122967,counter_fwd,343.75,152.82366943359375,30.610109329223633,0.0,0.0,,,0.0,0.0,,,,,,,,,,,
2026-08-21_ewc_vitality-vs-spirit_mirage,magixx,T,14,33.09375,stop,123631,counterstrafe,78.125,157.8463897705078,15.146592140197754,0.0,0.0,,,1.0,0.099212646484375,,,,,,,,,,,
2026-08-21_ewc_vitality-vs-spirit_mirage,magixx,T,14,33.09375,stop,124040,counterstrafe,78.125,158.629638671875,21.703176498413086,0.0,0.0,,,0.0,1.056060791015625,,,,,,,,,,,
2026-08-21_ewc_vitality-vs-spirit_mirage,magixx,T,14,33.09375,stop,124189,crouch_stop,359.375,152.232177734375,32.78840637207031,1.0,1.0,0.0,32.78840637207031,0.0,30.492156982421875,,,,,,,,,,,
2026-08-21_ewc_vitality-vs-spirit_mirage,magixx,T,14,33.09375,peek,122422,,,,,,,,,,,traversal,317.34008145383547,1484.375,4984.375,0.0,250.00660705566406,0.0,46.002166748046875,1.0,0.16846182530501103,0.0
2026-08-21_ewc_vitality-vs-spirit_mirage,magixx,T,14,33.09375,peek,122894,,,,,,,,,,,traversal,85.85531369241325,531.25,4984.375,0.0,230.78585815429688,0.0,0.0333099365234375,1.0,0.00013484143679884584,0.0
2026-08-21_ewc_vitality-vs-spirit_mirage,magixx,T,14,33.09375,peek,123960,,,,,,,,,,,commit,101.84969813421104,1484.375,3984.375,0.0,200.36598205566406,0.0,113.38818359375,2.0,2.397163012065292,0.0
2026-08-21_ewc_vitality-vs-spirit_mirage,magixx,T,15,92.1875,stop,127008,counterstrafe,171.875,168.1853790283203,34.116825103759766,0.0,0.0,,,0.0,0.1318359375,,,,,,,,,,,
2026-08-21_ewc_vitality-vs-spirit_mirage,magixx,T,15,92.1875,stop,127055,counterstrafe,109.375,161.22787475585938,34.361900329589844,0.0,1.0,0.0,34.361900329589844,0.0,0.659881591796875,,,,,,,,,,,
2026-08-21_ewc_vitality-vs-spirit_mirage,magixx,T,15,92.1875,stop,127087,counter_fwd,78.125,150.64198303222656,33.051979064941406,0.0,0.0,,,1.0,60.25829315185547,,,,,,,,,,,
2026-08-21_ewc_vitality-vs-spirit_mirage,magixx,T,15,92.1875,stop,127091,counter_fwd,140.625,150.64198303222656,31.156261444091797,0.0,0.0,,,1.0,79.20010375976562,,,,,,,,,,,
2026-08-21_ewc_vitality-vs-spirit_mirage,magixx,T,15,92.1875,stop,127097,counter_fwd,234.375,150.64198303222656,20.678407669067383,0.0,1.0,281.25,179.11097717285156,1.0,89.7600326538086,,,,,,,,,,,
2026-08-21_ewc_vitality-vs-spirit_mirage,magixx,T,15,92.1875,stop,127154,counterstrafe,140.625,153.7427978515625,34.73080825805664,0.0,0.0,,,0.0,0.032958984375,,,,,,,,,,,
2026-08-21_ewc_vitality-vs-spirit_mirage,magixx,T,15,92.1875,stop,127195,release,125.0,160.20526123046875,27.26449203491211,0.0,0.0,,,0.0,18.54595184326172,,,,,,,,,,,
2026-08-21_ewc_vitality-vs-spirit_mirage,magixx,T,15,92.1875,stop,127354,release,93.75,154.8954315185547,29.543893814086914,0.0,0.0,,,0.0,0.9568405151367188,,,,,,,,,,,
2026-08-21_ewc_vitality-vs-spirit_mirage,magixx,T,15,92.1875,stop,127415,release,78.125,166.59841918945312,31.890718460083008,0.0,0.0,,,1.0,0.5939483642578125,,,,,,,,,,,
2026-08-21_ewc_vitality-vs-spirit_mirage,magixx,T,15,92.1875,stop,127637,release,156.25,156.63568115234375,20.3359375,0.0,0.0,,,0.0,24.816055297851562,,,,,,,,,,,
2026-08-21_ewc_vitality-vs-spirit_mirage,magixx,T,15,92.1875,stop,127730,counterstrafe,78.125,158.33828735351562,31.122005462646484,0.0,0.0,,,1.0,0.231048583984375,,,,,,,,,,,
2026-08-21_ewc_vitality-vs-spirit_mirage,magixx,T,15,92.1875,stop,127744,counterstrafe,296.875,158.33828735351562,27.705345153808594,0.0,0.0,,,1.0,9.273147583007812,,,,,,,,,,,
2026-08-21_ewc_vitality-vs-spirit_mirage,magixx,T,15,92.1875,stop,127799,counterstrafe,281.25,160.05287170410156,15.08056640625,0.0,0.0,,,1.0,0.9242401123046875,,,,,,,,,,,
2026-08-21_ewc_vitality-vs-spirit_mirage,magixx,T,15,92.1875,stop,127850,release,78.125,158.54684448242188,21.808820724487305,0.0,0.0,,,1.0,0.3628997802734375,,,,,,,,,,,
2026-08-21_ewc_vitality-vs-spirit_mirage,magixx,T,15,92.1875,stop,127861,release,250.0,158.54684448242188,27.82774543762207,0.0,0.0,,,1.0,0.3628997802734375,,,,,,,,,,,
2026-08-21_ewc_vitality-vs-spirit_mirage,magixx,T,15,92.1875,stop,128093,release,15.625,202.2254180908203,7.7091217041015625,0.0,1.0,265.625,0.0,1.0,0.0,,,,,,,,,,,
2026-08-21_ewc_vitality-vs-spirit_mirage,magixx,T,15,92.1875,stop,128884,release,78.125,244.99990844726562,0.0,0.0,0.0,,,0.0,0.3299407958984375,,,,,,,,,,,
2026-08-21_ewc_vitality-vs-spirit_mirage,magixx,T,15,92.1875,stop,129435,counterstrafe,93.75,159.7235107421875,32.73338317871094,0.0,0.0,,,1.0,0.39654541015625,,,,,,,,,,,
2026-08-21_ewc_vitality-vs-spirit_mirage,magixx,T,15,92.1875,stop,129567,release,93.75,153.06214904785156,30.305248260498047,0.0,1.0,0.0,30.305248260498047,1.0,0.0,,,,,,,,,,,
2026-08-21_ewc_vitality-vs-spirit_mirage,magixx,T,15,92.1875,stop,129623,release,62.5,150.0369110107422,34.71365737915039,0.0,0.0,,,1.0,0.0,,,,,,,,,,,
2026-08-21_ewc_vitality-vs-spirit_mirage,magixx,T,15,92.1875,stop,129685,release,46.875,159.7589874267578,23.963964462280273,0.0,0.0,,,1.0,0.0,,,,,,,,,,,
2026-08-21_ewc_vitality-vs-spirit_mirage,magixx,T,15,92.1875,stop,129741,counterstrafe,78.125,155.38330078125,33.47557830810547,0.0,0.0,,,1.0,0.033294677734375,,,,,,,,,,,
2026-08-21_ewc_vitality-vs-spirit_mirage,magixx,T,15,92.1875,stop,129759,counterstrafe,359.375,155.38330078125,19.488391876220703,0.0,0.0,,,1.0,1.518524169921875,,,,,,,,,,,
2026-08-21_ewc_vitality-vs-spirit_mirage,magixx,T,15,92.1875,stop,130488,counter_fwd,109.375,161.23399353027344,18.022106170654297,0.0,0.0,,,0.0,1.6170654296875,,,,,,,,,,,
2026-08-21_ewc_vitality-vs-spirit_mirage,magixx,T,15,92.1875,stop,130559,release,93.75,170.61631774902344,17.178329467773438,0.0,0.0,,,1.0,1.35302734375,,,,,,,,,,,
2026-08-21_ewc_vitality-vs-spirit_mirage,magixx,T,15,92.1875,stop,131021,counterstrafe,78.125,165.44320678710938,29.43001937866211,0.0,0.0,,,1.0,0.461761474609375,,,,,,,,,,,
2026-08-21_ewc_vitality-vs-spirit_mirage,magixx,T,15,92.1875,stop,131059,release,250.0,161.15919494628906,29.574068069458008,0.0,0.0,,,1.0,1.1549072265625,,,,,,,,,,,
2026-08-21_ewc_vitality-vs-spirit_mirage,magixx,T,15,92.1875,stop,131190,counter_fwd,78.125,162.8186798095703,34.334842681884766,0.0,0.0,,,0.0,0.032958984375,,,,,,,,,,,
2026-08-21_ewc_vitality-vs-spirit_mirage,magixx,T,15,92.1875,stop,131225,release,125.0,159.24082946777344,6.420929431915283,0.0,1.0,234.375,0.0,0.0,0.1318359375,,,,,,,,,,,
2026-08-21_ewc_vitality-vs-spirit_mirage,magixx,T,15,92.1875,stop,131441,release,62.5,153.78182983398438,33.421844482421875,0.0,0.0,,,1.0,0.09922027587890625,,,,,,,,,,,
2026-08-21_ewc_vitality-vs-spirit_mirage,magixx,T,15,92.1875,stop,131465,release,78.125,163.75738525390625,17.08969497680664,0.0,0.0,,,1.0,3.5969924926757812,,,,,,,,,,,
2026-08-21_ewc_vitality-vs-spirit_mirage,magixx,T,15,92.1875,stop,131483,counterstrafe,78.125,150.56704711914062,17.78026580810547,0.0,0.0,,,1.0,0.032958984375,,,,,,,,,,,
2026-08-21_ewc_vitality-vs-spirit_mirage,magixx,T,15,92.1875,stop,131501,counterstrafe,93.75,150.21539306640625,12.541970252990723,0.0,1.0,171.875,16.719478607177734,1.0,4.2901611328125,,,,,,,,,,,
2026-08-21_ewc_vitality-vs-spirit_mirage,magixx,T,15,92.1875,stop,131510,counterstrafe,234.375,150.21539306640625,29.7196044921875,0.0,1.0,31.25,16.719478607177734,0.0,8.778076171875,,,,,,,,,,,
2026-08-21_ewc_vitality-vs-spirit_mirage,magixx,T,15,92.1875,peek,127027,,,,,,,,,,,traversal,82.62676053838533,937.5,1359.375,1.0,214.81854248046875,0.0,89.19969940185547,1.0,0.6835685519382576,0.0
2026-08-21_ewc_vitality-vs-spirit_mirage,magixx,T,15,92.1875,peek,127172,,,,,,,,,,,traversal,37.985868026308104,359.375,359.375,1.0,162.53753662109375,0.0,59.13597106933594,0.0,0.17388183284514114,0.0
2026-08-21_ewc_vitality-vs-spirit_mirage,magixx,T,15,92.1875,peek,127435,,,,,,,,,,,jiggle,27.205504944067624,328.125,328.125,1.0,142.31832885742188,0.0,23.39710235595703,0.0,1.251200500801746,0.0
2026-08-21_ewc_vitality-vs-spirit_mirage,magixx,T,15,92.1875,peek,127542,,,,,,,,,,,commit,105.24374109207801,828.125,4984.375,0.0,141.80384826660156,0.0,11.25274658203125,1.0,5.390361138453794,0.0
2026-08-21_ewc_vitality-vs-spirit_mirage,magixx,T,15,92.1875,peek,128310,,,,,,,,,,,commit,46.68805427570144,1140.625,4984.375,0.0,130.809814453125,0.9054054054054054,19.1728515625,1.0,1.8104472508439344,1.0
2026-08-21_ewc_vitality-vs-spirit_mirage,magixx,T,15,92.1875,peek,128829,,,,,,,,,,,traversal,159.98655650133196,984.375,4984.375,0.0,245.00399780273438,0.0,40.98585510253906,0.0,0.6954581657755567,0.0
2026-08-21_ewc_vitality-vs-spirit_mirage,magixx,T,15,92.1875,peek,129168,,,,,,,,,,,traversal,159.2528874425585,1296.875,4984.375,0.0,187.84823608398438,0.7857142857142857,71.24737548828125,1.0,0.24542109449198982,1.0
2026-08-21_ewc_vitality-vs-spirit_mirage,magixx,T,15,92.1875,peek,130758,,,,,,,,,,,jiggle,46.02218737747476,671.875,3359.375,1.0,111.21199035644531,0.0,49.796905517578125,1.0,14.200669776535838,0.0
2026-08-21_ewc_vitality-vs-spirit_mirage,magixx,T,15,92.1875,peek,130974,,,,,,,,,,,commit,118.25305397706737,734.375,4984.375,0.0,214.99893188476562,0.0,9.83343505859375,2.0,13.054687587229068,0.0
2026-08-21_ewc_vitality-vs-spirit_mirage,magixx,T,15,92.1875,peek,131531,,,,,,,,,,,commit,281.9068103463559,1484.375,4984.375,0.0,231.8282470703125,0.15625,193.61103057861328,1.0,1.5079960782921698,0.0
2026-08-21_ewc_vitality-vs-spirit_mirage,magixx,T,15,92.1875,peek,131981,,,,,,,,,,,commit,80.37953054040875,1484.375,4984.375,0.0,99.47309875488281,0.0,13.052764892578125,0.0,8.425329396496233,0.0
2026-08-21_ewc_vitality-vs-spirit_mirage,magixx,T,15,92.1875,peek,132403,,,,,,,,,,,traversal,36.592949890721584,562.5,562.5,1.0,81.3968276977539,0.0,1.6572265625,0.0,0.163035490060227,0.0
2026-08-21_ewc_vitality-vs-spirit_mirage,mezii,CT,12,112.734375,stop,103270,release,250.0,162.8118133544922,30.414487838745117,0.0,0.0,,,0.0,0.0,,,,,,,,,,,
2026-08-21_ewc_vitality-vs-spirit_mirage,mezii,CT,12,112.734375,stop,106412,counterstrafe,78.125,166.3915557861328,24.18470001220703,0.0,0.0,,,1.0,0.9197540283203125,,,,,,,,,,,
2026-08-21_ewc_vitality-vs-spirit_mirage,mezii,CT,12,112.734375,stop,106426,counterstrafe,296.875,166.3915557861328,32.590816497802734,0.0,0.0,,,1.0,2.04827880859375,,,,,,,,,,,
2026-08-21_ewc_vitality-vs-spirit_mirage,mezii,CT,12,112.734375,stop,107622,counterstrafe,78.125,151.57534790039062,24.81842803955078,0.0,0.0,,,1.0,0.0,,,,,,,,,,,
2026-08-21_ewc_vitality-vs-spirit_mirage,mezii,CT,12,112.734375,stop,107898,counterstrafe,265.625,165.7347412109375,17.395553588867188,0.0,1.0,46.875,42.32170867919922,1.0,3.6361083984375,,,,,,,,,,,
2026-08-21_ewc_vitality-vs-spirit_mirage,mezii,CT,12,112.734375,stop,107902,counterstrafe,328.125,165.7347412109375,28.316781997680664,0.0,1.0,0.0,28.316781997680664,1.0,4.3052520751953125,,,,,,,,,,,
2026-08-21_ewc_vitality-vs-spirit_mirage,mezii,CT,12,112.734375,stop,108057,release,46.875,163.92581176757812,4.774300575256348,0.0,0.0,,,1.0,0.0,,,,,,,,,,,
2026-08-21_ewc_vitality-vs-spirit_mirage,mezii,CT,12,112.734375,stop,108589,counterstrafe,78.125,170.68063354492188,26.2755184173584,0.0,0.0,,,1.0,0.585357666015625,,,,,,,,,,,
2026-08-21_ewc_vitality-vs-spirit_mirage,mezii,CT,12,112.734375,stop,108601,counterstrafe,265.625,170.68063354492188,30.14546775817871,0.0,0.0,,,1.0,1.421356201171875,,,,,,,,,,,
2026-08-21_ewc_vitality-vs-spirit_mirage,mezii,CT,12,112.734375,stop,108606,counterstrafe,343.75,170.68063354492188,27.070791244506836,0.0,0.0,,,1.0,1.421356201171875,,,,,,,,,,,
2026-08-21_ewc_vitality-vs-spirit_mirage,mezii,CT,12,112.734375,stop,108686,counterstrafe,78.125,150.06991577148438,26.289875030517578,0.0,1.0,0.0,26.289875030517578,1.0,0.12530517578125,,,,,,,,,,,
2026-08-21_ewc_vitality-vs-spirit_mirage,mezii,CT,12,112.734375,stop,108702,counterstrafe,328.125,150.06991577148438,33.47488021850586,0.0,1.0,250.0,18.888364791870117,1.0,0.208740234375,,,,,,,,,,,
2026-08-21_ewc_vitality-vs-spirit_mirage,mezii,CT,12,112.734375,stop,109028,release,78.125,170.91738891601562,26.8219051361084,0.0,0.0,,,1.0,0.0,,,,,,,,,,,
2026-08-21_ewc_vitality-vs-spirit_mirage,mezii,CT,12,112.734375,stop,109039,crouch_stop,250.0,170.91738891601562,12.792106628417969,1.0,1.0,218.75,6.560067653656006,1.0,0.375946044921875,,,,,,,,,,,
2026-08-21_ewc_vitality-vs-spirit_mirage,mezii,CT,12,112.734375,stop,109170,counterstrafe,78.125,164.64060974121094,26.999168395996094,0.0,0.0,,,1.0,0.167205810546875,,,,,,,,,,,
2026-08-21_ewc_vitality-vs-spirit_mirage,mezii,CT,12,112.734375,stop,109182,counterstrafe,265.625,164.64060974121094,33.96284484863281,0.0,0.0,,,1.0,0.375946044921875,,,,,,,,,,,
2026-08-21_ewc_vitality-vs-spirit_mirage,mezii,CT,12,112.734375,stop,109187,counterstrafe,343.75,164.64060974121094,32.71763229370117,0.0,0.0,,,1.0,0.375946044921875,,,,,,,,,,,
2026-08-21_ewc_vitality-vs-spirit_mirage,mezii,CT,12,112.734375,stop,109308,counterstrafe,78.125,179.50465393066406,27.39301872253418,0.0,0.0,,,1.0,0.08343505859375,,,,,,,,,,,
2026-08-21_ewc_vitality-vs-spirit_mirage,mezii,CT,12,112.734375,stop,109337,counterstrafe,62.5,150.9097900390625,32.890716552734375,0.0,0.0,,,1.0,0.0418853759765625,,,,,,,,,,,
2026-08-21_ewc_vitality-vs-spirit_mirage,mezii,CT,12,112.734375,stop,109351,counterstrafe,281.25,150.9097900390625,26.979421615600586,0.0,0.0,,,1.0,0.12530517578125,,,,,,,,,,,
2026-08-21_ewc_vitality-vs-spirit_mirage,mezii,CT,12,112.734375,stop,109357,counterstrafe,375.0,150.9097900390625,10.750204086303711,0.0,0.0,,,1.0,0.12530517578125,,,,,,,,,,,
2026-08-21_ewc_vitality-vs-spirit_mirage,mezii,CT,12,112.734375,stop,109433,counterstrafe,78.125,150.58071899414062,29.512849807739258,0.0,0.0,,,0.0,0.0418701171875,,,,,,,,,,,
2026-08-21_ewc_vitality-vs-spirit_mirage,mezii,CT,12,112.734375,stop,109580,counterstrafe,78.125,162.19778442382812,15.429123878479004,0.0,0.0,,,1.0,0.83599853515625,,,,,,,,,,,
2026-08-21_ewc_vitality-vs-spirit_mirage,mezii,CT,12,112.734375,stop,109591,counterstrafe,250.0,162.19778442382812,22.5435848236084,0.0,0.0,,,1.0,4.01275634765625,,,,,,,,,,,
2026-08-21_ewc_vitality-vs-spirit_mirage,mezii,CT,12,112.734375,stop,109645,counterstrafe,78.125,161.1833038330078,14.564027786254883,0.0,0.0,,,1.0,1.6719970703125,,,,,,,,,,,
2026-08-21_ewc_vitality-vs-spirit_mirage,mezii,CT,12,112.734375,stop,109658,counterstrafe,281.25,161.1833038330078,33.662879943847656,0.0,0.0,,,1.0,6.06103515625,,,,,,,,,,,
2026-08-21_ewc_vitality-vs-spirit_mirage,mezii,CT,12,112.734375,stop,109677,counterstrafe,78.125,150.65972900390625,25.460262298583984,0.0,0.0,,,1.0,0.1253204345703125,,,,,,,,,,,
2026-08-21_ewc_vitality-vs-spirit_mirage,mezii,CT,12,112.734375,stop,109693,counterstrafe,328.125,150.65972900390625,12.071880340576172,0.0,0.0,,,1.0,0.2090911865234375,,,,,,,,,,,
2026-08-21_ewc_vitality-vs-spirit_mirage,mezii,CT,12,112.734375,stop,109726,counterstrafe,296.875,161.26080322265625,32.777442932128906,0.0,0.0,,,1.0,0.0,,,,,,,,,,,
2026-08-21_ewc_vitality-vs-spirit_mirage,mezii,CT,12,112.734375,stop,109838,counterstrafe,78.125,168.72056579589844,21.082035064697266,0.0,0.0,,,1.0,0.041900634765625,,,,,,,,,,,
2026-08-21_ewc_vitality-vs-spirit_mirage,mezii,CT,12,112.734375,stop,109860,counterstrafe,78.125,152.16326904296875,12.965328216552734,0.0,0.0,,,1.0,0.4181671142578125,,,,,,,,,,,
2026-08-21_ewc_vitality-vs-spirit_mirage,mezii,CT,12,112.734375,stop,109879,counterstrafe,78.125,152.766845703125,30.71930694580078,0.0,0.0,,,1.0,0.0418853759765625,,,,,,,,,,,
2026-08-21_ewc_vitality-vs-spirit_mirage,mezii,CT,12,112.734375,stop,109887,counterstrafe,203.125,152.766845703125,26.70842742919922,0.0,0.0,,,1.0,0.1671905517578125,,,,,,,,,,,
2026-08-21_ewc_vitality-vs-spirit_mirage,mezii,CT,12,112.734375,stop,109898,counterstrafe,375.0,152.766845703125,9.083120346069336,0.0,0.0,,,1.0,0.7944488525390625,,,,,,,,,,,
2026-08-21_ewc_vitality-vs-spirit_mirage,mezii,CT,12,112.734375,stop,109966,counterstrafe,78.125,179.22946166992188,28.168651580810547,0.0,0.0,,,1.0,0.0418701171875,,,,,,,,,,,
2026-08-21_ewc_vitality-vs-spirit_mirage,mezii,CT,12,112.734375,stop,109980,counterstrafe,296.875,179.22946166992188,24.435537338256836,0.0,0.0,,,1.0,0.2509613037109375,,,,,,,,,,,
2026-08-21_ewc_vitality-vs-spirit_mirage,mezii,CT,12,112.734375,stop,110156,counterstrafe,78.125,170.8466033935547,23.1409969329834,0.0,1.0,281.25,119.06560516357422,1.0,0.0,,,,,,,,,,,
2026-08-21_ewc_vitality-vs-spirit_mirage,mezii,CT,12,112.734375,stop,110164,counterstrafe,203.125,170.8466033935547,22.628034591674805,0.0,1.0,156.25,119.06560516357422,1.0,0.0,,,,,,,,,,,
2026-08-21_ewc_vitality-vs-spirit_mirage,mezii,CT,12,112.734375,peek,103427,,,,,,,,,,,traversal,203.9550440115029,1484.375,4984.375,0.0,214.7542724609375,0.7395833333333334,0.125640869140625,0.0,0.06024236084587599,1.0
2026-08-21_ewc_vitality-vs-spirit_mirage,mezii,CT,12,112.734375,peek,103808,,,,,,,,,,,traversal,97.07704019945805,968.75,1593.75,1.0,129.3414764404297,1.0,0.0,0.0,0.6222401214672345,1.0
2026-08-21_ewc_vitality-vs-spirit_mirage,mezii,CT,12,112.734375,peek,108242,,,,,,,,,,,traversal,42.521951350535126,1031.25,1031.25,1.0,119.47589111328125,0.7313432835820896,31.516677856445312,0.0,0.16091282445669716,1.0
2026-08-21_ewc_vitality-vs-spirit_mirage,mezii,CT,12,112.734375,peek,108365,,,,,,,,,,,traversal,15.41348532965473,1484.375,1484.375,1.0,93.62297058105469,1.0,0.292510986328125,0.0,0.0008004639661420332,1.0
2026-08-21_ewc_vitality-vs-spirit_mirage,mezii,CT,12,112.734375,peek,109062,,,,,,,,,,,traversal,124.75294619008766,1484.375,4984.375,0.0,201.7205352783203,0.0,6.89599609375,0.0,0.7936859404807757,0.0
2026-08-21_ewc_vitality-vs-spirit_mirage,mezii,CT,12,112.734375,peek,109417,,,,,,,,,,,jiggle,26.616991566092782,843.75,843.75,1.0,157.65501403808594,0.32727272727272727,0.9612884521484375,0.0,3.1435005096135087,0.0
2026-08-21_ewc_vitality-vs-spirit_mirage,mezii,CT,12,112.734375,peek,109550,,,,,,,,,,,narrow,68.95994359198319,453.125,1359.375,1.0,220.58779907226562,0.0,11.118865966796875,0.0,14.085557228606039,0.0
2026-08-21_ewc_vitality-vs-spirit_mirage,mezii,CT,12,112.734375,peek,110119,,,,,,,,,,,jiggle,47.7617524974389,562.5,656.25,1.0,177.49703979492188,0.0,10.1990966796875,0.0,1.8429980540453956,0.0
2026-08-21_ewc_vitality-vs-spirit_mirage,mezii,CT,13,54.5625,stop,112600,counterstrafe,78.125,169.3502197265625,18.0335693359375,0.0,0.0,,,1.0,0.0,,,,,,,,,,,
2026-08-21_ewc_vitality-vs-spirit_mirage,mezii,CT,13,54.5625,stop,112690,counterstrafe,93.75,162.07723999023438,32.202232360839844,0.0,0.0,,,1.0,0.0,,,,,,,,,,,
2026-08-21_ewc_vitality-vs-spirit_mirage,mezii,CT,13,54.5625,stop,112805,release,140.625,170.50656127929688,25.237253189086914,0.0,0.0,,,0.0,0.58502197265625,,,,,,,,,,,
2026-08-21_ewc_vitality-vs-spirit_mirage,mezii,CT,13,54.5625,stop,113068,counterstrafe,78.125,156.0412139892578,18.52359390258789,0.0,0.0,,,1.0,0.0,,,,,,,,,,,
2026-08-21_ewc_vitality-vs-spirit_mirage,mezii,CT,13,54.5625,stop,113154,counterstrafe,78.125,158.7526092529297,34.8057746887207,0.0,0.0,,,1.0,0.0,,,,,,,,,,,
2026-08-21_ewc_vitality-vs-spirit_mirage,mezii,CT,13,54.5625,stop,113488,counterstrafe,203.125,158.06996154785156,33.11323928833008,0.0,0.0,,,1.0,0.5016021728515625,,,,,,,,,,,
2026-08-21_ewc_vitality-vs-spirit_mirage,mezii,CT,13,54.5625,stop,113579,release,78.125,160.74359130859375,11.556259155273438,0.0,0.0,,,1.0,0.0,,,,,,,,,,,
2026-08-21_ewc_vitality-vs-spirit_mirage,mezii,CT,13,54.5625,stop,114958,crouch_stop,46.875,211.55567932128906,2.0019683837890625,1.0,0.0,,,1.0,3.2186508178710938,,,,,,,,,,,
2026-08-21_ewc_vitality-vs-spirit_mirage,mezii,CT,13,54.5625,stop,115259,counterstrafe,78.125,178.0135040283203,26.904468536376953,0.0,1.0,78.125,62.848793029785156,1.0,0.209075927734375,,,,,,,,,,,
2026-08-21_ewc_vitality-vs-spirit_mirage,mezii,CT,13,54.5625,peek,112865,,,,,,,,,,,commit,256.6589072434399,1484.375,4984.375,0.0,238.15362548828125,0.0,7.18951416015625,0.0,1.5612145363941916,0.0
2026-08-21_ewc_vitality-vs-spirit_mirage,mezii,CT,13,54.5625,peek,113312,,,,,,,,,,,commit,240.74896077267115,1484.375,4984.375,0.0,226.75840759277344,0.0,5.3922119140625,0.0,1.6184472241861037,0.0
2026-08-21_ewc_vitality-vs-spirit_mirage,mezii,CT,13,54.5625,peek,114148,,,,,,,,,,,traversal,53.297116922978866,906.25,3406.25,1.0,111.4667739868164,1.0,1.128509521484375,0.0,0.7731454261700863,1.0
2026-08-21_ewc_vitality-vs-spirit_mirage,mezii,CT,13,54.5625,peek,114549,,,,,,,,,,,commit,98.67938626879274,1484.375,4984.375,0.0,212.424072265625,0.0,36.78460693359375,1.0,2.8650296879783106,0.0
2026-08-21_ewc_vitality-vs-spirit_mirage,mezii,CT,13,54.5625,peek,115012,,,,,,,,,,,traversal,230.45217082307812,1484.375,4078.125,0.0,240.00881958007812,0.4479166666666667,42.72001647949219,1.0,0.7091177352122823,0.0
2026-08-21_ewc_vitality-vs-spirit_mirage,mezii,CT,14,28.6875,stop,124197,counterstrafe,187.5,183.0692138671875,12.163984298706055,0.0,1.0,125.0,85.39624786376953,1.0,2.3826751708984375,,,,,,,,,,,
2026-08-21_ewc_vitality-vs-spirit_mirage,mezii,CT,14,28.6875,peek,123586,,,,,,,,,,,traversal,24.704731705973888,375.0,375.0,1.0,102.47724914550781,1.0,2.424560546875,0.0,0.7230359342013202,1.0
2026-08-21_ewc_vitality-vs-spirit_mirage,mezii,CT,14,28.6875,peek,123886,,,,,,,,,,,traversal,6.134414069198997,156.25,156.25,1.0,54.669883728027344,1.0,0.0,0.0,0.0006130696675223574,1.0
2026-08-21_ewc_vitality-vs-spirit_mirage,mezii,CT,14,28.6875,peek,124061,,,,,,,,,,,traversal,25.677159806744413,1453.125,1453.125,1.0,90.1396713256836,0.8723404255319149,141.74354553222656,0.0,0.4521252285653876,1.0
2026-08-21_ewc_vitality-vs-spirit_mirage,mezii,CT,15,99.03125,stop,127214,counter_fwd,78.125,155.58726501464844,9.413678169250488,0.0,0.0,,,0.0,0.08343505859375,,,,,,,,,,,
2026-08-21_ewc_vitality-vs-spirit_mirage,mezii,CT,15,99.03125,stop,127350,release,62.5,153.1507568359375,33.21535873413086,0.0,0.0,,,1.0,0.0,,,,,,,,,,,
2026-08-21_ewc_vitality-vs-spirit_mirage,mezii,CT,15,99.03125,stop,127436,counterstrafe,78.125,166.0515899658203,20.451187133789062,0.0,0.0,,,1.0,0.0,,,,,,,,,,,
2026-08-21_ewc_vitality-vs-spirit_mirage,mezii,CT,15,99.03125,stop,127553,release,171.875,155.4885711669922,31.924335479736328,0.0,1.0,125.0,18.822532653808594,0.0,0.417816162109375,,,,,,,,,,,
2026-08-21_ewc_vitality-vs-spirit_mirage,mezii,CT,15,99.03125,stop,127599,counter_fwd,171.875,157.19107055664062,32.89554214477539,0.0,0.0,,,0.0,0.0,,,,,,,,,,,
2026-08-21_ewc_vitality-vs-spirit_mirage,mezii,CT,15,99.03125,stop,127628,counter_fwd,78.125,173.19212341308594,20.8177547454834,0.0,0.0,,,0.0,0.0418853759765625,,,,,,,,,,,
2026-08-21_ewc_vitality-vs-spirit_mirage,mezii,CT,15,99.03125,stop,127730,counterstrafe,62.5,161.03555297851562,34.70244216918945,0.0,0.0,,,1.0,0.0,,,,,,,,,,,
2026-08-21_ewc_vitality-vs-spirit_mirage,mezii,CT,15,99.03125,stop,127933,counterstrafe,78.125,165.8054962158203,28.21579360961914,0.0,0.0,,,1.0,0.1671905517578125,,,,,,,,,,,
2026-08-21_ewc_vitality-vs-spirit_mirage,mezii,CT,15,99.03125,stop,128017,counterstrafe,78.125,160.96424865722656,14.998173713684082,0.0,0.0,,,1.0,0.0,,,,,,,,,,,
2026-08-21_ewc_vitality-vs-spirit_mirage,mezii,CT,15,99.03125,stop,128103,counterstrafe,109.375,180.78111267089844,10.802148818969727,0.0,0.0,,,1.0,0.0,,,,,,,,,,,
2026-08-21_ewc_vitality-vs-spirit_mirage,mezii,CT,15,99.03125,stop,128225,release,187.5,164.13743591308594,28.76784896850586,0.0,1.0,265.625,71.28517150878906,0.0,0.083770751953125,,,,,,,,,,,
2026-08-21_ewc_vitality-vs-spirit_mirage,mezii,CT,15,99.03125,stop,128617,counterstrafe,93.75,154.1835174560547,32.403377532958984,0.0,0.0,,,1.0,0.0,,,,,,,,,,,
2026-08-21_ewc_vitality-vs-spirit_mirage,mezii,CT,15,99.03125,stop,128711,counterstrafe,78.125,176.25244140625,22.869321823120117,0.0,0.0,,,1.0,0.0,,,,,,,,,,,
2026-08-21_ewc_vitality-vs-spirit_mirage,mezii,CT,15,99.03125,stop,128806,counterstrafe,78.125,155.01524353027344,31.434263229370117,0.0,0.0,,,1.0,0.0,,,,,,,,,,,
2026-08-21_ewc_vitality-vs-spirit_mirage,mezii,CT,15,99.03125,stop,128896,counterstrafe,78.125,166.59933471679688,16.589183807373047,0.0,0.0,,,1.0,0.0,,,,,,,,,,,
2026-08-21_ewc_vitality-vs-spirit_mirage,mezii,CT,15,99.03125,stop,129969,counterstrafe,93.75,160.5479278564453,10.446455955505371,0.0,0.0,,,1.0,0.1256561279296875,,,,,,,,,,,
2026-08-21_ewc_vitality-vs-spirit_mirage,mezii,CT,15,99.03125,stop,129973,counterstrafe,156.25,160.5479278564453,32.197364807128906,0.0,0.0,,,1.0,1.0035324096679688,,,,,,,,,,,
2026-08-21_ewc_vitality-vs-spirit_mirage,mezii,CT,15,99.03125,stop,129981,counterstrafe,281.25,160.5479278564453,28.41840934753418,0.0,0.0,,,1.0,1.7557525634765625,,,,,,,,,,,
2026-08-21_ewc_vitality-vs-spirit_mirage,mezii,CT,15,99.03125,stop,129987,counterstrafe,375.0,160.5479278564453,31.61357879638672,0.0,0.0,,,1.0,1.797637939453125,,,,,,,,,,,
2026-08-21_ewc_vitality-vs-spirit_mirage,mezii,CT,15,99.03125,stop,130222,counterstrafe,93.75,174.2421875,17.91705322265625,0.0,0.0,,,1.0,0.0,,,,,,,,,,,
2026-08-21_ewc_vitality-vs-spirit_mirage,mezii,CT,15,99.03125,stop,130232,counterstrafe,250.0,174.2421875,18.500667572021484,0.0,0.0,,,1.0,0.6269073486328125,,,,,,,,,,,
2026-08-21_ewc_vitality-vs-spirit_mirage,mezii,CT,15,99.03125,stop,130720,counterstrafe,78.125,153.7360076904297,29.385313034057617,0.0,0.0,,,1.0,0.1256561279296875,,,,,,,,,,,
2026-08-21_ewc_vitality-vs-spirit_mirage,mezii,CT,15,99.03125,stop,130726,counterstrafe,171.875,153.7360076904297,23.341068267822266,0.0,0.0,,,1.0,0.5434799194335938,,,,,,,,,,,
2026-08-21_ewc_vitality-vs-spirit_mirage,mezii,CT,15,99.03125,stop,130760,counterstrafe,296.875,152.80606079101562,26.6213321685791,1.0,1.0,0.0,26.6213321685791,1.0,1.0869598388671875,,,,,,,,,,,
2026-08-21_ewc_vitality-vs-spirit_mirage,mezii,CT,15,99.03125,stop,131199,counter_fwd,125.0,161.63198852539062,21.30970573425293,0.0,0.0,,,0.0,11.369476318359375,,,,,,,,,,,
2026-08-21_ewc_vitality-vs-spirit_mirage,mezii,CT,15,99.03125,stop,132340,counterstrafe,265.625,163.51382446289062,34.322811126708984,0.0,0.0,,,1.0,3.469635009765625,,,,,,,,,,,
2026-08-21_ewc_vitality-vs-spirit_mirage,mezii,CT,15,99.03125,stop,132466,counterstrafe,78.125,153.46640014648438,30.1033992767334,0.0,0.0,,,1.0,0.0,,,,,,,,,,,
2026-08-21_ewc_vitality-vs-spirit_mirage,mezii,CT,15,99.03125,stop,132490,counterstrafe,78.125,153.12484741210938,17.617488861083984,0.0,0.0,,,1.0,0.0418701171875,,,,,,,,,,,
2026-08-21_ewc_vitality-vs-spirit_mirage,mezii,CT,15,99.03125,stop,132524,counterstrafe,78.125,165.1584930419922,23.541845321655273,0.0,0.0,,,1.0,0.0,,,,,,,,,,,
2026-08-21_ewc_vitality-vs-spirit_mirage,mezii,CT,15,99.03125,stop,132549,counterstrafe,78.125,154.86099243164062,21.956602096557617,0.0,0.0,,,1.0,0.0,,,,,,,,,,,
2026-08-21_ewc_vitality-vs-spirit_mirage,mezii,CT,15,99.03125,stop,132567,counterstrafe,359.375,154.86099243164062,30.138687133789062,0.0,0.0,,,1.0,1.253814697265625,,,,,,,,,,,
2026-08-21_ewc_vitality-vs-spirit_mirage,mezii,CT,15,99.03125,stop,132658,counterstrafe,78.125,153.145751953125,14.237256050109863,0.0,0.0,,,1.0,0.167205810546875,,,,,,,,,,,
2026-08-21_ewc_vitality-vs-spirit_mirage,mezii,CT,15,99.03125,stop,132688,counterstrafe,109.375,151.34085083007812,27.2836971282959,0.0,0.0,,,0.0,0.0,,,,,,,,,,,
2026-08-21_ewc_vitality-vs-spirit_mirage,mezii,CT,15,99.03125,stop,132724,counterstrafe,78.125,161.79806518554688,21.449203491210938,0.0,0.0,,,1.0,0.125335693359375,,,,,,,,,,,
2026-08-21_ewc_vitality-vs-spirit_mirage,mezii,CT,15,99.03125,stop,132807,counterstrafe,78.125,153.82382202148438,24.747272491455078,0.0,0.0,,,1.0,0.0,,,,,,,,,,,
2026-08-21_ewc_vitality-vs-spirit_mirage,mezii,CT,15,99.03125,stop,132834,counterstrafe,93.75,159.06166076660156,32.623992919921875,0.0,0.0,,,1.0,1.08660888671875,,,,,,,,,,,
2026-08-21_ewc_vitality-vs-spirit_mirage,mezii,CT,15,99.03125,peek,128568,,,,,,,,,,,narrow,119.36986605335807,750.0,1281.25,1.0,212.72329711914062,0.0,3.803680419921875,0.0,4.325064452241446,0.0
2026-08-21_ewc_vitality-vs-spirit_mirage,mezii,CT,15,99.03125,peek,129729,,,,,,,,,,,traversal,154.00168641396377,1484.375,4984.375,0.0,209.48280334472656,0.5833333333333334,5.3088226318359375,2.0,0.2568333760148988,1.0
2026-08-21_ewc_vitality-vs-spirit_mirage,mezii,CT,15,99.03125,peek,131497,,,,,,,,,,,traversal,64.15744491277799,1156.25,4984.375,0.0,116.99739837646484,1.0,6.102874755859375,0.0,0.349416225620906,1.0
2026-08-21_ewc_vitality-vs-spirit_mirage,mezii,T,0,35.5625,stop,2550,release,62.5,159.5155792236328,1.4655935764312744,0.0,1.0,234.375,30.045513153076172,0.0,0.0,,,,,,,,,,,
2026-08-21_ewc_vitality-vs-spirit_mirage,mezii,T,0,35.5625,stop,2597,release,78.125,175.15948486328125,24.009519577026367,0.0,1.0,0.0,24.009519577026367,0.0,0.0,,,,,,,,,,,
2026-08-21_ewc_vitality-vs-spirit_mirage,mezii,T,0,35.5625,stop,3034,counterstrafe,93.75,155.02734375,13.785432815551758,0.0,0.0,,,1.0,0.5016021728515625,,,,,,,,,,,
2026-08-21_ewc_vitality-vs-spirit_mirage,mezii,T,0,35.5625,stop,3086,release,31.25,170.51953125,1.5048952102661133,0.0,0.0,,,1.0,0.0,,,,,,,,,,,
2026-08-21_ewc_vitality-vs-spirit_mirage,mezii,T,0,35.5625,stop,3293,counterstrafe,343.75,152.68995666503906,26.6780948638916,0.0,1.0,234.375,45.059288024902344,1.0,1.3791275024414062,,,,,,,,,,,
2026-08-21_ewc_vitality-vs-spirit_mirage,mezii,T,0,35.5625,peek,2419,,,,,,,,,,,traversal,121.60371403211094,796.875,4984.375,0.0,225.3791961669922,0.0,15.96728515625,2.0,0.6381051147633144,0.0
2026-08-21_ewc_vitality-vs-spirit_mirage,mezii,T,0,35.5625,peek,3017,,,,,,,,,,,jiggle,25.16741943388979,250.0,250.0,1.0,155.02734375,0.0,0.626922607421875,0.0,2.4607579403272517,0.0
2026-08-21_ewc_vitality-vs-spirit_mirage,mezii,T,0,35.5625,peek,3059,,,,,,,,,,,traversal,26.197372249169288,406.25,406.25,1.0,170.51953125,0.0,3.5523529052734375,0.0,0.9574118033234994,0.0
2026-08-21_ewc_vitality-vs-spirit_mirage,mezii,T,0,35.5625,peek,3181,,,,,,,,,,,commit,123.47036671094452,1187.5,4984.375,0.0,224.3417205810547,0.025974025974025976,58.77101135253906,4.0,1.4702549736137833,0.0
2026-08-21_ewc_vitality-vs-spirit_mirage,mezii,T,1,37.6875,stop,5929,counterstrafe,78.125,165.59368896484375,22.101497650146484,0.0,0.0,,,1.0,0.919769287109375,,,,,,,,,,,
2026-08-21_ewc_vitality-vs-spirit_mirage,mezii,T,1,37.6875,stop,6712,counterstrafe,93.75,152.4185333251953,26.966657638549805,0.0,0.0,,,0.0,1.630096435546875,,,,,,,,,,,
2026-08-21_ewc_vitality-vs-spirit_mirage,mezii,T,1,37.6875,peek,6935,,,,,,,,,,,commit,129.30900279540086,1484.375,4984.375,0.0,162.6118927001953,0.25,7.064208984375,0.0,1.2010356912643605,0.0
2026-08-21_ewc_vitality-vs-spirit_mirage,mezii,T,2,41.5625,stop,9810,counterstrafe,78.125,158.23391723632812,33.007816314697266,0.0,0.0,,,1.0,0.0,,,,,,,,,,,
2026-08-21_ewc_vitality-vs-spirit_mirage,mezii,T,2,41.5625,stop,12069,counterstrafe,171.875,150.60997009277344,17.901880264282227,0.0,0.0,,,0.0,0.1671905517578125,,,,,,,,,,,
2026-08-21_ewc_vitality-vs-spirit_mirage,mezii,T,2,41.5625,stop,12106,counterstrafe,78.125,157.266845703125,33.62001037597656,0.0,0.0,,,1.0,0.0,,,,,,,,,,,
2026-08-21_ewc_vitality-vs-spirit_mirage,mezii,T,2,41.5625,stop,12138,counterstrafe,78.125,157.40151977539062,24.136568069458008,0.0,1.0,187.5,38.169185638427734,1.0,0.2509613037109375,,,,,,,,,,,
2026-08-21_ewc_vitality-vs-spirit_mirage,mezii,T,2,41.5625,stop,12151,counterstrafe,281.25,157.40151977539062,31.654483795166016,1.0,1.0,0.0,31.654483795166016,1.0,4.0965118408203125,,,,,,,,,,,
2026-08-21_ewc_vitality-vs-spirit_mirage,mezii,T,2,41.5625,peek,9564,,,,,,,,,,,traversal,287.5022104367835,1484.375,4984.375,0.0,250.00657653808594,0.0,109.26559448242188,0.0,0.05009381630015439,0.0
2026-08-21_ewc_vitality-vs-spirit_mirage,mezii,T,2,41.5625,peek,11121,,,,,,,,,,,traversal,48.52622813621741,1484.375,4984.375,0.0,110.7064208984375,0.3958333333333333,30.30511474609375,0.0,0.785903902143421,0.0
2026-08-21_ewc_vitality-vs-spirit_mirage,mezii,T,2,41.5625,peek,11865,,,,,,,,,,,commit,144.1948291672084,1484.375,4906.25,0.0,111.80785369873047,0.9270833333333334,82.72119903564453,1.0,3.0692388985149037,1.0
2026-08-21_ewc_vitality-vs-spirit_mirage,mezii,T,3,109.109375,stop,17801,release,78.125,150.593994140625,14.414656639099121,0.0,0.0,,,1.0,33.77471923828125,,,,,,,,,,,
2026-08-21_ewc_vitality-vs-spirit_mirage,mezii,T,3,109.109375,stop,17902,crouch_stop,265.625,254.3700714111328,34.5997200012207,1.0,0.0,,,0.0,3.803680419921875,,,,,,,,,,,
2026-08-21_ewc_vitality-vs-spirit_mirage,mezii,T,3,109.109375,stop,17959,release,15.625,172.68045043945312,30.869178771972656,0.0,0.0,,,0.0,2.0897979736328125,,,,,,,,,,,
2026-08-21_ewc_vitality-vs-spirit_mirage,mezii,T,3,109.109375,stop,18376,counterstrafe,78.125,152.79148864746094,16.524030685424805,0.0,0.0,,,1.0,0.0418853759765625,,,,,,,,,,,
2026-08-21_ewc_vitality-vs-spirit_mirage,mezii,T,3,109.109375,stop,18418,counterstrafe,93.75,159.54425048828125,28.711652755737305,0.0,0.0,,,1.0,0.0834197998046875,,,,,,,,,,,
2026-08-21_ewc_vitality-vs-spirit_mirage,mezii,T,3,109.109375,stop,18557,release,15.625,237.65753173828125,27.167457580566406,0.0,0.0,,,1.0,0.0,,,,,,,,,,,
2026-08-21_ewc_vitality-vs-spirit_mirage,mezii,T,3,109.109375,stop,18760,counterstrafe,78.125,158.38511657714844,21.06262969970703,0.0,0.0,,,1.0,0.04154205322265625,,,,,,,,,,,
2026-08-21_ewc_vitality-vs-spirit_mirage,mezii,T,3,109.109375,stop,18867,counterstrafe,78.125,154.01651000976562,25.69599723815918,0.0,0.0,,,1.0,0.083770751953125,,,,,,,,,,,
2026-08-21_ewc_vitality-vs-spirit_mirage,mezii,T,3,109.109375,stop,18891,counterstrafe,78.125,150.0160675048828,14.338428497314453,0.0,0.0,,,1.0,0.0,,,,,,,,,,,
2026-08-21_ewc_vitality-vs-spirit_mirage,mezii,T,3,109.109375,stop,21217,counterstrafe,78.125,174.43626403808594,28.25152587890625,0.0,1.0,0.0,28.25152587890625,0.0,0.292510986328125,,,,,,,,,,,
2026-08-21_ewc_vitality-vs-spirit_mirage,mezii,T,3,109.109375,stop,21857,release,78.125,164.04629516601562,27.73044204711914,0.0,0.0,,,1.0,0.9613037109375,,,,,,,,,,,
2026-08-21_ewc_vitality-vs-spirit_mirage,mezii,T,3,109.109375,stop,21925,counterstrafe,78.125,163.975341796875,28.304039001464844,0.0,0.0,,,1.0,0.460052490234375,,,,,,,,,,,
2026-08-21_ewc_vitality-vs-spirit_mirage,mezii,T,3,109.109375,stop,22092,counterstrafe,78.125,154.53237915039062,27.186128616333008,0.0,0.0,,,1.0,0.0,,,,,,,,,,,
2026-08-21_ewc_vitality-vs-spirit_mirage,mezii,T,3,109.109375,stop,22098,counterstrafe,171.875,154.53237915039062,21.939558029174805,0.0,0.0,,,1.0,0.0,,,,,,,,,,,
2026-08-21_ewc_vitality-vs-spirit_mirage,mezii,T,3,109.109375,stop,22107,counterstrafe,312.5,154.53237915039062,14.298575401306152,0.0,0.0,,,1.0,2.1735687255859375,,,,,,,,,,,
2026-08-21_ewc_vitality-vs-spirit_mirage,mezii,T,3,109.109375,stop,22134,counterstrafe,93.75,150.65863037109375,30.005250930786133,0.0,0.0,,,1.0,0.0,,,,,,,,,,,
2026-08-21_ewc_vitality-vs-spirit_mirage,mezii,T,3,109.109375,stop,22149,counterstrafe,328.125,150.65863037109375,29.593172073364258,0.0,0.0,,,1.0,0.2509613037109375,,,,,,,,,,,
2026-08-21_ewc_vitality-vs-spirit_mirage,mezii,T,3,109.109375,stop,22303,counterstrafe,78.125,153.03468322753906,26.56302833557129,0.0,0.0,,,1.0,2.1320343017578125,,,,,,,,,,,
2026-08-21_ewc_vitality-vs-spirit_mirage,mezii,T,3,109.109375,stop,22332,counterstrafe,93.75,159.5008087158203,13.621735572814941,0.0,0.0,,,1.0,0.9613037109375,,,,,,,,,,,
2026-08-21_ewc_vitality-vs-spirit_mirage,mezii,T,3,109.109375,stop,22448,counterstrafe,171.875,154.45474243164062,34.92369079589844,0.0,0.0,,,1.0,0.4181671142578125,,,,,,,,,,,
2026-08-21_ewc_vitality-vs-spirit_mirage,mezii,T,3,109.109375,stop,22629,counter_fwd,62.5,151.34005737304688,33.01240158081055,0.0,0.0,,,0.0,0.08343505859375,,,,,,,,,,,
2026-08-21_ewc_vitality-vs-spirit_mirage,mezii,T,3,109.109375,stop,22747,release,375.0,156.72962951660156,34.3497314453125,0.0,0.0,,,0.0,69.05352783203125,,,,,,,,,,,
2026-08-21_ewc_vitality-vs-spirit_mirage,mezii,T,3,109.109375,stop,23351,counterstrafe,93.75,160.8849334716797,20.542381286621094,0.0,0.0,,,0.0,0.209075927734375,,,,,,,,,,,
2026-08-21_ewc_vitality-vs-spirit_mirage,mezii,T,3,109.109375,stop,23366,counterstrafe,328.125,160.8849334716797,32.90619659423828,0.0,0.0,,,1.0,6.7713623046875,,,,,,,,,,,
2026-08-21_ewc_vitality-vs-spirit_mirage,mezii,T,3,109.109375,stop,24249,counterstrafe,78.125,154.7660675048828,21.168670654296875,0.0,1.0,0.0,21.168670654296875,1.0,0.5853652954101562,,,,,,,,,,,
2026-08-21_ewc_vitality-vs-spirit_mirage,mezii,T,3,109.109375,peek,17938,,,,,,,,,,,traversal,39.639907376476295,328.125,328.125,1.0,172.68045043945312,0.0,60.27581787109375,0.0,0.08667886212071708,0.0
2026-08-21_ewc_vitality-vs-spirit_mirage,mezii,T,3,109.109375,peek,21104,,,,,,,,,,,traversal,148.0413216452173,1484.375,4984.375,0.0,208.1442413330078,0.59375,90.03707885742188,1.0,0.4499466444215062,1.0
2026-08-21_ewc_vitality-vs-spirit_mirage,mezii,T,3,109.109375,peek,22600,,,,,,,,,,,traversal,69.11297696879696,453.125,734.375,1.0,222.95071411132812,0.0,0.1668701171875,0.0,0.0006828292514920041,0.0
2026-08-21_ewc_vitality-vs-spirit_mirage,mezii,T,3,109.109375,peek,23019,,,,,,,,,,,traversal,72.94506417798365,1218.75,4984.375,0.0,114.4022216796875,0.7848101265822784,9.697158813476562,0.0,0.3942982696243956,1.0
2026-08-21_ewc_vitality-vs-spirit_mirage,mezii,T,3,109.109375,peek,24075,,,,,,,,,,,jiggle,3.300839485693051,234.375,234.375,1.0,75.55786895751953,0.0,0.0,0.0,1.3539400074616605,0.0
2026-08-21_ewc_vitality-vs-spirit_mirage,mezii,T,3,109.109375,peek,24171,,,,,,,,,,,commit,77.72995145470225,1484.375,2734.375,0.0,159.81190490722656,0.0,9.739723205566406,4.0,12.546295082590076,0.0
2026-08-21_ewc_vitality-vs-spirit_mirage,mezii,T,4,86.78125,stop,27361,release,328.125,156.63241577148438,33.26576232910156,0.0,0.0,,,0.0,0.0,,,,,,,,,,,
2026-08-21_ewc_vitality-vs-spirit_mirage,mezii,T,4,86.78125,stop,27498,counter_fwd,265.625,198.16200256347656,0.8315932750701904,0.0,0.0,,,1.0,8.109283447265625,,,,,,,,,,,
2026-08-21_ewc_vitality-vs-spirit_mirage,mezii,T,4,86.78125,stop,29413,counterstrafe,78.125,167.50933837890625,23.175981521606445,0.0,0.0,,,1.0,0.0,,,,,,,,,,,
2026-08-21_ewc_vitality-vs-spirit_mirage,mezii,T,4,86.78125,stop,29422,counterstrafe,218.75,167.50933837890625,1.7694967985153198,0.0,0.0,,,1.0,0.0,,,,,,,,,,,
2026-08-21_ewc_vitality-vs-spirit_mirage,mezii,T,4,86.78125,stop,29539,release,15.625,170.578125,22.150005340576172,0.0,0.0,,,0.0,0.0,,,,,,,,,,,
2026-08-21_ewc_vitality-vs-spirit_mirage,mezii,T,4,86.78125,stop,31037,release,62.5,153.27061462402344,34.644134521484375,0.0,0.0,,,1.0,0.0418853759765625,,,,,,,,,,,
2026-08-21_ewc_vitality-vs-spirit_mirage,mezii,T,4,86.78125,stop,31050,counterstrafe,265.625,153.27061462402344,26.09706687927246,0.0,0.0,,,1.0,1.421356201171875,,,,,,,,,,,
2026-08-21_ewc_vitality-vs-spirit_mirage,mezii,T,4,86.78125,stop,31056,counterstrafe,359.375,153.27061462402344,10.809141159057617,0.0,0.0,,,1.0,1.421356201171875,,,,,,,,,,,
2026-08-21_ewc_vitality-vs-spirit_mirage,mezii,T,4,86.78125,stop,31389,counter_fwd,234.375,151.63807678222656,31.379268646240234,0.0,0.0,,,0.0,5.0997161865234375,,,,,,,,,,,
2026-08-21_ewc_vitality-vs-spirit_mirage,mezii,T,4,86.78125,stop,31731,counterstrafe,78.125,151.47503662109375,32.72412109375,0.0,0.0,,,1.0,0.3343963623046875,,,,,,,,,,,
2026-08-21_ewc_vitality-vs-spirit_mirage,mezii,T,4,86.78125,stop,31826,release,343.75,151.02110290527344,33.85001754760742,0.0,0.0,,,1.0,3.5945892333984375,,,,,,,,,,,
2026-08-21_ewc_vitality-vs-spirit_mirage,mezii,T,4,86.78125,stop,32361,counterstrafe,93.75,183.47340393066406,23.855924606323242,0.0,1.0,15.625,28.198795318603516,1.0,18.350257873535156,,,,,,,,,,,
2026-08-21_ewc_vitality-vs-spirit_mirage,mezii,T,4,86.78125,stop,32368,counterstrafe,203.125,183.47340393066406,21.783267974853516,0.0,1.0,218.75,42.560150146484375,1.0,26.208572387695312,,,,,,,,,,,
2026-08-21_ewc_vitality-vs-spirit_mirage,mezii,T,4,86.78125,peek,27402,,,,,,,,,,,traversal,249.8373237317893,1484.375,4984.375,0.0,227.30059814453125,0.0,82.30442810058594,0.0,0.5837061346354285,0.0
2026-08-21_ewc_vitality-vs-spirit_mirage,mezii,T,4,86.78125,peek,28543,,,,,,,,,,,commit,85.91860205188777,1484.375,4984.375,0.0,109.63365936279297,0.0,6.1029052734375,0.0,1.187090203641685,0.0
2026-08-21_ewc_vitality-vs-spirit_mirage,mezii,T,4,86.78125,peek,28863,,,,,,,,,,,traversal,49.023558766073634,1484.375,4984.375,0.0,46.83399963378906,0.0,0.9613037109375,0.0,0.19675489575011523,0.0
2026-08-21_ewc_vitality-vs-spirit_mirage,mezii,T,4,86.78125,peek,29522,,,,,,,,,,,traversal,32.504035954777635,343.75,343.75,1.0,177.1693878173828,0.0,3.9712142944335938,0.0,0.2552661665176893,0.0
2026-08-21_ewc_vitality-vs-spirit_mirage,mezii,T,4,86.78125,peek,29577,,,,,,,,,,,traversal,78.70797529610032,1468.75,4984.375,0.0,116.53298950195312,0.9368421052631579,22.363014221191406,0.0,0.3676789071522653,1.0
2026-08-21_ewc_vitality-vs-spirit_mirage,mezii,T,4,86.78125,peek,30051,,,,,,,,,,,traversal,14.117629081905585,281.25,281.25,1.0,115.28398132324219,0.0,0.668426513671875,0.0,0.7005174205035978,0.0
2026-08-21_ewc_vitality-vs-spirit_mirage,mezii,T,4,86.78125,peek,30088,,,,,,,,,,,traversal,9.125527569955004,250.0,250.0,1.0,58.339088439941406,0.0,1.2122650146484375,0.0,0.7411528085782232,0.0
2026-08-21_ewc_vitality-vs-spirit_mirage,mezii,T,4,86.78125,peek,30290,,,,,,,,,,,traversal,117.62528723360903,1484.375,2890.625,1.0,124.80130767822266,0.8645833333333334,103.99826049804688,0.0,0.5136251143682433,1.0
2026-08-21_ewc_vitality-vs-spirit_mirage,mezii,T,4,86.78125,peek,30838,,,,,,,,,,,traversal,101.09423355124343,1484.375,4984.375,0.0,125.35460662841797,0.4895833333333333,153.6983642578125,0.0,0.7156445308957675,0.0
2026-08-21_ewc_vitality-vs-spirit_mirage,mezii,T,4,86.78125,peek,31174,,,,,,,,,,,traversal,70.28762123818201,1062.5,1468.75,1.0,124.65797424316406,0.5797101449275363,16.637069702148438,0.0,0.6782464157143969,1.0
2026-08-21_ewc_vitality-vs-spirit_mirage,mezii,T,4,86.78125,peek,31329,,,,,,,,,,,traversal,63.83058578496753,953.125,1187.5,1.0,189.10693359375,0.0,36.868072509765625,0.0,0.2744105797848166,0.0
2026-08-21_ewc_vitality-vs-spirit_mirage,mezii,T,4,86.78125,peek,32139,,,,,,,,,,,jiggle,12.502951760463631,1156.25,1156.25,1.0,116.87870025634766,0.0,6.6457366943359375,0.0,12.588533456721086,0.0
2026-08-21_ewc_vitality-vs-spirit_mirage,mezii,T,4,86.78125,peek,32314,,,,,,,,,,,commit,126.94855145671633,718.75,1140.625,0.0,240.0044403076172,0.0,86.23340606689453,2.0,3.87890660628542,0.0
2026-08-21_ewc_vitality-vs-spirit_mirage,mezii,T,5,89.546875,stop,35253,counterstrafe,78.125,155.21688842773438,20.411500930786133,0.0,0.0,,,1.0,0.12531280517578125,,,,,,,,,,,
2026-08-21_ewc_vitality-vs-spirit_mirage,mezii,T,5,89.546875,stop,36402,release,31.25,206.01248168945312,15.72790813446045,0.0,0.0,,,1.0,0.08342742919921875,,,,,,,,,,,
2026-08-21_ewc_vitality-vs-spirit_mirage,mezii,T,5,89.546875,stop,37093,release,78.125,158.32440185546875,31.991273880004883,0.0,0.0,,,1.0,0.417816162109375,,,,,,,,,,,
2026-08-21_ewc_vitality-vs-spirit_mirage,mezii,T,5,89.546875,stop,37102,counterstrafe,218.75,158.32440185546875,31.97724151611328,0.0,0.0,,,1.0,0.5012359619140625,,,,,,,,,,,
2026-08-21_ewc_vitality-vs-spirit_mirage,mezii,T,5,89.546875,stop,37163,counterstrafe,78.125,157.57823181152344,21.490041732788086,0.0,0.0,,,0.0,0.4178314208984375,,,,,,,,,,,
2026-08-21_ewc_vitality-vs-spirit_mirage,mezii,T,5,89.546875,stop,37175,counterstrafe,265.625,157.57823181152344,16.61420440673828,0.0,0.0,,,1.0,15.507553100585938,,,,,,,,,,,
2026-08-21_ewc_vitality-vs-spirit_mirage,mezii,T,5,89.546875,stop,37893,counterstrafe,78.125,159.41761779785156,30.318510055541992,0.0,0.0,,,0.0,0.3343963623046875,,,,,,,,,,,
2026-08-21_ewc_vitality-vs-spirit_mirage,mezii,T,5,89.546875,stop,39130,release,15.625,201.83694458007812,13.328848838806152,0.0,1.0,31.25,4.028191089630127,0.0,0.0,,,,,,,,,,,
2026-08-21_ewc_vitality-vs-spirit_mirage,mezii,T,5,89.546875,stop,39180,counterstrafe,78.125,154.7509002685547,16.20722198486328,0.0,1.0,0.0,16.20722198486328,1.0,0.083404541015625,,,,,,,,,,,
2026-08-21_ewc_vitality-vs-spirit_mirage,mezii,T,5,89.546875,stop,39196,counterstrafe,328.125,154.7509002685547,25.286766052246094,0.0,1.0,0.0,25.286766052246094,1.0,0.375885009765625,,,,,,,,,,,
2026-08-21_ewc_vitality-vs-spirit_mirage,mezii,T,5,89.546875,stop,39271,counter_fwd,265.625,153.08438110351562,0.0,0.0,0.0,,,1.0,0.418182373046875,,,,,,,,,,,
2026-08-21_ewc_vitality-vs-spirit_mirage,mezii,T,5,89.546875,stop,39300,counterstrafe,93.75,154.77584838867188,22.4565372467041,0.0,0.0,,,1.0,0.0,,,,,,,,,,,
2026-08-21_ewc_vitality-vs-spirit_mirage,mezii,T,5,89.546875,stop,39324,counterstrafe,78.125,158.56756591796875,29.878639221191406,0.0,0.0,,,1.0,0.125335693359375,,,,,,,,,,,
2026-08-21_ewc_vitality-vs-spirit_mirage,mezii,T,5,89.546875,stop,39357,counterstrafe,93.75,176.82760620117188,13.716578483581543,0.0,1.0,0.0,13.716578483581543,1.0,1.295379638671875,,,,,,,,,,,
2026-08-21_ewc_vitality-vs-spirit_mirage,mezii,T,5,89.546875,stop,39398,counterstrafe,78.125,164.45550537109375,30.736793518066406,0.0,0.0,,,1.0,0.29254150390625,,,,,,,,,,,
2026-08-21_ewc_vitality-vs-spirit_mirage,mezii,T,5,89.546875,stop,39436,counterstrafe,78.125,160.8079833984375,27.509986877441406,0.0,1.0,328.125,27.76710319519043,1.0,0.292510986328125,,,,,,,,,,,
2026-08-21_ewc_vitality-vs-spirit_mirage,mezii,T,5,89.546875,stop,39448,counterstrafe,265.625,160.8079833984375,23.640979766845703,0.0,1.0,140.625,27.76710319519043,1.0,1.9641571044921875,,,,,,,,,,,
2026-08-21_ewc_vitality-vs-spirit_mirage,mezii,T,5,89.546875,stop,39454,counterstrafe,359.375,160.8079833984375,22.397615432739258,0.0,1.0,46.875,27.76710319519043,1.0,2.3823089599609375,,,,,,,,,,,
2026-08-21_ewc_vitality-vs-spirit_mirage,mezii,T,5,89.546875,stop,39683,counterstrafe,78.125,172.38040161132812,33.04558563232422,0.0,0.0,,,1.0,0.16754150390625,,,,,,,,,,,
2026-08-21_ewc_vitality-vs-spirit_mirage,mezii,T,5,89.546875,stop,39707,counterstrafe,93.75,159.67263793945312,16.587677001953125,0.0,0.0,,,1.0,0.208740234375,,,,,,,,,,,
2026-08-21_ewc_vitality-vs-spirit_mirage,mezii,T,5,89.546875,stop,39730,counterstrafe,93.75,153.34864807128906,10.932711601257324,0.0,0.0,,,1.0,0.083770751953125,,,,,,,,,,,
2026-08-21_ewc_vitality-vs-spirit_mirage,mezii,T,5,89.546875,stop,39746,counterstrafe,343.75,153.34864807128906,14.002683639526367,0.0,0.0,,,1.0,0.836334228515625,,,,,,,,,,,
2026-08-21_ewc_vitality-vs-spirit_mirage,mezii,T,5,89.546875,stop,39873,counterstrafe,359.375,165.85557556152344,28.53973388671875,0.0,1.0,328.125,0.8404955863952637,1.0,11.035423278808594,,,,,,,,,,,
2026-08-21_ewc_vitality-vs-spirit_mirage,mezii,T,5,89.546875,peek,37405,,,,,,,,,,,traversal,155.00753175573448,1484.375,4984.375,0.0,111.8060302734375,1.0,12.246673583984375,0.0,0.46608567909472004,1.0
2026-08-21_ewc_vitality-vs-spirit_mirage,mezii,T,5,89.546875,peek,37752,,,,,,,,,,,traversal,15.203334660985877,765.625,765.625,1.0,67.4120101928711,0.42,2.256988525390625,0.0,0.9881473531948964,0.0
2026-08-21_ewc_vitality-vs-spirit_mirage,mezii,T,5,89.546875,peek,37873,,,,,,,,,,,narrow,152.3207445652733,1484.375,3031.25,1.0,166.00457763671875,0.6770833333333334,39.16728973388672,0.0,10.475734871621139,1.0
2026-08-21_ewc_vitality-vs-spirit_mirage,mezii,T,5,89.546875,peek,38310,,,,,,,,,,,traversal,56.1214106962622,703.125,4984.375,0.0,120.04349517822266,1.0,9.530288696289062,0.0,0.3246338232727664,1.0
2026-08-21_ewc_vitality-vs-spirit_mirage,mezii,T,5,89.546875,peek,38772,,,,,,,,,,,traversal,144.1637125193058,1484.375,4984.375,0.0,234.2201690673828,0.0,2.38232421875,1.0,0.06210789210057306,0.0
2026-08-21_ewc_vitality-vs-spirit_mirage,mezii,T,5,89.546875,peek,39163,,,,,,,,,,,jiggle,26.9819191798008,250.0,250.0,1.0,166.42657470703125,0.0,3.134521484375,1.0,6.389891655623423,0.0
2026-08-21_ewc_vitality-vs-spirit_mirage,mezii,T,5,89.546875,peek,39237,,,,,,,,,,,jiggle,41.84189411014788,546.875,546.875,1.0,170.6049346923828,0.0,5.72662353515625,0.0,1.105666744199466,0.0
2026-08-21_ewc_vitality-vs-spirit_mirage,mezii,T,5,89.546875,peek,39373,,,,,,,,,,,jiggle,48.702604475114235,515.625,625.0,1.0,184.97091674804688,0.0,2.92547607421875,0.0,32.48067704838343,0.0
2026-08-21_ewc_vitality-vs-spirit_mirage,mezii,T,5,89.546875,peek,39511,,,,,,,,,,,jiggle,38.96265601506955,1484.375,1484.375,1.0,172.6415557861328,0.0,16.425933837890625,1.0,1.4520570216010449,0.0
2026-08-21_ewc_vitality-vs-spirit_mirage,mezii,T,6,52.90625,stop,48240,counterstrafe,93.75,162.58111572265625,27.166349411010742,0.0,0.0,,,1.0,0.91943359375,,,,,,,,,,,
2026-08-21_ewc_vitality-vs-spirit_mirage,mezii,T,6,52.90625,stop,48251,counterstrafe,265.625,162.58111572265625,32.62359619140625,0.0,0.0,,,1.0,1.08660888671875,,,,,,,,,,,
2026-08-21_ewc_vitality-vs-spirit_mirage,mezii,T,6,52.90625,stop,48273,counterstrafe,93.75,160.68862915039062,27.55974769592285,0.0,0.0,,,1.0,0.0,,,,,,,,,,,
2026-08-21_ewc_vitality-vs-spirit_mirage,mezii,T,6,52.90625,stop,48289,counterstrafe,343.75,160.68862915039062,20.893667221069336,0.0,0.0,,,1.0,0.62725830078125,,,,,,,,,,,
2026-08-21_ewc_vitality-vs-spirit_mirage,mezii,T,6,52.90625,stop,48383,counterstrafe,93.75,159.8277130126953,18.790456771850586,0.0,0.0,,,1.0,0.0418701171875,,,,,,,,,,,
2026-08-21_ewc_vitality-vs-spirit_mirage,mezii,T,6,52.90625,stop,48395,counterstrafe,281.25,159.8277130126953,15.99970531463623,0.0,0.0,,,1.0,4.012725830078125,,,,,,,,,,,
2026-08-21_ewc_vitality-vs-spirit_mirage,mezii,T,6,52.90625,stop,48433,counterstrafe,78.125,151.31887817382812,11.556180000305176,0.0,0.0,,,1.0,0.125640869140625,,,,,,,,,,,
2026-08-21_ewc_vitality-vs-spirit_mirage,mezii,T,6,52.90625,stop,48472,counterstrafe,78.125,161.11334228515625,18.894195556640625,0.0,1.0,0.0,18.894195556640625,1.0,0.877532958984375,,,,,,,,,,,
2026-08-21_ewc_vitality-vs-spirit_mirage,mezii,T,6,52.90625,peek,45342,,,,,,,,,,,traversal,282.7407861914836,1484.375,4984.375,0.0,250.00291442871094,0.0,75.36551666259766,0.0,0.26867753575837505,0.0
2026-08-21_ewc_vitality-vs-spirit_mirage,mezii,T,6,52.90625,peek,46526,,,,,,,,,,,jiggle,37.552263643575465,562.5,562.5,1.0,104.9558334350586,1.0,2.80047607421875,0.0,1.9687154779162117,1.0
2026-08-21_ewc_vitality-vs-spirit_mirage,mezii,T,6,52.90625,peek,46789,,,,,,,,,,,jiggle,23.606332709463217,1484.375,1484.375,1.0,101.34387969970703,1.0,3.761444091796875,0.0,1.5477930138135072,1.0
2026-08-21_ewc_vitality-vs-spirit_mirage,mezii,T,6,52.90625,peek,46923,,,,,,,,,,,jiggle,11.214181679848027,156.25,156.25,1.0,107.5995101928711,0.0,2.215118408203125,0.0,25.216845124501358,0.0
2026-08-21_ewc_vitality-vs-spirit_mirage,mezii,T,6,52.90625,peek,47076,,,,,,,,,,,traversal,155.70010219402917,1484.375,4984.375,0.0,119.60923767089844,1.0,7.2725982666015625,0.0,0.16583675957153668,1.0
2026-08-21_ewc_vitality-vs-spirit_mirage,mezii,T,6,52.90625,peek,47552,,,,,,,,,,,traversal,163.89664447147905,1484.375,4984.375,0.0,119.60525512695312,1.0,11.493743896484375,0.0,0.28331159078357193,1.0
2026-08-21_ewc_vitality-vs-spirit_mirage,mezii,T,6,52.90625,peek,47958,,,,,,,,,,,traversal,63.32696171477329,718.75,984.375,1.0,144.67776489257812,0.0,1.546661376953125,0.0,0.41190493825656943,0.0
2026-08-21_ewc_vitality-vs-spirit_mirage,mezii,T,6,52.90625,peek,48129,,,,,,,,,,,traversal,25.952520940880383,437.5,437.5,1.0,92.56253051757812,1.0,5.8519287109375,0.0,0.47035649178581324,1.0
2026-08-21_ewc_vitality-vs-spirit_mirage,mezii,T,6,52.90625,peek,48194,,,,,,,,,,,jiggle,38.53369716230854,718.75,718.75,1.0,165.7941131591797,0.3191489361702128,23.324676513671875,0.0,2.100527189330383,0.0
2026-08-21_ewc_vitality-vs-spirit_mirage,mezii,T,7,116.3125,stop,53201,counterstrafe,78.125,162.8607635498047,25.203786849975586,0.0,0.0,,,1.0,0.0,,,,,,,,,,,
2026-08-21_ewc_vitality-vs-spirit_mirage,mezii,T,7,116.3125,stop,53315,counterstrafe,109.375,154.28915405273438,18.332569122314453,0.0,0.0,,,1.0,0.083770751953125,,,,,,,,,,,
2026-08-21_ewc_vitality-vs-spirit_mirage,mezii,T,7,116.3125,stop,53330,counterstrafe,343.75,154.28915405273438,30.53730010986328,0.0,0.0,,,1.0,1.0873031616210938,,,,,,,,,,,
2026-08-21_ewc_vitality-vs-spirit_mirage,mezii,T,7,116.3125,stop,53724,counterstrafe,93.75,165.85345458984375,0.5774945020675659,0.0,0.0,,,1.0,0.167205810546875,,,,,,,,,,,
2026-08-21_ewc_vitality-vs-spirit_mirage,mezii,T,7,116.3125,stop,53760,counterstrafe,31.25,166.8395233154297,34.40093231201172,0.0,0.0,,,1.0,0.08343505859375,,,,,,,,,,,
2026-08-21_ewc_vitality-vs-spirit_mirage,mezii,T,7,116.3125,stop,53769,counterstrafe,171.875,166.8395233154297,33.62924575805664,0.0,0.0,,,1.0,0.167205810546875,,,,,,,,,,,
2026-08-21_ewc_vitality-vs-spirit_mirage,mezii,T,7,116.3125,stop,54331,counterstrafe,93.75,159.84585571289062,15.173276901245117,0.0,0.0,,,1.0,0.0,,,,,,,,,,,
2026-08-21_ewc_vitality-vs-spirit_mirage,mezii,T,7,116.3125,stop,54346,counterstrafe,328.125,159.84585571289062,2.96358060836792,0.0,0.0,,,1.0,0.62689208984375,,,,,,,,,,,
2026-08-21_ewc_vitality-vs-spirit_mirage,mezii,T,7,116.3125,stop,54815,counterstrafe,93.75,154.17031860351562,15.773282051086426,0.0,0.0,,,1.0,2.5083160400390625,,,,,,,,,,,
2026-08-21_ewc_vitality-vs-spirit_mirage,mezii,T,7,116.3125,stop,54824,counterstrafe,234.375,154.17031860351562,32.03594207763672,0.0,0.0,,,1.0,2.5083160400390625,,,,,,,,,,,
2026-08-21_ewc_vitality-vs-spirit_mirage,mezii,T,7,116.3125,stop,55237,counterstrafe,78.125,161.46914672851562,28.498844146728516,0.0,0.0,,,0.0,0.0,,,,,,,,,,,
2026-08-21_ewc_vitality-vs-spirit_mirage,mezii,T,7,116.3125,stop,55252,counterstrafe,312.5,161.46914672851562,19.38605308532715,0.0,0.0,,,1.0,0.37628173828125,,,,,,,,,,,
2026-08-21_ewc_vitality-vs-spirit_mirage,mezii,T,7,116.3125,stop,55288,release,218.75,157.2009735107422,28.560331344604492,0.0,0.0,,,1.0,1.29534912109375,,,,,,,,,,,
2026-08-21_ewc_vitality-vs-spirit_mirage,mezii,T,7,116.3125,stop,56855,counterstrafe,78.125,161.85719299316406,25.409469604492188,0.0,0.0,,,1.0,0.0418701171875,,,,,,,,,,,
2026-08-21_ewc_vitality-vs-spirit_mirage,mezii,T,7,116.3125,stop,57199,counterstrafe,93.75,159.0176239013672,30.520774841308594,0.0,0.0,,,0.0,0.37628173828125,,,,,,,,,,,
2026-08-21_ewc_vitality-vs-spirit_mirage,mezii,T,7,116.3125,stop,57222,counterstrafe,93.75,153.8817901611328,24.40012550354004,0.0,0.0,,,1.0,0.5015869140625,,,,,,,,,,,
2026-08-21_ewc_vitality-vs-spirit_mirage,mezii,T,7,116.3125,stop,57240,counterstrafe,375.0,153.8817901611328,34.090518951416016,0.0,0.0,,,1.0,2.006378173828125,,,,,,,,,,,
2026-08-21_ewc_vitality-vs-spirit_mirage,mezii,T,7,116.3125,stop,57486,release,250.0,162.94679260253906,30.43575668334961,0.0,0.0,,,0.0,22.822723388671875,,,,,,,,,,,
2026-08-21_ewc_vitality-vs-spirit_mirage,mezii,T,7,116.3125,stop,57528,counter_fwd,78.125,157.27133178710938,13.699260711669922,0.0,1.0,0.0,13.699260711669922,0.0,0.4181671142578125,,,,,,,,,,,
2026-08-21_ewc_vitality-vs-spirit_mirage,mezii,T,7,116.3125,stop,58247,release,78.125,151.93580627441406,29.92401695251465,0.0,0.0,,,1.0,1.9644775390625,,,,,,,,,,,
2026-08-21_ewc_vitality-vs-spirit_mirage,mezii,T,7,116.3125,stop,58453,counterstrafe,31.25,193.984375,0.0,0.0,0.0,,,1.0,0.2509765625,,,,,,,,,,,
2026-08-21_ewc_vitality-vs-spirit_mirage,mezii,T,7,116.3125,stop,58657,release,78.125,165.98191833496094,32.77471923828125,0.0,0.0,,,1.0,2.215118408203125,,,,,,,,,,,
2026-08-21_ewc_vitality-vs-spirit_mirage,mezii,T,7,116.3125,stop,58742,counter_fwd,93.75,159.09475708007812,33.95348358154297,0.0,0.0,,,1.0,13.083709716796875,,,,,,,,,,,
2026-08-21_ewc_vitality-vs-spirit_mirage,mezii,T,7,116.3125,stop,58778,counterstrafe,31.25,178.9701690673828,30.62687110900879,0.0,0.0,,,1.0,0.12531280517578125,,,,,,,,,,,
2026-08-21_ewc_vitality-vs-spirit_mirage,mezii,T,7,116.3125,stop,58815,counterstrafe,109.375,180.57427978515625,25.01505470275879,0.0,0.0,,,1.0,46.06361389160156,,,,,,,,,,,
2026-08-21_ewc_vitality-vs-spirit_mirage,mezii,T,7,116.3125,stop,59127,counterstrafe,93.75,179.49359130859375,30.018390655517578,0.0,0.0,,,1.0,0.0,,,,,,,,,,,
2026-08-21_ewc_vitality-vs-spirit_mirage,mezii,T,7,116.3125,stop,59239,crouch_stop,15.625,169.27566528320312,25.14631462097168,1.0,0.0,,,0.0,0.0,,,,,,,,,,,
2026-08-21_ewc_vitality-vs-spirit_mirage,mezii,T,7,116.3125,peek,52288,,,,,,,,,,,traversal,308.4756277467502,1484.375,4984.375,0.0,250.0070037841797,0.0,48.362823486328125,0.0,0.024844190978844882,0.0
2026-08-21_ewc_vitality-vs-spirit_mirage,mezii,T,7,116.3125,peek,53698,,,,,,,,,,,commit,46.58454371236445,375.0,4984.375,0.0,180.79873657226562,0.0,5.684051513671875,0.0,7.9559911030594685,0.0
2026-08-21_ewc_vitality-vs-spirit_mirage,mezii,T,7,116.3125,peek,54312,,,,,,,,,,,jiggle,40.6154744280921,515.625,515.625,1.0,159.84585571289062,0.0,3.0926513671875,0.0,33.91900020320744,0.0
2026-08-21_ewc_vitality-vs-spirit_mirage,mezii,T,7,116.3125,peek,55214,,,,,,,,,,,commit,54.28592067775978,578.125,4984.375,0.0,179.04441833496094,0.0,3.92864990234375,0.0,29.919000228878133,0.0
2026-08-21_ewc_vitality-vs-spirit_mirage,mezii,T,7,116.3125,peek,56167,,,,,,,,,,,traversal,11.885216214643002,218.75,218.75,1.0,80.98234558105469,1.0,0.25096893310546875,0.0,0.10925676626200208,1.0
2026-08-21_ewc_vitality-vs-spirit_mirage,mezii,T,7,116.3125,peek,56216,,,,,,,,,,,jiggle,18.987071212092783,1468.75,1468.75,1.0,94.3425064086914,0.15789473684210525,1.0454177856445312,0.0,2.0562349656830454,0.0
2026-08-21_ewc_vitality-vs-spirit_mirage,mezii,T,7,116.3125,peek,56328,,,,,,,,,,,jiggle,3.554711784552319,1125.0,1125.0,1.0,63.97062301635742,0.0,0.20908355712890625,0.0,11.037211322885392,0.0
2026-08-21_ewc_vitality-vs-spirit_mirage,mezii,T,7,116.3125,peek,56426,,,,,,,,,,,traversal,21.921830281261638,1390.625,1390.625,1.0,80.09742736816406,0.9888888888888889,1.3791275024414062,0.0,0.3257430061484555,1.0
2026-08-21_ewc_vitality-vs-spirit_mirage,mezii,T,7,116.3125,peek,56553,,,,,,,,,,,traversal,104.42688711693357,1484.375,4984.375,0.0,111.80572509765625,1.0,21.40239715576172,0.0,0.39554541862458065,1.0
2026-08-21_ewc_vitality-vs-spirit_mirage,mezii,T,7,116.3125,peek,57155,,,,,,,,,,,commit,89.39941422753478,1328.125,4984.375,0.0,159.0176239013672,0.12790697674418605,13.251220703125,0.0,8.177187286655016,0.0
2026-08-21_ewc_vitality-vs-spirit_mirage,mezii,T,7,116.3125,peek,57559,,,,,,,,,,,traversal,276.40347040946256,1484.375,4984.375,0.0,215.0030517578125,0.0,28.67534637451172,0.0,0.26276499276731746,0.0
2026-08-21_ewc_vitality-vs-spirit_mirage,mezii,T,8,66.0625,stop,63214,release,15.625,248.7394561767578,10.742326736450195,0.0,0.0,,,0.0,0.083770751953125,,,,,,,,,,,
2026-08-21_ewc_vitality-vs-spirit_mirage,mezii,T,8,66.0625,stop,63821,counterstrafe,109.375,154.26296997070312,31.366880416870117,0.0,0.0,,,0.0,0.2502899169921875,,,,,,,,,,,
2026-08-21_ewc_vitality-vs-spirit_mirage,mezii,T,8,66.0625,stop,63855,counterstrafe,93.75,161.5778350830078,23.034494400024414,0.0,0.0,,,1.0,0.0,,,,,,,,,,,
2026-08-21_ewc_vitality-vs-spirit_mirage,mezii,T,8,66.0625,stop,63869,counterstrafe,312.5,161.5778350830078,17.44442367553711,0.0,0.0,,,1.0,0.1256561279296875,,,,,,,,,,,
2026-08-21_ewc_vitality-vs-spirit_mirage,mezii,T,8,66.0625,stop,63897,counterstrafe,78.125,151.3739471435547,18.1751708984375,0.0,0.0,,,1.0,0.0834197998046875,,,,,,,,,,,
2026-08-21_ewc_vitality-vs-spirit_mirage,mezii,T,8,66.0625,stop,63903,counterstrafe,171.875,151.3739471435547,31.922849655151367,0.0,0.0,,,1.0,0.1671905517578125,,,,,,,,,,,
2026-08-21_ewc_vitality-vs-spirit_mirage,mezii,T,8,66.0625,stop,65161,counterstrafe,328.125,155.10000610351562,27.84196662902832,1.0,0.0,,,1.0,2.4664306640625,,,,,,,,,,,
2026-08-21_ewc_vitality-vs-spirit_mirage,mezii,T,8,66.0625,stop,65587,counterstrafe,93.75,176.5574951171875,11.853126525878906,0.0,0.0,,,1.0,0.5015869140625,,,,,,,,,,,
2026-08-21_ewc_vitality-vs-spirit_mirage,mezii,T,8,66.0625,stop,65597,counterstrafe,250.0,176.5574951171875,13.364402770996094,0.0,0.0,,,1.0,1.4210205078125,,,,,,,,,,,
2026-08-21_ewc_vitality-vs-spirit_mirage,mezii,T,8,66.0625,stop,67007,counterstrafe,78.125,154.1062774658203,26.08370590209961,0.0,1.0,0.0,26.08370590209961,1.0,0.71136474609375,,,,,,,,,,,
2026-08-21_ewc_vitality-vs-spirit_mirage,mezii,T,8,66.0625,stop,67109,counterstrafe,187.5,179.28897094726562,10.326274871826172,0.0,1.0,46.875,32.13545227050781,1.0,1.79730224609375,,,,,,,,,,,
2026-08-21_ewc_vitality-vs-spirit_mirage,mezii,T,8,66.0625,peek,64897,,,,,,,,,,,traversal,42.18060424418385,1000.0,1000.0,1.0,135.67735290527344,0.4307692307692308,10.324058532714844,0.0,0.6836225251457642,0.0
2026-08-21_ewc_vitality-vs-spirit_mirage,mezii,T,8,66.0625,peek,65519,,,,,,,,,,,narrow,119.65833135830081,1203.125,1718.75,1.0,215.0039825439453,0.07692307692307693,13.708526611328125,0.0,9.339953794489924,0.0
2026-08-21_ewc_vitality-vs-spirit_mirage,mezii,T,8,66.0625,peek,66640,,,,,,,,,,,commit,135.70622925303007,1484.375,4984.375,0.0,158.9192352294922,0.5625,20.691375732421875,0.0,1.4580757776118134,1.0
2026-08-21_ewc_vitality-vs-spirit_mirage,mezii,T,8,66.0625,peek,66984,,,,,,,,,,,jiggle,40.04187379904243,343.75,343.75,1.0,172.91796875,0.0,5.141937255859375,1.0,5.188169550111345,0.0
2026-08-21_ewc_vitality-vs-spirit_mirage,mezii,T,8,66.0625,peek,67034,,,,,,,,,,,jiggle,27.72560090344107,1156.25,1156.25,1.0,179.28897094726562,0.0,9.447265625,1.0,29.981008475237523,0.0
2026-08-21_ewc_vitality-vs-spirit_mirage,mezii,T,9,138.203125,stop,72845,release,62.5,150.58738708496094,20.882083892822266,0.0,0.0,,,1.0,3.0929946899414062,,,,,,,,,,,
2026-08-21_ewc_vitality-vs-spirit_mirage,mezii,T,9,138.203125,stop,72859,release,281.25,150.58738708496094,32.51862716674805,0.0,0.0,,,1.0,4.97406005859375,,,,,,,,,,,
2026-08-21_ewc_vitality-vs-spirit_mirage,mezii,T,9,138.203125,stop,73614,counterstrafe,218.75,150.45252990722656,24.43476104736328,0.0,0.0,,,1.0,0.041900634765625,,,,,,,,,,,
2026-08-21_ewc_vitality-vs-spirit_mirage,mezii,T,9,138.203125,stop,74361,counterstrafe,78.125,182.72987365722656,30.244945526123047,0.0,0.0,,,1.0,27.00267791748047,,,,,,,,,,,
2026-08-21_ewc_vitality-vs-spirit_mirage,mezii,T,9,138.203125,stop,74472,counter_fwd,109.375,156.14132690429688,10.532188415527344,0.0,1.0,359.375,42.654502868652344,0.0,0.29285430908203125,,,,,,,,,,,
2026-08-21_ewc_vitality-vs-spirit_mirage,mezii,T,9,138.203125,stop,74477,counter_fwd,187.5,156.14132690429688,29.08766746520996,0.0,1.0,281.25,42.654502868652344,0.0,0.37628173828125,,,,,,,,,,,
2026-08-21_ewc_vitality-vs-spirit_mirage,mezii,T,9,138.203125,stop,74517,counter_fwd,125.0,156.86642456054688,22.115812301635742,0.0,0.0,,,0.0,0.0,,,,,,,,,,,
2026-08-21_ewc_vitality-vs-spirit_mirage,mezii,T,9,138.203125,stop,76214,counterstrafe,93.75,160.73146057128906,13.58092975616455,0.0,0.0,,,1.0,0.16719818115234375,,,,,,,,,,,
2026-08-21_ewc_vitality-vs-spirit_mirage,mezii,T,9,138.203125,stop,76708,counterstrafe,93.75,169.47744750976562,14.627228736877441,0.0,0.0,,,1.0,0.752227783203125,,,,,,,,,,,
2026-08-21_ewc_vitality-vs-spirit_mirage,mezii,T,9,138.203125,stop,76772,counterstrafe,78.125,154.90386962890625,23.454322814941406,0.0,0.0,,,1.0,0.08343505859375,,,,,,,,,,,
2026-08-21_ewc_vitality-vs-spirit_mirage,mezii,T,9,138.203125,stop,76797,counterstrafe,93.75,150.07884216308594,13.230440139770508,0.0,0.0,,,1.0,0.501251220703125,,,,,,,,,,,
2026-08-21_ewc_vitality-vs-spirit_mirage,mezii,T,9,138.203125,stop,76823,counterstrafe,78.125,156.34751892089844,22.008434295654297,0.0,0.0,,,1.0,0.041900634765625,,,,,,,,,,,
2026-08-21_ewc_vitality-vs-spirit_mirage,mezii,T,9,138.203125,stop,76832,counterstrafe,218.75,156.34751892089844,13.82119369506836,0.0,0.0,,,1.0,0.3347625732421875,,,,,,,,,,,
2026-08-21_ewc_vitality-vs-spirit_mirage,mezii,T,9,138.203125,stop,76940,counterstrafe,78.125,171.71627807617188,27.72700309753418,0.0,0.0,,,1.0,0.0,,,,,,,,,,,
2026-08-21_ewc_vitality-vs-spirit_mirage,mezii,T,9,138.203125,stop,76958,counterstrafe,359.375,171.71627807617188,14.255887031555176,0.0,0.0,,,1.0,3.1348876953125,,,,,,,,,,,
2026-08-21_ewc_vitality-vs-spirit_mirage,mezii,T,9,138.203125,stop,77117,counterstrafe,140.625,150.9114227294922,34.29694747924805,0.0,0.0,,,0.0,2.048248291015625,,,,,,,,,,,
2026-08-21_ewc_vitality-vs-spirit_mirage,mezii,T,9,138.203125,stop,77390,release,234.375,157.431396484375,34.36921691894531,0.0,0.0,,,0.0,2.006378173828125,,,,,,,,,,,
2026-08-21_ewc_vitality-vs-spirit_mirage,mezii,T,9,138.203125,stop,77651,counterstrafe,93.75,151.9923553466797,29.0115909576416,0.0,0.0,,,1.0,0.710693359375,,,,,,,,,,,
2026-08-21_ewc_vitality-vs-spirit_mirage,mezii,T,9,138.203125,stop,77655,counterstrafe,156.25,151.9923553466797,31.3088321685791,0.0,0.0,,,1.0,1.881072998046875,,,,,,,,,,,
2026-08-21_ewc_vitality-vs-spirit_mirage,mezii,T,9,138.203125,stop,77705,counterstrafe,93.75,178.8145751953125,15.043794631958008,0.0,0.0,,,1.0,2.0897979736328125,,,,,,,,,,,
2026-08-21_ewc_vitality-vs-spirit_mirage,mezii,T,9,138.203125,stop,77801,counterstrafe,78.125,161.1953582763672,26.422475814819336,0.0,1.0,218.75,48.440670013427734,1.0,1.0031890869140625,,,,,,,,,,,
2026-08-21_ewc_vitality-vs-spirit_mirage,mezii,T,9,138.203125,stop,77810,counterstrafe,218.75,161.1953582763672,31.301958084106445,0.0,1.0,78.125,48.440670013427734,1.0,6.019134521484375,,,,,,,,,,,
2026-08-21_ewc_vitality-vs-spirit_mirage,mezii,T,9,138.203125,stop,77893,release,78.125,160.12448120117188,32.6279411315918,0.0,1.0,15.625,20.016550064086914,1.0,0.7941055297851562,,,,,,,,,,,
2026-08-21_ewc_vitality-vs-spirit_mirage,mezii,T,9,138.203125,stop,78131,counterstrafe,93.75,166.0428009033203,30.525861740112305,0.0,1.0,62.5,18.923751831054688,1.0,0.45970916748046875,,,,,,,,,,,
2026-08-21_ewc_vitality-vs-spirit_mirage,mezii,T,9,138.203125,stop,78290,counterstrafe,78.125,169.06573486328125,30.004179000854492,0.0,0.0,,,1.0,0.0,,,,,,,,,,,
2026-08-21_ewc_vitality-vs-spirit_mirage,mezii,T,9,138.203125,stop,78298,counterstrafe,203.125,169.06573486328125,10.636310577392578,0.0,0.0,,,1.0,0.0,,,,,,,,,,,
2026-08-21_ewc_vitality-vs-spirit_mirage,mezii,T,9,138.203125,stop,78339,counterstrafe,93.75,182.09593200683594,17.618013381958008,0.0,0.0,,,1.0,0.0,,,,,,,,,,,
2026-08-21_ewc_vitality-vs-spirit_mirage,mezii,T,9,138.203125,stop,78526,counterstrafe,109.375,157.67054748535156,34.86231994628906,0.0,0.0,,,1.0,0.0418701171875,,,,,,,,,,,
2026-08-21_ewc_vitality-vs-spirit_mirage,mezii,T,9,138.203125,stop,78537,counterstrafe,281.25,157.67054748535156,13.744461059570312,0.0,0.0,,,1.0,0.250946044921875,,,,,,,,,,,
2026-08-21_ewc_vitality-vs-spirit_mirage,mezii,T,9,138.203125,stop,78819,release,78.125,170.35232543945312,31.284090042114258,0.0,0.0,,,1.0,0.7106781005859375,,,,,,,,,,,
2026-08-21_ewc_vitality-vs-spirit_mirage,mezii,T,9,138.203125,stop,78982,counterstrafe,93.75,174.9935760498047,11.789748191833496,0.0,0.0,,,1.0,0.2090911865234375,,,,,,,,,,,
2026-08-21_ewc_vitality-vs-spirit_mirage,mezii,T,9,138.203125,stop,79426,counterstrafe,78.125,166.6604766845703,27.855884552001953,0.0,0.0,,,1.0,0.0418701171875,,,,,,,,,,,
2026-08-21_ewc_vitality-vs-spirit_mirage,mezii,T,9,138.203125,stop,79467,counterstrafe,78.125,158.5782012939453,21.90390968322754,0.0,0.0,,,1.0,0.0,,,,,,,,,,,
2026-08-21_ewc_vitality-vs-spirit_mirage,mezii,T,9,138.203125,stop,79557,counterstrafe,234.375,172.8662109375,31.198326110839844,0.0,0.0,,,1.0,8.694305419921875,,,,,,,,,,,
2026-08-21_ewc_vitality-vs-spirit_mirage,mezii,T,9,138.203125,stop,79666,counterstrafe,109.375,161.69129943847656,28.332304000854492,0.0,0.0,,,1.0,1.7135162353515625,,,,,,,,,,,
2026-08-21_ewc_vitality-vs-spirit_mirage,mezii,T,9,138.203125,stop,79677,counterstrafe,281.25,161.69129943847656,34.86912155151367,0.0,0.0,,,1.0,1.7135162353515625,,,,,,,,,,,
2026-08-21_ewc_vitality-vs-spirit_mirage,mezii,T,9,138.203125,stop,79930,counterstrafe,281.25,160.01226806640625,29.525819778442383,0.0,0.0,,,0.0,0.0,,,,,,,,,,,
2026-08-21_ewc_vitality-vs-spirit_mirage,mezii,T,9,138.203125,stop,80312,counterstrafe,93.75,179.6858367919922,14.925115585327148,0.0,0.0,,,1.0,0.209075927734375,,,,,,,,,,,
2026-08-21_ewc_vitality-vs-spirit_mirage,mezii,T,9,138.203125,stop,80372,counterstrafe,93.75,159.70545959472656,33.087249755859375,0.0,0.0,,,1.0,0.0,,,,,,,,,,,
2026-08-21_ewc_vitality-vs-spirit_mirage,mezii,T,9,138.203125,stop,80427,counterstrafe,78.125,159.58306884765625,24.231046676635742,0.0,0.0,,,1.0,0.0,,,,,,,,,,,
2026-08-21_ewc_vitality-vs-spirit_mirage,mezii,T,9,138.203125,stop,80443,counterstrafe,328.125,159.58306884765625,13.68155574798584,0.0,0.0,,,1.0,0.2928466796875,,,,,,,,,,,
2026-08-21_ewc_vitality-vs-spirit_mirage,mezii,T,9,138.203125,stop,80679,counter_fwd,93.75,150.78529357910156,19.991003036499023,0.0,0.0,,,0.0,0.0,,,,,,,,,,,
2026-08-21_ewc_vitality-vs-spirit_mirage,mezii,T,9,138.203125,stop,80692,counter_fwd,296.875,150.78529357910156,1.8974978923797607,0.0,0.0,,,0.0,0.0,,,,,,,,,,,
2026-08-21_ewc_vitality-vs-spirit_mirage,mezii,T,9,138.203125,stop,81129,counterstrafe,203.125,153.02157592773438,33.8229866027832,0.0,0.0,,,1.0,0.626922607421875,,,,,,,,,,,
2026-08-21_ewc_vitality-vs-spirit_mirage,mezii,T,9,138.203125,peek,72357,,,,,,,,,,,traversal,276.8260805340122,1484.375,4984.375,0.0,250.00608825683594,0.0,36.40728759765625,0.0,0.15688109903125783,0.0
2026-08-21_ewc_vitality-vs-spirit_mirage,mezii,T,9,138.203125,peek,73554,,,,,,,,,,,narrow,97.24487721146146,921.875,1390.625,1.0,186.28741455078125,0.0,114.23927307128906,0.0,2.8617712410184186,0.0
2026-08-21_ewc_vitality-vs-spirit_mirage,mezii,T,9,138.203125,peek,74206,,,,,,,,,,,commit,193.64088824754387,1484.375,4984.375,0.0,246.97427368164062,0.16666666666666666,61.40464782714844,1.0,1.4024506570890596,0.0
2026-08-21_ewc_vitality-vs-spirit_mirage,mezii,T,9,138.203125,peek,75842,,,,,,,,,,,jiggle,40.9330980928155,734.375,734.375,1.0,148.2350616455078,0.0,11.955184936523438,0.0,16.79178309680635,0.0
2026-08-21_ewc_vitality-vs-spirit_mirage,mezii,T,9,138.203125,peek,75983,,,,,,,,,,,traversal,22.790757625664828,281.25,281.25,1.0,109.26274108886719,0.8421052631578947,0.0,0.0,0.00044540008805893236,1.0
2026-08-21_ewc_vitality-vs-spirit_mirage,mezii,T,9,138.203125,peek,76195,,,,,,,,,,,jiggle,47.778721312768404,593.75,984.375,1.0,160.73146057128906,0.0,17.347068786621094,0.0,11.493477192820455,0.0
2026-08-21_ewc_vitality-vs-spirit_mirage,mezii,T,9,138.203125,peek,76327,,,,,,,,,,,traversal,21.849817748818214,1265.625,1265.625,1.0,110.12042236328125,1.0,0.0,0.0,0.0005599863798542102,1.0
2026-08-21_ewc_vitality-vs-spirit_mirage,mezii,T,9,138.203125,peek,76597,,,,,,,,,,,traversal,75.41224778870466,1484.375,4984.375,0.0,124.29144287109375,0.3645833333333333,30.387832641601562,0.0,0.8711825867128097,0.0
2026-08-21_ewc_vitality-vs-spirit_mirage,mezii,T,9,138.203125,peek,77135,,,,,,,,,,,jiggle,26.212650775078572,1140.625,1140.625,1.0,98.24949645996094,0.918918918918919,9.069580078125,0.0,17.528621029632905,1.0
2026-08-21_ewc_vitality-vs-spirit_mirage,mezii,T,9,138.203125,peek,77213,,,,,,,,,,,jiggle,14.256466716619741,265.625,265.625,1.0,95.84210968017578,0.0,0.0,0.0,54.29687776799683,0.0
2026-08-21_ewc_vitality-vs-spirit_mirage,mezii,T,9,138.203125,peek,77296,,,,,,,,,,,narrow,61.056894685989334,1484.375,2437.5,1.0,184.39088439941406,0.0,19.644927978515625,0.0,1.5978444433399688,0.0
2026-08-21_ewc_vitality-vs-spirit_mirage,mezii,T,9,138.203125,peek,77505,,,,,,,,,,,traversal,34.97718802642128,1281.25,1281.25,1.0,136.51084899902344,0.39759036144578314,15.341094970703125,0.0,0.09395810426994125,0.0
2026-08-21_ewc_vitality-vs-spirit_mirage,mezii,T,9,138.203125,peek,77606,,,,,,,,,,,commit,181.68176610231913,1484.375,4984.375,0.0,207.61868286132812,0.0,88.7822265625,2.0,1.4180860917837397,0.0
2026-08-21_ewc_vitality-vs-spirit_mirage,mezii,T,9,138.203125,peek,78168,,,,,,,,,,,commit,264.6596825035652,1484.375,4984.375,0.0,215.0066680908203,0.0,239.88885498046875,0.0,2.1881959457712843,0.0
2026-08-21_ewc_vitality-vs-spirit_mirage,mezii,T,9,138.203125,peek,79104,,,,,,,,,,,traversal,133.4152301034812,1484.375,4984.375,0.0,118.95577239990234,0.8229166666666666,68.05003356933594,0.0,0.392474646091199,1.0
2026-08-21_ewc_vitality-vs-spirit_mirage,mezii,T,9,138.203125,peek,79608,,,,,,,,,,,commit,72.28865206834963,890.625,4984.375,0.0,177.4751434326172,0.5862068965517241,7.774871826171875,0.0,2.555287135100821,1.0
2026-08-21_ewc_vitality-vs-spirit_mirage,mezii,T,9,138.203125,peek,80649,,,,,,,,,,,traversal,60.86736857575726,453.125,4984.375,0.0,192.19775390625,0.0,0.12530517578125,0.0,0.0009115679318582494,0.0
2026-08-21_ewc_vitality-vs-spirit_mirage,mezii,T,10,100.03125,stop,81229,counterstrafe,78.125,169.56607055664062,30.402172088623047,0.0,0.0,,,1.0,0.0,,,,,,,,,,,
2026-08-21_ewc_vitality-vs-spirit_mirage,mezii,T,10,100.03125,stop,81248,counterstrafe,375.0,169.56607055664062,23.794113159179688,0.0,0.0,,,1.0,0.83563232421875,,,,,,,,,,,
2026-08-21_ewc_vitality-vs-spirit_mirage,mezii,T,10,100.03125,stop,81322,counterstrafe,78.125,151.37969970703125,20.191997528076172,0.0,0.0,,,1.0,0.0,,,,,,,,,,,
2026-08-21_ewc_vitality-vs-spirit_mirage,mezii,T,10,100.03125,stop,81341,counterstrafe,375.0,151.37969970703125,10.617090225219727,0.0,0.0,,,1.0,0.710662841796875,,,,,,,,,,,
2026-08-21_ewc_vitality-vs-spirit_mirage,mezii,T,10,100.03125,stop,85859,counterstrafe,109.375,151.88352966308594,31.610797882080078,0.0,0.0,,,1.0,0.0,,,,,,,,,,,
2026-08-21_ewc_vitality-vs-spirit_mirage,mezii,T,10,100.03125,stop,85912,counterstrafe,93.75,159.05836486816406,26.733606338500977,0.0,0.0,,,1.0,0.417816162109375,,,,,,,,,,,
2026-08-21_ewc_vitality-vs-spirit_mirage,mezii,T,10,100.03125,stop,85926,counterstrafe,312.5,159.05836486816406,10.848233222961426,0.0,0.0,,,1.0,0.4597015380859375,,,,,,,,,,,
2026-08-21_ewc_vitality-vs-spirit_mirage,mezii,T,10,100.03125,stop,86049,counterstrafe,78.125,161.36878967285156,24.30511474609375,0.0,0.0,,,1.0,0.0,,,,,,,,,,,
2026-08-21_ewc_vitality-vs-spirit_mirage,mezii,T,10,100.03125,stop,86056,counterstrafe,187.5,161.36878967285156,15.903081893920898,0.0,0.0,,,1.0,0.0,,,,,,,,,,,
2026-08-21_ewc_vitality-vs-spirit_mirage,mezii,T,10,100.03125,stop,86063,counterstrafe,296.875,161.36878967285156,21.730607986450195,0.0,0.0,,,1.0,0.0,,,,,,,,,,,
2026-08-21_ewc_vitality-vs-spirit_mirage,mezii,T,10,100.03125,stop,86136,counterstrafe,93.75,152.3292236328125,15.355911254882812,0.0,0.0,,,1.0,0.37628173828125,,,,,,,,,,,
2026-08-21_ewc_vitality-vs-spirit_mirage,mezii,T,10,100.03125,stop,86141,counterstrafe,171.875,152.3292236328125,33.50057601928711,0.0,0.0,,,1.0,0.37628173828125,,,,,,,,,,,
2026-08-21_ewc_vitality-vs-spirit_mirage,mezii,T,10,100.03125,stop,86151,counterstrafe,328.125,152.3292236328125,32.300785064697266,0.0,0.0,,,1.0,0.37628173828125,,,,,,,,,,,
2026-08-21_ewc_vitality-vs-spirit_mirage,mezii,T,10,100.03125,stop,86782,counterstrafe,78.125,151.63780212402344,23.21079444885254,0.0,0.0,,,1.0,0.5016021728515625,,,,,,,,,,,
2026-08-21_ewc_vitality-vs-spirit_mirage,mezii,T,10,100.03125,stop,86787,counterstrafe,156.25,151.63780212402344,18.885927200317383,0.0,0.0,,,1.0,0.5016021728515625,,,,,,,,,,,
2026-08-21_ewc_vitality-vs-spirit_mirage,mezii,T,10,100.03125,stop,86800,counterstrafe,359.375,151.63780212402344,31.40301513671875,0.0,0.0,,,1.0,5.057838439941406,,,,,,,,,,,
2026-08-21_ewc_vitality-vs-spirit_mirage,mezii,T,10,100.03125,stop,86852,release,78.125,159.9441680908203,34.29887390136719,0.0,0.0,,,1.0,0.37628173828125,,,,,,,,,,,
2026-08-21_ewc_vitality-vs-spirit_mirage,mezii,T,10,100.03125,stop,86868,counterstrafe,328.125,159.9441680908203,0.7320051193237305,0.0,0.0,,,0.0,0.37628173828125,,,,,,,,,,,
2026-08-21_ewc_vitality-vs-spirit_mirage,mezii,T,10,100.03125,stop,86990,counterstrafe,93.75,153.0678253173828,7.172924041748047,0.0,0.0,,,1.0,0.0,,,,,,,,,,,
2026-08-21_ewc_vitality-vs-spirit_mirage,mezii,T,10,100.03125,stop,87007,counterstrafe,359.375,153.0678253173828,7.836522102355957,0.0,0.0,,,1.0,0.0418853759765625,,,,,,,,,,,
2026-08-21_ewc_vitality-vs-spirit_mirage,mezii,T,10,100.03125,stop,87025,counterstrafe,93.75,153.28530883789062,10.900593757629395,0.0,0.0,,,1.0,0.0,,,,,,,,,,,
2026-08-21_ewc_vitality-vs-spirit_mirage,mezii,T,10,100.03125,stop,87424,counterstrafe,78.125,156.53273010253906,21.367616653442383,0.0,0.0,,,1.0,0.0,,,,,,,,,,,
2026-08-21_ewc_vitality-vs-spirit_mirage,mezii,T,10,100.03125,stop,87440,counterstrafe,328.125,156.53273010253906,26.631790161132812,0.0,0.0,,,1.0,0.083404541015625,,,,,,,,,,,
2026-08-21_ewc_vitality-vs-spirit_mirage,mezii,T,10,100.03125,stop,87487,counterstrafe,93.75,168.4784698486328,14.99287223815918,0.0,0.0,,,1.0,0.167205810546875,,,,,,,,,,,
2026-08-21_ewc_vitality-vs-spirit_mirage,mezii,T,10,100.03125,stop,90013,counterstrafe,109.375,158.75746154785156,8.11787223815918,0.0,0.0,,,1.0,0.0,,,,,,,,,,,
2026-08-21_ewc_vitality-vs-spirit_mirage,mezii,T,10,100.03125,stop,90034,counterstrafe,78.125,155.1422882080078,29.125974655151367,0.0,0.0,,,0.0,0.0,,,,,,,,,,,
2026-08-21_ewc_vitality-vs-spirit_mirage,mezii,T,10,100.03125,stop,90729,counterstrafe,93.75,162.95111083984375,12.282683372497559,0.0,0.0,,,1.0,0.1671905517578125,,,,,,,,,,,
2026-08-21_ewc_vitality-vs-spirit_mirage,mezii,T,10,100.03125,stop,91083,crouch_stop,109.375,153.64913940429688,34.64540481567383,1.0,0.0,,,0.0,1.4210128784179688,,,,,,,,,,,
2026-08-21_ewc_vitality-vs-spirit_mirage,mezii,T,10,100.03125,peek,85043,,,,,,,,,,,traversal,268.4499055813974,1484.375,4984.375,0.0,250.00125122070312,0.0,80.96649169921875,0.0,0.5072288747115418,0.0
2026-08-21_ewc_vitality-vs-spirit_mirage,mezii,T,10,100.03125,peek,87369,,,,,,,,,,,jiggle,37.665775014760584,843.75,843.75,1.0,164.34597778320312,0.34545454545454546,6.6868896484375,0.0,5.69427037756738,0.0
2026-08-21_ewc_vitality-vs-spirit_mirage,mezii,T,10,100.03125,peek,87458,,,,,,,,,,,commit,100.24395424126858,1000.0,4984.375,0.0,188.54037475585938,0.3230769230769231,6.770660400390625,0.0,3.229704644234782,0.0
2026-08-21_ewc_vitality-vs-spirit_mirage,mezii,T,10,100.03125,peek,88040,,,,,,,,,,,traversal,129.14046323459473,1328.125,2156.25,1.0,111.80526733398438,0.8023255813953488,30.6387939453125,0.0,0.21898570189041622,1.0
2026-08-21_ewc_vitality-vs-spirit_mirage,mezii,T,10,100.03125,peek,88769,,,,,,,,,,,traversal,4.354319622819321,1281.25,1281.25,1.0,45.833744049072266,1.0,0.04154205322265625,0.0,0.0010705155938812055,1.0
2026-08-21_ewc_vitality-vs-spirit_mirage,mezii,T,10,100.03125,peek,88926,,,,,,,,,,,traversal,21.40573631648319,1203.125,1203.125,1.0,91.73896789550781,0.9743589743589743,0.16754150390625,0.0,0.0013048383147073335,1.0
2026-08-21_ewc_vitality-vs-spirit_mirage,mezii,T,10,100.03125,peek,89033,,,,,,,,,,,jiggle,35.30657180596467,1484.375,1484.375,1.0,120.4827880859375,0.1875,130.0403594970703,0.0,3.7815787394661946,0.0
2026-08-21_ewc_vitality-vs-spirit_mirage,mezii,T,10,100.03125,peek,89226,,,,,,,,,,,narrow,128.53041551035264,1203.125,4640.625,1.0,153.51370239257812,0.7435897435897436,191.0261688232422,0.0,1.148023639017835,1.0
2026-08-21_ewc_vitality-vs-spirit_mirage,mezii,T,10,100.03125,peek,89688,,,,,,,,,,,traversal,17.048230097703023,718.75,718.75,1.0,100.96308898925781,0.6808510638297872,106.08844757080078,0.0,0.9818194461104821,1.0
2026-08-21_ewc_vitality-vs-spirit_mirage,mezii,T,10,100.03125,peek,89859,,,,,,,,,,,jiggle,45.03125307149011,609.375,625.0,1.0,122.99723815917969,0.8,52.91908264160156,0.0,2.370649243862707,1.0
2026-08-21_ewc_vitality-vs-spirit_mirage,mezii,T,10,100.03125,peek,89993,,,,,,,,,,,jiggle,31.012557729937274,281.25,281.25,1.0,158.75746154785156,0.0,0.8359909057617188,0.0,61.25574883769709,0.0
2026-08-21_ewc_vitality-vs-spirit_mirage,mezii,T,10,100.03125,peek,90058,,,,,,,,,,,jiggle,21.263002723928302,234.375,234.375,1.0,137.359619140625,0.0,0.16719818115234375,0.0,80.85657687231071,0.0
2026-08-21_ewc_vitality-vs-spirit_mirage,mezii,T,10,100.03125,peek,90707,,,,,,,,,,,jiggle,37.67313762628075,328.125,328.125,1.0,172.51795959472656,0.0,9.028701782226562,0.0,12.615452037027792,0.0
2026-08-21_ewc_vitality-vs-spirit_mirage,mezii,T,10,100.03125,peek,90787,,,,,,,,,,,traversal,120.08775771117332,1484.375,4625.0,0.0,121.97933197021484,0.9166666666666666,118.5445556640625,0.0,0.8086046015830138,1.0
2026-08-21_ewc_vitality-vs-spirit_mirage,mezii,T,11,83.171875,stop,95498,release,93.75,153.965576171875,14.443673133850098,0.0,0.0,,,0.0,0.041534423828125,,,,,,,,,,,
2026-08-21_ewc_vitality-vs-spirit_mirage,mezii,T,11,83.171875,stop,95512,release,312.5,153.965576171875,34.4425163269043,0.0,0.0,,,0.0,0.250640869140625,,,,,,,,,,,
2026-08-21_ewc_vitality-vs-spirit_mirage,mezii,T,11,83.171875,stop,95862,counterstrafe,312.5,160.89813232421875,22.698572158813477,0.0,0.0,,,1.0,2.6755142211914062,,,,,,,,,,,
2026-08-21_ewc_vitality-vs-spirit_mirage,mezii,T,11,83.171875,stop,96049,counter_fwd,78.125,158.296875,23.7404727935791,0.0,0.0,,,0.0,0.29285430908203125,,,,,,,,,,,
2026-08-21_ewc_vitality-vs-spirit_mirage,mezii,T,11,83.171875,stop,97507,counterstrafe,93.75,155.4982147216797,27.581756591796875,0.0,0.0,,,1.0,0.0,,,,,,,,,,,
2026-08-21_ewc_vitality-vs-spirit_mirage,mezii,T,11,83.171875,stop,97518,counterstrafe,265.625,155.4982147216797,32.88798141479492,0.0,0.0,,,1.0,0.6272506713867188,,,,,,,,,,,
2026-08-21_ewc_vitality-vs-spirit_mirage,mezii,T,11,83.171875,stop,97640,counterstrafe,93.75,163.45375061035156,16.365150451660156,0.0,0.0,,,1.0,0.16754150390625,,,,,,,,,,,
2026-08-21_ewc_vitality-vs-spirit_mirage,mezii,T,11,83.171875,stop,97652,counterstrafe,281.25,163.45375061035156,28.77634048461914,0.0,0.0,,,1.0,0.251312255859375,,,,,,,,,,,
2026-08-21_ewc_vitality-vs-spirit_mirage,mezii,T,11,83.171875,stop,97836,counterstrafe,187.5,154.6916046142578,26.674274444580078,1.0,0.0,,,1.0,0.5016021728515625,,,,,,,,,,,
2026-08-21_ewc_vitality-vs-spirit_mirage,mezii,T,11,83.171875,stop,98337,counterstrafe,78.125,175.13990783691406,34.7730827331543,0.0,1.0,0.0,34.7730827331543,1.0,0.7525634765625,,,,,,,,,,,
2026-08-21_ewc_vitality-vs-spirit_mirage,mezii,T,11,83.171875,stop,98710,counterstrafe,78.125,150.7659149169922,16.038955688476562,0.0,0.0,,,1.0,0.37628173828125,,,,,,,,,,,
2026-08-21_ewc_vitality-vs-spirit_mirage,mezii,T,11,83.171875,stop,99045,release,93.75,178.08204650878906,11.44384479522705,0.0,0.0,,,1.0,0.0418853759765625,,,,,,,,,,,
2026-08-21_ewc_vitality-vs-spirit_mirage,mezii,T,11,83.171875,stop,99277,counterstrafe,140.625,205.0886993408203,27.647457122802734,0.0,1.0,0.0,27.647457122802734,1.0,2.424591064453125,,,,,,,,,,,
2026-08-21_ewc_vitality-vs-spirit_mirage,mezii,T,11,83.171875,peek,94000,,,,,,,,,,,traversal,325.6789299476057,1484.375,4984.375,0.0,282.09954833984375,0.0,60.484527587890625,0.0,0.12591179283017193,0.0
2026-08-21_ewc_vitality-vs-spirit_mirage,mezii,T,11,83.171875,peek,95463,,,,,,,,,,,traversal,22.269190358923726,531.25,531.25,1.0,153.965576171875,0.22857142857142856,154.11654663085938,0.0,0.20634272722446606,0.0
2026-08-21_ewc_vitality-vs-spirit_mirage,mezii,T,11,83.171875,peek,95881,,,,,,,,,,,traversal,34.39457473578837,1046.875,1046.875,1.0,80.72882843017578,0.0,0.9619903564453125,0.0,0.8413248595706587,0.0
2026-08-21_ewc_vitality-vs-spirit_mirage,mezii,T,11,83.171875,peek,95959,,,,,,,,,,,traversal,216.55908259887065,1390.625,4984.375,0.0,215.00758361816406,0.0,23.324661254882812,0.0,0.7995397521684071,0.0
2026-08-21_ewc_vitality-vs-spirit_mirage,mezii,T,11,83.171875,peek,96757,,,,,,,,,,,traversal,66.80911957846196,1484.375,2265.625,1.0,111.81001281738281,1.0,0.6691360473632812,0.0,0.062143010257903857,1.0
2026-08-21_ewc_vitality-vs-spirit_mirage,mezii,T,11,83.171875,peek,97855,,,,,,,,,,,commit,117.93210807219671,1484.375,4984.375,0.0,135.05889892578125,0.17708333333333334,7.3570709228515625,0.0,2.823413870380862,0.0
2026-08-21_ewc_vitality-vs-spirit_mirage,mezii,T,11,83.171875,peek,98672,,,,,,,,,,,commit,85.51062482713388,578.125,4984.375,0.0,208.4727325439453,0.0,12.080474853515625,0.0,8.145453284580679,0.0
2026-08-21_ewc_vitality-vs-spirit_mirage,ropz,CT,12,19.953125,peek,104186,,,,,,,,,,,traversal,74.25028832225901,781.25,890.625,0.0,124.63063049316406,1.0,15.030990600585938,0.0,0.8316654437072045,1.0
2026-08-21_ewc_vitality-vs-spirit_mirage,ropz,CT,13,56.140625,stop,112472,counterstrafe,93.75,176.58462524414062,21.521936416625977,0.0,0.0,,,0.0,0.0,,,,,,,,,,,
2026-08-21_ewc_vitality-vs-spirit_mirage,ropz,CT,13,56.140625,stop,112490,counterstrafe,375.0,176.58462524414062,30.281360626220703,0.0,0.0,,,0.0,5.529571533203125,,,,,,,,,,,
2026-08-21_ewc_vitality-vs-spirit_mirage,ropz,CT,13,56.140625,stop,112510,counterstrafe,78.125,153.85360717773438,31.16972541809082,0.0,0.0,,,0.0,0.38934326171875,,,,,,,,,,,
2026-08-21_ewc_vitality-vs-spirit_mirage,ropz,CT,13,56.140625,stop,112526,counterstrafe,328.125,153.85360717773438,33.24616241455078,0.0,0.0,,,1.0,0.895416259765625,,,,,,,,,,,
2026-08-21_ewc_vitality-vs-spirit_mirage,ropz,CT,13,56.140625,stop,112573,release,78.125,162.94017028808594,27.084177017211914,0.0,0.0,,,0.0,0.622802734375,,,,,,,,,,,
2026-08-21_ewc_vitality-vs-spirit_mirage,ropz,CT,13,56.140625,stop,112587,counterstrafe,296.875,162.94017028808594,28.534887313842773,0.0,0.0,,,0.0,2.8815155029296875,,,,,,,,,,,
2026-08-21_ewc_vitality-vs-spirit_mirage,ropz,CT,13,56.140625,stop,112660,counterstrafe,93.75,172.3133544921875,16.124204635620117,0.0,1.0,156.25,0.0,1.0,0.0779266357421875,,,,,,,,,,,
2026-08-21_ewc_vitality-vs-spirit_mirage,ropz,CT,13,56.140625,stop,112786,counterstrafe,78.125,159.52243041992188,32.07418441772461,0.0,0.0,,,0.0,0.3896636962890625,,,,,,,,,,,
2026-08-21_ewc_vitality-vs-spirit_mirage,ropz,CT,13,56.140625,stop,112798,counterstrafe,265.625,159.52243041992188,27.813953399658203,0.0,0.0,,,1.0,1.4793701171875,,,,,,,,,,,
2026-08-21_ewc_vitality-vs-spirit_mirage,ropz,CT,13,56.140625,stop,113608,counter_fwd,171.875,155.82176208496094,25.905696868896484,0.0,0.0,,,0.0,0.700714111328125,,,,,,,,,,,
2026-08-21_ewc_vitality-vs-spirit_mirage,ropz,CT,13,56.140625,stop,113862,counterstrafe,234.375,161.875,33.17203140258789,0.0,0.0,,,0.0,2.4530487060546875,,,,,,,,,,,
2026-08-21_ewc_vitality-vs-spirit_mirage,ropz,CT,13,56.140625,stop,114555,release,93.75,177.419189453125,18.72975730895996,0.0,0.0,,,0.0,1.479705810546875,,,,,,,,,,,
2026-08-21_ewc_vitality-vs-spirit_mirage,ropz,CT,13,56.140625,peek,113544,,,,,,,,,,,traversal,115.17060370546425,984.375,4984.375,0.0,234.00100708007812,0.0,0.934844970703125,1.0,0.0017195347117669813,0.0
2026-08-21_ewc_vitality-vs-spirit_mirage,ropz,CT,13,56.140625,peek,114301,,,,,,,,,,,traversal,130.14522888787099,1484.375,4984.375,0.0,119.60655975341797,0.84375,7.3597869873046875,0.0,0.4238984837116874,1.0
2026-08-21_ewc_vitality-vs-spirit_mirage,ropz,CT,13,56.140625,peek,114947,,,,,,,,,,,commit,101.78448365504913,1328.125,4984.375,0.0,141.62681579589844,0.5116279069767442,179.12384033203125,0.0,1.0550061471730094,1.0
2026-08-21_ewc_vitality-vs-spirit_mirage,ropz,CT,14,25.84375,peek,123171,,,,,,,,,,,commit,94.40798322848235,1484.375,4984.375,0.0,201.11668395996094,0.4166666666666667,42.83396911621094,0.0,1.017053339007737,0.0
2026-08-21_ewc_vitality-vs-spirit_mirage,ropz,CT,14,25.84375,peek,123635,,,,,,,,,,,jiggle,12.4712716023066,156.25,156.25,1.0,123.26468658447266,0.0,0.8177947998046875,0.0,42.979840226336016,0.0
2026-08-21_ewc_vitality-vs-spirit_mirage,ropz,CT,14,25.84375,peek,123706,,,,,,,,,,,jiggle,10.95850122080527,1171.875,1171.875,1.0,112.5444107055664,0.27631578947368424,3.0771942138671875,0.0,4.244988251272704,0.0
2026-08-21_ewc_vitality-vs-spirit_mirage,ropz,CT,15,62.09375,stop,127508,counterstrafe,375.0,159.80433654785156,33.41796875,0.0,0.0,,,0.0,0.7398605346679688,,,,,,,,,,,
2026-08-21_ewc_vitality-vs-spirit_mirage,ropz,CT,15,62.09375,stop,128445,counterstrafe,78.125,168.0970001220703,34.882354736328125,0.0,0.0,,,1.0,0.35053253173828125,,,,,,,,,,,
2026-08-21_ewc_vitality-vs-spirit_mirage,ropz,CT,15,62.09375,stop,128464,counterstrafe,375.0,168.0970001220703,25.25116539001465,0.0,0.0,,,1.0,0.9348678588867188,,,,,,,,,,,
2026-08-21_ewc_vitality-vs-spirit_mirage,ropz,CT,15,62.09375,stop,129239,release,78.125,170.98916625976562,27.166858673095703,0.0,0.0,,,1.0,0.31139373779296875,,,,,,,,,,,
2026-08-21_ewc_vitality-vs-spirit_mirage,ropz,CT,15,62.09375,stop,129315,counterstrafe,78.125,151.87181091308594,16.42617416381836,0.0,0.0,,,1.0,0.116729736328125,,,,,,,,,,,
2026-08-21_ewc_vitality-vs-spirit_mirage,ropz,CT,15,62.09375,stop,129325,counterstrafe,234.375,151.87181091308594,33.83222579956055,0.0,0.0,,,1.0,0.31139373779296875,,,,,,,,,,,
2026-08-21_ewc_vitality-vs-spirit_mirage,ropz,CT,15,62.09375,stop,129331,counterstrafe,328.125,151.87181091308594,16.549964904785156,0.0,0.0,,,1.0,3.192901611328125,,,,,,,,,,,
2026-08-21_ewc_vitality-vs-spirit_mirage,ropz,CT,15,62.09375,stop,129486,release,78.125,189.66404724121094,21.21875,0.0,0.0,,,1.0,4.4391632080078125,,,,,,,,,,,
2026-08-21_ewc_vitality-vs-spirit_mirage,ropz,CT,15,62.09375,stop,129535,counterstrafe,234.375,158.611572265625,8.945625305175781,0.0,0.0,,,1.0,1.98577880859375,,,,,,,,,,,
2026-08-21_ewc_vitality-vs-spirit_mirage,ropz,CT,15,62.09375,stop,129616,counterstrafe,375.0,155.8699188232422,31.610088348388672,0.0,0.0,,,0.0,2.297515869140625,,,,,,,,,,,
2026-08-21_ewc_vitality-vs-spirit_mirage,ropz,CT,15,62.09375,stop,130427,release,78.125,159.68116760253906,19.671316146850586,0.0,1.0,0.0,19.671316146850586,1.0,0.3893280029296875,,,,,,,,,,,
2026-08-21_ewc_vitality-vs-spirit_mirage,ropz,CT,15,62.09375,peek,127403,,,,,,,,,,,commit,84.69292729442174,1484.375,4984.375,0.0,178.91836547851562,0.14583333333333334,7.905006408691406,0.0,1.804027907186741,0.0
2026-08-21_ewc_vitality-vs-spirit_mirage,ropz,CT,15,62.09375,peek,127850,,,,,,,,,,,traversal,6.3345219319023025,1390.625,1390.625,1.0,62.22970199584961,1.0,0.23382568359375,0.0,0.01805178135873366,1.0
2026-08-21_ewc_vitality-vs-spirit_mirage,ropz,CT,15,62.09375,peek,128154,,,,,,,,,,,traversal,147.89619209834075,1484.375,4984.375,0.0,127.39630126953125,0.9375,169.07786560058594,0.0,0.633287597392077,1.0
2026-08-21_ewc_vitality-vs-spirit_mirage,ropz,CT,15,62.09375,peek,129076,,,,,,,,,,,jiggle,9.686451993723596,1171.875,1171.875,1.0,96.16271209716797,0.0,2.7256393432617188,0.0,29.55112363503869,0.0
2026-08-21_ewc_vitality-vs-spirit_mirage,ropz,CT,15,62.09375,peek,129182,,,,,,,,,,,jiggle,59.50212823738571,890.625,1109.375,1.0,196.7300567626953,0.0,8.293991088867188,0.0,27.49176891742998,0.0
2026-08-21_ewc_vitality-vs-spirit_mirage,ropz,CT,15,62.09375,peek,129293,,,,,,,,,,,jiggle,46.96804799525015,578.125,656.25,1.0,151.87181091308594,0.0,7.3986053466796875,0.0,23.931853899247226,0.0
2026-08-21_ewc_vitality-vs-spirit_mirage,ropz,CT,15,62.09375,peek,129634,,,,,,,,,,,traversal,166.1899300930428,1484.375,4984.375,0.0,150.17295837402344,0.6979166666666666,150.69775390625,0.0,0.41478082742746675,1.0
2026-08-21_ewc_vitality-vs-spirit_mirage,ropz,CT,15,62.09375,peek,130008,,,,,,,,,,,traversal,68.02130558546189,1484.375,3640.625,1.0,117.00858306884766,0.9375,151.2821044921875,0.0,0.7861445644324307,1.0
2026-08-21_ewc_vitality-vs-spirit_mirage,ropz,CT,15,62.09375,peek,130272,,,,,,,,,,,jiggle,32.95541308237597,343.75,343.75,1.0,131.5859832763672,0.6086956521739131,1.63555908203125,0.0,1.0033662234821314,1.0
2026-08-21_ewc_vitality-vs-spirit_mirage,ropz,CT,15,62.09375,peek,130329,,,,,,,,,,,commit,142.15290392579772,1484.375,2984.375,0.0,179.55856323242188,0.8125,52.842193603515625,1.0,1.3446862329407006,1.0
2026-08-21_ewc_vitality-vs-spirit_mirage,ropz,T,0,29.765625,stop,2848,crouch_stop,62.5,157.10943603515625,17.48031234741211,1.0,0.0,,,1.0,2.84271240234375,,,,,,,,,,,
2026-08-21_ewc_vitality-vs-spirit_mirage,ropz,T,0,29.765625,stop,3118,counterstrafe,187.5,189.9894561767578,30.250625610351562,0.0,0.0,,,1.0,0.9736480712890625,,,,,,,,,,,
2026-08-21_ewc_vitality-vs-spirit_mirage,ropz,T,0,29.765625,peek,2430,,,,,,,,,,,traversal,138.97687367124334,1484.375,4984.375,0.0,216.81253051757812,0.6979166666666666,129.670654296875,1.0,0.6364522927116228,1.0
2026-08-21_ewc_vitality-vs-spirit_mirage,ropz,T,0,29.765625,peek,2926,,,,,,,,,,,traversal,249.79639184415544,1484.375,3953.125,0.0,225.01309204101562,0.0,255.44622039794922,1.0,0.3984098313549674,0.0
2026-08-21_ewc_vitality-vs-spirit_mirage,ropz,T,1,43.0625,stop,6161,counterstrafe,343.75,154.5496826171875,23.883153915405273,0.0,0.0,,,1.0,2.5701141357421875,,,,,,,,,,,
2026-08-21_ewc_vitality-vs-spirit_mirage,ropz,T,1,43.0625,stop,6406,release,78.125,151.5242462158203,29.96432876586914,0.0,0.0,,,0.0,0.2725982666015625,,,,,,,,,,,
2026-08-21_ewc_vitality-vs-spirit_mirage,ropz,T,1,43.0625,stop,7114,counterstrafe,109.375,159.6494598388672,26.378498077392578,0.0,0.0,,,1.0,0.31139373779296875,,,,,,,,,,,
2026-08-21_ewc_vitality-vs-spirit_mirage,ropz,T,1,43.0625,stop,7131,counterstrafe,375.0,159.6494598388672,32.925716400146484,0.0,0.0,,,1.0,0.6231307983398438,,,,,,,,,,,
2026-08-21_ewc_vitality-vs-spirit_mirage,ropz,T,1,43.0625,stop,7452,counterstrafe,78.125,153.497314453125,26.4639892578125,0.0,0.0,,,0.0,0.5839920043945312,,,,,,,,,,,
2026-08-21_ewc_vitality-vs-spirit_mirage,ropz,T,1,43.0625,stop,7693,counterstrafe,78.125,152.43040466308594,27.16068458557129,0.0,0.0,,,1.0,0.1170654296875,,,,,,,,,,,
2026-08-21_ewc_vitality-vs-spirit_mirage,ropz,T,1,43.0625,stop,7712,release,78.125,158.40672302246094,16.796977996826172,0.0,0.0,,,1.0,0.0388031005859375,,,,,,,,,,,
2026-08-21_ewc_vitality-vs-spirit_mirage,ropz,T,1,43.0625,stop,7724,release,265.625,158.40672302246094,26.811113357543945,0.0,0.0,,,1.0,0.8953857421875,,,,,,,,,,,
2026-08-21_ewc_vitality-vs-spirit_mirage,ropz,T,1,43.0625,stop,7868,release,125.0,178.85548400878906,29.627717971801758,0.0,1.0,31.25,16.60604476928711,1.0,1.207122802734375,,,,,,,,,,,
2026-08-21_ewc_vitality-vs-spirit_mirage,ropz,T,1,43.0625,peek,5719,,,,,,,,,,,narrow,60.47444802030464,687.5,1015.625,1.0,124.304443359375,1.0,42.05497741699219,0.0,5.385179532491617,1.0
2026-08-21_ewc_vitality-vs-spirit_mirage,ropz,T,1,43.0625,peek,5878,,,,,,,,,,,jiggle,16.078126011693236,453.125,453.125,1.0,119.3172378540039,0.5666666666666667,0.11638641357421875,0.0,6.306036570202895,1.0
2026-08-21_ewc_vitality-vs-spirit_mirage,ropz,T,1,43.0625,peek,5978,,,,,,,,,,,jiggle,54.494007469539206,1484.375,2421.875,1.0,133.79652404785156,0.0,9.812507629394531,0.0,20.246285069088646,0.0
2026-08-21_ewc_vitality-vs-spirit_mirage,ropz,T,1,43.0625,peek,6205,,,,,,,,,,,traversal,37.41055645547014,515.625,515.625,1.0,114.34293365478516,1.0,0.428466796875,0.0,0.15616588249481494,1.0
2026-08-21_ewc_vitality-vs-spirit_mirage,ropz,T,1,43.0625,peek,6278,,,,,,,,,,,jiggle,20.215481196116674,359.375,359.375,1.0,93.4263916015625,1.0,1.9078445434570312,0.0,2.3952096667740257,1.0
2026-08-21_ewc_vitality-vs-spirit_mirage,ropz,T,1,43.0625,peek,6504,,,,,,,,,,,jiggle,33.589032701214,343.75,343.75,1.0,124.80247497558594,0.782608695652174,43.885231018066406,0.0,6.937037276669631,1.0
2026-08-21_ewc_vitality-vs-spirit_mirage,ropz,T,1,43.0625,peek,6542,,,,,,,,,,,traversal,24.985830234031784,843.75,843.75,1.0,71.30509948730469,1.0,179.98043060302734,0.0,0.642896348847491,1.0
2026-08-21_ewc_vitality-vs-spirit_mirage,ropz,T,1,43.0625,peek,6616,,,,,,,,,,,jiggle,29.08522881783986,875.0,875.0,1.0,99.0089340209961,1.0,7.671546936035156,0.0,3.842425101210643,1.0
2026-08-21_ewc_vitality-vs-spirit_mirage,ropz,T,1,43.0625,peek,6687,,,,,,,,,,,jiggle,21.21896112659518,1328.125,1328.125,1.0,139.61419677734375,0.23255813953488372,4.8291778564453125,0.0,23.128958582783476,0.0
2026-08-21_ewc_vitality-vs-spirit_mirage,ropz,T,1,43.0625,peek,6794,,,,,,,,,,,jiggle,18.887841327166793,375.0,375.0,1.0,95.00548553466797,1.0,45.40409851074219,0.0,4.436361074940786,1.0
2026-08-21_ewc_vitality-vs-spirit_mirage,ropz,T,1,43.0625,peek,7012,,,,,,,,,,,jiggle,27.858849090251226,390.625,390.625,1.0,108.76102447509766,1.0,82.43624877929688,0.0,3.2812601842573526,1.0
2026-08-21_ewc_vitality-vs-spirit_mirage,ropz,T,1,43.0625,peek,7053,,,,,,,,,,,jiggle,36.672578008872705,937.5,937.5,1.0,163.3756103515625,0.09836065573770492,8.605728149414062,0.0,2.885702792760707,0.0
2026-08-21_ewc_vitality-vs-spirit_mirage,ropz,T,1,43.0625,peek,7345,,,,,,,,,,,commit,134.6945341835055,1265.625,4984.375,0.0,125.86105346679688,0.975609756097561,231.49842071533203,0.0,1.573912875036743,1.0
2026-08-21_ewc_vitality-vs-spirit_mirage,ropz,T,2,77.875,stop,10326,counterstrafe,78.125,151.47015380859375,30.620323181152344,0.0,0.0,,,1.0,1.6743927001953125,,,,,,,,,,,
2026-08-21_ewc_vitality-vs-spirit_mirage,ropz,T,2,77.875,stop,10342,counterstrafe,328.125,151.47015380859375,22.94293975830078,0.0,0.0,,,0.0,5.4124908447265625,,,,,,,,,,,
2026-08-21_ewc_vitality-vs-spirit_mirage,ropz,T,2,77.875,stop,10382,counterstrafe,93.75,177.4770965576172,15.097552299499512,0.0,0.0,,,1.0,0.6227874755859375,,,,,,,,,,,
2026-08-21_ewc_vitality-vs-spirit_mirage,ropz,T,2,77.875,stop,10927,release,78.125,166.3397674560547,30.444528579711914,0.0,0.0,,,1.0,1.2850341796875,,,,,,,,,,,
2026-08-21_ewc_vitality-vs-spirit_mirage,ropz,T,2,77.875,stop,10939,counterstrafe,265.625,166.3397674560547,34.1179313659668,0.0,0.0,,,1.0,5.2569580078125,,,,,,,,,,,
2026-08-21_ewc_vitality-vs-spirit_mirage,ropz,T,2,77.875,stop,10967,counterstrafe,78.125,151.4298095703125,24.298992156982422,0.0,0.0,,,0.0,0.622772216796875,,,,,,,,,,,
2026-08-21_ewc_vitality-vs-spirit_mirage,ropz,T,2,77.875,stop,11228,release,78.125,171.2939910888672,31.973831176757812,0.0,0.0,,,1.0,0.662261962890625,,,,,,,,,,,
2026-08-21_ewc_vitality-vs-spirit_mirage,ropz,T,2,77.875,stop,11238,counterstrafe,234.375,171.2939910888672,20.004165649414062,0.0,0.0,,,1.0,3.816070556640625,,,,,,,,,,,
2026-08-21_ewc_vitality-vs-spirit_mirage,ropz,T,2,77.875,stop,11402,release,78.125,156.01287841796875,27.56818389892578,0.0,0.0,,,0.0,0.0,,,,,,,,,,,
2026-08-21_ewc_vitality-vs-spirit_mirage,ropz,T,2,77.875,stop,11421,counterstrafe,375.0,156.01287841796875,24.183961868286133,0.0,0.0,,,1.0,11.487213134765625,,,,,,,,,,,
2026-08-21_ewc_vitality-vs-spirit_mirage,ropz,T,2,77.875,stop,11466,counterstrafe,78.125,162.31515502929688,24.877004623413086,0.0,0.0,,,1.0,0.23345947265625,,,,,,,,,,,
2026-08-21_ewc_vitality-vs-spirit_mirage,ropz,T,2,77.875,stop,11478,counterstrafe,265.625,162.31515502929688,10.11116886138916,0.0,0.0,,,1.0,1.12884521484375,,,,,,,,,,,
2026-08-21_ewc_vitality-vs-spirit_mirage,ropz,T,2,77.875,stop,11507,counterstrafe,140.625,161.65988159179688,31.527929306030273,0.0,0.0,,,1.0,1.67437744140625,,,,,,,,,,,
2026-08-21_ewc_vitality-vs-spirit_mirage,ropz,T,2,77.875,stop,11538,counterstrafe,78.125,173.88449096679688,34.225341796875,0.0,0.0,,,1.0,0.0,,,,,,,,,,,
2026-08-21_ewc_vitality-vs-spirit_mirage,ropz,T,2,77.875,stop,11589,counterstrafe,109.375,150.17694091796875,31.317852020263672,0.0,0.0,,,1.0,0.3114013671875,,,,,,,,,,,
2026-08-21_ewc_vitality-vs-spirit_mirage,ropz,T,2,77.875,stop,11929,release,78.125,169.95555114746094,30.707393646240234,0.0,1.0,93.75,61.104591369628906,1.0,0.0388031005859375,,,,,,,,,,,
2026-08-21_ewc_vitality-vs-spirit_mirage,ropz,T,2,77.875,stop,12068,counterstrafe,78.125,152.08624267578125,32.97328186035156,0.0,0.0,,,1.0,0.583984375,,,,,,,,,,,
2026-08-21_ewc_vitality-vs-spirit_mirage,ropz,T,2,77.875,stop,12203,counterstrafe,78.125,162.32659912109375,28.211448669433594,0.0,1.0,0.0,28.211448669433594,1.0,1.5185394287109375,,,,,,,,,,,
2026-08-21_ewc_vitality-vs-spirit_mirage,ropz,T,2,77.875,stop,12210,counterstrafe,187.5,162.32659912109375,16.114042282104492,1.0,1.0,0.0,16.114042282104492,1.0,2.4139251708984375,,,,,,,,,,,
2026-08-21_ewc_vitality-vs-spirit_mirage,ropz,T,2,77.875,stop,12284,counterstrafe,78.125,156.0701904296875,33.80497360229492,0.0,0.0,,,1.0,0.11676025390625,,,,,,,,,,,
2026-08-21_ewc_vitality-vs-spirit_mirage,ropz,T,2,77.875,stop,12300,counterstrafe,328.125,156.0701904296875,28.264305114746094,0.0,0.0,,,1.0,0.311431884765625,,,,,,,,,,,
2026-08-21_ewc_vitality-vs-spirit_mirage,ropz,T,2,77.875,stop,12391,counterstrafe,203.125,153.42266845703125,30.322477340698242,0.0,1.0,0.0,30.322477340698242,1.0,0.428131103515625,,,,,,,,,,,
2026-08-21_ewc_vitality-vs-spirit_mirage,ropz,T,2,77.875,stop,12433,counterstrafe,78.125,162.40103149414062,34.824676513671875,0.0,1.0,0.0,34.824676513671875,1.0,0.155853271484375,,,,,,,,,,,
2026-08-21_ewc_vitality-vs-spirit_mirage,ropz,T,2,77.875,stop,12476,release,78.125,170.13824462890625,28.04616355895996,0.0,0.0,,,1.0,0.0,,,,,,,,,,,
2026-08-21_ewc_vitality-vs-spirit_mirage,ropz,T,2,77.875,stop,12638,release,78.125,153.3070068359375,29.807958602905273,0.0,0.0,,,1.0,0.19464111328125,,,,,,,,,,,
2026-08-21_ewc_vitality-vs-spirit_mirage,ropz,T,2,77.875,stop,12651,counterstrafe,281.25,153.3070068359375,18.57612419128418,0.0,0.0,,,1.0,1.20709228515625,,,,,,,,,,,
2026-08-21_ewc_vitality-vs-spirit_mirage,ropz,T,2,77.875,stop,12696,counterstrafe,109.375,155.5106964111328,29.59259605407715,0.0,0.0,,,1.0,0.23345947265625,,,,,,,,,,,
2026-08-21_ewc_vitality-vs-spirit_mirage,ropz,T,2,77.875,stop,12913,counterstrafe,78.125,163.44464111328125,32.07851028442383,0.0,0.0,,,1.0,0.3505401611328125,,,,,,,,,,,
2026-08-21_ewc_vitality-vs-spirit_mirage,ropz,T,2,77.875,stop,13251,counterstrafe,93.75,153.3968963623047,31.235719680786133,0.0,0.0,,,1.0,0.233795166015625,,,,,,,,,,,
2026-08-21_ewc_vitality-vs-spirit_mirage,ropz,T,2,77.875,stop,13361,counterstrafe,328.125,173.00970458984375,20.036121368408203,0.0,0.0,,,1.0,2.99822998046875,,,,,,,,,,,
2026-08-21_ewc_vitality-vs-spirit_mirage,ropz,T,2,77.875,stop,13422,counterstrafe,78.125,156.04627990722656,21.63834571838379,0.0,0.0,,,1.0,0.194671630859375,,,,,,,,,,,
2026-08-21_ewc_vitality-vs-spirit_mirage,ropz,T,2,77.875,stop,13455,release,93.75,162.3405303955078,14.734533309936523,0.0,0.0,,,1.0,0.07794189453125,,,,,,,,,,,
2026-08-21_ewc_vitality-vs-spirit_mirage,ropz,T,2,77.875,stop,13651,counterstrafe,187.5,152.9904022216797,19.12923240661621,0.0,0.0,,,0.0,3.15411376953125,,,,,,,,,,,
2026-08-21_ewc_vitality-vs-spirit_mirage,ropz,T,2,77.875,stop,14487,release,78.125,162.8227996826172,27.27339744567871,0.0,1.0,62.5,40.99699783325195,1.0,5.1402587890625,,,,,,,,,,,
2026-08-21_ewc_vitality-vs-spirit_mirage,ropz,T,2,77.875,stop,14494,counterstrafe,187.5,162.8227996826172,23.212862014770508,0.0,1.0,0.0,23.212862014770508,1.0,7.904998779296875,,,,,,,,,,,
2026-08-21_ewc_vitality-vs-spirit_mirage,ropz,T,2,77.875,peek,10306,,,,,,,,,,,jiggle,31.252397299902967,312.5,312.5,1.0,160.0426788330078,0.0,4.59503173828125,0.0,2.9339558113829733,0.0
2026-08-21_ewc_vitality-vs-spirit_mirage,ropz,T,2,77.875,peek,12031,,,,,,,,,,,narrow,73.70460440097683,578.125,2046.875,1.0,167.91180419921875,0.0,10.5135498046875,0.0,1.2031240043817835,0.0
2026-08-21_ewc_vitality-vs-spirit_mirage,ropz,T,2,77.875,peek,12231,,,,,,,,,,,traversal,126.20495287943851,843.75,4984.375,0.0,203.364013671875,0.0,36.17596435546875,1.0,0.9717877778154085,0.0
2026-08-21_ewc_vitality-vs-spirit_mirage,ropz,T,2,77.875,peek,12560,,,,,,,,,,,jiggle,25.234508999181653,265.625,265.625,1.0,147.2451629638672,0.0,0.934539794921875,0.0,2.8919269469040847,0.0
2026-08-21_ewc_vitality-vs-spirit_mirage,ropz,T,2,77.875,peek,12757,,,,,,,,,,,jiggle,23.302870818709764,250.0,250.0,1.0,148.4076385498047,0.0,19.704010009765625,0.0,5.243501272890664,0.0
2026-08-21_ewc_vitality-vs-spirit_mirage,ropz,T,2,77.875,peek,13267,,,,,,,,,,,narrow,89.67112570664112,1453.125,2234.375,1.0,174.8733673095703,0.0,8.099365234375,0.0,5.453499598229458,0.0
2026-08-21_ewc_vitality-vs-spirit_mirage,ropz,T,2,77.875,peek,13670,,,,,,,,,,,traversal,90.42978354924747,1484.375,4281.25,1.0,173.12399291992188,0.125,132.98019409179688,0.0,0.37511276783334635,0.0
2026-08-21_ewc_vitality-vs-spirit_mirage,ropz,T,2,77.875,peek,14006,,,,,,,,,,,traversal,18.78673624718505,1484.375,1484.375,1.0,53.21570587158203,0.78125,6.892120361328125,0.0,0.08660229055064095,1.0
2026-08-21_ewc_vitality-vs-spirit_mirage,ropz,T,2,77.875,peek,14385,,,,,,,,,,,commit,47.665834999641014,1484.375,1843.75,0.0,172.53372192382812,0.59375,114.4847412109375,1.0,7.956686939418308,1.0
2026-08-21_ewc_vitality-vs-spirit_mirage,ropz,T,3,107.828125,stop,18032,counterstrafe,78.125,168.77792358398438,30.08013153076172,0.0,0.0,,,1.0,0.3505096435546875,,,,,,,,,,,
2026-08-21_ewc_vitality-vs-spirit_mirage,ropz,T,3,107.828125,stop,19072,counterstrafe,78.125,151.6074676513672,33.776058197021484,0.0,0.0,,,1.0,0.584014892578125,,,,,,,,,,,
2026-08-21_ewc_vitality-vs-spirit_mirage,ropz,T,3,107.828125,stop,19300,counterstrafe,78.125,153.0222625732422,33.715389251708984,0.0,0.0,,,1.0,0.116729736328125,,,,,,,,,,,
2026-08-21_ewc_vitality-vs-spirit_mirage,ropz,T,3,107.828125,stop,19589,counterstrafe,93.75,151.3931884765625,13.940135955810547,0.0,0.0,,,1.0,0.42816162109375,,,,,,,,,,,
2026-08-21_ewc_vitality-vs-spirit_mirage,ropz,T,3,107.828125,stop,21975,release,93.75,171.73504638671875,23.552499771118164,0.0,0.0,,,1.0,1.83056640625,,,,,,,,,,,
2026-08-21_ewc_vitality-vs-spirit_mirage,ropz,T,3,107.828125,stop,21985,counter_fwd,250.0,171.73504638671875,30.908966064453125,0.0,0.0,,,1.0,2.181121826171875,,,,,,,,,,,
2026-08-21_ewc_vitality-vs-spirit_mirage,ropz,T,3,107.828125,stop,22028,release,93.75,173.64791870117188,27.024736404418945,0.0,0.0,,,0.0,0.85693359375,,,,,,,,,,,
2026-08-21_ewc_vitality-vs-spirit_mirage,ropz,T,3,107.828125,stop,22888,crouch_stop,31.25,214.61123657226562,31.199560165405273,1.0,0.0,,,0.0,1.324188232421875,,,,,,,,,,,
2026-08-21_ewc_vitality-vs-spirit_mirage,ropz,T,3,107.828125,stop,22939,counterstrafe,156.25,157.77072143554688,34.257869720458984,0.0,0.0,,,1.0,0.0,,,,,,,,,,,
2026-08-21_ewc_vitality-vs-spirit_mirage,ropz,T,3,107.828125,stop,22991,counterstrafe,281.25,155.32830810546875,0.0,1.0,1.0,78.125,0.0,0.0,0.038787841796875,,,,,,,,,,,
2026-08-21_ewc_vitality-vs-spirit_mirage,ropz,T,3,107.828125,stop,23355,counterstrafe,234.375,154.03570556640625,27.563983917236328,0.0,0.0,,,1.0,3.037353515625,,,,,,,,,,,
2026-08-21_ewc_vitality-vs-spirit_mirage,ropz,T,3,107.828125,stop,23396,counterstrafe,93.75,175.25035095214844,11.572538375854492,0.0,0.0,,,1.0,0.389312744140625,,,,,,,,,,,
2026-08-21_ewc_vitality-vs-spirit_mirage,ropz,T,3,107.828125,stop,23403,counterstrafe,203.125,175.25035095214844,32.84926986694336,0.0,0.0,,,1.0,1.09002685546875,,,,,,,,,,,
2026-08-21_ewc_vitality-vs-spirit_mirage,ropz,T,3,107.828125,stop,23499,release,78.125,160.24671936035156,22.95857048034668,0.0,1.0,312.5,22.837018966674805,1.0,0.038818359375,,,,,,,,,,,
2026-08-21_ewc_vitality-vs-spirit_mirage,ropz,T,3,107.828125,stop,23509,counterstrafe,234.375,160.24671936035156,33.28711700439453,0.0,1.0,156.25,22.837018966674805,1.0,0.311431884765625,,,,,,,,,,,
2026-08-21_ewc_vitality-vs-spirit_mirage,ropz,T,3,107.828125,stop,23518,counterstrafe,375.0,160.24671936035156,30.970062255859375,0.0,1.0,15.625,22.837018966674805,1.0,0.701080322265625,,,,,,,,,,,
2026-08-21_ewc_vitality-vs-spirit_mirage,ropz,T,3,107.828125,stop,23623,counterstrafe,78.125,154.51031494140625,18.876203536987305,0.0,0.0,,,1.0,0.155548095703125,,,,,,,,,,,
2026-08-21_ewc_vitality-vs-spirit_mirage,ropz,T,3,107.828125,stop,23631,counterstrafe,203.125,154.51031494140625,18.65400505065918,0.0,0.0,,,1.0,1.791107177734375,,,,,,,,,,,
2026-08-21_ewc_vitality-vs-spirit_mirage,ropz,T,3,107.828125,stop,23640,counterstrafe,343.75,154.51031494140625,17.07961082458496,0.0,0.0,,,1.0,1.868682861328125,,,,,,,,,,,
2026-08-21_ewc_vitality-vs-spirit_mirage,ropz,T,3,107.828125,stop,24186,counterstrafe,78.125,151.39166259765625,16.412614822387695,0.0,1.0,109.375,18.627025604248047,1.0,0.1170654296875,,,,,,,,,,,
2026-08-21_ewc_vitality-vs-spirit_mirage,ropz,T,3,107.828125,peek,18619,,,,,,,,,,,jiggle,24.753513401087197,250.0,250.0,1.0,149.33082580566406,0.0,1.479736328125,0.0,43.0818666246777,0.0
2026-08-21_ewc_vitality-vs-spirit_mirage,ropz,T,3,107.828125,peek,18812,,,,,,,,,,,jiggle,21.021451964136727,218.75,218.75,1.0,144.25848388671875,0.0,1.207122802734375,0.0,50.3744586861208,0.0
2026-08-21_ewc_vitality-vs-spirit_mirage,ropz,T,3,107.828125,peek,19056,,,,,,,,,,,jiggle,24.67348419924492,250.0,250.0,1.0,151.6074676513672,0.0,2.14166259765625,0.0,37.5708991000098,0.0
2026-08-21_ewc_vitality-vs-spirit_mirage,ropz,T,3,107.828125,peek,19284,,,,,,,,,,,jiggle,25.043089620527304,312.5,312.5,1.0,153.0222625732422,0.0,1.98577880859375,0.0,34.98949254972323,0.0
2026-08-21_ewc_vitality-vs-spirit_mirage,ropz,T,3,107.828125,peek,19571,,,,,,,,,,,jiggle,26.60498523734869,343.75,343.75,1.0,151.3931884765625,0.0,1.79150390625,0.0,38.14781800227149,0.0
2026-08-21_ewc_vitality-vs-spirit_mirage,ropz,T,3,107.828125,peek,19820,,,,,,,,,,,jiggle,25.09798024491645,359.375,359.375,1.0,148.67938232421875,0.0,1.94696044921875,0.0,32.40287860562906,0.0
2026-08-21_ewc_vitality-vs-spirit_mirage,ropz,T,3,107.828125,peek,20257,,,,,,,,,,,jiggle,22.98713982218828,234.375,234.375,1.0,148.2049102783203,0.0,2.10284423828125,0.0,35.433667390221025,0.0
2026-08-21_ewc_vitality-vs-spirit_mirage,ropz,T,3,107.828125,peek,20782,,,,,,,,,,,traversal,146.8762551382389,1484.375,4984.375,0.0,111.85540008544922,0.8125,164.32659912109375,0.0,0.8870109672760255,1.0
2026-08-21_ewc_vitality-vs-spirit_mirage,ropz,T,3,107.828125,peek,21201,,,,,,,,,,,traversal,15.30577245596743,218.75,218.75,1.0,104.83798217773438,0.0,1.324188232421875,0.0,0.5388406490903602,0.0
2026-08-21_ewc_vitality-vs-spirit_mirage,ropz,T,3,107.828125,peek,21270,,,,,,,,,,,traversal,4.342468948017837,78.125,78.125,1.0,60.06591796875,0.3333333333333333,0.0,0.0,0.5681036173155378,0.0
2026-08-21_ewc_vitality-vs-spirit_mirage,ropz,T,3,107.828125,peek,21466,,,,,,,,,,,commit,125.90941142717952,1484.375,4984.375,0.0,138.83811950683594,0.7916666666666666,28.6993408203125,0.0,1.1671209378302816,1.0
2026-08-21_ewc_vitality-vs-spirit_mirage,ropz,T,3,107.828125,peek,21802,,,,,,,,,,,traversal,23.60668331611734,1484.375,1484.375,1.0,96.83495330810547,1.0,2.45306396484375,0.0,0.38128013635744,1.0
2026-08-21_ewc_vitality-vs-spirit_mirage,ropz,T,3,107.828125,peek,22137,,,,,,,,,,,jiggle,22.058538259804326,1437.5,1437.5,1.0,86.8313217163086,1.0,10.513916015625,0.0,4.6938435068336215,1.0
2026-08-21_ewc_vitality-vs-spirit_mirage,ropz,T,3,107.828125,peek,22484,,,,,,,,,,,jiggle,16.527981585105458,328.125,328.125,1.0,71.09463500976562,1.0,0.428131103515625,0.0,1.8716849056044955,1.0
2026-08-21_ewc_vitality-vs-spirit_mirage,ropz,T,3,107.828125,peek,22548,,,,,,,,,,,jiggle,22.812007130220913,453.125,453.125,1.0,133.20582580566406,0.26666666666666666,8.177581787109375,0.0,1.6226216765323789,0.0
2026-08-21_ewc_vitality-vs-spirit_mirage,ropz,T,3,107.828125,peek,22767,,,,,,,,,,,traversal,185.14535693634423,1484.375,4984.375,0.0,215.01116943359375,0.0,27.102569580078125,1.0,0.9945190578558779,0.0
2026-08-21_ewc_vitality-vs-spirit_mirage,ropz,T,3,107.828125,peek,23262,,,,,,,,,,,jiggle,58.975729619854704,1437.5,3093.75,1.0,176.6719207763672,0.15053763440860216,102.45196533203125,1.0,2.887177862053798,0.0
2026-08-21_ewc_vitality-vs-spirit_mirage,ropz,T,3,107.828125,peek,23534,,,,,,,,,,,jiggle,50.09038171670436,890.625,1015.625,1.0,106.62003326416016,0.0,69.46939086914062,1.0,4.889552550535752,0.0
2026-08-21_ewc_vitality-vs-spirit_mirage,ropz,T,3,107.828125,peek,24024,,,,,,,,,,,jiggle,6.442798882672789,1203.125,1203.125,1.0,86.8071060180664,0.0,62.10948181152344,0.0,7.108411461193378,0.0
2026-08-21_ewc_vitality-vs-spirit_mirage,ropz,T,3,107.828125,peek,24118,,,,,,,,,,,jiggle,26.717785042632272,484.375,484.375,1.0,125.75306701660156,0.0,1.0117645263671875,0.0,2.9010021547408216,0.0
2026-08-21_ewc_vitality-vs-spirit_mirage,ropz,T,3,107.828125,peek,24206,,,,,,,,,,,jiggle,23.755631558418045,796.875,796.875,1.0,108.05589294433594,0.0,17.756317138671875,0.0,3.337577921848236,0.0
2026-08-21_ewc_vitality-vs-spirit_mirage,ropz,T,4,87.8125,stop,26933,release,31.25,208.7884063720703,0.46479859948158264,0.0,0.0,,,1.0,0.0388031005859375,,,,,,,,,,,
2026-08-21_ewc_vitality-vs-spirit_mirage,ropz,T,4,87.8125,stop,27674,release,78.125,156.70388793945312,0.40636155009269714,0.0,0.0,,,0.0,0.116729736328125,,,,,,,,,,,
2026-08-21_ewc_vitality-vs-spirit_mirage,ropz,T,4,87.8125,stop,28804,release,31.25,164.29443359375,0.0,0.0,1.0,15.625,0.0,0.0,1.3242034912109375,,,,,,,,,,,
2026-08-21_ewc_vitality-vs-spirit_mirage,ropz,T,4,87.8125,stop,29959,counterstrafe,78.125,159.6092529296875,33.46915054321289,0.0,0.0,,,1.0,0.8957290649414062,,,,,,,,,,,
2026-08-21_ewc_vitality-vs-spirit_mirage,ropz,T,4,87.8125,stop,29972,counterstrafe,281.25,159.6092529296875,11.335494995117188,0.0,0.0,,,1.0,2.3754501342773438,,,,,,,,,,,
2026-08-21_ewc_vitality-vs-spirit_mirage,ropz,T,4,87.8125,stop,30029,counterstrafe,78.125,157.023681640625,29.04178237915039,0.0,0.0,,,1.0,0.5843353271484375,,,,,,,,,,,
2026-08-21_ewc_vitality-vs-spirit_mirage,ropz,T,4,87.8125,stop,30045,counterstrafe,328.125,157.023681640625,33.676536560058594,0.0,0.0,,,1.0,1.6362762451171875,,,,,,,,,,,
2026-08-21_ewc_vitality-vs-spirit_mirage,ropz,T,4,87.8125,peek,27637,,,,,,,,,,,jiggle,51.484440470757434,484.375,1656.25,1.0,173.07850646972656,0.0,0.1170654296875,0.0,1.4768910016888597,0.0
2026-08-21_ewc_vitality-vs-spirit_mirage,ropz,T,4,87.8125,peek,27829,,,,,,,,,,,traversal,45.47024689794461,562.5,625.0,1.0,112.14877319335938,1.0,131.92864990234375,0.0,0.7813407702942905,1.0
2026-08-21_ewc_vitality-vs-spirit_mirage,ropz,T,4,87.8125,peek,28705,,,,,,,,,,,traversal,37.4381588240884,546.875,546.875,1.0,79.08585357666016,0.0,0.0,0.0,0.33029236538054935,0.0
2026-08-21_ewc_vitality-vs-spirit_mirage,ropz,T,4,87.8125,peek,28892,,,,,,,,,,,traversal,257.00501039249116,1484.375,4984.375,0.0,248.67791748046875,0.0,101.440185546875,0.0,0.35754578506438883,0.0
2026-08-21_ewc_vitality-vs-spirit_mirage,ropz,T,4,87.8125,peek,29865,,,,,,,,,,,jiggle,31.44403190356814,484.375,484.375,1.0,141.30654907226562,0.0,8.177604675292969,0.0,3.0812523695415575,0.0
2026-08-21_ewc_vitality-vs-spirit_mirage,ropz,T,4,87.8125,peek,30291,,,,,,,,,,,jiggle,30.749459340791816,437.5,437.5,1.0,148.698486328125,0.0,3.7776031494140625,0.0,3.492920685469571,0.0
2026-08-21_ewc_vitality-vs-spirit_mirage,ropz,T,4,87.8125,peek,31545,,,,,,,,,,,traversal,190.01385940580067,1484.375,4984.375,0.0,193.08932495117188,0.8020833333333334,120.16853332519531,0.0,0.7211688184757477,1.0
2026-08-21_ewc_vitality-vs-spirit_mirage,ropz,T,4,87.8125,peek,31929,,,,,,,,,,,traversal,61.332920402480966,1328.125,4984.375,0.0,82.84396362304688,0.47674418604651164,4.20635986328125,0.0,0.3708497879239658,0.0
2026-08-21_ewc_vitality-vs-spirit_mirage,ropz,T,4,87.8125,peek,32336,,,,,,,,,,,traversal,104.82994417534836,1390.625,1828.125,0.0,191.22705078125,0.4666666666666667,188.62531280517578,0.0,0.5593445157695761,0.0
2026-08-21_ewc_vitality-vs-spirit_mirage,ropz,T,5,115.0,stop,34443,counterstrafe,78.125,165.0818634033203,34.625518798828125,0.0,0.0,,,1.0,0.0391387939453125,,,,,,,,,,,
2026-08-21_ewc_vitality-vs-spirit_mirage,ropz,T,5,115.0,stop,35386,counterstrafe,93.75,158.29217529296875,11.643747329711914,0.0,0.0,,,1.0,0.155487060546875,,,,,,,,,,,
2026-08-21_ewc_vitality-vs-spirit_mirage,ropz,T,5,115.0,stop,35396,counterstrafe,250.0,158.29217529296875,23.62016487121582,0.0,0.0,,,1.0,0.19427490234375,,,,,,,,,,,
2026-08-21_ewc_vitality-vs-spirit_mirage,ropz,T,5,115.0,stop,35554,counterstrafe,93.75,160.92115783691406,2.864062547683716,0.0,0.0,,,1.0,0.194671630859375,,,,,,,,,,,
2026-08-21_ewc_vitality-vs-spirit_mirage,ropz,T,5,115.0,stop,35999,counterstrafe,93.75,152.74339294433594,34.57234191894531,0.0,0.0,,,1.0,0.07794189453125,,,,,,,,,,,
2026-08-21_ewc_vitality-vs-spirit_mirage,ropz,T,5,115.0,stop,36136,release,78.125,151.49874877929688,23.328353881835938,0.0,0.0,,,1.0,0.07794189453125,,,,,,,,,,,
2026-08-21_ewc_vitality-vs-spirit_mirage,ropz,T,5,115.0,stop,36677,counterstrafe,93.75,151.121826171875,18.109373092651367,0.0,0.0,,,1.0,0.07794189453125,,,,,,,,,,,
2026-08-21_ewc_vitality-vs-spirit_mirage,ropz,T,5,115.0,stop,36694,counterstrafe,359.375,151.121826171875,32.623355865478516,0.0,0.0,,,1.0,0.545196533203125,,,,,,,,,,,
2026-08-21_ewc_vitality-vs-spirit_mirage,ropz,T,5,115.0,stop,37367,release,93.75,160.5306854248047,28.994548797607422,0.0,0.0,,,1.0,0.155517578125,,,,,,,,,,,
2026-08-21_ewc_vitality-vs-spirit_mirage,ropz,T,5,115.0,stop,37376,counterstrafe,234.375,160.5306854248047,20.434871673583984,0.0,0.0,,,1.0,0.194671630859375,,,,,,,,,,,
2026-08-21_ewc_vitality-vs-spirit_mirage,ropz,T,5,115.0,stop,38964,release,78.125,159.73377990722656,23.603574752807617,0.0,0.0,,,1.0,0.38967132568359375,,,,,,,,,,,
2026-08-21_ewc_vitality-vs-spirit_mirage,ropz,T,5,115.0,stop,38981,counterstrafe,343.75,159.73377990722656,13.752964973449707,0.0,0.0,,,1.0,2.1807861328125,,,,,,,,,,,
2026-08-21_ewc_vitality-vs-spirit_mirage,ropz,T,5,115.0,stop,40214,counter_fwd,125.0,154.23226928710938,27.42987823486328,0.0,0.0,,,0.0,0.350189208984375,,,,,,,,,,,
2026-08-21_ewc_vitality-vs-spirit_mirage,ropz,T,5,115.0,peek,34247,,,,,,,,,,,traversal,267.7445504470317,1484.375,4984.375,0.0,244.98756408691406,0.0,96.06512451171875,0.0,0.7232158852054383,0.0
2026-08-21_ewc_vitality-vs-spirit_mirage,ropz,T,5,115.0,peek,35454,,,,,,,,,,,commit,121.62632333652151,1484.375,4984.375,0.0,186.46475219726562,0.0,7.319671630859375,0.0,1.2116861528209424,0.0
2026-08-21_ewc_vitality-vs-spirit_mirage,ropz,T,5,115.0,peek,35818,,,,,,,,,,,jiggle,15.097245003378399,562.5,562.5,1.0,120.5823974609375,0.43243243243243246,34.15032958984375,0.0,2.6204607693132393,0.0
2026-08-21_ewc_vitality-vs-spirit_mirage,ropz,T,5,115.0,peek,35959,,,,,,,,,,,jiggle,50.274368462255026,609.375,734.375,1.0,168.4901123046875,0.0,4.4786376953125,0.0,1.5848644888481933,0.0
2026-08-21_ewc_vitality-vs-spirit_mirage,ropz,T,5,115.0,peek,36092,,,,,,,,,,,traversal,45.088615823275454,687.5,703.125,1.0,153.01475524902344,0.5555555555555556,3.660491943359375,0.0,0.7849533818854411,1.0
2026-08-21_ewc_vitality-vs-spirit_mirage,ropz,T,5,115.0,peek,36361,,,,,,,,,,,traversal,41.81266452392049,859.375,859.375,1.0,140.1429901123047,0.21428571428571427,3.50494384765625,0.0,0.4821802428632073,0.0
2026-08-21_ewc_vitality-vs-spirit_mirage,ropz,T,5,115.0,peek,36616,,,,,,,,,,,traversal,47.78256257939768,937.5,1109.375,1.0,151.121826171875,0.16393442622950818,14.991546630859375,0.0,0.8353456999857648,0.0
2026-08-21_ewc_vitality-vs-spirit_mirage,ropz,T,5,115.0,peek,36913,,,,,,,,,,,traversal,27.169277492157228,1484.375,1484.375,1.0,92.20574951171875,0.09375,80.48919677734375,0.0,0.04435236516271636,0.0
2026-08-21_ewc_vitality-vs-spirit_mirage,ropz,T,5,115.0,peek,37016,,,,,,,,,,,jiggle,28.62950481061551,843.75,843.75,1.0,120.4416275024414,0.0,3.6217041015625,0.0,1.1082697926172127,0.0
2026-08-21_ewc_vitality-vs-spirit_mirage,ropz,T,5,115.0,peek,37153,,,,,,,,,,,jiggle,53.763326802230544,1125.0,1296.875,1.0,120.46295166015625,0.0,2.920623779296875,0.0,1.7335252474144929,0.0
2026-08-21_ewc_vitality-vs-spirit_mirage,ropz,T,5,115.0,peek,37315,,,,,,,,,,,jiggle,47.501894818059185,812.5,906.25,1.0,168.57447814941406,0.4716981132075472,3.27081298828125,0.0,1.0642741291276856,0.0
2026-08-21_ewc_vitality-vs-spirit_mirage,ropz,T,5,115.0,peek,37879,,,,,,,,,,,jiggle,34.35883930918944,765.625,765.625,1.0,100.55728149414062,0.0,11.370849609375,0.0,1.6460562820357079,0.0
2026-08-21_ewc_vitality-vs-spirit_mirage,ropz,T,5,115.0,peek,38147,,,,,,,,,,,commit,85.07352643399848,1484.375,4984.375,0.0,131.6796112060547,0.0,29.672698974609375,0.0,3.4436046513497107,0.0
2026-08-21_ewc_vitality-vs-spirit_mirage,ropz,T,5,115.0,peek,38796,,,,,,,,,,,jiggle,27.311127567157083,515.625,515.625,1.0,136.44064331054688,0.47058823529411764,21.028175354003906,0.0,3.9766273896108144,0.0
2026-08-21_ewc_vitality-vs-spirit_mirage,ropz,T,5,115.0,peek,38856,,,,,,,,,,,jiggle,17.440875798373625,1484.375,1484.375,1.0,116.35589599609375,0.15625,225.5805435180664,0.0,2.6001473418629146,0.0
2026-08-21_ewc_vitality-vs-spirit_mirage,ropz,T,5,115.0,peek,39982,,,,,,,,,,,traversal,267.24485449202876,1484.375,4984.375,0.0,248.7720947265625,0.0,236.9109115600586,1.0,0.16470360443847526,0.0
2026-08-21_ewc_vitality-vs-spirit_mirage,ropz,T,5,115.0,peek,40315,,,,,,,,,,,traversal,306.9565125311653,1484.375,4984.375,0.0,250.00601196289062,0.0,194.50542449951172,0.0,0.32203294483086586,0.0
2026-08-21_ewc_vitality-vs-spirit_mirage,ropz,T,5,115.0,peek,41390,,,,,,,,,,,commit,111.91662913326864,1484.375,2140.625,0.0,111.80683898925781,0.4270833333333333,210.0431671142578,0.0,1.6442901722472425,0.0
2026-08-21_ewc_vitality-vs-spirit_mirage,ropz,T,6,65.21875,peek,45167,,,,,,,,,,,traversal,324.15427540462275,1484.375,4984.375,0.0,247.66207885742188,0.0,28.543182373046875,0.0,0.4708436608981399,0.0
2026-08-21_ewc_vitality-vs-spirit_mirage,ropz,T,6,65.21875,peek,46931,,,,,,,,,,,jiggle,37.683431239324875,515.625,515.625,1.0,101.04698944091797,0.029411764705882353,3.621734619140625,0.0,1.2297526273795194,0.0
2026-08-21_ewc_vitality-vs-spirit_mirage,ropz,T,6,65.21875,peek,46999,,,,,,,,,,,commit,177.84053828147202,1484.375,4984.375,0.0,194.87794494628906,0.4270833333333333,41.62786865234375,0.0,2.240231217283939,0.0
2026-08-21_ewc_vitality-vs-spirit_mirage,ropz,T,7,116.3125,stop,52334,release,31.25,155.903076171875,0.0,0.0,1.0,15.625,0.0,0.0,0.0,,,,,,,,,,,
2026-08-21_ewc_vitality-vs-spirit_mirage,ropz,T,7,116.3125,stop,54598,counterstrafe,93.75,173.43296813964844,33.06675720214844,0.0,0.0,,,0.0,1.5964508056640625,,,,,,,,,,,
2026-08-21_ewc_vitality-vs-spirit_mirage,ropz,T,7,116.3125,stop,55054,counterstrafe,93.75,180.69308471679688,14.40208911895752,0.0,0.0,,,1.0,0.0775909423828125,,,,,,,,,,,
2026-08-21_ewc_vitality-vs-spirit_mirage,ropz,T,7,116.3125,stop,55064,counterstrafe,250.0,180.69308471679688,33.21318435668945,0.0,0.0,,,1.0,0.5836334228515625,,,,,,,,,,,
2026-08-21_ewc_vitality-vs-spirit_mirage,ropz,T,7,116.3125,stop,55144,counterstrafe,140.625,152.02711486816406,17.08482551574707,0.0,0.0,,,1.0,2.102508544921875,,,,,,,,,,,
2026-08-21_ewc_vitality-vs-spirit_mirage,ropz,T,7,116.3125,stop,55157,counterstrafe,343.75,152.02711486816406,12.140223503112793,0.0,0.0,,,1.0,5.5295562744140625,,,,,,,,,,,
2026-08-21_ewc_vitality-vs-spirit_mirage,ropz,T,7,116.3125,stop,55189,counterstrafe,78.125,166.10586547851562,27.8597354888916,0.0,0.0,,,1.0,0.7783050537109375,,,,,,,,,,,
2026-08-21_ewc_vitality-vs-spirit_mirage,ropz,T,7,116.3125,stop,55203,counterstrafe,296.875,166.10586547851562,28.952354431152344,0.0,0.0,,,1.0,5.10040283203125,,,,,,,,,,,
2026-08-21_ewc_vitality-vs-spirit_mirage,ropz,T,7,116.3125,stop,55240,counterstrafe,78.125,172.22732543945312,33.661705017089844,0.0,0.0,,,1.0,0.4672698974609375,,,,,,,,,,,
2026-08-21_ewc_vitality-vs-spirit_mirage,ropz,T,7,116.3125,stop,55423,counterstrafe,93.75,175.64752197265625,11.456104278564453,0.0,0.0,,,0.0,0.272613525390625,,,,,,,,,,,
2026-08-21_ewc_vitality-vs-spirit_mirage,ropz,T,7,116.3125,stop,56525,counterstrafe,78.125,156.51158142089844,24.869905471801758,0.0,0.0,,,1.0,0.272613525390625,,,,,,,,,,,
2026-08-21_ewc_vitality-vs-spirit_mirage,ropz,T,7,116.3125,stop,56882,counter_fwd,187.5,151.5714111328125,32.704017639160156,1.0,1.0,15.625,26.203750610351562,0.0,2.647674560546875,,,,,,,,,,,
2026-08-21_ewc_vitality-vs-spirit_mirage,ropz,T,7,116.3125,stop,57005,counterstrafe,93.75,169.8282470703125,22.555686950683594,0.0,0.0,,,0.0,0.54522705078125,,,,,,,,,,,
2026-08-21_ewc_vitality-vs-spirit_mirage,ropz,T,7,116.3125,stop,57023,counterstrafe,375.0,169.8282470703125,28.570947647094727,0.0,0.0,,,1.0,7.39862060546875,,,,,,,,,,,
2026-08-21_ewc_vitality-vs-spirit_mirage,ropz,T,7,116.3125,stop,57126,counterstrafe,265.625,158.6975860595703,25.668865203857422,0.0,0.0,,,1.0,3.1932373046875,,,,,,,,,,,
2026-08-21_ewc_vitality-vs-spirit_mirage,ropz,T,7,116.3125,peek,52443,,,,,,,,,,,traversal,334.61220745604794,1484.375,4984.375,0.0,250.0089874267578,0.0,2.6099395751953125,2.0,0.10901356691453608,0.0
2026-08-21_ewc_vitality-vs-spirit_mirage,ropz,T,7,116.3125,peek,53087,,,,,,,,,,,commit,189.32976512988725,1484.375,4984.375,0.0,202.664794921875,0.4375,395.7473907470703,0.0,1.3995633865239165,0.0
2026-08-21_ewc_vitality-vs-spirit_mirage,ropz,T,7,116.3125,peek,54122,,,,,,,,,,,narrow,94.63479208782985,1265.625,2125.0,1.0,113.03113555908203,0.0,17.289764404296875,0.0,4.376967356922789,0.0
2026-08-21_ewc_vitality-vs-spirit_mirage,ropz,T,7,116.3125,peek,55026,,,,,,,,,,,commit,53.78472644460466,421.875,4984.375,0.0,191.9278564453125,0.0,11.915702819824219,0.0,7.011272346853793,0.0
2026-08-21_ewc_vitality-vs-spirit_mirage,ropz,T,7,116.3125,peek,56178,,,,,,,,,,,traversal,8.04302978515625,171.875,171.875,1.0,61.507972717285156,1.0,0.856597900390625,0.0,0.4216641562018144,1.0
2026-08-21_ewc_vitality-vs-spirit_mirage,ropz,T,7,116.3125,peek,56418,,,,,,,,,,,traversal,136.4121350280659,1484.375,4984.375,0.0,128.97921752929688,0.7916666666666666,17.05584716796875,0.0,0.19985797379982556,1.0
2026-08-21_ewc_vitality-vs-spirit_mirage,ropz,T,7,116.3125,peek,56855,,,,,,,,,,,traversal,192.88043744610073,1484.375,4984.375,0.0,215.00469970703125,0.0,8.4501953125,1.0,0.11629875332049462,0.0
2026-08-21_ewc_vitality-vs-spirit_mirage,ropz,T,7,116.3125,peek,58278,,,,,,,,,,,commit,240.00612388822972,1484.375,4984.375,0.0,229.01693725585938,0.0,47.741455078125,1.0,9.59632188333434,0.0
2026-08-21_ewc_vitality-vs-spirit_mirage,ropz,T,7,116.3125,peek,58696,,,,,,,,,,,traversal,130.12273636566982,1484.375,4984.375,0.0,159.44285583496094,0.2916666666666667,22.001502990722656,0.0,0.7368477895505217,0.0
2026-08-21_ewc_vitality-vs-spirit_mirage,ropz,T,7,116.3125,peek,59214,,,,,,,,,,,jiggle,37.361048003494716,734.375,734.375,1.0,101.60765075683594,0.0,3.5822296142578125,0.0,2.0947374706991453,0.0
2026-08-21_ewc_vitality-vs-spirit_mirage,ropz,T,7,116.3125,peek,59359,,,,,,,,,,,jiggle,9.160887969384284,937.5,937.5,1.0,94.53931427001953,0.0,0.856964111328125,0.0,2.955596450783141,0.0
2026-08-21_ewc_vitality-vs-spirit_mirage,ropz,T,8,106.671875,stop,63214,release,15.625,249.99822998046875,10.7441987991333,0.0,0.0,,,1.0,0.0779266357421875,,,,,,,,,,,
2026-08-21_ewc_vitality-vs-spirit_mirage,ropz,T,8,106.671875,stop,63332,release,15.625,209.1205596923828,0.0,0.0,1.0,0.0,0.0,1.0,0.311737060546875,,,,,,,,,,,
2026-08-21_ewc_vitality-vs-spirit_mirage,ropz,T,8,106.671875,stop,64683,counterstrafe,265.625,151.56097412109375,26.064895629882812,1.0,0.0,,,0.0,4.633827209472656,,,,,,,,,,,
2026-08-21_ewc_vitality-vs-spirit_mirage,ropz,T,8,106.671875,stop,65028,counterstrafe,78.125,164.0222625732422,27.813701629638672,0.0,0.0,,,1.0,0.116729736328125,,,,,,,,,,,
2026-08-21_ewc_vitality-vs-spirit_mirage,ropz,T,8,106.671875,stop,65183,counterstrafe,78.125,156.99241638183594,28.18140983581543,0.0,0.0,,,1.0,0.15552520751953125,,,,,,,,,,,
2026-08-21_ewc_vitality-vs-spirit_mirage,ropz,T,8,106.671875,stop,65348,counterstrafe,78.125,154.28659057617188,19.273494720458984,0.0,0.0,,,1.0,0.03879547119140625,,,,,,,,,,,
2026-08-21_ewc_vitality-vs-spirit_mirage,ropz,T,8,106.671875,stop,65584,counterstrafe,78.125,154.02381896972656,29.60279083251953,0.0,0.0,,,1.0,0.19466400146484375,,,,,,,,,,,
2026-08-21_ewc_vitality-vs-spirit_mirage,ropz,T,8,106.671875,stop,65937,counterstrafe,93.75,189.9983367919922,21.341434478759766,0.0,0.0,,,1.0,0.5843353271484375,,,,,,,,,,,
2026-08-21_ewc_vitality-vs-spirit_mirage,ropz,T,8,106.671875,stop,66174,release,93.75,172.04840087890625,12.51562786102295,0.0,0.0,,,1.0,0.1943206787109375,,,,,,,,,,,
2026-08-21_ewc_vitality-vs-spirit_mirage,ropz,T,8,106.671875,stop,67245,release,62.5,153.91421508789062,30.220226287841797,0.0,0.0,,,1.0,1.09039306640625,,,,,,,,,,,
2026-08-21_ewc_vitality-vs-spirit_mirage,ropz,T,8,106.671875,stop,67258,counterstrafe,265.625,153.91421508789062,22.605426788330078,0.0,0.0,,,1.0,5.88043212890625,,,,,,,,,,,
2026-08-21_ewc_vitality-vs-spirit_mirage,ropz,T,8,106.671875,stop,67283,counterstrafe,78.125,151.7920684814453,32.812828063964844,0.0,0.0,,,1.0,1.2850494384765625,,,,,,,,,,,
2026-08-21_ewc_vitality-vs-spirit_mirage,ropz,T,8,106.671875,stop,67298,counterstrafe,312.5,151.7920684814453,18.189786911010742,0.0,0.0,,,1.0,10.669448852539062,,,,,,,,,,,
2026-08-21_ewc_vitality-vs-spirit_mirage,ropz,T,8,106.671875,stop,67333,release,78.125,159.5044708251953,22.956668853759766,0.0,0.0,,,0.0,0.1946563720703125,,,,,,,,,,,
2026-08-21_ewc_vitality-vs-spirit_mirage,ropz,T,8,106.671875,stop,67748,counterstrafe,187.5,153.50485229492188,32.00893020629883,1.0,1.0,0.0,32.00893020629883,0.0,0.8953857421875,,,,,,,,,,,
2026-08-21_ewc_vitality-vs-spirit_mirage,ropz,T,8,106.671875,stop,67792,counter_fwd,109.375,161.95863342285156,19.77146339416504,0.0,1.0,15.625,4.364822864532471,0.0,0.0779266357421875,,,,,,,,,,,
2026-08-21_ewc_vitality-vs-spirit_mirage,ropz,T,8,106.671875,stop,67810,counterstrafe,78.125,151.41293334960938,22.802032470703125,0.0,1.0,0.0,22.802032470703125,1.0,0.0,,,,,,,,,,,
2026-08-21_ewc_vitality-vs-spirit_mirage,ropz,T,8,106.671875,stop,67833,counterstrafe,125.0,150.4058380126953,32.360721588134766,0.0,1.0,0.0,32.360721588134766,0.0,0.3114013671875,,,,,,,,,,,
2026-08-21_ewc_vitality-vs-spirit_mirage,ropz,T,8,106.671875,stop,67926,counterstrafe,93.75,180.90771484375,19.58028793334961,0.0,0.0,,,1.0,0.3896484375,,,,,,,,,,,
2026-08-21_ewc_vitality-vs-spirit_mirage,ropz,T,8,106.671875,stop,68111,counterstrafe,93.75,167.47117614746094,15.07345962524414,0.0,0.0,,,1.0,0.35053253173828125,,,,,,,,,,,
2026-08-21_ewc_vitality-vs-spirit_mirage,ropz,T,8,106.671875,stop,68127,counterstrafe,343.75,167.47117614746094,33.96903991699219,0.0,0.0,,,1.0,1.0512542724609375,,,,,,,,,,,
2026-08-21_ewc_vitality-vs-spirit_mirage,ropz,T,8,106.671875,stop,68291,counterstrafe,93.75,159.59347534179688,32.97182083129883,0.0,1.0,0.0,32.97182083129883,0.0,1.012451171875,,,,,,,,,,,
2026-08-21_ewc_vitality-vs-spirit_mirage,ropz,T,8,106.671875,stop,68342,counterstrafe,78.125,167.30848693847656,28.492115020751953,0.0,0.0,,,1.0,0.7398605346679688,,,,,,,,,,,
2026-08-21_ewc_vitality-vs-spirit_mirage,ropz,T,8,106.671875,stop,68351,counterstrafe,218.75,167.30848693847656,23.74620246887207,0.0,0.0,,,1.0,0.973663330078125,,,,,,,,,,,
2026-08-21_ewc_vitality-vs-spirit_mirage,ropz,T,8,106.671875,stop,68357,counterstrafe,312.5,167.30848693847656,6.0999016761779785,0.0,0.0,,,1.0,1.3238525390625,,,,,,,,,,,
2026-08-21_ewc_vitality-vs-spirit_mirage,ropz,T,8,106.671875,stop,68510,release,78.125,155.341552734375,27.120229721069336,0.0,0.0,,,0.0,38.5894775390625,,,,,,,,,,,
2026-08-21_ewc_vitality-vs-spirit_mirage,ropz,T,8,106.671875,stop,69194,counterstrafe,171.875,163.06700134277344,6.013270854949951,0.0,0.0,,,1.0,0.116729736328125,,,,,,,,,,,
2026-08-21_ewc_vitality-vs-spirit_mirage,ropz,T,8,106.671875,stop,69567,counterstrafe,78.125,152.33509826660156,28.45793914794922,0.0,0.0,,,0.0,0.2338104248046875,,,,,,,,,,,
2026-08-21_ewc_vitality-vs-spirit_mirage,ropz,T,8,106.671875,stop,69591,release,78.125,164.58245849609375,33.25255584716797,0.0,1.0,218.75,40.49043655395508,1.0,0.0,,,,,,,,,,,
2026-08-21_ewc_vitality-vs-spirit_mirage,ropz,T,8,106.671875,stop,69606,release,312.5,164.58245849609375,33.98923873901367,0.0,1.0,0.0,33.98923873901367,1.0,1.55767822265625,,,,,,,,,,,
2026-08-21_ewc_vitality-vs-spirit_mirage,ropz,T,8,106.671875,stop,69717,counterstrafe,78.125,150.1910400390625,28.286985397338867,0.0,0.0,,,0.0,1.40179443359375,,,,,,,,,,,
2026-08-21_ewc_vitality-vs-spirit_mirage,ropz,T,8,106.671875,peek,63460,,,,,,,,,,,traversal,320.4650310065785,1484.375,4984.375,0.0,250.0087127685547,0.0,10.513572692871094,6.0,0.06008308542873962,0.0
2026-08-21_ewc_vitality-vs-spirit_mirage,ropz,T,8,106.671875,peek,64425,,,,,,,,,,,jiggle,10.51842165869834,656.25,656.25,1.0,118.86243438720703,0.0,2.8032302856445312,0.0,33.49223853820521,0.0
2026-08-21_ewc_vitality-vs-spirit_mirage,ropz,T,8,106.671875,peek,64533,,,,,,,,,,,jiggle,9.922109427648786,1171.875,1171.875,1.0,113.08341217041016,0.0,6.2299346923828125,0.0,29.5863031260743,0.0
2026-08-21_ewc_vitality-vs-spirit_mirage,ropz,T,8,106.671875,peek,64802,,,,,,,,,,,commit,138.35465748913194,1484.375,4984.375,0.0,147.5375518798828,0.8020833333333334,138.50979614257812,0.0,1.10427263242438,1.0
2026-08-21_ewc_vitality-vs-spirit_mirage,ropz,T,8,106.671875,peek,65324,,,,,,,,,,,jiggle,43.533737879153186,406.25,406.25,1.0,180.0181884765625,0.0,3.27117919921875,0.0,31.588455437731124,0.0
2026-08-21_ewc_vitality-vs-spirit_mirage,ropz,T,8,106.671875,peek,65846,,,,,,,,,,,jiggle,42.25146663976257,781.25,781.25,1.0,117.5603256225586,0.5882352941176471,97.62278747558594,0.0,1.2096591281299065,1.0
2026-08-21_ewc_vitality-vs-spirit_mirage,ropz,T,8,106.671875,peek,66107,,,,,,,,,,,traversal,37.988697933078996,484.375,484.375,1.0,110.36775970458984,1.0,28.465576171875,0.0,0.593369229858177,1.0
2026-08-21_ewc_vitality-vs-spirit_mirage,ropz,T,8,106.671875,peek,66379,,,,,,,,,,,jiggle,37.52470819624794,1484.375,1484.375,1.0,122.56703186035156,0.0625,5.956993103027344,0.0,6.13876745307814,0.0
2026-08-21_ewc_vitality-vs-spirit_mirage,ropz,T,8,106.671875,peek,67633,,,,,,,,,,,traversal,101.19877150661567,1453.125,4984.375,0.0,226.7977294921875,0.4574468085106383,46.72831726074219,2.0,0.6494394492172912,0.0
2026-08-21_ewc_vitality-vs-spirit_mirage,ropz,T,8,106.671875,peek,68317,,,,,,,,,,,jiggle,51.57821453108235,515.625,906.25,1.0,187.96229553222656,0.0,5.49041748046875,0.0,35.238031076483225,0.0
2026-08-21_ewc_vitality-vs-spirit_mirage,ropz,T,8,106.671875,peek,69244,,,,,,,,,,,commit,155.85223518424135,1140.625,4984.375,0.0,215.00904846191406,0.0,87.34194946289062,0.0,3.125095434512856,0.0
2026-08-21_ewc_vitality-vs-spirit_mirage,ropz,T,9,138.203125,stop,72606,crouch_stop,15.625,226.9998016357422,1.6954745054244995,1.0,0.0,,,1.0,1.4017868041992188,,,,,,,,,,,
2026-08-21_ewc_vitality-vs-spirit_mirage,ropz,T,9,138.203125,stop,72616,crouch_stop,171.875,226.9998016357422,31.843751907348633,1.0,0.0,,,1.0,11.954841613769531,,,,,,,,,,,
2026-08-21_ewc_vitality-vs-spirit_mirage,ropz,T,9,138.203125,stop,72645,release,31.25,166.8056182861328,34.51848220825195,0.0,0.0,,,0.0,0.0,,,,,,,,,,,
2026-08-21_ewc_vitality-vs-spirit_mirage,ropz,T,9,138.203125,stop,76807,counterstrafe,78.125,154.09915161132812,18.96406364440918,0.0,0.0,,,1.0,0.23345947265625,,,,,,,,,,,
2026-08-21_ewc_vitality-vs-spirit_mirage,ropz,T,9,138.203125,stop,76816,counterstrafe,218.75,154.09915161132812,28.805225372314453,0.0,0.0,,,1.0,0.42812347412109375,,,,,,,,,,,
2026-08-21_ewc_vitality-vs-spirit_mirage,ropz,T,9,138.203125,stop,77876,counterstrafe,93.75,171.5721893310547,10.858710289001465,0.0,0.0,,,1.0,4.088623046875,,,,,,,,,,,
2026-08-21_ewc_vitality-vs-spirit_mirage,ropz,T,9,138.203125,stop,77884,counterstrafe,218.75,171.5721893310547,27.6860294342041,0.0,0.0,,,1.0,4.361602783203125,,,,,,,,,,,
2026-08-21_ewc_vitality-vs-spirit_mirage,ropz,T,9,138.203125,stop,77894,counterstrafe,375.0,171.5721893310547,22.382455825805664,0.0,0.0,,,1.0,4.47833251953125,,,,,,,,,,,
2026-08-21_ewc_vitality-vs-spirit_mirage,ropz,T,9,138.203125,stop,77949,counterstrafe,78.125,155.4463348388672,26.211868286132812,0.0,0.0,,,1.0,4.5558929443359375,,,,,,,,,,,
2026-08-21_ewc_vitality-vs-spirit_mirage,ropz,T,9,138.203125,stop,78195,release,93.75,158.9352264404297,29.469152450561523,0.0,0.0,,,1.0,0.233795166015625,,,,,,,,,,,
2026-08-21_ewc_vitality-vs-spirit_mirage,ropz,T,9,138.203125,stop,78202,release,203.125,158.9352264404297,0.0,0.0,0.0,,,1.0,0.506378173828125,,,,,,,,,,,
2026-08-21_ewc_vitality-vs-spirit_mirage,ropz,T,9,138.203125,stop,78318,counterstrafe,312.5,159.24807739257812,29.011852264404297,0.0,1.0,0.0,29.011852264404297,1.0,2.725982666015625,,,,,,,,,,,
2026-08-21_ewc_vitality-vs-spirit_mirage,ropz,T,9,138.203125,stop,78596,counterstrafe,78.125,154.99180603027344,19.2526798248291,0.0,0.0,,,1.0,0.7398681640625,,,,,,,,,,,
2026-08-21_ewc_vitality-vs-spirit_mirage,ropz,T,9,138.203125,stop,78719,counterstrafe,328.125,152.30853271484375,34.444942474365234,0.0,1.0,171.875,105.44760131835938,1.0,17.212127685546875,,,,,,,,,,,
2026-08-21_ewc_vitality-vs-spirit_mirage,ropz,T,9,138.203125,stop,78744,counterstrafe,140.625,150.98585510253906,27.264949798583984,0.0,1.0,0.0,27.264949798583984,1.0,0.896087646484375,,,,,,,,,,,
2026-08-21_ewc_vitality-vs-spirit_mirage,ropz,T,9,138.203125,stop,78765,release,78.125,162.85223388671875,2.3129749298095703,0.0,1.0,0.0,2.3129749298095703,1.0,0.272613525390625,,,,,,,,,,,
2026-08-21_ewc_vitality-vs-spirit_mirage,ropz,T,9,138.203125,stop,78771,release,171.875,162.85223388671875,2.309819459915161,0.0,1.0,0.0,2.309819459915161,0.0,1.12921142578125,,,,,,,,,,,
2026-08-21_ewc_vitality-vs-spirit_mirage,ropz,T,9,138.203125,stop,78904,release,78.125,150.9334259033203,18.605499267578125,0.0,0.0,,,1.0,0.5064010620117188,,,,,,,,,,,
2026-08-21_ewc_vitality-vs-spirit_mirage,ropz,T,9,138.203125,stop,78910,counterstrafe,171.875,150.9334259033203,21.05571937561035,0.0,0.0,,,1.0,0.8177947998046875,,,,,,,,,,,
2026-08-21_ewc_vitality-vs-spirit_mirage,ropz,T,9,138.203125,stop,78958,release,78.125,150.44378662109375,31.101306915283203,0.0,0.0,,,1.0,0.0,,,,,,,,,,,
2026-08-21_ewc_vitality-vs-spirit_mirage,ropz,T,9,138.203125,stop,78977,release,375.0,150.44378662109375,23.30791473388672,0.0,0.0,,,1.0,0.31139373779296875,,,,,,,,,,,
2026-08-21_ewc_vitality-vs-spirit_mirage,ropz,T,9,138.203125,stop,79177,counterstrafe,46.875,166.07713317871094,32.22188186645508,0.0,0.0,,,1.0,0.0,,,,,,,,,,,
2026-08-21_ewc_vitality-vs-spirit_mirage,ropz,T,9,138.203125,stop,80426,release,78.125,150.85707092285156,31.562936782836914,0.0,0.0,,,1.0,0.116729736328125,,,,,,,,,,,
2026-08-21_ewc_vitality-vs-spirit_mirage,ropz,T,9,138.203125,peek,74089,,,,,,,,,,,narrow,72.20422391722333,1484.375,2078.125,1.0,60.99302673339844,0.0,19.27545166015625,0.0,2.891897843472598,0.0
2026-08-21_ewc_vitality-vs-spirit_mirage,ropz,T,9,138.203125,peek,74632,,,,,,,,,,,narrow,87.26831724006226,1250.0,2171.875,1.0,98.80359649658203,0.0,21.80645751953125,0.0,3.647860781890975,0.0
2026-08-21_ewc_vitality-vs-spirit_mirage,ropz,T,9,138.203125,peek,74920,,,,,,,,,,,narrow,67.19486997772113,984.375,1343.75,1.0,87.04503631591797,0.0,6.074737548828125,0.0,3.322242275345676,0.0
2026-08-21_ewc_vitality-vs-spirit_mirage,ropz,T,9,138.203125,peek,75093,,,,,,,,,,,narrow,74.17958921222092,921.875,1781.25,1.0,133.18418884277344,0.0,6.38616943359375,0.0,3.2532395571332953,0.0
2026-08-21_ewc_vitality-vs-spirit_mirage,ropz,T,9,138.203125,peek,76730,,,,,,,,,,,traversal,36.637891681286334,718.75,718.75,1.0,127.18623352050781,0.8297872340425532,0.8177947998046875,0.0,0.09523169868392653,1.0
2026-08-21_ewc_vitality-vs-spirit_mirage,ropz,T,9,138.203125,peek,76885,,,,,,,,,,,traversal,41.28276524751674,453.125,453.125,1.0,143.6604766845703,0.26666666666666666,0.35053253173828125,0.0,0.13104857679689585,0.0
2026-08-21_ewc_vitality-vs-spirit_mirage,ropz,T,9,138.203125,peek,77182,,,,,,,,,,,jiggle,23.862968455575196,734.375,734.375,1.0,106.82955932617188,0.3541666666666667,6.34735107421875,0.0,6.664950655539481,0.0
2026-08-21_ewc_vitality-vs-spirit_mirage,ropz,T,9,138.203125,peek,77307,,,,,,,,,,,jiggle,20.59662191702936,1296.875,1296.875,1.0,99.97013854980469,0.047619047619047616,16.47259521484375,0.0,3.6885419566377737,0.0
2026-08-21_ewc_vitality-vs-spirit_mirage,ropz,T,9,138.203125,peek,77413,,,,,,,,,,,jiggle,21.513434473893227,921.875,921.875,1.0,141.89212036132812,0.0,1.4797210693359375,0.0,9.678664740487495,0.0
2026-08-21_ewc_vitality-vs-spirit_mirage,ropz,T,9,138.203125,peek,77476,,,,,,,,,,,jiggle,19.469409671984142,531.25,531.25,1.0,118.1170425415039,0.0,3.3879241943359375,0.0,14.711740361944708,0.0
2026-08-21_ewc_vitality-vs-spirit_mirage,ropz,T,9,138.203125,peek,78540,,,,,,,,,,,commit,166.16281347999404,1484.375,4984.375,0.0,200.7974395751953,0.0,130.37164306640625,1.0,6.067548719510993,0.0
2026-08-21_ewc_vitality-vs-spirit_mirage,ropz,T,9,138.203125,peek,79365,,,,,,,,,,,jiggle,22.069995596312133,1484.375,1484.375,1.0,97.92803192138672,0.8645833333333334,2.336639404296875,0.0,1.0440684976490502,1.0
2026-08-21_ewc_vitality-vs-spirit_mirage,ropz,T,9,138.203125,peek,79833,,,,,,,,,,,jiggle,20.301334889804668,1406.25,1406.25,1.0,126.95755004882812,0.25274725274725274,1.635223388671875,0.0,20.111337003452604,0.0
2026-08-21_ewc_vitality-vs-spirit_mirage,ropz,T,9,138.203125,peek,79969,,,,,,,,,,,jiggle,15.886287420753176,1234.375,1234.375,1.0,127.55374145507812,0.25,2.024566650390625,0.0,32.1300663977355,0.0
2026-08-21_ewc_vitality-vs-spirit_mirage,ropz,T,9,138.203125,peek,80486,,,,,,,,,,,jiggle,40.41042767874288,1281.25,1281.25,1.0,138.2742462158203,0.1566265060240964,38.51226806640625,0.0,1.8682469166899989,0.0
2026-08-21_ewc_vitality-vs-spirit_mirage,ropz,T,9,138.203125,peek,80641,,,,,,,,,,,commit,69.88943264497006,1484.375,4984.375,0.0,200.26766967773438,0.0,7.5537872314453125,0.0,2.2509265738189876,0.0
2026-08-21_ewc_vitality-vs-spirit_mirage,ropz,T,10,101.46875,stop,81255,release,78.125,176.32077026367188,32.359375,0.0,0.0,,,0.0,1.285064697265625,,,,,,,,,,,
2026-08-21_ewc_vitality-vs-spirit_mirage,ropz,T,10,101.46875,stop,81359,counterstrafe,250.0,153.76622009277344,33.37041091918945,1.0,0.0,,,0.0,0.7007217407226562,,,,,,,,,,,
2026-08-21_ewc_vitality-vs-spirit_mirage,ropz,T,10,101.46875,stop,85408,counterstrafe,140.625,159.14064025878906,32.46908187866211,1.0,0.0,,,0.0,0.81781005859375,,,,,,,,,,,
2026-08-21_ewc_vitality-vs-spirit_mirage,ropz,T,10,101.46875,stop,86105,counter_fwd,109.375,150.86029052734375,31.137235641479492,0.0,0.0,,,0.0,0.778656005859375,,,,,,,,,,,
2026-08-21_ewc_vitality-vs-spirit_mirage,ropz,T,10,101.46875,stop,86704,release,78.125,171.85006713867188,31.81739044189453,0.0,0.0,,,1.0,0.0388031005859375,,,,,,,,,,,
2026-08-21_ewc_vitality-vs-spirit_mirage,ropz,T,10,101.46875,stop,86713,counterstrafe,218.75,171.85006713867188,22.796424865722656,0.0,0.0,,,1.0,0.5060577392578125,,,,,,,,,,,
2026-08-21_ewc_vitality-vs-spirit_mirage,ropz,T,10,101.46875,stop,86722,counterstrafe,359.375,171.85006713867188,33.97489547729492,0.0,0.0,,,1.0,0.9345245361328125,,,,,,,,,,,
2026-08-21_ewc_vitality-vs-spirit_mirage,ropz,T,10,101.46875,stop,87867,release,78.125,158.2423553466797,19.46575927734375,0.0,0.0,,,1.0,0.467254638671875,,,,,,,,,,,
2026-08-21_ewc_vitality-vs-spirit_mirage,ropz,T,10,101.46875,stop,88871,counterstrafe,93.75,166.1659698486328,12.513328552246094,0.0,0.0,,,1.0,0.38934326171875,,,,,,,,,,,
2026-08-21_ewc_vitality-vs-spirit_mirage,ropz,T,10,101.46875,stop,88897,counterstrafe,125.0,150.57037353515625,28.255794525146484,0.0,0.0,,,1.0,1.7914581298828125,,,,,,,,,,,
2026-08-21_ewc_vitality-vs-spirit_mirage,ropz,T,10,101.46875,stop,88950,release,78.125,150.0146942138672,20.881305694580078,0.0,0.0,,,1.0,0.2725982666015625,,,,,,,,,,,
2026-08-21_ewc_vitality-vs-spirit_mirage,ropz,T,10,101.46875,stop,89431,release,78.125,155.6192169189453,28.25470542907715,0.0,0.0,,,1.0,0.194671630859375,,,,,,,,,,,
2026-08-21_ewc_vitality-vs-spirit_mirage,ropz,T,10,101.46875,stop,89450,counterstrafe,375.0,155.6192169189453,19.975753784179688,0.0,0.0,,,1.0,1.28472900390625,,,,,,,,,,,
2026-08-21_ewc_vitality-vs-spirit_mirage,ropz,T,10,101.46875,stop,90444,counterstrafe,78.125,161.71356201171875,31.34476661682129,0.0,0.0,,,1.0,0.0,,,,,,,,,,,
2026-08-21_ewc_vitality-vs-spirit_mirage,ropz,T,10,101.46875,stop,90525,release,78.125,156.68359375,21.782522201538086,0.0,0.0,,,1.0,1.284698486328125,,,,,,,,,,,
2026-08-21_ewc_vitality-vs-spirit_mirage,ropz,T,10,101.46875,stop,90540,counterstrafe,312.5,156.68359375,21.178119659423828,0.0,0.0,,,1.0,4.16619873046875,,,,,,,,,,,
2026-08-21_ewc_vitality-vs-spirit_mirage,ropz,T,10,101.46875,stop,90805,counter_fwd,109.375,159.0789337158203,28.781770706176758,0.0,0.0,,,0.0,0.0,,,,,,,,,,,
2026-08-21_ewc_vitality-vs-spirit_mirage,ropz,T,10,101.46875,stop,90853,release,93.75,175.7764129638672,15.366698265075684,0.0,0.0,,,1.0,0.23345947265625,,,,,,,,,,,
2026-08-21_ewc_vitality-vs-spirit_mirage,ropz,T,10,101.46875,stop,90857,release,156.25,175.7764129638672,33.12645721435547,0.0,0.0,,,1.0,0.388946533203125,,,,,,,,,,,
2026-08-21_ewc_vitality-vs-spirit_mirage,ropz,T,10,101.46875,stop,90910,counterstrafe,78.125,159.68751525878906,26.63062286376953,0.0,0.0,,,1.0,2.608917236328125,,,,,,,,,,,
2026-08-21_ewc_vitality-vs-spirit_mirage,ropz,T,10,101.46875,stop,90992,counterstrafe,171.875,162.07354736328125,32.2349967956543,0.0,0.0,,,1.0,12.967315673828125,,,,,,,,,,,
2026-08-21_ewc_vitality-vs-spirit_mirage,ropz,T,10,101.46875,stop,90998,counterstrafe,265.625,162.07354736328125,23.252887725830078,0.0,0.0,,,1.0,14.9527587890625,,,,,,,,,,,
2026-08-21_ewc_vitality-vs-spirit_mirage,ropz,T,10,101.46875,peek,81183,,,,,,,,,,,traversal,176.34300307096117,1484.375,4984.375,0.0,249.9998016357422,0.0,105.72280883789062,0.0,0.4216351412909486,0.0
2026-08-21_ewc_vitality-vs-spirit_mirage,ropz,T,10,101.46875,peek,85779,,,,,,,,,,,traversal,237.27217267011505,1484.375,4984.375,0.0,249.99464416503906,0.17708333333333334,156.42230224609375,0.0,0.6480735849573667,0.0
2026-08-21_ewc_vitality-vs-spirit_mirage,ropz,T,10,101.46875,peek,86280,,,,,,,,,,,jiggle,13.552800188400925,265.625,265.625,1.0,80.4816665649414,1.0,2.6480255126953125,0.0,24.035755368537853,1.0
2026-08-21_ewc_vitality-vs-spirit_mirage,ropz,T,10,101.46875,peek,86415,,,,,,,,,,,traversal,135.9222918352317,1296.875,4984.375,0.0,128.55096435546875,0.9523809523809523,169.27289581298828,0.0,0.507451622510164,1.0
2026-08-21_ewc_vitality-vs-spirit_mirage,ropz,T,10,101.46875,peek,86765,,,,,,,,,,,commit,141.87620705923965,1484.375,4984.375,0.0,181.9815216064453,0.375,63.12196350097656,0.0,3.33025886439741,0.0
2026-08-21_ewc_vitality-vs-spirit_mirage,ropz,T,10,101.46875,peek,87212,,,,,,,,,,,commit,85.73900335401805,1078.125,4984.375,0.0,163.8992919921875,0.0,10.435989379882812,0.0,5.168641180578655,0.0
2026-08-21_ewc_vitality-vs-spirit_mirage,ropz,T,10,101.46875,peek,87849,,,,,,,,,,,commit,146.03976953833555,1484.375,4984.375,0.0,158.2423553466797,0.65625,11.993621826171875,0.0,2.2423178623317774,1.0
2026-08-21_ewc_vitality-vs-spirit_mirage,ropz,T,10,101.46875,peek,88649,,,,,,,,,,,traversal,141.35814292547244,1484.375,4984.375,0.0,127.06727600097656,1.0,44.62543487548828,0.0,0.29519088917452274,1.0
2026-08-21_ewc_vitality-vs-spirit_mirage,ropz,T,10,101.46875,peek,89033,,,,,,,,,,,jiggle,9.35910024880493,1203.125,1203.125,1.0,97.51329803466797,0.0,1.362640380859375,0.0,34.6946296042395,0.0
2026-08-21_ewc_vitality-vs-spirit_mirage,ropz,T,10,101.46875,peek,89127,,,,,,,,,,,traversal,116.68131713803508,1484.375,4984.375,0.0,129.87173461914062,0.59375,6.4249267578125,0.0,0.44659273544364375,1.0
2026-08-21_ewc_vitality-vs-spirit_mirage,ropz,T,10,101.46875,peek,89479,,,,,,,,,,,jiggle,9.102835561267437,1234.375,1234.375,1.0,95.9820556640625,0.0,3.6595306396484375,0.0,29.822610091818138,0.0
2026-08-21_ewc_vitality-vs-spirit_mirage,ropz,T,10,101.46875,peek,90053,,,,,,,,,,,traversal,119.89204982943892,1484.375,4984.375,0.0,216.85000610351562,0.84375,0.0,1.0,0.00022391992727122532,1.0
2026-08-21_ewc_vitality-vs-spirit_mirage,ropz,T,10,101.46875,peek,90558,,,,,,,,,,,jiggle,15.46103996845542,937.5,937.5,1.0,77.4618148803711,0.0,3.03668212890625,1.0,21.03935262627985,0.0
2026-08-21_ewc_vitality-vs-spirit_mirage,ropz,T,10,101.46875,peek,90643,,,,,,,,,,,jiggle,21.41767939633531,234.375,234.375,1.0,142.53436279296875,0.0,2.686798095703125,0.0,14.775954811664752,0.0
2026-08-21_ewc_vitality-vs-spirit_mirage,ropz,T,10,101.46875,peek,90706,,,,,,,,,,,commit,187.85650862325716,1484.375,4984.375,0.0,215.00416564941406,0.0,99.0640869140625,0.0,2.0011898962072565,0.0
2026-08-21_ewc_vitality-vs-spirit_mirage,ropz,T,11,33.5625,peek,94014,,,,,,,,,,,traversal,301.51844050055746,1484.375,4984.375,0.0,250.00669860839844,0.0,70.9098892211914,0.0,0.026505076037928486,0.0
2026-08-21_ewc_vitality-vs-spirit_mirage,ropz,T,11,33.5625,peek,95110,,,,,,,,,,,commit,47.59559173336924,859.375,4984.375,0.0,111.7042236328125,0.8571428571428571,8.52813720703125,0.0,1.1089268131535146,1.0
2026-08-21_ewc_vitality-vs-spirit_mirage,ropz,T,11,33.5625,peek,95483,,,,,,,,,,,traversal,29.43734247348737,1281.25,1281.25,1.0,79.12306213378906,0.0,8.255203247070312,0.0,0.9941240298671487,0.0
2026-08-21_ewc_vitality-vs-spirit_mirage,ropz,T,11,33.5625,peek,95611,,,,,,,,,,,commit,64.07535214416787,1484.375,4984.375,0.0,154.8954620361328,0.10416666666666667,20.132125854492188,0.0,4.142618472536092,0.0
2026-08-21_ewc_vitality-vs-spirit_mirage,ropz,T,11,33.5625,peek,95979,,,,,,,,,,,traversal,128.52003202541954,1484.375,2031.25,0.0,163.25958251953125,0.7291666666666666,63.240325927734375,0.0,0.908719902941099,1.0
2026-08-21_ewc_vitality-vs-spirit_mirage,sh1ro,CT,0,35.5625,peek,2621,,,,,,,,,,,commit,205.58241358017733,1484.375,4984.375,0.0,213.9432830810547,0.5625,161.76199340820312,1.0,1.0670859775776738,1.0
2026-08-21_ewc_vitality-vs-spirit_mirage,sh1ro,CT,1,48.265625,stop,3712,release,15.625,188.4359130859375,25.964767456054688,0.0,0.0,,,0.0,0.0,,,,,,,,,,,
2026-08-21_ewc_vitality-vs-spirit_mirage,sh1ro,CT,1,48.265625,stop,5153,release,15.625,249.9951934814453,10.52587604522705,0.0,0.0,,,1.0,0.0,,,,,,,,,,,
2026-08-21_ewc_vitality-vs-spirit_mirage,sh1ro,CT,1,48.265625,stop,5644,counterstrafe,78.125,179.5927734375,31.847564697265625,0.0,0.0,,,1.0,1.349945068359375,,,,,,,,,,,
2026-08-21_ewc_vitality-vs-spirit_mirage,sh1ro,CT,1,48.265625,stop,5662,counterstrafe,359.375,179.5927734375,20.27713394165039,0.0,0.0,,,1.0,2.2879180908203125,,,,,,,,,,,
2026-08-21_ewc_vitality-vs-spirit_mirage,sh1ro,CT,1,48.265625,stop,5680,counterstrafe,78.125,154.92738342285156,21.008846282958984,0.0,0.0,,,1.0,0.3663330078125,,,,,,,,,,,
2026-08-21_ewc_vitality-vs-spirit_mirage,sh1ro,CT,1,48.265625,stop,5704,counterstrafe,78.125,150.30398559570312,10.885017395019531,0.0,0.0,,,1.0,0.0,,,,,,,,,,,
2026-08-21_ewc_vitality-vs-spirit_mirage,sh1ro,CT,1,48.265625,stop,5727,release,78.125,182.97100830078125,29.611238479614258,0.0,0.0,,,1.0,0.2516632080078125,,,,,,,,,,,
2026-08-21_ewc_vitality-vs-spirit_mirage,sh1ro,CT,1,48.265625,stop,6206,counterstrafe,78.125,169.70184326171875,23.583751678466797,0.0,0.0,,,1.0,0.251678466796875,,,,,,,,,,,
2026-08-21_ewc_vitality-vs-spirit_mirage,sh1ro,CT,1,48.265625,stop,7613,counterstrafe,140.625,164.18333435058594,1.519711971282959,0.0,0.0,,,1.0,3.88916015625,,,,,,,,,,,
2026-08-21_ewc_vitality-vs-spirit_mirage,sh1ro,CT,1,48.265625,stop,7626,counterstrafe,343.75,164.18333435058594,30.83360481262207,0.0,1.0,187.5,0.0,1.0,12.19482421875,,,,,,,,,,,
2026-08-21_ewc_vitality-vs-spirit_mirage,sh1ro,CT,1,48.265625,stop,7673,counter_fwd,78.125,165.62054443359375,10.078609466552734,0.0,0.0,,,0.0,1.990570068359375,,,,,,,,,,,
2026-08-21_ewc_vitality-vs-spirit_mirage,sh1ro,CT,1,48.265625,peek,6379,,,,,,,,,,,commit,169.50763673392373,1484.375,4984.375,0.0,176.134033203125,0.6770833333333334,150.7331085205078,0.0,1.2514006694296729,1.0
2026-08-21_ewc_vitality-vs-spirit_mirage,sh1ro,CT,1,48.265625,peek,6778,,,,,,,,,,,jiggle,18.80630562452525,1250.0,1250.0,1.0,114.9826431274414,0.0,8.074249267578125,0.0,34.45573849423303,0.0
2026-08-21_ewc_vitality-vs-spirit_mirage,sh1ro,CT,1,48.265625,peek,7653,,,,,,,,,,,traversal,36.307427548819476,281.25,281.25,1.0,187.3967742919922,0.0,0.3886260986328125,0.0,0.00038547572962809224,0.0
2026-08-21_ewc_vitality-vs-spirit_mirage,sh1ro,CT,2,47.0,stop,8129,release,109.375,156.27880859375,31.735082626342773,0.0,0.0,,,1.0,90.83358001708984,,,,,,,,,,,
2026-08-21_ewc_vitality-vs-spirit_mirage,sh1ro,CT,2,47.0,stop,8165,release,109.375,216.35635375976562,21.299293518066406,0.0,0.0,,,0.0,0.0,,,,,,,,,,,
2026-08-21_ewc_vitality-vs-spirit_mirage,sh1ro,CT,2,47.0,stop,9522,release,15.625,249.99209594726562,10.740423202514648,0.0,0.0,,,1.0,1.92156982421875,,,,,,,,,,,
2026-08-21_ewc_vitality-vs-spirit_mirage,sh1ro,CT,2,47.0,stop,9999,counterstrafe,78.125,159.06021118164062,18.602848052978516,0.0,1.0,0.0,18.602848052978516,1.0,1.006622314453125,,,,,,,,,,,
2026-08-21_ewc_vitality-vs-spirit_mirage,sh1ro,CT,2,47.0,stop,10074,release,31.25,224.9938507080078,2.9059560298919678,0.0,0.0,,,1.0,1.921905517578125,,,,,,,,,,,
2026-08-21_ewc_vitality-vs-spirit_mirage,sh1ro,CT,2,47.0,stop,10185,release,359.375,188.45863342285156,20.78907585144043,0.0,0.0,,,0.0,136.02104949951172,,,,,,,,,,,
2026-08-21_ewc_vitality-vs-spirit_mirage,sh1ro,CT,2,47.0,stop,10557,release,15.625,242.85902404785156,33.85234451293945,0.0,1.0,0.0,33.85234451293945,0.0,0.0,,,,,,,,,,,
2026-08-21_ewc_vitality-vs-spirit_mirage,sh1ro,CT,2,47.0,stop,10615,counter_fwd,46.875,158.6023406982422,9.093791007995605,0.0,0.0,,,0.0,0.02301025390625,,,,,,,,,,,
2026-08-21_ewc_vitality-vs-spirit_mirage,sh1ro,CT,2,47.0,stop,10664,counter_fwd,156.25,151.55563354492188,14.002903938293457,0.0,1.0,0.0,14.002903938293457,0.0,0.3203277587890625,,,,,,,,,,,
2026-08-21_ewc_vitality-vs-spirit_mirage,sh1ro,CT,2,47.0,stop,10708,counter_fwd,78.125,155.21484375,15.974482536315918,0.0,0.0,,,0.0,2.51690673828125,,,,,,,,,,,
2026-08-21_ewc_vitality-vs-spirit_mirage,sh1ro,CT,2,47.0,stop,12031,counterstrafe,78.125,150.91455078125,31.2195987701416,0.0,0.0,,,1.0,0.434661865234375,,,,,,,,,,,
2026-08-21_ewc_vitality-vs-spirit_mirage,sh1ro,CT,2,47.0,stop,12152,counterstrafe,46.875,214.7957763671875,29.326828002929688,0.0,1.0,0.0,29.326828002929688,1.0,0.6866302490234375,,,,,,,,,,,
2026-08-21_ewc_vitality-vs-spirit_mirage,sh1ro,CT,2,47.0,stop,12159,counterstrafe,156.25,214.7957763671875,31.93436622619629,0.0,1.0,0.0,31.93436622619629,1.0,1.8305816650390625,,,,,,,,,,,
2026-08-21_ewc_vitality-vs-spirit_mirage,sh1ro,CT,2,47.0,stop,12171,counterstrafe,343.75,214.7957763671875,27.78795623779297,1.0,1.0,0.0,27.78795623779297,0.0,2.585906982421875,,,,,,,,,,,
2026-08-21_ewc_vitality-vs-spirit_mirage,sh1ro,CT,2,47.0,peek,10024,,,,,,,,,,,narrow,143.6832179713896,750.0,1843.75,1.0,225.00242614746094,0.0,24.29833984375,0.0,15.036913943287736,0.0
2026-08-21_ewc_vitality-vs-spirit_mirage,sh1ro,CT,2,47.0,peek,10250,,,,,,,,,,,traversal,182.582882507655,1484.375,4984.375,0.0,245.0028076171875,0.0,97.03399658203125,1.0,0.9422786982382696,0.0
2026-08-21_ewc_vitality-vs-spirit_mirage,sh1ro,CT,2,47.0,peek,11992,,,,,,,,,,,jiggle,38.70367654573745,609.375,609.375,1.0,172.4114990234375,0.0,4.1641693115234375,0.0,5.885161727418031,0.0
2026-08-21_ewc_vitality-vs-spirit_mirage,sh1ro,CT,2,47.0,peek,12054,,,,,,,,,,,commit,300.4111376307996,1484.375,2390.625,0.0,225.0060272216797,0.0,46.515411376953125,1.0,1.6072723372580195,0.0
2026-08-21_ewc_vitality-vs-spirit_mirage,sh1ro,CT,3,122.96875,stop,17828,counterstrafe,140.625,200.0033721923828,26.591651916503906,0.0,0.0,,,1.0,0.230377197265625,,,,,,,,,,,
2026-08-21_ewc_vitality-vs-spirit_mirage,sh1ro,CT,3,122.96875,stop,17919,release,15.625,164.99171447753906,28.331926345825195,0.0,0.0,,,0.0,0.1829986572265625,,,,,,,,,,,
2026-08-21_ewc_vitality-vs-spirit_mirage,sh1ro,CT,3,122.96875,stop,18060,release,46.875,239.24652099609375,30.8574275970459,0.0,1.0,0.0,30.8574275970459,0.0,0.0,,,,,,,,,,,
2026-08-21_ewc_vitality-vs-spirit_mirage,sh1ro,CT,3,122.96875,stop,18323,counterstrafe,312.5,200.00294494628906,31.17462921142578,0.0,0.0,,,1.0,0.348114013671875,,,,,,,,,,,
2026-08-21_ewc_vitality-vs-spirit_mirage,sh1ro,CT,3,122.96875,stop,18524,release,15.625,173.45518493652344,25.43999671936035,0.0,0.0,,,1.0,0.11431884765625,,,,,,,,,,,
2026-08-21_ewc_vitality-vs-spirit_mirage,sh1ro,CT,3,122.96875,stop,21171,counterstrafe,78.125,155.6996612548828,20.12053871154785,0.0,1.0,78.125,0.0,0.0,0.274658203125,,,,,,,,,,,
2026-08-21_ewc_vitality-vs-spirit_mirage,sh1ro,CT,3,122.96875,stop,21238,release,250.0,162.06942749023438,29.946184158325195,0.0,0.0,,,0.0,3.1115264892578125,,,,,,,,,,,
2026-08-21_ewc_vitality-vs-spirit_mirage,sh1ro,CT,3,122.96875,stop,21324,counterstrafe,375.0,164.12197875976562,31.20955467224121,0.0,0.0,,,1.0,44.91383361816406,,,,,,,,,,,
2026-08-21_ewc_vitality-vs-spirit_mirage,sh1ro,CT,3,122.96875,stop,21483,release,93.75,154.0719757080078,15.15625,0.0,0.0,,,1.0,0.6633148193359375,,,,,,,,,,,
2026-08-21_ewc_vitality-vs-spirit_mirage,sh1ro,CT,3,122.96875,stop,21732,counterstrafe,93.75,151.1126708984375,19.006093978881836,0.0,0.0,,,1.0,0.0,,,,,,,,,,,
2026-08-21_ewc_vitality-vs-spirit_mirage,sh1ro,CT,3,122.96875,stop,21749,counterstrafe,359.375,151.1126708984375,13.997748374938965,0.0,0.0,,,1.0,1.990966796875,,,,,,,,,,,
2026-08-21_ewc_vitality-vs-spirit_mirage,sh1ro,CT,3,122.96875,stop,22784,release,15.625,164.78050231933594,11.046899795532227,0.0,0.0,,,0.0,0.0,,,,,,,,,,,
2026-08-21_ewc_vitality-vs-spirit_mirage,sh1ro,CT,3,122.96875,stop,22870,counterstrafe,31.25,159.8114471435547,16.771886825561523,0.0,0.0,,,1.0,1.2356109619140625,,,,,,,,,,,
2026-08-21_ewc_vitality-vs-spirit_mirage,sh1ro,CT,3,122.96875,stop,22891,counterstrafe,359.375,159.8114471435547,29.472064971923828,0.0,0.0,,,1.0,2.8162689208984375,,,,,,,,,,,
2026-08-21_ewc_vitality-vs-spirit_mirage,sh1ro,CT,3,122.96875,stop,23405,release,31.25,153.59774780273438,0.0,0.0,0.0,,,0.0,0.0,,,,,,,,,,,
2026-08-21_ewc_vitality-vs-spirit_mirage,sh1ro,CT,3,122.96875,stop,23521,release,31.25,152.0567169189453,0.5046929717063904,0.0,0.0,,,1.0,1.0069580078125,,,,,,,,,,,
2026-08-21_ewc_vitality-vs-spirit_mirage,sh1ro,CT,3,122.96875,stop,24627,release,15.625,164.12086486816406,2.13834285736084,0.0,0.0,,,0.0,1.2356109619140625,,,,,,,,,,,
2026-08-21_ewc_vitality-vs-spirit_mirage,sh1ro,CT,3,122.96875,stop,24850,counterstrafe,312.5,162.1276397705078,32.860260009765625,0.0,0.0,,,1.0,4.004173278808594,,,,,,,,,,,
2026-08-21_ewc_vitality-vs-spirit_mirage,sh1ro,CT,3,122.96875,stop,25136,release,234.375,153.51658630371094,32.34180450439453,0.0,0.0,,,0.0,0.34332275390625,,,,,,,,,,,
2026-08-21_ewc_vitality-vs-spirit_mirage,sh1ro,CT,3,122.96875,peek,17947,,,,,,,,,,,commit,215.8858039172382,1484.375,4984.375,0.0,245.00694274902344,0.0,0.0229949951171875,1.0,1.2763629829431244,0.0
2026-08-21_ewc_vitality-vs-spirit_mirage,sh1ro,CT,3,122.96875,peek,18429,,,,,,,,,,,traversal,223.20918439615468,1484.375,4984.375,0.0,244.31854248046875,0.0,5.48663330078125,0.0,0.6652055726298725,0.0
2026-08-21_ewc_vitality-vs-spirit_mirage,sh1ro,CT,3,122.96875,peek,18858,,,,,,,,,,,traversal,173.78348951958037,1484.375,4984.375,0.0,224.18409729003906,0.5,52.417816162109375,0.0,0.23069524774569275,0.0
2026-08-21_ewc_vitality-vs-spirit_mirage,sh1ro,CT,3,122.96875,peek,19247,,,,,,,,,,,traversal,22.10884162180265,765.625,765.625,1.0,57.56191635131836,0.0,2.084991455078125,0.0,0.9614754088047601,0.0
2026-08-21_ewc_vitality-vs-spirit_mirage,sh1ro,CT,3,122.96875,peek,20092,,,,,,,,,,,traversal,102.86914093261876,1062.5,1750.0,1.0,137.1996612548828,0.6231884057971014,205.4625244140625,0.0,0.34786457861175435,1.0
2026-08-21_ewc_vitality-vs-spirit_mirage,sh1ro,CT,3,122.96875,peek,20500,,,,,,,,,,,traversal,4.069444166538061,140.625,140.625,1.0,43.385414123535156,0.0,0.00994873046875,0.0,0.0005891971015411095,0.0
2026-08-21_ewc_vitality-vs-spirit_mirage,sh1ro,CT,3,122.96875,peek,20641,,,,,,,,,,,traversal,145.59438885850338,1484.375,4984.375,0.0,142.47531127929688,0.5833333333333334,231.34017944335938,0.0,0.6520576049636999,1.0
2026-08-21_ewc_vitality-vs-spirit_mirage,sh1ro,CT,3,122.96875,peek,21195,,,,,,,,,,,traversal,124.7117404925036,1484.375,4984.375,0.0,229.35354614257812,0.0,7.230377197265625,0.0,0.46722138791814954,0.0
2026-08-21_ewc_vitality-vs-spirit_mirage,sh1ro,CT,3,122.96875,peek,21712,,,,,,,,,,,jiggle,30.851539927687107,296.875,296.875,1.0,151.6977081298828,0.0,5.537109375,0.0,18.660811484810978,0.0
2026-08-21_ewc_vitality-vs-spirit_mirage,sh1ro,CT,3,122.96875,peek,22144,,,,,,,,,,,commit,64.8745254273458,1218.75,4984.375,0.0,108.84455871582031,0.379746835443038,136.02206420898438,0.0,2.1998347959061433,0.0
2026-08-21_ewc_vitality-vs-spirit_mirage,sh1ro,CT,3,122.96875,peek,22828,,,,,,,,,,,jiggle,30.303554357608697,296.875,296.875,1.0,149.0906219482422,0.0,1.0296173095703125,0.0,57.515930173054805,0.0
2026-08-21_ewc_vitality-vs-spirit_mirage,sh1ro,CT,3,122.96875,peek,23226,,,,,,,,,,,jiggle,20.97191587099743,234.375,234.375,1.0,130.19517517089844,0.0,6.543731689453125,0.0,14.243147062726054,0.0
2026-08-21_ewc_vitality-vs-spirit_mirage,sh1ro,CT,3,122.96875,peek,23287,,,,,,,,,,,jiggle,20.40889642797153,296.875,296.875,1.0,93.19270324707031,0.0,0.901580810546875,0.0,41.158565726817706,0.0
2026-08-21_ewc_vitality-vs-spirit_mirage,sh1ro,CT,3,122.96875,peek,23369,,,,,,,,,,,jiggle,22.636192598720385,250.0,250.0,1.0,136.29510498046875,0.0,1.143951416015625,0.0,46.695676102373326,0.0
2026-08-21_ewc_vitality-vs-spirit_mirage,sh1ro,CT,3,122.96875,peek,23462,,,,,,,,,,,jiggle,20.835452733517055,234.375,234.375,1.0,148.31739807128906,0.0,2.2652587890625,0.0,29.367873355134453,0.0
2026-08-21_ewc_vitality-vs-spirit_mirage,sh1ro,CT,3,122.96875,peek,23915,,,,,,,,,,,jiggle,28.47133274328201,1390.625,1390.625,1.0,134.74996948242188,0.0,1.62908935546875,0.0,5.4663776496730305,0.0
2026-08-21_ewc_vitality-vs-spirit_mirage,sh1ro,CT,3,122.96875,peek,24058,,,,,,,,,,,jiggle,15.73210893884494,1328.125,1328.125,1.0,127.3515625,0.0,16.1334228515625,0.0,1.8364196669600772,0.0
2026-08-21_ewc_vitality-vs-spirit_mirage,sh1ro,CT,3,122.96875,peek,24298,,,,,,,,,,,traversal,295.70892630418206,1484.375,4984.375,0.0,250.00503540039062,0.0,42.94488525390625,1.0,0.3920683487740422,0.0
2026-08-21_ewc_vitality-vs-spirit_mirage,sh1ro,CT,3,122.96875,peek,25214,,,,,,,,,,,traversal,23.370734163400233,187.5,187.5,1.0,162.58775329589844,0.0,9.609603881835938,0.0,0.7080193786255572,0.0
2026-08-21_ewc_vitality-vs-spirit_mirage,sh1ro,CT,4,94.59375,stop,26836,release,15.625,249.99522399902344,10.739234924316406,0.0,0.0,,,0.0,0.0,,,,,,,,,,,
2026-08-21_ewc_vitality-vs-spirit_mirage,sh1ro,CT,4,94.59375,stop,27290,counterstrafe,203.125,178.02810668945312,33.903160095214844,1.0,0.0,,,1.0,0.4373779296875,,,,,,,,,,,
2026-08-21_ewc_vitality-vs-spirit_mirage,sh1ro,CT,4,94.59375,stop,29404,counter_fwd,93.75,158.6615753173828,23.002687454223633,0.0,0.0,,,0.0,1.1666107177734375,,,,,,,,,,,
2026-08-21_ewc_vitality-vs-spirit_mirage,sh1ro,CT,4,94.59375,stop,29995,counter_fwd,218.75,150.29949951171875,31.00371742248535,0.0,1.0,0.0,31.00371742248535,0.0,2.7685546875,,,,,,,,,,,
2026-08-21_ewc_vitality-vs-spirit_mirage,sh1ro,CT,4,94.59375,stop,30116,counter_fwd,250.0,165.59408569335938,28.694150924682617,0.0,0.0,,,0.0,20.568801879882812,,,,,,,,,,,
2026-08-21_ewc_vitality-vs-spirit_mirage,sh1ro,CT,4,94.59375,stop,31094,crouch_stop,140.625,155.93260192871094,25.990463256835938,1.0,0.0,,,0.0,0.4576568603515625,,,,,,,,,,,
2026-08-21_ewc_vitality-vs-spirit_mirage,sh1ro,CT,4,94.59375,stop,31833,counterstrafe,234.375,193.5058135986328,31.85179901123047,0.0,0.0,,,1.0,0.273590087890625,,,,,,,,,,,
2026-08-21_ewc_vitality-vs-spirit_mirage,sh1ro,CT,4,94.59375,stop,31946,counterstrafe,250.0,154.7328643798828,22.593751907348633,0.0,0.0,,,1.0,0.342987060546875,,,,,,,,,,,
2026-08-21_ewc_vitality-vs-spirit_mirage,sh1ro,CT,4,94.59375,stop,32016,counterstrafe,375.0,175.07496643066406,25.56808853149414,0.0,0.0,,,1.0,1.70733642578125,,,,,,,,,,,
2026-08-21_ewc_vitality-vs-spirit_mirage,sh1ro,CT,4,94.59375,stop,32329,counterstrafe,250.0,168.15391540527344,24.842355728149414,0.0,0.0,,,1.0,1.718994140625,,,,,,,,,,,
2026-08-21_ewc_vitality-vs-spirit_mirage,sh1ro,CT,4,94.59375,peek,25263,,,,,,,,,,,jiggle,24.03449968408094,312.5,312.5,1.0,154.9794158935547,0.0,12.652816772460938,0.0,1.142492714730347,0.0
2026-08-21_ewc_vitality-vs-spirit_mirage,sh1ro,CT,4,94.59375,peek,27447,,,,,,,,,,,commit,72.61613167853966,1265.625,4984.375,0.0,96.17073822021484,0.0,3.3662567138671875,0.0,4.797318585246031,0.0
2026-08-21_ewc_vitality-vs-spirit_mirage,sh1ro,CT,4,94.59375,peek,29037,,,,,,,,,,,commit,153.40283320565402,1390.625,4984.375,0.0,173.02000427246094,0.0,47.60614013671875,1.0,2.00507406039844,0.0
2026-08-21_ewc_vitality-vs-spirit_mirage,sh1ro,CT,4,94.59375,peek,31249,,,,,,,,,,,jiggle,36.64674911663632,1421.875,1421.875,1.0,143.81838989257812,0.0,1.479736328125,0.0,2.717915322774262,0.0
2026-08-21_ewc_vitality-vs-spirit_mirage,sh1ro,CT,4,94.59375,peek,31667,,,,,,,,,,,traversal,147.93139625210372,1265.625,4984.375,0.0,167.98757934570312,0.14634146341463414,9.357940673828125,0.0,0.5677876384513716,0.0
2026-08-21_ewc_vitality-vs-spirit_mirage,sh1ro,CT,4,94.59375,peek,32039,,,,,,,,,,,jiggle,58.96871470952279,859.375,4171.875,1.0,117.5727310180664,0.5,46.066009521484375,0.0,1.2850872171402457,0.0
2026-08-21_ewc_vitality-vs-spirit_mirage,sh1ro,CT,5,120.0,stop,34170,release,15.625,249.99346923828125,10.740638732910156,0.0,0.0,,,0.0,0.0,,,,,,,,,,,
2026-08-21_ewc_vitality-vs-spirit_mirage,sh1ro,CT,5,120.0,stop,34593,counterstrafe,125.0,196.3294677734375,30.485021591186523,1.0,0.0,,,1.0,0.592559814453125,,,,,,,,,,,
2026-08-21_ewc_vitality-vs-spirit_mirage,sh1ro,CT,5,120.0,stop,34731,release,31.25,167.85946655273438,2.0786426067352295,0.0,0.0,,,1.0,2.7685546875,,,,,,,,,,,
2026-08-21_ewc_vitality-vs-spirit_mirage,sh1ro,CT,5,120.0,stop,34796,release,62.5,175.61126708984375,8.140835762023926,0.0,1.0,0.0,8.140835762023926,0.0,0.0,,,,,,,,,,,
2026-08-21_ewc_vitality-vs-spirit_mirage,sh1ro,CT,5,120.0,stop,34939,release,31.25,239.6993408203125,33.16041946411133,0.0,1.0,0.0,33.16041946411133,0.0,0.0,,,,,,,,,,,
2026-08-21_ewc_vitality-vs-spirit_mirage,sh1ro,CT,5,120.0,stop,34999,release,31.25,224.69729614257812,0.0,0.0,0.0,,,0.0,0.0,,,,,,,,,,,
2026-08-21_ewc_vitality-vs-spirit_mirage,sh1ro,CT,5,120.0,stop,35173,release,234.375,158.66912841796875,34.94658660888672,0.0,0.0,,,0.0,6.681060791015625,,,,,,,,,,,
2026-08-21_ewc_vitality-vs-spirit_mirage,sh1ro,CT,5,120.0,stop,39404,release,31.25,211.19432067871094,23.9453125,0.0,0.0,,,0.0,0.25165557861328125,,,,,,,,,,,
2026-08-21_ewc_vitality-vs-spirit_mirage,sh1ro,CT,5,120.0,stop,40297,crouch_stop,125.0,168.0384521484375,31.603710174560547,1.0,0.0,,,0.0,8.327972412109375,,,,,,,,,,,
2026-08-21_ewc_vitality-vs-spirit_mirage,sh1ro,CT,5,120.0,peek,32601,,,,,,,,,,,traversal,330.05081442429304,1484.375,4984.375,0.0,250.0104217529297,0.0,50.999603271484375,1.0,0.39540449900607205,0.0
2026-08-21_ewc_vitality-vs-spirit_mirage,sh1ro,CT,5,120.0,peek,34646,,,,,,,,,,,traversal,174.27351696896537,1078.125,3765.625,1.0,257.84832763671875,0.0,269.4345397949219,1.0,0.21551971569295092,0.0
2026-08-21_ewc_vitality-vs-spirit_mirage,sh1ro,CT,5,120.0,peek,34957,,,,,,,,,,,traversal,124.53810195782457,843.75,4984.375,0.0,244.99432373046875,0.0,17.274276733398438,0.0,0.07862868452192892,0.0
2026-08-21_ewc_vitality-vs-spirit_mirage,sh1ro,CT,5,120.0,peek,36226,,,,,,,,,,,jiggle,46.01246585736514,1000.0,1078.125,1.0,104.00382995605469,0.9230769230769231,5.6054534912109375,0.0,1.1388374474714538,1.0
2026-08-21_ewc_vitality-vs-spirit_mirage,sh1ro,CT,5,120.0,peek,36836,,,,,,,,,,,jiggle,5.418463908150998,1328.125,1328.125,1.0,42.82881164550781,0.0,8.1552734375,0.0,8.897590232757072,0.0
2026-08-21_ewc_vitality-vs-spirit_mirage,sh1ro,CT,5,120.0,peek,37109,,,,,,,,,,,traversal,67.57979886236613,1421.875,4984.375,0.0,92.44466400146484,0.0,0.7120361328125,0.0,0.05749824973911979,0.0
2026-08-21_ewc_vitality-vs-spirit_mirage,sh1ro,CT,5,120.0,peek,39326,,,,,,,,,,,traversal,259.4965796156581,1484.375,4984.375,0.0,252.75257873535156,0.0,95.22674560546875,0.0,0.10005547452133302,0.0
2026-08-21_ewc_vitality-vs-spirit_mirage,sh1ro,CT,5,120.0,peek,39829,,,,,,,,,,,traversal,334.2282994815192,1484.375,4984.375,0.0,250.00624084472656,0.0,110.3504638671875,0.0,0.26229835048247807,0.0
2026-08-21_ewc_vitality-vs-spirit_mirage,sh1ro,CT,5,120.0,peek,40331,,,,,,,,,,,traversal,73.64270183429917,1187.5,4984.375,0.0,83.09638977050781,0.8051948051948052,10.891571044921875,0.0,0.3279077906268835,1.0
2026-08-21_ewc_vitality-vs-spirit_mirage,sh1ro,CT,5,120.0,peek,41047,,,,,,,,,,,traversal,305.00654327128694,1484.375,4984.375,0.0,246.1361846923828,0.0,125.56517028808594,2.0,0.12485418951638287,0.0
2026-08-21_ewc_vitality-vs-spirit_mirage,sh1ro,CT,6,70.875,stop,41670,release,78.125,182.2197265625,15.95703125,0.0,0.0,,,1.0,0.0,,,,,,,,,,,
2026-08-21_ewc_vitality-vs-spirit_mirage,sh1ro,CT,6,70.875,stop,45805,counterstrafe,109.375,159.89576721191406,32.02016067504883,0.0,0.0,,,0.0,0.2746734619140625,,,,,,,,,,,
2026-08-21_ewc_vitality-vs-spirit_mirage,sh1ro,CT,6,70.875,stop,45865,counterstrafe,187.5,194.10116577148438,26.07941436767578,1.0,0.0,,,1.0,3.1046600341796875,,,,,,,,,,,
2026-08-21_ewc_vitality-vs-spirit_mirage,sh1ro,CT,6,70.875,stop,46146,counterstrafe,234.375,154.09487915039062,29.59337615966797,0.0,0.0,,,1.0,0.503631591796875,,,,,,,,,,,
2026-08-21_ewc_vitality-vs-spirit_mirage,sh1ro,CT,6,70.875,stop,46469,counterstrafe,187.5,199.99859619140625,30.476226806640625,0.0,0.0,,,1.0,0.2440948486328125,,,,,,,,,,,
2026-08-21_ewc_vitality-vs-spirit_mirage,sh1ro,CT,6,70.875,stop,46568,counterstrafe,93.75,154.4035186767578,22.474943161010742,0.0,0.0,,,1.0,0.02301025390625,,,,,,,,,,,
2026-08-21_ewc_vitality-vs-spirit_mirage,sh1ro,CT,6,70.875,stop,49175,counterstrafe,93.75,156.3480682373047,16.351951599121094,0.0,0.0,,,1.0,0.43463134765625,,,,,,,,,,,
2026-08-21_ewc_vitality-vs-spirit_mirage,sh1ro,CT,6,70.875,stop,49208,counterstrafe,78.125,151.01593017578125,26.694272994995117,0.0,0.0,,,1.0,0.3865814208984375,,,,,,,,,,,
2026-08-21_ewc_vitality-vs-spirit_mirage,sh1ro,CT,6,70.875,peek,45167,,,,,,,,,,,traversal,343.910738634032,1484.375,4984.375,0.0,250.01123046875,0.0,19.95184326171875,1.0,0.019168517701043625,0.0
2026-08-21_ewc_vitality-vs-spirit_mirage,sh1ro,CT,6,70.875,peek,45825,,,,,,,,,,,narrow,74.56986609740449,937.5,1218.75,1.0,194.10116577148438,0.0,15.860458374023438,0.0,11.098779673844051,0.0
2026-08-21_ewc_vitality-vs-spirit_mirage,sh1ro,CT,6,70.875,peek,45996,,,,,,,,,,,jiggle,32.69474992034491,328.125,328.125,1.0,144.5110321044922,0.0,0.48065185546875,0.0,12.516011290757774,0.0
2026-08-21_ewc_vitality-vs-spirit_mirage,sh1ro,CT,6,70.875,peek,46241,,,,,,,,,,,traversal,271.696047049373,1484.375,4984.375,0.0,252.4209442138672,0.0,261.7980194091797,0.0,0.5105465900434998,0.0
2026-08-21_ewc_vitality-vs-spirit_mirage,sh1ro,CT,6,70.875,peek,48849,,,,,,,,,,,jiggle,34.77721857560207,1359.375,1359.375,1.0,62.76858139038086,0.0,1.3420562744140625,0.0,2.73109637045799,0.0
2026-08-21_ewc_vitality-vs-spirit_mirage,sh1ro,CT,6,70.875,peek,49036,,,,,,,,,,,commit,199.53942969772964,1296.875,4984.375,0.0,219.7798614501953,0.0,168.6254119873047,0.0,1.4797060013186416,0.0
2026-08-21_ewc_vitality-vs-spirit_mirage,sh1ro,CT,7,8.96875,stop,52663,counterstrafe,93.75,172.2799530029297,28.260211944580078,0.0,0.0,,,1.0,0.1424713134765625,,,,,,,,,,,
2026-08-21_ewc_vitality-vs-spirit_mirage,sh1ro,CT,8,117.109375,stop,63668,release,109.375,199.41282653808594,0.0,0.0,0.0,,,0.0,3.637847900390625,,,,,,,,,,,
2026-08-21_ewc_vitality-vs-spirit_mirage,sh1ro,CT,8,117.109375,stop,63861,release,31.25,245.0010223388672,15.953125,0.0,1.0,0.0,15.953125,0.0,0.0,,,,,,,,,,,
2026-08-21_ewc_vitality-vs-spirit_mirage,sh1ro,CT,8,117.109375,stop,63914,counter_fwd,78.125,166.21925354003906,19.773441314697266,0.0,0.0,,,0.0,0.0,,,,,,,,,,,
2026-08-21_ewc_vitality-vs-spirit_mirage,sh1ro,CT,8,117.109375,stop,63992,release,31.25,210.96875,0.6271569132804871,0.0,0.0,,,1.0,0.0,,,,,,,,,,,
2026-08-21_ewc_vitality-vs-spirit_mirage,sh1ro,CT,8,117.109375,stop,64165,release,78.125,181.26498413085938,28.6187744140625,0.0,0.0,,,0.0,0.70928955078125,,,,,,,,,,,
2026-08-21_ewc_vitality-vs-spirit_mirage,sh1ro,CT,8,117.109375,stop,64200,crouch_stop,15.625,159.66311645507812,7.601993083953857,1.0,0.0,,,0.0,0.0,,,,,,,,,,,
2026-08-21_ewc_vitality-vs-spirit_mirage,sh1ro,CT,8,117.109375,stop,64248,counterstrafe,93.75,156.34390258789062,11.2757568359375,0.0,0.0,,,1.0,40.45201110839844,,,,,,,,,,,
2026-08-21_ewc_vitality-vs-spirit_mirage,sh1ro,CT,8,117.109375,stop,69786,counterstrafe,78.125,167.6785430908203,29.023439407348633,0.0,0.0,,,1.0,1.0066375732421875,,,,,,,,,,,
2026-08-21_ewc_vitality-vs-spirit_mirage,sh1ro,CT,8,117.109375,stop,69816,counterstrafe,78.125,174.91061401367188,24.79697036743164,0.0,0.0,,,1.0,0.022674560546875,,,,,,,,,,,
2026-08-21_ewc_vitality-vs-spirit_mirage,sh1ro,CT,8,117.109375,stop,70302,release,46.875,156.72579956054688,16.17729377746582,0.0,0.0,,,0.0,3.0888748168945312,,,,,,,,,,,
2026-08-21_ewc_vitality-vs-spirit_mirage,sh1ro,CT,8,117.109375,peek,63738,,,,,,,,,,,commit,227.79166941962734,1484.375,4984.375,0.0,244.7415313720703,0.0,0.0,0.0,1.4044149001121107,0.0
2026-08-21_ewc_vitality-vs-spirit_mirage,sh1ro,CT,8,117.109375,peek,64221,,,,,,,,,,,jiggle,54.515476143508835,406.25,562.5,1.0,198.75428771972656,0.0,41.71028137207031,0.0,1.7569670972506053,0.0
2026-08-21_ewc_vitality-vs-spirit_mirage,sh1ro,CT,8,117.109375,peek,65594,,,,,,,,,,,commit,198.23560678054704,1484.375,4984.375,0.0,193.0740966796875,0.6979166666666666,1.4642791748046875,0.0,9.998344393121533,1.0
2026-08-21_ewc_vitality-vs-spirit_mirage,sh1ro,CT,8,117.109375,peek,66000,,,,,,,,,,,jiggle,2.5266645011058007,93.75,93.75,1.0,39.4929084777832,0.0,0.0202484130859375,0.0,1.260701310703046,0.0
2026-08-21_ewc_vitality-vs-spirit_mirage,sh1ro,CT,8,117.109375,peek,66138,,,,,,,,,,,traversal,40.12348568780398,453.125,453.125,1.0,134.73956298828125,0.5333333333333333,0.0226593017578125,0.0,0.4349461448003496,1.0
2026-08-21_ewc_vitality-vs-spirit_mirage,sh1ro,CT,8,117.109375,peek,67630,,,,,,,,,,,traversal,82.65017477770387,1484.375,4984.375,0.0,100.00045776367188,0.0,0.1809234619140625,0.0,0.041391985950206614,0.0
2026-08-21_ewc_vitality-vs-spirit_mirage,sh1ro,CT,8,117.109375,peek,68357,,,,,,,,,,,commit,125.06078382162416,1484.375,4984.375,0.0,100.00544738769531,0.0,23.195556640625,0.0,3.512345989052098,0.0
2026-08-21_ewc_vitality-vs-spirit_mirage,sh1ro,CT,8,117.109375,peek,69007,,,,,,,,,,,jiggle,20.9032247216352,1484.375,1484.375,1.0,111.2945556640625,0.3333333333333333,9.929275512695312,0.0,2.123018738315876,0.0
2026-08-21_ewc_vitality-vs-spirit_mirage,sh1ro,CT,8,117.109375,peek,69114,,,,,,,,,,,jiggle,28.142276367300074,1390.625,1390.625,1.0,44.593116760253906,0.0,7.36700439453125,0.0,1.016116939692412,0.0
2026-08-21_ewc_vitality-vs-spirit_mirage,sh1ro,CT,8,117.109375,peek,69217,,,,,,,,,,,jiggle,39.447913120633466,1484.375,1484.375,1.0,104.00360107421875,0.22916666666666666,22.010406494140625,0.0,10.942943027916073,0.0
2026-08-21_ewc_vitality-vs-spirit_mirage,sh1ro,CT,8,117.109375,peek,69336,,,,,,,,,,,jiggle,27.70264645770705,593.75,593.75,1.0,123.82685852050781,0.0,11.096542358398438,0.0,13.38890135189596,0.0
2026-08-21_ewc_vitality-vs-spirit_mirage,sh1ro,CT,8,117.109375,peek,69673,,,,,,,,,,,commit,256.35196838951885,1484.375,4984.375,0.0,240.00900268554688,0.3020833333333333,73.44498443603516,8.0,1.0998934888520346,0.0
2026-08-21_ewc_vitality-vs-spirit_mirage,sh1ro,CT,8,117.109375,peek,70318,,,,,,,,,,,traversal,299.7096952956482,1484.375,4984.375,0.0,250.0045928955078,0.0,60.906471252441406,1.0,0.048179975228940054,0.0
2026-08-21_ewc_vitality-vs-spirit_mirage,sh1ro,CT,9,94.3125,stop,72309,release,15.625,241.00631713867188,10.738607406616211,0.0,0.0,,,1.0,0.0,,,,,,,,,,,
2026-08-21_ewc_vitality-vs-spirit_mirage,sh1ro,CT,9,94.3125,stop,75300,counterstrafe,171.875,153.3903350830078,21.31854248046875,1.0,0.0,,,1.0,0.5775146484375,,,,,,,,,,,
2026-08-21_ewc_vitality-vs-spirit_mirage,sh1ro,CT,9,94.3125,stop,75880,counterstrafe,93.75,150.2581024169922,23.426206588745117,0.0,0.0,,,1.0,0.1829986572265625,,,,,,,,,,,
2026-08-21_ewc_vitality-vs-spirit_mirage,sh1ro,CT,9,94.3125,peek,73612,,,,,,,,,,,traversal,195.60419376915726,1484.375,4984.375,0.0,188.85060119628906,0.8333333333333334,115.6593017578125,0.0,0.4560262006505572,1.0
2026-08-21_ewc_vitality-vs-spirit_mirage,sh1ro,CT,9,94.3125,peek,74189,,,,,,,,,,,commit,121.43825890948885,1484.375,4984.375,0.0,100.0047607421875,0.0,20.958160400390625,0.0,3.751514597191296,0.0
2026-08-21_ewc_vitality-vs-spirit_mirage,sh1ro,CT,9,94.3125,peek,74990,,,,,,,,,,,commit,74.82708174065766,1484.375,4984.375,0.0,86.93630981445312,0.0,3.986328125,0.0,3.0415550040893207,0.0
2026-08-21_ewc_vitality-vs-spirit_mirage,sh1ro,CT,9,94.3125,peek,75333,,,,,,,,,,,commit,145.87713000627963,1484.375,4984.375,0.0,122.94265747070312,0.90625,127.87605285644531,1.0,1.126806244223022,1.0
2026-08-21_ewc_vitality-vs-spirit_mirage,sh1ro,CT,9,94.3125,peek,75670,,,,,,,,,,,traversal,20.856340939535297,453.125,453.125,1.0,75.23260498046875,0.9,1.487640380859375,0.0,0.6019557626378933,1.0
2026-08-21_ewc_vitality-vs-spirit_mirage,sh1ro,CT,9,94.3125,peek,77502,,,,,,,,,,,jiggle,5.381994907867223,93.75,93.75,1.0,79.52152252197266,0.0,0.274322509765625,0.0,49.61078958956637,0.0
2026-08-21_ewc_vitality-vs-spirit_mirage,sh1ro,CT,9,94.3125,peek,77753,,,,,,,,,,,traversal,10.976968028936486,640.625,640.625,1.0,43.5613899230957,0.0,0.467926025390625,0.0,0.8084222054253984,0.0
2026-08-21_ewc_vitality-vs-spirit_mirage,sh1ro,CT,10,115.0,stop,85452,counterstrafe,78.125,178.25424194335938,30.49136734008789,0.0,0.0,,,1.0,0.383819580078125,,,,,,,,,,,
2026-08-21_ewc_vitality-vs-spirit_mirage,sh1ro,CT,10,115.0,stop,85474,counterstrafe,93.75,156.28147888183594,25.67961311340332,0.0,0.0,,,1.0,5.6946868896484375,,,,,,,,,,,
2026-08-21_ewc_vitality-vs-spirit_mirage,sh1ro,CT,10,115.0,stop,85487,counterstrafe,296.875,156.28147888183594,28.969900131225586,0.0,0.0,,,1.0,8.06396484375,,,,,,,,,,,
2026-08-21_ewc_vitality-vs-spirit_mirage,sh1ro,CT,10,115.0,stop,85552,counterstrafe,93.75,176.85206604003906,12.261938095092773,0.0,0.0,,,1.0,0.0,,,,,,,,,,,
2026-08-21_ewc_vitality-vs-spirit_mirage,sh1ro,CT,10,115.0,stop,85561,counterstrafe,234.375,176.85206604003906,21.794679641723633,0.0,0.0,,,1.0,3.81329345703125,,,,,,,,,,,
2026-08-21_ewc_vitality-vs-spirit_mirage,sh1ro,CT,10,115.0,stop,86241,counterstrafe,265.625,184.6047821044922,19.255382537841797,0.0,0.0,,,1.0,0.58331298828125,,,,,,,,,,,
2026-08-21_ewc_vitality-vs-spirit_mirage,sh1ro,CT,10,115.0,stop,86245,counterstrafe,328.125,184.6047821044922,34.431331634521484,0.0,0.0,,,1.0,0.58331298828125,,,,,,,,,,,
2026-08-21_ewc_vitality-vs-spirit_mirage,sh1ro,CT,10,115.0,stop,86321,counterstrafe,265.625,168.8524932861328,24.703441619873047,0.0,0.0,,,1.0,1.9322357177734375,,,,,,,,,,,
2026-08-21_ewc_vitality-vs-spirit_mirage,sh1ro,CT,10,115.0,stop,86326,counterstrafe,343.75,168.8524932861328,33.244850158691406,0.0,0.0,,,1.0,2.1052703857421875,,,,,,,,,,,
2026-08-21_ewc_vitality-vs-spirit_mirage,sh1ro,CT,10,115.0,stop,86683,counterstrafe,93.75,162.83056640625,13.093423843383789,0.0,0.0,,,0.0,0.5088043212890625,,,,,,,,,,,
2026-08-21_ewc_vitality-vs-spirit_mirage,sh1ro,CT,10,115.0,stop,86694,counterstrafe,265.625,162.83056640625,28.903066635131836,0.0,0.0,,,1.0,1.2373504638671875,,,,,,,,,,,
2026-08-21_ewc_vitality-vs-spirit_mirage,sh1ro,CT,10,115.0,stop,87460,counterstrafe,93.75,158.69876098632812,26.78628158569336,0.0,0.0,,,0.0,0.060760498046875,,,,,,,,,,,
2026-08-21_ewc_vitality-vs-spirit_mirage,sh1ro,CT,10,115.0,stop,88768,release,78.125,159.2265625,29.950780868530273,0.0,0.0,,,1.0,0.0,,,,,,,,,,,
2026-08-21_ewc_vitality-vs-spirit_mirage,sh1ro,CT,10,115.0,stop,89153,crouch_stop,15.625,154.2882537841797,21.939437866210938,1.0,0.0,,,1.0,0.183349609375,,,,,,,,,,,
2026-08-21_ewc_vitality-vs-spirit_mirage,sh1ro,CT,10,115.0,stop,89386,counterstrafe,93.75,172.24949645996094,22.928434371948242,0.0,0.0,,,1.0,0.1321868896484375,,,,,,,,,,,
2026-08-21_ewc_vitality-vs-spirit_mirage,sh1ro,CT,10,115.0,stop,90116,counterstrafe,140.625,169.4059295654297,31.05681800842285,0.0,1.0,0.0,31.05681800842285,0.0,0.34332275390625,,,,,,,,,,,
2026-08-21_ewc_vitality-vs-spirit_mirage,sh1ro,CT,10,115.0,stop,90165,counter_fwd,93.75,152.34490966796875,14.807686805725098,0.0,0.0,,,0.0,2.12823486328125,,,,,,,,,,,
2026-08-21_ewc_vitality-vs-spirit_mirage,sh1ro,CT,10,115.0,stop,90269,counterstrafe,250.0,151.7334747314453,33.88158416748047,1.0,0.0,,,1.0,1.220855712890625,,,,,,,,,,,
2026-08-21_ewc_vitality-vs-spirit_mirage,sh1ro,CT,10,115.0,stop,90815,counterstrafe,78.125,162.1100311279297,34.983707427978516,0.0,1.0,234.375,94.51559448242188,1.0,0.0,,,,,,,,,,,
2026-08-21_ewc_vitality-vs-spirit_mirage,sh1ro,CT,10,115.0,stop,90876,release,46.875,154.61976623535156,18.088594436645508,0.0,0.0,,,0.0,6.337738037109375,,,,,,,,,,,
2026-08-21_ewc_vitality-vs-spirit_mirage,sh1ro,CT,10,115.0,stop,90923,counterstrafe,78.125,152.89291381835938,24.818117141723633,0.0,0.0,,,1.0,0.0456695556640625,,,,,,,,,,,
2026-08-21_ewc_vitality-vs-spirit_mirage,sh1ro,CT,10,115.0,stop,90957,release,78.125,153.8123321533203,25.00275421142578,0.0,0.0,,,1.0,0.1421356201171875,,,,,,,,,,,
2026-08-21_ewc_vitality-vs-spirit_mirage,sh1ro,CT,10,115.0,stop,90969,counterstrafe,265.625,153.8123321533203,15.54328727722168,0.0,0.0,,,1.0,0.9856719970703125,,,,,,,,,,,
2026-08-21_ewc_vitality-vs-spirit_mirage,sh1ro,CT,10,115.0,stop,91246,counterstrafe,78.125,180.1596221923828,32.69970703125,0.0,0.0,,,1.0,0.2822113037109375,,,,,,,,,,,
2026-08-21_ewc_vitality-vs-spirit_mirage,sh1ro,CT,10,115.0,stop,91257,counterstrafe,250.0,180.1596221923828,8.751412391662598,0.0,0.0,,,1.0,0.5070953369140625,,,,,,,,,,,
2026-08-21_ewc_vitality-vs-spirit_mirage,sh1ro,CT,10,115.0,stop,91365,counterstrafe,78.125,162.54798889160156,22.678565979003906,0.0,1.0,46.875,36.239776611328125,1.0,0.4425506591796875,,,,,,,,,,,
2026-08-21_ewc_vitality-vs-spirit_mirage,sh1ro,CT,10,115.0,stop,91406,release,78.125,152.0261688232422,23.148765563964844,0.0,0.0,,,1.0,0.0456695556640625,,,,,,,,,,,
2026-08-21_ewc_vitality-vs-spirit_mirage,sh1ro,CT,10,115.0,stop,91792,counter_fwd,78.125,150.56185913085938,10.14976978302002,0.0,0.0,,,0.0,2.53955078125,,,,,,,,,,,
2026-08-21_ewc_vitality-vs-spirit_mirage,sh1ro,CT,10,115.0,stop,91798,counter_fwd,171.875,150.56185913085938,30.947900772094727,0.0,0.0,,,0.0,11.828826904296875,,,,,,,,,,,
2026-08-21_ewc_vitality-vs-spirit_mirage,sh1ro,CT,10,115.0,stop,91833,release,78.125,176.07887268066406,34.56985092163086,0.0,0.0,,,1.0,0.2973175048828125,,,,,,,,,,,
2026-08-21_ewc_vitality-vs-spirit_mirage,sh1ro,CT,10,115.0,stop,91869,counterstrafe,78.125,165.64053344726562,25.838607788085938,0.0,0.0,,,0.0,0.4119873046875,,,,,,,,,,,
2026-08-21_ewc_vitality-vs-spirit_mirage,sh1ro,CT,10,115.0,stop,91952,counterstrafe,62.5,158.6090545654297,29.69305419921875,0.0,0.0,,,1.0,5.262794494628906,,,,,,,,,,,
2026-08-21_ewc_vitality-vs-spirit_mirage,sh1ro,CT,10,115.0,peek,86371,,,,,,,,,,,jiggle,3.4594307885500215,78.125,78.125,1.0,71.71443939208984,0.0,0.0813751220703125,0.0,48.91899306547815,0.0
2026-08-21_ewc_vitality-vs-spirit_mirage,sh1ro,CT,10,115.0,peek,86547,,,,,,,,,,,narrow,88.83107032631898,1484.375,3921.875,1.0,129.38938903808594,0.375,23.306793212890625,0.0,3.2429781057645064,0.0
2026-08-21_ewc_vitality-vs-spirit_mirage,sh1ro,CT,10,115.0,peek,86976,,,,,,,,,,,traversal,114.47650543196954,1484.375,4984.375,0.0,119.59916687011719,0.40625,1.273040771484375,0.0,0.263404178543742,0.0
2026-08-21_ewc_vitality-vs-spirit_mirage,sh1ro,CT,10,115.0,peek,87726,,,,,,,,,,,wide,165.04735280797206,1484.375,3609.375,1.0,153.27467346191406,0.8854166666666666,25.8892822265625,0.0,2.3151586714581676,1.0
2026-08-21_ewc_vitality-vs-spirit_mirage,sh1ro,CT,10,115.0,peek,88345,,,,,,,,,,,jiggle,24.005162847294706,1046.875,1046.875,1.0,139.7093963623047,0.11764705882352941,0.9866790771484375,0.0,2.7446756965446455,0.0
2026-08-21_ewc_vitality-vs-spirit_mirage,sh1ro,CT,10,115.0,peek,88463,,,,,,,,,,,commit,135.41946556194338,1484.375,4984.375,0.0,159.00779724121094,0.8645833333333334,24.778640747070312,0.0,1.4863047985542608,1.0
2026-08-21_ewc_vitality-vs-spirit_mirage,sh1ro,CT,10,115.0,peek,88964,,,,,,,,,,,commit,81.35710418542072,1296.875,4984.375,0.0,119.60123443603516,0.7738095238095238,15.803482055664062,0.0,1.0488300543654194,1.0
2026-08-21_ewc_vitality-vs-spirit_mirage,sh1ro,CT,10,115.0,peek,89292,,,,,,,,,,,commit,166.83490889282854,1484.375,4984.375,0.0,202.06842041015625,0.0,45.703826904296875,0.0,1.3244576968168118,0.0
2026-08-21_ewc_vitality-vs-spirit_mirage,sh1ro,CT,10,115.0,peek,89692,,,,,,,,,,,commit,49.99327374411017,1484.375,4984.375,0.0,122.61815643310547,0.0,1.769500732421875,0.0,1.1529488558128442,0.0
2026-08-21_ewc_vitality-vs-spirit_mirage,sh1ro,CT,10,115.0,peek,90079,,,,,,,,,,,narrow,79.6054295013247,609.375,1937.5,1.0,215.45730590820312,0.0,2.4478759765625,1.0,3.294759103488913,0.0
2026-08-21_ewc_vitality-vs-spirit_mirage,sh1ro,CT,10,115.0,peek,90781,,,,,,,,,,,traversal,72.55874342832362,515.625,4984.375,0.0,197.2407684326172,0.0,146.04331970214844,1.0,0.8307731649399427,0.0
2026-08-21_ewc_vitality-vs-spirit_mirage,sh1ro,CT,10,115.0,peek,91136,,,,,,,,,,,commit,191.55274093468446,1484.375,4984.375,0.0,230.0062713623047,0.0,10.767303466796875,1.0,4.3746264900580245,0.0
2026-08-21_ewc_vitality-vs-spirit_mirage,sh1ro,CT,11,88.171875,stop,92371,release,31.25,155.296875,2.0864055156707764,0.0,0.0,,,1.0,0.160003662109375,,,,,,,,,,,
2026-08-21_ewc_vitality-vs-spirit_mirage,sh1ro,CT,11,88.171875,stop,94363,release,62.5,152.38372802734375,32.97265625,0.0,0.0,,,0.0,6.498077392578125,,,,,,,,,,,
2026-08-21_ewc_vitality-vs-spirit_mirage,sh1ro,CT,11,88.171875,stop,94382,counterstrafe,359.375,152.38372802734375,33.384925842285156,0.0,0.0,,,0.0,115.91021728515625,,,,,,,,,,,
2026-08-21_ewc_vitality-vs-spirit_mirage,sh1ro,CT,11,88.171875,stop,94600,release,31.25,159.86016845703125,0.0,0.0,0.0,,,1.0,0.02264404296875,,,,,,,,,,,
2026-08-21_ewc_vitality-vs-spirit_mirage,sh1ro,CT,11,88.171875,stop,94755,counterstrafe,343.75,167.88365173339844,15.949749946594238,0.0,0.0,,,1.0,6.58905029296875,,,,,,,,,,,
2026-08-21_ewc_vitality-vs-spirit_mirage,sh1ro,CT,11,88.171875,stop,95263,release,31.25,176.265625,0.0,0.0,0.0,,,0.0,0.09130859375,,,,,,,,,,,
2026-08-21_ewc_vitality-vs-spirit_mirage,sh1ro,CT,11,88.171875,stop,95597,release,31.25,186.72193908691406,22.00065040588379,0.0,1.0,0.0,22.00065040588379,0.0,0.0916748046875,,,,,,,,,,,
2026-08-21_ewc_vitality-vs-spirit_mirage,sh1ro,CT,11,88.171875,stop,95852,counterstrafe,125.0,174.49102783203125,31.068384170532227,0.0,1.0,0.0,31.068384170532227,1.0,0.686309814453125,,,,,,,,,,,
2026-08-21_ewc_vitality-vs-spirit_mirage,sh1ro,CT,11,88.171875,stop,96039,counterstrafe,78.125,161.62570190429688,34.06517028808594,0.0,0.0,,,1.0,0.2056732177734375,,,,,,,,,,,
2026-08-21_ewc_vitality-vs-spirit_mirage,sh1ro,CT,11,88.171875,stop,96058,counterstrafe,375.0,161.62570190429688,18.66554069519043,0.0,0.0,,,1.0,4.0721893310546875,,,,,,,,,,,
2026-08-21_ewc_vitality-vs-spirit_mirage,sh1ro,CT,11,88.171875,stop,98413,counterstrafe,93.75,159.6616973876953,28.41183090209961,0.0,0.0,,,0.0,0.02301025390625,,,,,,,,,,,
2026-08-21_ewc_vitality-vs-spirit_mirage,sh1ro,CT,11,88.171875,peek,93966,,,,,,,,,,,traversal,340.09809758538836,1484.375,4984.375,0.0,250.00912475585938,0.0,18.372909545898438,1.0,0.0438683501708376,0.0
2026-08-21_ewc_vitality-vs-spirit_mirage,sh1ro,CT,11,88.171875,peek,94526,,,,,,,,,,,traversal,83.93165758863026,765.625,2671.875,1.0,147.5977325439453,0.0,76.76252746582031,0.0,0.35073054998426023,0.0
2026-08-21_ewc_vitality-vs-spirit_mirage,sh1ro,CT,11,88.171875,peek,94791,,,,,,,,,,,commit,90.81232935137248,1484.375,4984.375,0.0,245.60556030273438,0.0,11.302886962890625,0.0,16.33333717349958,0.0
2026-08-21_ewc_vitality-vs-spirit_mirage,sh1ro,CT,11,88.171875,peek,95170,,,,,,,,,,,traversal,233.42184747290645,1093.75,4984.375,0.0,246.01104736328125,0.0,210.2899932861328,0.0,0.5120862155251042,0.0
2026-08-21_ewc_vitality-vs-spirit_mirage,sh1ro,CT,11,88.171875,peek,95634,,,,,,,,,,,commit,316.37947301434826,1484.375,4984.375,0.0,245.00157165527344,0.0,158.3524627685547,1.0,2.0313708751670223,0.0
2026-08-21_ewc_vitality-vs-spirit_mirage,sh1ro,CT,11,88.171875,peek,96116,,,,,,,,,,,traversal,244.71249019920262,1484.375,4984.375,0.0,201.1924591064453,0.0,143.34344482421875,0.0,0.7917260407584042,0.0
2026-08-21_ewc_vitality-vs-spirit_mirage,sh1ro,CT,11,88.171875,peek,96955,,,,,,,,,,,jiggle,27.41205577865487,1375.0,1375.0,1.0,48.092586517333984,0.0,2.7256317138671875,0.0,1.0816174028172574,0.0
2026-08-21_ewc_vitality-vs-spirit_mirage,sh1ro,CT,11,88.171875,peek,97362,,,,,,,,,,,commit,83.06686944004977,1484.375,4984.375,0.0,95.39810180664062,0.0,10.708236694335938,0.0,2.060496893858783,0.0
2026-08-21_ewc_vitality-vs-spirit_mirage,sh1ro,CT,11,88.171875,peek,98241,,,,,,,,,,,traversal,219.00616835815038,1156.25,4984.375,0.0,256.8197937011719,0.0,329.81471252441406,0.0,0.4373437280993187,0.0
2026-08-21_ewc_vitality-vs-spirit_mirage,sh1ro,CT,11,88.171875,peek,98718,,,,,,,,,,,traversal,86.18801914935989,1484.375,4984.375,0.0,107.54424285888672,0.07291666666666667,114.7415771484375,0.0,0.12513946500992068,0.0
2026-08-21_ewc_vitality-vs-spirit_mirage,sh1ro,T,12,112.734375,stop,103371,counter_fwd,187.5,162.48062133789062,7.879882335662842,0.0,0.0,,,0.0,0.0,,,,,,,,,,,
2026-08-21_ewc_vitality-vs-spirit_mirage,sh1ro,T,12,112.734375,stop,103588,counterstrafe,78.125,162.24307250976562,17.53489875793457,0.0,0.0,,,1.0,0.1373291015625,,,,,,,,,,,
2026-08-21_ewc_vitality-vs-spirit_mirage,sh1ro,T,12,112.734375,stop,103613,release,109.375,170.9148712158203,32.15021514892578,0.0,0.0,,,1.0,0.0226593017578125,,,,,,,,,,,
2026-08-21_ewc_vitality-vs-spirit_mirage,sh1ro,T,12,112.734375,stop,103641,counterstrafe,78.125,157.05467224121094,28.189863204956055,0.0,0.0,,,1.0,0.18299102783203125,,,,,,,,,,,
2026-08-21_ewc_vitality-vs-spirit_mirage,sh1ro,T,12,112.734375,stop,103661,counterstrafe,78.125,169.00750732421875,30.809253692626953,0.0,0.0,,,1.0,0.0,,,,,,,,,,,
2026-08-21_ewc_vitality-vs-spirit_mirage,sh1ro,T,12,112.734375,stop,103690,counterstrafe,78.125,159.34555053710938,13.40771198272705,0.0,0.0,,,1.0,0.1373291015625,,,,,,,,,,,
2026-08-21_ewc_vitality-vs-spirit_mirage,sh1ro,T,12,112.734375,stop,103708,counterstrafe,78.125,154.73773193359375,30.035690307617188,0.0,0.0,,,1.0,0.2286529541015625,,,,,,,,,,,
2026-08-21_ewc_vitality-vs-spirit_mirage,sh1ro,T,12,112.734375,stop,103735,counterstrafe,93.75,155.73353576660156,8.805938720703125,0.0,0.0,,,1.0,0.22899627685546875,,,,,,,,,,,
2026-08-21_ewc_vitality-vs-spirit_mirage,sh1ro,T,12,112.734375,stop,103755,counterstrafe,78.125,160.2101593017578,22.31928825378418,0.0,0.0,,,1.0,0.04566192626953125,,,,,,,,,,,
2026-08-21_ewc_vitality-vs-spirit_mirage,sh1ro,T,12,112.734375,stop,103781,counterstrafe,78.125,160.7690887451172,21.806596755981445,0.0,0.0,,,1.0,0.0,,,,,,,,,,,
2026-08-21_ewc_vitality-vs-spirit_mirage,sh1ro,T,12,112.734375,stop,104282,counterstrafe,312.5,150.21356201171875,20.998748779296875,0.0,0.0,,,1.0,4.324836730957031,,,,,,,,,,,
2026-08-21_ewc_vitality-vs-spirit_mirage,sh1ro,T,12,112.734375,stop,104474,release,78.125,153.6518096923828,32.304012298583984,0.0,0.0,,,1.0,0.114654541015625,,,,,,,,,,,
2026-08-21_ewc_vitality-vs-spirit_mirage,sh1ro,T,12,112.734375,stop,104489,counterstrafe,312.5,153.6518096923828,24.2426700592041,0.0,0.0,,,1.0,1.4185943603515625,,,,,,,,,,,
2026-08-21_ewc_vitality-vs-spirit_mirage,sh1ro,T,12,112.734375,stop,104563,counterstrafe,93.75,157.04051208496094,12.038485527038574,0.0,0.0,,,1.0,0.0,,,,,,,,,,,
2026-08-21_ewc_vitality-vs-spirit_mirage,sh1ro,T,12,112.734375,stop,104580,counterstrafe,359.375,157.04051208496094,7.895316123962402,0.0,0.0,,,0.0,0.9152984619140625,,,,,,,,,,,
2026-08-21_ewc_vitality-vs-spirit_mirage,sh1ro,T,12,112.734375,stop,104608,release,78.125,155.8446044921875,14.564923286437988,0.0,0.0,,,1.0,0.0456695556640625,,,,,,,,,,,
2026-08-21_ewc_vitality-vs-spirit_mirage,sh1ro,T,12,112.734375,stop,104628,counterstrafe,109.375,154.21466064453125,10.823165893554688,0.0,0.0,,,1.0,0.2743072509765625,,,,,,,,,,,
2026-08-21_ewc_vitality-vs-spirit_mirage,sh1ro,T,12,112.734375,stop,104654,release,78.125,154.58348083496094,9.320361137390137,0.0,0.0,,,1.0,0.20599365234375,,,,,,,,,,,
2026-08-21_ewc_vitality-vs-spirit_mirage,sh1ro,T,12,112.734375,stop,104672,counterstrafe,359.375,154.58348083496094,32.980934143066406,0.0,0.0,,,1.0,1.4642791748046875,,,,,,,,,,,
2026-08-21_ewc_vitality-vs-spirit_mirage,sh1ro,T,12,112.734375,stop,104745,counterstrafe,218.75,160.001708984375,33.497657775878906,0.0,0.0,,,1.0,0.3203125,,,,,,,,,,,
2026-08-21_ewc_vitality-vs-spirit_mirage,sh1ro,T,12,112.734375,stop,104850,counterstrafe,62.5,150.02572631835938,33.753841400146484,0.0,0.0,,,1.0,0.3203277587890625,,,,,,,,,,,
2026-08-21_ewc_vitality-vs-spirit_mirage,sh1ro,T,12,112.734375,stop,104866,counterstrafe,312.5,150.02572631835938,34.15422058105469,0.0,0.0,,,1.0,1.9212646484375,,,,,,,,,,,
2026-08-21_ewc_vitality-vs-spirit_mirage,sh1ro,T,12,112.734375,stop,105904,release,234.375,154.6779022216797,25.757068634033203,0.0,0.0,,,0.0,54.59175109863281,,,,,,,,,,,
2026-08-21_ewc_vitality-vs-spirit_mirage,sh1ro,T,12,112.734375,stop,106191,counterstrafe,78.125,172.2632293701172,31.02785301208496,0.0,0.0,,,0.0,0.960968017578125,,,,,,,,,,,
2026-08-21_ewc_vitality-vs-spirit_mirage,sh1ro,T,12,112.734375,stop,106291,counterstrafe,78.125,174.65390014648438,23.88481330871582,0.0,0.0,,,0.0,0.0913238525390625,,,,,,,,,,,
2026-08-21_ewc_vitality-vs-spirit_mirage,sh1ro,T,12,112.734375,stop,106349,counterstrafe,78.125,151.86581420898438,24.22100257873535,0.0,0.0,,,1.0,0.297637939453125,,,,,,,,,,,
2026-08-21_ewc_vitality-vs-spirit_mirage,sh1ro,T,12,112.734375,stop,106366,counterstrafe,343.75,151.86581420898438,12.64137077331543,0.0,0.0,,,1.0,8.625946044921875,,,,,,,,,,,
2026-08-21_ewc_vitality-vs-spirit_mirage,sh1ro,T,12,112.734375,stop,106388,counterstrafe,93.75,160.41766357421875,29.529781341552734,0.0,0.0,,,1.0,0.06866455078125,,,,,,,,,,,
2026-08-21_ewc_vitality-vs-spirit_mirage,sh1ro,T,12,112.734375,stop,106493,counterstrafe,78.125,177.0613555908203,26.422115325927734,0.0,0.0,,,1.0,0.777618408203125,,,,,,,,,,,
2026-08-21_ewc_vitality-vs-spirit_mirage,sh1ro,T,12,112.734375,stop,106585,release,78.125,155.3991241455078,9.143019676208496,0.0,0.0,,,1.0,0.0,,,,,,,,,,,
2026-08-21_ewc_vitality-vs-spirit_mirage,sh1ro,T,12,112.734375,stop,106799,release,93.75,160.183349609375,32.98515319824219,0.0,0.0,,,1.0,0.4119873046875,,,,,,,,,,,
2026-08-21_ewc_vitality-vs-spirit_mirage,sh1ro,T,12,112.734375,stop,106904,release,78.125,161.1826629638672,15.559155464172363,0.0,0.0,,,1.0,0.06829833984375,,,,,,,,,,,
2026-08-21_ewc_vitality-vs-spirit_mirage,sh1ro,T,12,112.734375,stop,107652,counterstrafe,250.0,155.72161865234375,30.955650329589844,0.0,0.0,,,1.0,0.869293212890625,,,,,,,,,,,
2026-08-21_ewc_vitality-vs-spirit_mirage,sh1ro,T,12,112.734375,stop,107752,counterstrafe,93.75,160.15980529785156,13.0049409866333,0.0,0.0,,,1.0,0.32032012939453125,,,,,,,,,,,
2026-08-21_ewc_vitality-vs-spirit_mirage,sh1ro,T,12,112.734375,stop,107761,counterstrafe,234.375,160.15980529785156,11.880817413330078,0.0,0.0,,,1.0,1.5102767944335938,,,,,,,,,,,
2026-08-21_ewc_vitality-vs-spirit_mirage,sh1ro,T,12,112.734375,stop,107767,counterstrafe,328.125,160.15980529785156,30.443450927734375,1.0,1.0,328.125,13.901863098144531,1.0,2.4025726318359375,,,,,,,,,,,
2026-08-21_ewc_vitality-vs-spirit_mirage,sh1ro,T,12,112.734375,stop,107820,counterstrafe,78.125,161.68455505371094,19.410099029541016,0.0,1.0,0.0,19.410099029541016,1.0,0.0913238525390625,,,,,,,,,,,
2026-08-21_ewc_vitality-vs-spirit_mirage,sh1ro,T,12,112.734375,stop,107838,counterstrafe,359.375,161.68455505371094,10.382448196411133,0.0,1.0,93.75,50.235008239746094,1.0,0.9836196899414062,,,,,,,,,,,
2026-08-21_ewc_vitality-vs-spirit_mirage,sh1ro,T,12,112.734375,stop,108013,counterstrafe,78.125,164.993408203125,17.303834915161133,0.0,0.0,,,1.0,0.228668212890625,,,,,,,,,,,
2026-08-21_ewc_vitality-vs-spirit_mirage,sh1ro,T,12,112.734375,stop,108026,counterstrafe,281.25,164.993408203125,18.752025604248047,0.0,0.0,,,1.0,0.914642333984375,,,,,,,,,,,
2026-08-21_ewc_vitality-vs-spirit_mirage,sh1ro,T,12,112.734375,stop,108048,counterstrafe,78.125,154.078125,31.239723205566406,0.0,0.0,,,1.0,0.27496337890625,,,,,,,,,,,
2026-08-21_ewc_vitality-vs-spirit_mirage,sh1ro,T,12,112.734375,stop,108067,counterstrafe,375.0,154.078125,22.119112014770508,0.0,0.0,,,1.0,2.219207763671875,,,,,,,,,,,
2026-08-21_ewc_vitality-vs-spirit_mirage,sh1ro,T,12,112.734375,stop,108085,counterstrafe,78.125,151.37686157226562,32.19407272338867,0.0,0.0,,,1.0,4.0721588134765625,,,,,,,,,,,
2026-08-21_ewc_vitality-vs-spirit_mirage,sh1ro,T,12,112.734375,stop,108095,counterstrafe,234.375,151.37686157226562,29.710983276367188,0.0,0.0,,,1.0,70.49275207519531,,,,,,,,,,,
2026-08-21_ewc_vitality-vs-spirit_mirage,sh1ro,T,12,112.734375,stop,108127,counterstrafe,93.75,164.7311553955078,23.13285255432129,0.0,0.0,,,1.0,0.43498992919921875,,,,,,,,,,,
2026-08-21_ewc_vitality-vs-spirit_mirage,sh1ro,T,12,112.734375,stop,108140,counterstrafe,296.875,164.7311553955078,21.600772857666016,0.0,0.0,,,1.0,1.3042831420898438,,,,,,,,,,,
2026-08-21_ewc_vitality-vs-spirit_mirage,sh1ro,T,12,112.734375,stop,108145,counterstrafe,375.0,164.7311553955078,34.6807746887207,0.0,0.0,,,1.0,1.3959503173828125,,,,,,,,,,,
2026-08-21_ewc_vitality-vs-spirit_mirage,sh1ro,T,12,112.734375,stop,108183,counterstrafe,78.125,163.31173706054688,16.757986068725586,0.0,0.0,,,1.0,0.640625,,,,,,,,,,,
2026-08-21_ewc_vitality-vs-spirit_mirage,sh1ro,T,12,112.734375,stop,108287,counterstrafe,171.875,177.66432189941406,29.852359771728516,0.0,0.0,,,0.0,0.61798095703125,,,,,,,,,,,
2026-08-21_ewc_vitality-vs-spirit_mirage,sh1ro,T,12,112.734375,stop,108535,counterstrafe,125.0,159.2511749267578,32.30945587158203,0.0,0.0,,,1.0,0.06866455078125,,,,,,,,,,,
2026-08-21_ewc_vitality-vs-spirit_mirage,sh1ro,T,12,112.734375,stop,108598,counterstrafe,78.125,174.8920440673828,28.330154418945312,0.0,1.0,46.875,36.88343811035156,1.0,0.503326416015625,,,,,,,,,,,
2026-08-21_ewc_vitality-vs-spirit_mirage,sh1ro,T,12,112.734375,stop,108773,release,62.5,204.9629364013672,31.250009536743164,0.0,0.0,,,1.0,0.8696365356445312,,,,,,,,,,,
2026-08-21_ewc_vitality-vs-spirit_mirage,sh1ro,T,12,112.734375,stop,108886,counter_fwd,78.125,167.86599731445312,20.101028442382812,0.0,0.0,,,0.0,0.0,,,,,,,,,,,
2026-08-21_ewc_vitality-vs-spirit_mirage,sh1ro,T,12,112.734375,stop,108998,counterstrafe,78.125,227.7918701171875,21.39984130859375,0.0,0.0,,,1.0,1.7159271240234375,,,,,,,,,,,
2026-08-21_ewc_vitality-vs-spirit_mirage,sh1ro,T,12,112.734375,stop,109508,counterstrafe,78.125,163.2787628173828,17.325786590576172,0.0,0.0,,,1.0,1.0522613525390625,,,,,,,,,,,
2026-08-21_ewc_vitality-vs-spirit_mirage,sh1ro,T,12,112.734375,stop,109531,counterstrafe,78.125,156.86801147460938,24.19989776611328,0.0,0.0,,,1.0,0.3659820556640625,,,,,,,,,,,
2026-08-21_ewc_vitality-vs-spirit_mirage,sh1ro,T,12,112.734375,stop,109546,counterstrafe,312.5,156.86801147460938,10.266242980957031,0.0,0.0,,,1.0,2.6535491943359375,,,,,,,,,,,
2026-08-21_ewc_vitality-vs-spirit_mirage,sh1ro,T,12,112.734375,stop,110177,counterstrafe,78.125,164.1208953857422,23.194873809814453,0.0,0.0,,,1.0,1.143951416015625,,,,,,,,,,,
2026-08-21_ewc_vitality-vs-spirit_mirage,sh1ro,T,12,112.734375,stop,110181,counterstrafe,140.625,164.1208953857422,34.6075439453125,0.0,0.0,,,1.0,2.6538848876953125,,,,,,,,,,,
2026-08-21_ewc_vitality-vs-spirit_mirage,sh1ro,T,12,112.734375,peek,103015,,,,,,,,,,,traversal,280.4672221400105,1484.375,4984.375,0.0,250.003662109375,0.0,110.9677734375,1.0,0.4976548194009703,0.0
2026-08-21_ewc_vitality-vs-spirit_mirage,sh1ro,T,12,112.734375,peek,104509,,,,,,,,,,,jiggle,22.367626043089235,828.125,828.125,1.0,157.04051208496094,0.0,3.7741241455078125,0.0,37.74023119703475,0.0
2026-08-21_ewc_vitality-vs-spirit_mirage,sh1ro,T,12,112.734375,peek,104718,,,,,,,,,,,traversal,81.44185513378136,1484.375,4984.375,0.0,162.26304626464844,0.0,6.6113433837890625,0.0,0.6339206805608403,0.0
2026-08-21_ewc_vitality-vs-spirit_mirage,sh1ro,T,12,112.734375,peek,105647,,,,,,,,,,,jiggle,4.433801459601824,1171.875,1171.875,1.0,60.83894729614258,0.0,0.80072021484375,0.0,3.0827035636782845,0.0
2026-08-21_ewc_vitality-vs-spirit_mirage,sh1ro,T,12,112.734375,peek,105765,,,,,,,,,,,traversal,54.85820313079795,1484.375,4984.375,0.0,200.44345092773438,0.08333333333333333,160.5496826171875,0.0,0.434969338016164,0.0
2026-08-21_ewc_vitality-vs-spirit_mirage,sh1ro,T,12,112.734375,peek,106249,,,,,,,,,,,commit,174.3529626148543,1484.375,4984.375,0.0,237.87171936035156,0.0,136.86761474609375,0.0,2.4790887397102592,0.0
2026-08-21_ewc_vitality-vs-spirit_mirage,sh1ro,T,12,112.734375,peek,107691,,,,,,,,,,,jiggle,35.426289093496734,937.5,937.5,1.0,172.99789428710938,0.0,3.5235214233398438,1.0,2.8746389725928867,0.0
2026-08-21_ewc_vitality-vs-spirit_mirage,sh1ro,T,12,112.734375,peek,107793,,,,,,,,,,,jiggle,27.46797524756227,406.25,406.25,1.0,171.22142028808594,0.0,4.4158172607421875,2.0,30.047467075098773,0.0
2026-08-21_ewc_vitality-vs-spirit_mirage,sh1ro,T,12,112.734375,peek,107978,,,,,,,,,,,narrow,86.22339024670096,531.25,1625.0,1.0,229.94810485839844,0.0,8.281295776367188,0.0,26.01827229050302,0.0
2026-08-21_ewc_vitality-vs-spirit_mirage,sh1ro,T,12,112.734375,peek,109403,,,,,,,,,,,jiggle,27.340180244669632,500.0,500.0,1.0,143.47354125976562,0.0,10.570556640625,0.0,1.3411689498194355,0.0
2026-08-21_ewc_vitality-vs-spirit_mirage,sh1ro,T,12,112.734375,peek,109469,,,,,,,,,,,narrow,101.665955503615,593.75,1484.375,1.0,237.73123168945312,0.0,15.07666015625,0.0,13.849093721390402,0.0
2026-08-21_ewc_vitality-vs-spirit_mirage,sh1ro,T,12,112.734375,peek,110095,,,,,,,,,,,commit,106.36238656677645,1234.375,1343.75,0.0,237.09657287597656,0.0,20.544097900390625,1.0,10.659010354763755,0.0
2026-08-21_ewc_vitality-vs-spirit_mirage,sh1ro,T,13,96.90625,stop,111784,release,15.625,250.00296020507812,0.0,0.0,1.0,0.0,0.0,0.0,0.0,,,,,,,,,,,
2026-08-21_ewc_vitality-vs-spirit_mirage,sh1ro,T,13,96.90625,stop,111949,release,234.375,156.99710083007812,34.07898712158203,0.0,0.0,,,0.0,0.0,,,,,,,,,,,
2026-08-21_ewc_vitality-vs-spirit_mirage,sh1ro,T,13,96.90625,stop,112032,release,15.625,153.86460876464844,0.0,0.0,0.0,,,0.0,0.365997314453125,,,,,,,,,,,
2026-08-21_ewc_vitality-vs-spirit_mirage,sh1ro,T,13,96.90625,stop,112809,counterstrafe,78.125,159.37796020507812,29.711206436157227,0.0,0.0,,,1.0,0.3433380126953125,,,,,,,,,,,
2026-08-21_ewc_vitality-vs-spirit_mirage,sh1ro,T,13,96.90625,stop,112879,counterstrafe,93.75,155.12266540527344,34.83053207397461,0.0,0.0,,,1.0,0.045654296875,,,,,,,,,,,
2026-08-21_ewc_vitality-vs-spirit_mirage,sh1ro,T,13,96.90625,stop,112957,counterstrafe,78.125,150.1952362060547,18.654207229614258,0.0,0.0,,,1.0,0.0913238525390625,,,,,,,,,,,
2026-08-21_ewc_vitality-vs-spirit_mirage,sh1ro,T,13,96.90625,stop,115065,counterstrafe,109.375,156.0092315673828,28.144699096679688,0.0,0.0,,,1.0,0.06866455078125,,,,,,,,,,,
2026-08-21_ewc_vitality-vs-spirit_mirage,sh1ro,T,13,96.90625,stop,115253,counterstrafe,218.75,158.2113494873047,30.320114135742188,0.0,1.0,140.625,24.20169448852539,1.0,0.54931640625,,,,,,,,,,,
2026-08-21_ewc_vitality-vs-spirit_mirage,sh1ro,T,13,96.90625,stop,115262,counterstrafe,359.375,158.2113494873047,24.20169448852539,0.0,1.0,0.0,24.20169448852539,1.0,5.49176025390625,,,,,,,,,,,
2026-08-21_ewc_vitality-vs-spirit_mirage,sh1ro,T,13,96.90625,stop,115381,counterstrafe,78.125,153.57054138183594,26.736539840698242,0.0,0.0,,,1.0,0.11431884765625,,,,,,,,,,,
2026-08-21_ewc_vitality-vs-spirit_mirage,sh1ro,T,13,96.90625,stop,115397,counterstrafe,328.125,153.57054138183594,33.886043548583984,1.0,0.0,,,1.0,1.55560302734375,,,,,,,,,,,
2026-08-21_ewc_vitality-vs-spirit_mirage,sh1ro,T,13,96.90625,stop,116453,crouch_stop,93.75,162.3056182861328,32.10356521606445,1.0,0.0,,,0.0,0.0916595458984375,,,,,,,,,,,
2026-08-21_ewc_vitality-vs-spirit_mirage,sh1ro,T,13,96.90625,stop,116744,counterstrafe,93.75,154.15744018554688,29.05515480041504,0.0,0.0,,,0.0,0.1829833984375,,,,,,,,,,,
2026-08-21_ewc_vitality-vs-spirit_mirage,sh1ro,T,13,96.90625,stop,116957,release,234.375,154.82858276367188,33.04695129394531,0.0,0.0,,,0.0,11.55419921875,,,,,,,,,,,
2026-08-21_ewc_vitality-vs-spirit_mirage,sh1ro,T,13,96.90625,stop,117020,release,31.25,184.0474395751953,25.37379264831543,0.0,0.0,,,1.0,21.59844207763672,,,,,,,,,,,
2026-08-21_ewc_vitality-vs-spirit_mirage,sh1ro,T,13,96.90625,stop,117650,counterstrafe,46.875,168.83465576171875,29.13409996032715,0.0,1.0,0.0,29.13409996032715,1.0,14.666404724121094,,,,,,,,,,,
2026-08-21_ewc_vitality-vs-spirit_mirage,sh1ro,T,13,96.90625,peek,110218,,,,,,,,,,,traversal,332.34440996461416,1484.375,4984.375,0.0,250.00086975097656,0.0,16.633697509765625,1.0,0.03643996458218662,0.0
2026-08-21_ewc_vitality-vs-spirit_mirage,sh1ro,T,13,96.90625,peek,111829,,,,,,,,,,,traversal,285.24392265596987,1484.375,4984.375,0.0,249.99876403808594,0.0,60.403472900390625,1.0,0.06735305144573484,0.0
2026-08-21_ewc_vitality-vs-spirit_mirage,sh1ro,T,13,96.90625,peek,112313,,,,,,,,,,,traversal,320.13907156865133,1484.375,4984.375,0.0,250.0081787109375,0.0,107.65054321289062,0.0,0.215647505347069,0.0
2026-08-21_ewc_vitality-vs-spirit_mirage,sh1ro,T,13,96.90625,peek,113411,,,,,,,,,,,traversal,57.9594422243171,718.75,2687.5,1.0,127.99923706054688,0.7021276595744681,8.71661376953125,1.0,0.6038461395404018,1.0
2026-08-21_ewc_vitality-vs-spirit_mirage,sh1ro,T,13,96.90625,peek,113940,,,,,,,,,,,traversal,141.85537919288916,1484.375,4984.375,0.0,149.85809326171875,0.71875,2.2868499755859375,0.0,0.12632825548120152,1.0
2026-08-21_ewc_vitality-vs-spirit_mirage,sh1ro,T,13,96.90625,peek,114667,,,,,,,,,,,narrow,64.44460782055522,937.5,2968.75,1.0,119.70414733886719,0.36065573770491804,8.008026123046875,1.0,1.8554537321016995,0.0
2026-08-21_ewc_vitality-vs-spirit_mirage,sh1ro,T,13,96.90625,peek,114975,,,,,,,,,,,jiggle,25.083931494469937,593.75,593.75,1.0,103.48826599121094,0.0,20.4544677734375,0.0,1.664815260875274,0.0
2026-08-21_ewc_vitality-vs-spirit_mirage,sh1ro,T,13,96.90625,peek,115109,,,,,,,,,,,traversal,187.33473025057054,1484.375,4984.375,0.0,208.27407836914062,0.0,6.175994873046875,1.0,0.4833185765703858,0.0
2026-08-21_ewc_vitality-vs-spirit_mirage,sh1ro,T,13,96.90625,peek,115867,,,,,,,,,,,jiggle,12.341393186022723,875.0,875.0,1.0,130.69650268554688,0.0,7.711029052734375,0.0,26.34730053153016,0.0
2026-08-21_ewc_vitality-vs-spirit_mirage,sh1ro,T,13,96.90625,peek,116107,,,,,,,,,,,traversal,335.38640607230235,1484.375,4984.375,0.0,266.0408630371094,0.0,62.98908233642578,1.0,0.08069546269500466,0.0
2026-08-21_ewc_vitality-vs-spirit_mirage,sh1ro,T,13,96.90625,peek,116472,,,,,,,,,,,traversal,151.4791445655057,1484.375,4984.375,0.0,215.00247192382812,0.0,72.32403564453125,0.0,0.28118871340638,0.0
2026-08-21_ewc_vitality-vs-spirit_mirage,sh1ro,T,13,96.90625,peek,116836,,,,,,,,,,,traversal,172.8837916276535,1484.375,4984.375,0.0,211.18577575683594,0.0,32.009002685546875,0.0,0.925362013036607,0.0
2026-08-21_ewc_vitality-vs-spirit_mirage,sh1ro,T,14,39.515625,stop,122528,release,15.625,207.743896484375,18.565187454223633,0.0,0.0,,,1.0,0.57196044921875,,,,,,,,,,,
2026-08-21_ewc_vitality-vs-spirit_mirage,sh1ro,T,14,39.515625,stop,123057,counter_fwd,93.75,155.89578247070312,30.628374099731445,0.0,0.0,,,0.0,0.0,,,,,,,,,,,
2026-08-21_ewc_vitality-vs-spirit_mirage,sh1ro,T,14,39.515625,stop,123138,counterstrafe,93.75,160.14434814453125,32.935546875,0.0,0.0,,,1.0,0.7323150634765625,,,,,,,,,,,
2026-08-21_ewc_vitality-vs-spirit_mirage,sh1ro,T,14,39.515625,stop,123174,counterstrafe,78.125,150.11135864257812,22.262001037597656,0.0,0.0,,,1.0,0.045654296875,,,,,,,,,,,
2026-08-21_ewc_vitality-vs-spirit_mirage,sh1ro,T,14,39.515625,stop,123184,counterstrafe,234.375,150.11135864257812,24.920019149780273,0.0,0.0,,,1.0,0.5489654541015625,,,,,,,,,,,
2026-08-21_ewc_vitality-vs-spirit_mirage,sh1ro,T,14,39.515625,stop,123209,counterstrafe,93.75,161.1794891357422,13.959033012390137,0.0,0.0,,,1.0,0.1373138427734375,,,,,,,,,,,
2026-08-21_ewc_vitality-vs-spirit_mirage,sh1ro,T,14,39.515625,stop,123253,counterstrafe,78.125,165.505615234375,32.00227737426758,0.0,0.0,,,0.0,0.16033935546875,,,,,,,,,,,
2026-08-21_ewc_vitality-vs-spirit_mirage,sh1ro,T,14,39.515625,stop,123288,counterstrafe,93.75,179.75350952148438,29.66429901123047,0.0,0.0,,,0.0,0.66363525390625,,,,,,,,,,,
2026-08-21_ewc_vitality-vs-spirit_mirage,sh1ro,T,14,39.515625,stop,123317,counterstrafe,78.125,154.96421813964844,28.698867797851562,0.0,0.0,,,0.0,0.11468505859375,,,,,,,,,,,
2026-08-21_ewc_vitality-vs-spirit_mirage,sh1ro,T,14,39.515625,stop,124647,counterstrafe,125.0,157.1795196533203,32.68944549560547,0.0,1.0,343.75,0.0,1.0,0.48030853271484375,,,,,,,,,,,
2026-08-21_ewc_vitality-vs-spirit_mirage,sh1ro,T,14,39.515625,stop,124857,release,31.25,192.00242614746094,11.257813453674316,0.0,0.0,,,0.0,0.38898468017578125,,,,,,,,,,,
2026-08-21_ewc_vitality-vs-spirit_mirage,sh1ro,T,14,39.515625,stop,124943,release,125.0,171.6992645263672,34.42275619506836,0.0,1.0,31.25,21.42238998413086,0.0,17.617584228515625,,,,,,,,,,,
2026-08-21_ewc_vitality-vs-spirit_mirage,sh1ro,T,14,39.515625,peek,122618,,,,,,,,,,,traversal,296.9119978001049,1484.375,4984.375,0.0,250.00743103027344,0.0,3.08819580078125,0.0,0.11696985559408239,0.0
2026-08-21_ewc_vitality-vs-spirit_mirage,sh1ro,T,14,39.515625,peek,123657,,,,,,,,,,,traversal,129.93416338205026,1484.375,4984.375,0.0,194.71527099609375,0.7708333333333334,161.9659423828125,0.0,0.8897748350123494,1.0
2026-08-21_ewc_vitality-vs-spirit_mirage,sh1ro,T,14,39.515625,peek,124211,,,,,,,,,,,commit,142.4026911112345,1453.125,4984.375,0.0,149.08560180664062,0.5,44.431427001953125,0.0,2.094358909788777,0.0
2026-08-21_ewc_vitality-vs-spirit_mirage,sh1ro,T,14,39.515625,peek,124711,,,,,,,,,,,traversal,87.17017889844996,1484.375,3671.875,0.0,73.10572052001953,0.0,1.0986328125,3.0,0.5103347475546551,0.0
2026-08-21_ewc_vitality-vs-spirit_mirage,sh1ro,T,15,12.15625,stop,126549,release,15.625,189.05059814453125,10.742469787597656,0.0,0.0,,,1.0,0.0,,,,,,,,,,,
2026-08-21_ewc_vitality-vs-spirit_mirage,tN1R,CT,0,35.5625,stop,1615,counterstrafe,265.625,164.4392852783203,34.329830169677734,0.0,0.0,,,0.0,0.76971435546875,,,,,,,,,,,
2026-08-21_ewc_vitality-vs-spirit_mirage,tN1R,CT,0,35.5625,stop,3383,counterstrafe,93.75,170.24749755859375,30.199359893798828,0.0,0.0,,,1.0,2.20001220703125,,,,,,,,,,,
2026-08-21_ewc_vitality-vs-spirit_mirage,tN1R,CT,0,35.5625,stop,3502,counterstrafe,93.75,162.36972045898438,31.445894241333008,0.0,0.0,,,1.0,0.63787841796875,,,,,,,,,,,
2026-08-21_ewc_vitality-vs-spirit_mirage,tN1R,CT,0,35.5625,stop,3507,counterstrafe,171.875,162.36972045898438,31.530851364135742,0.0,0.0,,,1.0,0.96783447265625,,,,,,,,,,,
2026-08-21_ewc_vitality-vs-spirit_mirage,tN1R,CT,0,35.5625,stop,3512,counterstrafe,250.0,162.36972045898438,26.579771041870117,0.0,0.0,,,1.0,1.407989501953125,,,,,,,,,,,
2026-08-21_ewc_vitality-vs-spirit_mirage,tN1R,CT,0,35.5625,stop,3520,counterstrafe,375.0,162.36972045898438,16.343767166137695,0.0,0.0,,,1.0,2.309906005859375,,,,,,,,,,,
2026-08-21_ewc_vitality-vs-spirit_mirage,tN1R,CT,0,35.5625,peek,1698,,,,,,,,,,,narrow,60.00238679969601,671.875,4109.375,1.0,123.9530029296875,0.9090909090909091,3.1685333251953125,0.0,1.363123136323202,1.0
2026-08-21_ewc_vitality-vs-spirit_mirage,tN1R,CT,0,35.5625,peek,2330,,,,,,,,,,,traversal,7.271331783715217,1484.375,1484.375,1.0,48.90396499633789,0.7708333333333334,0.3745880126953125,0.0,0.3903805616366178,1.0
2026-08-21_ewc_vitality-vs-spirit_mirage,tN1R,CT,0,35.5625,peek,2597,,,,,,,,,,,traversal,203.9865538461748,1484.375,4984.375,0.0,237.88343811035156,0.0,20.459640502929688,1.0,0.9445026009351948,0.0
2026-08-21_ewc_vitality-vs-spirit_mirage,tN1R,CT,1,48.265625,stop,3759,release,234.375,155.802490234375,33.55142593383789,0.0,0.0,,,0.0,0.0,,,,,,,,,,,
2026-08-21_ewc_vitality-vs-spirit_mirage,tN1R,CT,1,48.265625,stop,3860,release,250.0,159.4297332763672,28.669052124023438,0.0,0.0,,,0.0,0.02197265625,,,,,,,,,,,
2026-08-21_ewc_vitality-vs-spirit_mirage,tN1R,CT,1,48.265625,stop,5697,release,78.125,158.87179565429688,19.839813232421875,0.0,0.0,,,1.0,0.02197265625,,,,,,,,,,,
2026-08-21_ewc_vitality-vs-spirit_mirage,tN1R,CT,1,48.265625,stop,5722,counterstrafe,109.375,153.2897186279297,29.363903045654297,0.0,0.0,,,0.0,0.0,,,,,,,,,,,
2026-08-21_ewc_vitality-vs-spirit_mirage,tN1R,CT,1,48.265625,stop,5761,counterstrafe,78.125,159.07786560058594,23.563899993896484,0.0,0.0,,,1.0,0.02197265625,,,,,,,,,,,
2026-08-21_ewc_vitality-vs-spirit_mirage,tN1R,CT,1,48.265625,stop,6312,counterstrafe,78.125,150.2637481689453,29.330955505371094,0.0,0.0,,,1.0,0.088226318359375,,,,,,,,,,,
2026-08-21_ewc_vitality-vs-spirit_mirage,tN1R,CT,1,48.265625,stop,6320,counterstrafe,203.125,150.2637481689453,33.88120651245117,0.0,0.0,,,1.0,0.088226318359375,,,,,,,,,,,
2026-08-21_ewc_vitality-vs-spirit_mirage,tN1R,CT,1,48.265625,stop,6970,release,93.75,150.8875274658203,11.088434219360352,0.0,0.0,,,1.0,0.0,,,,,,,,,,,
2026-08-21_ewc_vitality-vs-spirit_mirage,tN1R,CT,1,48.265625,stop,7498,counterstrafe,93.75,157.6280975341797,30.421314239501953,0.0,0.0,,,1.0,0.0442962646484375,,,,,,,,,,,
2026-08-21_ewc_vitality-vs-spirit_mirage,tN1R,CT,1,48.265625,stop,7549,release,265.625,155.39022827148438,14.826960563659668,0.0,0.0,,,1.0,0.242034912109375,,,,,,,,,,,
2026-08-21_ewc_vitality-vs-spirit_mirage,tN1R,CT,1,48.265625,stop,7636,counterstrafe,93.75,158.78292846679688,22.347929000854492,0.0,0.0,,,1.0,0.0,,,,,,,,,,,
2026-08-21_ewc_vitality-vs-spirit_mirage,tN1R,CT,1,48.265625,stop,7654,counterstrafe,375.0,158.78292846679688,34.98321533203125,0.0,0.0,,,1.0,2.17803955078125,,,,,,,,,,,
2026-08-21_ewc_vitality-vs-spirit_mirage,tN1R,CT,1,48.265625,stop,7809,counterstrafe,93.75,153.57472229003906,11.79688549041748,0.0,0.0,,,1.0,0.154144287109375,,,,,,,,,,,
2026-08-21_ewc_vitality-vs-spirit_mirage,tN1R,CT,1,48.265625,peek,3587,,,,,,,,,,,traversal,290.89600469968633,1484.375,4984.375,0.0,244.2613983154297,0.0,95.10655212402344,0.0,0.04119960880883931,0.0
2026-08-21_ewc_vitality-vs-spirit_mirage,tN1R,CT,1,48.265625,peek,5609,,,,,,,,,,,narrow,89.59662605761443,1359.375,3109.375,1.0,179.53623962402344,0.5681818181818182,2.94775390625,0.0,1.2693084913994894,1.0
2026-08-21_ewc_vitality-vs-spirit_mirage,tN1R,CT,1,48.265625,peek,5941,,,,,,,,,,,traversal,195.03940312508425,1484.375,4984.375,0.0,206.34193420410156,0.5520833333333334,50.952484130859375,0.0,0.40555727695080773,1.0
2026-08-21_ewc_vitality-vs-spirit_mirage,tN1R,CT,1,48.265625,peek,6487,,,,,,,,,,,jiggle,26.755319777442196,468.75,468.75,1.0,124.46578979492188,0.16129032258064516,2.7503204345703125,0.0,38.51533079921716,0.0
2026-08-21_ewc_vitality-vs-spirit_mirage,tN1R,CT,1,48.265625,peek,6596,,,,,,,,,,,jiggle,50.50961186743411,671.875,906.25,1.0,133.66171264648438,0.6363636363636364,5.6321868896484375,0.0,3.899206641185062,1.0
2026-08-21_ewc_vitality-vs-spirit_mirage,tN1R,CT,1,48.265625,peek,6802,,,,,,,,,,,traversal,22.950350353181026,1390.625,1390.625,1.0,96.48886108398438,0.7888888888888889,0.571624755859375,0.0,0.0008626497602067735,1.0
2026-08-21_ewc_vitality-vs-spirit_mirage,tN1R,CT,1,48.265625,peek,6916,,,,,,,,,,,traversal,22.663957893750837,328.125,328.125,1.0,96.9269027709961,1.0,0.0439453125,0.0,0.000712421099461205,1.0
2026-08-21_ewc_vitality-vs-spirit_mirage,tN1R,CT,1,48.265625,peek,6953,,,,,,,,,,,jiggle,24.309097843331678,250.0,250.0,1.0,150.8875274658203,0.0,1.4299468994140625,0.0,51.27937041990244,0.0
2026-08-21_ewc_vitality-vs-spirit_mirage,tN1R,CT,1,48.265625,peek,7276,,,,,,,,,,,jiggle,19.070543846858712,859.375,859.375,1.0,129.72825622558594,0.0,3.497772216796875,0.0,37.78119867340831,0.0
2026-08-21_ewc_vitality-vs-spirit_mirage,tN1R,CT,1,48.265625,peek,7442,,,,,,,,,,,jiggle,28.640136123538856,875.0,875.0,1.0,157.6280975341797,0.0,14.344741821289062,0.0,25.120386484431304,0.0
2026-08-21_ewc_vitality-vs-spirit_mirage,tN1R,CT,1,48.265625,peek,7618,,,,,,,,,,,jiggle,28.608451018160594,265.625,265.625,1.0,158.78292846679688,0.0,1.8477783203125,0.0,39.46930078044215,0.0
2026-08-21_ewc_vitality-vs-spirit_mirage,tN1R,CT,1,48.265625,peek,7702,,,,,,,,,,,jiggle,23.700452837589587,234.375,234.375,1.0,147.54025268554688,0.0,1.8920440673828125,0.0,37.654337894381406,0.0
2026-08-21_ewc_vitality-vs-spirit_mirage,tN1R,CT,1,48.265625,peek,7752,,,,,,,,,,,jiggle,22.530427736523922,875.0,875.0,1.0,153.57472229003906,0.0,15.1357421875,0.0,15.849461867580708,0.0
2026-08-21_ewc_vitality-vs-spirit_mirage,tN1R,CT,2,43.625,stop,8216,release,250.0,154.76953125,29.82714080810547,0.0,0.0,,,0.0,0.0,,,,,,,,,,,
2026-08-21_ewc_vitality-vs-spirit_mirage,tN1R,CT,2,43.625,stop,9880,release,46.875,151.48497009277344,11.047659873962402,0.0,0.0,,,0.0,2.376129150390625,,,,,,,,,,,
2026-08-21_ewc_vitality-vs-spirit_mirage,tN1R,CT,2,43.625,stop,10057,release,171.875,156.98330688476562,21.40689468383789,0.0,0.0,,,1.0,0.0,,,,,,,,,,,
2026-08-21_ewc_vitality-vs-spirit_mirage,tN1R,CT,2,43.625,stop,10190,release,156.25,153.63333129882812,30.737878799438477,0.0,0.0,,,0.0,0.44012451171875,,,,,,,,,,,
2026-08-21_ewc_vitality-vs-spirit_mirage,tN1R,CT,2,43.625,stop,10284,counterstrafe,78.125,160.72296142578125,22.355619430541992,0.0,0.0,,,0.0,0.484100341796875,,,,,,,,,,,
2026-08-21_ewc_vitality-vs-spirit_mirage,tN1R,CT,2,43.625,stop,10986,counterstrafe,93.75,154.72425842285156,15.031591415405273,0.0,0.0,,,1.0,0.417816162109375,,,,,,,,,,,
2026-08-21_ewc_vitality-vs-spirit_mirage,tN1R,CT,2,43.625,stop,11002,counterstrafe,343.75,154.72425842285156,16.62749671936035,0.0,0.0,,,1.0,3.2337493896484375,,,,,,,,,,,
2026-08-21_ewc_vitality-vs-spirit_mirage,tN1R,CT,2,43.625,stop,11064,counterstrafe,156.25,155.0145263671875,19.61829376220703,0.0,0.0,,,1.0,0.5280303955078125,,,,,,,,,,,
2026-08-21_ewc_vitality-vs-spirit_mirage,tN1R,CT,2,43.625,stop,11342,counterstrafe,93.75,157.04481506347656,10.768391609191895,0.0,1.0,0.0,10.768391609191895,1.0,0.9019012451171875,,,,,,,,,,,
2026-08-21_ewc_vitality-vs-spirit_mirage,tN1R,CT,2,43.625,stop,11416,counterstrafe,203.125,167.40670776367188,31.529136657714844,0.0,0.0,,,1.0,0.4178314208984375,,,,,,,,,,,
2026-08-21_ewc_vitality-vs-spirit_mirage,tN1R,CT,2,43.625,stop,11563,release,93.75,160.4724884033203,34.06324005126953,0.0,0.0,,,0.0,5.3458709716796875,,,,,,,,,,,
2026-08-21_ewc_vitality-vs-spirit_mirage,tN1R,CT,2,43.625,stop,11600,counterstrafe,78.125,169.22691345214844,33.779144287109375,0.0,0.0,,,1.0,0.0439453125,,,,,,,,,,,
2026-08-21_ewc_vitality-vs-spirit_mirage,tN1R,CT,2,43.625,stop,11618,counterstrafe,359.375,169.22691345214844,31.33658790588379,0.0,0.0,,,1.0,2.6621246337890625,,,,,,,,,,,
2026-08-21_ewc_vitality-vs-spirit_mirage,tN1R,CT,2,43.625,stop,11915,counter_fwd,203.125,150.1875,30.005874633789062,0.0,0.0,,,0.0,0.83599853515625,,,,,,,,,,,
2026-08-21_ewc_vitality-vs-spirit_mirage,tN1R,CT,2,43.625,stop,11946,counterstrafe,93.75,153.980712890625,29.289306640625,1.0,1.0,0.0,29.289306640625,1.0,0.2859954833984375,,,,,,,,,,,
2026-08-21_ewc_vitality-vs-spirit_mirage,tN1R,CT,2,43.625,peek,7948,,,,,,,,,,,traversal,309.7068912228652,1484.375,4984.375,0.0,250.00466918945312,0.0,135.01406860351562,0.0,0.6847208573288373,0.0
2026-08-21_ewc_vitality-vs-spirit_mirage,tN1R,CT,2,43.625,peek,9900,,,,,,,,,,,traversal,275.9679380723461,1421.875,4359.375,1.0,250.00596618652344,0.0,44.0218505859375,1.0,0.2869816554409221,0.0
2026-08-21_ewc_vitality-vs-spirit_mirage,tN1R,CT,2,43.625,peek,10750,,,,,,,,,,,traversal,11.484095638958062,265.625,265.625,1.0,71.09625244140625,0.9444444444444444,0.37420654296875,0.0,0.2595727088094744,1.0
2026-08-21_ewc_vitality-vs-spirit_mirage,tN1R,CT,2,43.625,peek,10843,,,,,,,,,,,jiggle,18.866943705703445,1328.125,1328.125,1.0,146.16201782226562,0.0,17.13800048828125,0.0,7.0360713835551625,0.0
2026-08-21_ewc_vitality-vs-spirit_mirage,tN1R,CT,2,43.625,peek,11183,,,,,,,,,,,jiggle,14.704095752160333,1484.375,1484.375,1.0,40.50844955444336,0.0,42.921539306640625,0.0,6.291876498617961,0.0
2026-08-21_ewc_vitality-vs-spirit_mirage,tN1R,CT,2,43.625,peek,11543,,,,,,,,,,,narrow,94.85590850867717,890.625,2421.875,1.0,194.04586791992188,0.0,39.885528564453125,0.0,4.082473896998853,0.0
2026-08-21_ewc_vitality-vs-spirit_mirage,tN1R,CT,3,122.96875,stop,17742,release,62.5,172.59310913085938,29.466184616088867,0.0,0.0,,,0.0,7.897796630859375,,,,,,,,,,,
2026-08-21_ewc_vitality-vs-spirit_mirage,tN1R,CT,3,122.96875,stop,17761,release,359.375,172.59310913085938,34.73055648803711,0.0,0.0,,,0.0,15.795928955078125,,,,,,,,,,,
2026-08-21_ewc_vitality-vs-spirit_mirage,tN1R,CT,3,122.96875,stop,18405,counterstrafe,78.125,157.0734405517578,25.840600967407227,0.0,0.0,,,1.0,0.0,,,,,,,,,,,
2026-08-21_ewc_vitality-vs-spirit_mirage,tN1R,CT,3,122.96875,stop,18585,counterstrafe,78.125,155.60475158691406,21.930713653564453,0.0,0.0,,,1.0,0.439788818359375,,,,,,,,,,,
2026-08-21_ewc_vitality-vs-spirit_mirage,tN1R,CT,3,122.96875,stop,18878,counterstrafe,78.125,160.58477783203125,25.951950073242188,0.0,0.0,,,1.0,0.3522491455078125,,,,,,,,,,,
2026-08-21_ewc_vitality-vs-spirit_mirage,tN1R,CT,3,122.96875,stop,18895,counterstrafe,343.75,160.58477783203125,27.061140060424805,0.0,0.0,,,1.0,2.4423980712890625,,,,,,,,,,,
2026-08-21_ewc_vitality-vs-spirit_mirage,tN1R,CT,3,122.96875,stop,19051,counterstrafe,93.75,154.88766479492188,11.9652099609375,0.0,0.0,,,1.0,0.15415191650390625,,,,,,,,,,,
2026-08-21_ewc_vitality-vs-spirit_mirage,tN1R,CT,3,122.96875,stop,19069,counterstrafe,375.0,154.88766479492188,21.62430763244629,0.0,0.0,,,1.0,0.968170166015625,,,,,,,,,,,
2026-08-21_ewc_vitality-vs-spirit_mirage,tN1R,CT,3,122.96875,stop,19165,counterstrafe,93.75,150.5455322265625,21.559358596801758,0.0,0.0,,,1.0,0.19809722900390625,,,,,,,,,,,
2026-08-21_ewc_vitality-vs-spirit_mirage,tN1R,CT,3,122.96875,stop,19269,release,78.125,151.77565002441406,14.055317878723145,0.0,0.0,,,1.0,0.02197265625,,,,,,,,,,,
2026-08-21_ewc_vitality-vs-spirit_mirage,tN1R,CT,3,122.96875,stop,19291,counterstrafe,93.75,151.19703674316406,25.578327178955078,0.0,0.0,,,0.0,0.35190582275390625,,,,,,,,,,,
2026-08-21_ewc_vitality-vs-spirit_mirage,tN1R,CT,3,122.96875,stop,19325,counterstrafe,78.125,151.37353515625,13.82805061340332,0.0,0.0,,,1.0,0.0439453125,,,,,,,,,,,
2026-08-21_ewc_vitality-vs-spirit_mirage,tN1R,CT,3,122.96875,stop,19345,counterstrafe,125.0,151.60569763183594,28.80074691772461,0.0,0.0,,,0.0,0.30796051025390625,,,,,,,,,,,
2026-08-21_ewc_vitality-vs-spirit_mirage,tN1R,CT,3,122.96875,stop,19380,counterstrafe,78.125,157.54025268554688,28.31093978881836,0.0,0.0,,,1.0,0.0,,,,,,,,,,,
2026-08-21_ewc_vitality-vs-spirit_mirage,tN1R,CT,3,122.96875,stop,19397,counterstrafe,343.75,157.54025268554688,32.111515045166016,0.0,0.0,,,1.0,0.15380859375,,,,,,,,,,,
2026-08-21_ewc_vitality-vs-spirit_mirage,tN1R,CT,3,122.96875,stop,19475,counterstrafe,62.5,152.7498016357422,34.43170928955078,0.0,0.0,,,1.0,0.0,,,,,,,,,,,
2026-08-21_ewc_vitality-vs-spirit_mirage,tN1R,CT,3,122.96875,stop,19495,counterstrafe,93.75,157.50852966308594,10.693403244018555,0.0,0.0,,,1.0,0.0,,,,,,,,,,,
2026-08-21_ewc_vitality-vs-spirit_mirage,tN1R,CT,3,122.96875,stop,19523,counterstrafe,78.125,162.20932006835938,31.376386642456055,0.0,0.0,,,1.0,0.0,,,,,,,,,,,
2026-08-21_ewc_vitality-vs-spirit_mirage,tN1R,CT,3,122.96875,stop,19542,counterstrafe,93.75,150.3381805419922,21.29865837097168,0.0,0.0,,,0.0,0.0,,,,,,,,,,,
2026-08-21_ewc_vitality-vs-spirit_mirage,tN1R,CT,3,122.96875,stop,19576,counterstrafe,78.125,158.55723571777344,25.88394546508789,0.0,1.0,109.375,0.0,1.0,0.0,,,,,,,,,,,
2026-08-21_ewc_vitality-vs-spirit_mirage,tN1R,CT,3,122.96875,stop,19756,counterstrafe,78.125,151.67649841308594,16.617887496948242,0.0,0.0,,,1.0,0.1318359375,,,,,,,,,,,
2026-08-21_ewc_vitality-vs-spirit_mirage,tN1R,CT,3,122.96875,stop,19777,counterstrafe,109.375,151.54063415527344,30.408306121826172,0.0,0.0,,,1.0,0.6821746826171875,,,,,,,,,,,
2026-08-21_ewc_vitality-vs-spirit_mirage,tN1R,CT,3,122.96875,stop,19968,counterstrafe,93.75,152.02780151367188,27.427223205566406,0.0,0.0,,,0.0,0.3299407958984375,,,,,,,,,,,
2026-08-21_ewc_vitality-vs-spirit_mirage,tN1R,CT,3,122.96875,stop,20001,counterstrafe,78.125,153.52410888671875,31.452787399291992,0.0,0.0,,,1.0,0.087890625,,,,,,,,,,,
2026-08-21_ewc_vitality-vs-spirit_mirage,tN1R,CT,3,122.96875,stop,20020,counterstrafe,375.0,153.52410888671875,29.164770126342773,0.0,0.0,,,1.0,0.59393310546875,,,,,,,,,,,
2026-08-21_ewc_vitality-vs-spirit_mirage,tN1R,CT,3,122.96875,stop,20620,counterstrafe,78.125,154.61370849609375,18.079315185546875,0.0,0.0,,,1.0,0.462127685546875,,,,,,,,,,,
2026-08-21_ewc_vitality-vs-spirit_mirage,tN1R,CT,3,122.96875,stop,21004,release,78.125,161.94102478027344,20.45353889465332,0.0,0.0,,,1.0,0.06591796875,,,,,,,,,,,
2026-08-21_ewc_vitality-vs-spirit_mirage,tN1R,CT,3,122.96875,stop,21360,counterstrafe,218.75,153.2428741455078,27.55885124206543,0.0,0.0,,,0.0,0.462127685546875,,,,,,,,,,,
2026-08-21_ewc_vitality-vs-spirit_mirage,tN1R,CT,3,122.96875,stop,21466,counterstrafe,78.125,169.79165649414062,29.837068557739258,0.0,0.0,,,0.0,0.484100341796875,,,,,,,,,,,
2026-08-21_ewc_vitality-vs-spirit_mirage,tN1R,CT,3,122.96875,stop,22701,release,78.125,154.6412353515625,28.289045333862305,0.0,0.0,,,0.0,0.24169921875,,,,,,,,,,,
2026-08-21_ewc_vitality-vs-spirit_mirage,tN1R,CT,3,122.96875,stop,22719,release,359.375,154.6412353515625,23.475906372070312,0.0,0.0,,,1.0,3.981842041015625,,,,,,,,,,,
2026-08-21_ewc_vitality-vs-spirit_mirage,tN1R,CT,3,122.96875,stop,22925,counterstrafe,78.125,151.21783447265625,28.489761352539062,0.0,0.0,,,1.0,0.85797119140625,,,,,,,,,,,
2026-08-21_ewc_vitality-vs-spirit_mirage,tN1R,CT,3,122.96875,stop,23061,counterstrafe,93.75,157.5596466064453,17.976085662841797,0.0,0.0,,,1.0,0.593963623046875,,,,,,,,,,,
2026-08-21_ewc_vitality-vs-spirit_mirage,tN1R,CT,3,122.96875,stop,24028,release,125.0,154.1084442138672,31.780527114868164,0.0,0.0,,,0.0,0.373870849609375,,,,,,,,,,,
2026-08-21_ewc_vitality-vs-spirit_mirage,tN1R,CT,3,122.96875,stop,24251,counterstrafe,78.125,156.9884490966797,31.048492431640625,0.0,1.0,31.25,8.517194747924805,1.0,1.4519119262695312,,,,,,,,,,,
2026-08-21_ewc_vitality-vs-spirit_mirage,tN1R,CT,3,122.96875,stop,24329,counterstrafe,93.75,157.15016174316406,32.28447723388672,0.0,1.0,0.0,32.28447723388672,1.0,0.46142578125,,,,,,,,,,,
2026-08-21_ewc_vitality-vs-spirit_mirage,tN1R,CT,3,122.96875,stop,24338,counterstrafe,234.375,157.15016174316406,34.38319778442383,1.0,1.0,0.0,34.38319778442383,1.0,8.711822509765625,,,,,,,,,,,
2026-08-21_ewc_vitality-vs-spirit_mirage,tN1R,CT,3,122.96875,stop,24595,release,15.625,236.91456604003906,0.0,0.0,0.0,,,0.0,0.0,,,,,,,,,,,
2026-08-21_ewc_vitality-vs-spirit_mirage,tN1R,CT,3,122.96875,peek,17382,,,,,,,,,,,traversal,308.5542267375905,1484.375,4984.375,0.0,225.0047607421875,0.0,0.0,2.0,5.647196951961898e-05,0.0
2026-08-21_ewc_vitality-vs-spirit_mirage,tN1R,CT,3,122.96875,peek,18323,,,,,,,,,,,jiggle,17.95111915284708,1265.625,1265.625,1.0,157.0734405517578,0.4878048780487805,3.2124710083007812,0.0,12.763170506411793,0.0
2026-08-21_ewc_vitality-vs-spirit_mirage,tN1R,CT,3,122.96875,peek,18446,,,,,,,,,,,narrow,96.47536351613583,1484.375,3421.875,1.0,117.00396728515625,0.65625,191.6640396118164,0.0,1.1058863065899824,1.0
2026-08-21_ewc_vitality-vs-spirit_mirage,tN1R,CT,3,122.96875,peek,18771,,,,,,,,,,,jiggle,18.634395688151976,1484.375,1484.375,1.0,134.16604614257812,0.3333333333333333,31.8126220703125,0.0,6.145737489154049,0.0
2026-08-21_ewc_vitality-vs-spirit_mirage,tN1R,CT,3,122.96875,peek,18985,,,,,,,,,,,jiggle,21.942877242559994,1015.625,1015.625,1.0,154.88766479492188,0.3939393939393939,3.0796051025390625,0.0,4.110089593229688,0.0
2026-08-21_ewc_vitality-vs-spirit_mirage,tN1R,CT,3,122.96875,peek,19149,,,,,,,,,,,jiggle,23.99177780449045,234.375,234.375,1.0,150.5455322265625,0.0,1.034088134765625,0.0,53.67932684653313,0.0
2026-08-21_ewc_vitality-vs-spirit_mirage,tN1R,CT,3,122.96875,peek,19202,,,,,,,,,,,jiggle,21.95701804183579,1031.25,1031.25,1.0,157.27847290039062,0.0,3.4981155395507812,0.0,39.24767175753684,0.0
2026-08-21_ewc_vitality-vs-spirit_mirage,tN1R,CT,3,122.96875,peek,19308,,,,,,,,,,,jiggle,26.063209640952504,250.0,250.0,1.0,158.2078399658203,0.0,1.7818450927734375,0.0,39.38000635126124,0.0
2026-08-21_ewc_vitality-vs-spirit_mirage,tN1R,CT,3,122.96875,peek,19365,,,,,,,,,,,jiggle,23.569621055195107,234.375,234.375,1.0,157.54025268554688,0.0,0.8136749267578125,0.0,56.670540867066016,0.0
2026-08-21_ewc_vitality-vs-spirit_mirage,tN1R,CT,3,122.96875,peek,19414,,,,,,,,,,,jiggle,19.955620745614038,953.125,953.125,1.0,161.93507385253906,0.0,0.1318359375,0.0,69.64098432213082,0.0
2026-08-21_ewc_vitality-vs-spirit_mirage,tN1R,CT,3,122.96875,peek,19558,,,,,,,,,,,jiggle,38.58640805541817,687.5,687.5,1.0,172.06565856933594,0.0,2.0678558349609375,1.0,1.4157005316267337,0.0
2026-08-21_ewc_vitality-vs-spirit_mirage,tN1R,CT,3,122.96875,peek,19714,,,,,,,,,,,jiggle,32.64114141358165,640.625,640.625,1.0,164.2610626220703,0.42857142857142855,5.433769226074219,0.0,4.917862610186277,0.0
2026-08-21_ewc_vitality-vs-spirit_mirage,tN1R,CT,3,122.96875,peek,19933,,,,,,,,,,,jiggle,21.795301248622852,218.75,218.75,1.0,145.53785705566406,0.0,1.9140167236328125,0.0,35.81892600014712,0.0
2026-08-21_ewc_vitality-vs-spirit_mirage,tN1R,CT,3,122.96875,peek,19985,,,,,,,,,,,jiggle,24.269224283428194,250.0,250.0,1.0,153.52410888671875,0.0,1.9579620361328125,0.0,36.176053933405605,0.0
2026-08-21_ewc_vitality-vs-spirit_mirage,tN1R,CT,3,122.96875,peek,20058,,,,,,,,,,,jiggle,26.293818255430097,328.125,328.125,1.0,113.8550796508789,0.8636363636363636,1.7159271240234375,0.0,5.77835361457038,1.0
2026-08-21_ewc_vitality-vs-spirit_mirage,tN1R,CT,3,122.96875,peek,20556,,,,,,,,,,,jiggle,25.439339864775246,500.0,500.0,1.0,134.762451171875,0.0,5.8076629638671875,0.0,18.911066299068274,0.0
2026-08-21_ewc_vitality-vs-spirit_mirage,tN1R,CT,3,122.96875,peek,20676,,,,,,,,,,,commit,60.17686519185144,1203.125,4984.375,0.0,142.56907653808594,0.7307692307692307,157.56385803222656,0.0,2.0472529069963707,1.0
2026-08-21_ewc_vitality-vs-spirit_mirage,tN1R,CT,3,122.96875,peek,21085,,,,,,,,,,,jiggle,29.608165820954454,343.75,343.75,1.0,116.67088317871094,0.8695652173913043,25.145980834960938,0.0,4.898339350558654,1.0
2026-08-21_ewc_vitality-vs-spirit_mirage,tN1R,CT,3,122.96875,peek,21123,,,,,,,,,,,jiggle,36.15249522392282,343.75,343.75,1.0,117.00592041015625,0.782608695652174,6.70989990234375,0.0,2.7544766047601046,1.0
2026-08-21_ewc_vitality-vs-spirit_mirage,tN1R,CT,3,122.96875,peek,21210,,,,,,,,,,,commit,113.07245437872257,1250.0,4984.375,0.0,165.0524139404297,0.7160493827160493,73.32620239257812,0.0,2.3113843056324823,1.0
2026-08-21_ewc_vitality-vs-spirit_mirage,tN1R,CT,3,122.96875,peek,21965,,,,,,,,,,,jiggle,8.463816420007943,109.375,109.375,1.0,115.42190551757812,0.0,4.598114013671875,0.0,5.053244959749657,0.0
2026-08-21_ewc_vitality-vs-spirit_mirage,tN1R,CT,3,122.96875,peek,22132,,,,,,,,,,,traversal,5.835813766467446,203.125,203.125,1.0,70.96697998046875,0.0,23.012237548828125,0.0,0.8898566442956484,0.0
2026-08-21_ewc_vitality-vs-spirit_mirage,tN1R,CT,3,122.96875,peek,22160,,,,,,,,,,,jiggle,19.852950830208247,1484.375,1484.375,1.0,116.32013702392578,0.4583333333333333,89.36487579345703,0.0,2.5698347945976914,0.0
2026-08-21_ewc_vitality-vs-spirit_mirage,tN1R,CT,3,122.96875,peek,22428,,,,,,,,,,,traversal,28.24682235048439,781.25,781.25,1.0,103.31926727294922,0.3333333333333333,10.054229736328125,0.0,0.8573581051574467,0.0
2026-08-21_ewc_vitality-vs-spirit_mirage,tN1R,CT,3,122.96875,peek,24005,,,,,,,,,,,traversal,106.06779391354924,1484.375,4984.375,0.0,164.6124267578125,0.1875,34.033966064453125,3.0,0.9130777620561445,0.0
2026-08-21_ewc_vitality-vs-spirit_mirage,tN1R,CT,3,122.96875,peek,24355,,,,,,,,,,,traversal,205.7080430471286,1484.375,4984.375,0.0,188.0656280517578,0.0,140.69021606445312,0.0,0.1992291332190285,0.0
2026-08-21_ewc_vitality-vs-spirit_mirage,tN1R,CT,4,94.59375,stop,25382,counter_fwd,125.0,159.5890655517578,34.67352294921875,0.0,0.0,,,0.0,5.763702392578125,,,,,,,,,,,
2026-08-21_ewc_vitality-vs-spirit_mirage,tN1R,CT,4,94.59375,stop,25414,release,250.0,159.87620544433594,29.16119956970215,0.0,0.0,,,1.0,16.91791534423828,,,,,,,,,,,
2026-08-21_ewc_vitality-vs-spirit_mirage,tN1R,CT,4,94.59375,stop,26836,release,15.625,236.25193786621094,10.738956451416016,0.0,0.0,,,0.0,0.0662689208984375,,,,,,,,,,,
2026-08-21_ewc_vitality-vs-spirit_mirage,tN1R,CT,4,94.59375,stop,27198,release,62.5,154.21592712402344,31.498031616210938,0.0,0.0,,,1.0,0.0,,,,,,,,,,,
2026-08-21_ewc_vitality-vs-spirit_mirage,tN1R,CT,4,94.59375,stop,27964,release,31.25,207.578125,0.0,0.0,1.0,156.25,0.0,0.0,0.0,,,,,,,,,,,
2026-08-21_ewc_vitality-vs-spirit_mirage,tN1R,CT,4,94.59375,stop,28126,counterstrafe,171.875,170.15731811523438,33.67292404174805,0.0,1.0,0.0,33.67292404174805,0.0,0.0439453125,,,,,,,,,,,
2026-08-21_ewc_vitality-vs-spirit_mirage,tN1R,CT,4,94.59375,stop,28151,counter_fwd,171.875,159.72853088378906,29.5241641998291,0.0,0.0,,,0.0,1.4738922119140625,,,,,,,,,,,
2026-08-21_ewc_vitality-vs-spirit_mirage,tN1R,CT,4,94.59375,stop,28597,counterstrafe,78.125,156.68894958496094,27.990373611450195,0.0,0.0,,,1.0,0.06591796875,,,,,,,,,,,
2026-08-21_ewc_vitality-vs-spirit_mirage,tN1R,CT,4,94.59375,stop,28613,counterstrafe,328.125,156.68894958496094,32.73521423339844,0.0,0.0,,,1.0,0.5500030517578125,,,,,,,,,,,
2026-08-21_ewc_vitality-vs-spirit_mirage,tN1R,CT,4,94.59375,stop,28697,counterstrafe,78.125,152.03216552734375,20.43764877319336,0.0,0.0,,,0.0,0.3079681396484375,,,,,,,,,,,
2026-08-21_ewc_vitality-vs-spirit_mirage,tN1R,CT,4,94.59375,stop,28712,counterstrafe,312.5,152.03216552734375,9.789081573486328,0.0,0.0,,,1.0,1.4738922119140625,,,,,,,,,,,
2026-08-21_ewc_vitality-vs-spirit_mirage,tN1R,CT,4,94.59375,stop,29496,counterstrafe,93.75,160.70103454589844,17.767019271850586,0.0,0.0,,,1.0,0.0439453125,,,,,,,,,,,
2026-08-21_ewc_vitality-vs-spirit_mirage,tN1R,CT,4,94.59375,stop,29527,release,234.375,150.40138244628906,34.51483154296875,0.0,0.0,,,0.0,2.13409423828125,,,,,,,,,,,
2026-08-21_ewc_vitality-vs-spirit_mirage,tN1R,CT,4,94.59375,stop,29763,release,78.125,171.91708374023438,30.57163429260254,0.0,0.0,,,1.0,0.02197265625,,,,,,,,,,,
2026-08-21_ewc_vitality-vs-spirit_mirage,tN1R,CT,4,94.59375,stop,30409,counterstrafe,93.75,154.52688598632812,15.963456153869629,0.0,0.0,,,0.0,0.1761474609375,,,,,,,,,,,
2026-08-21_ewc_vitality-vs-spirit_mirage,tN1R,CT,4,94.59375,stop,30734,counterstrafe,78.125,153.47335815429688,26.217199325561523,0.0,0.0,,,1.0,0.0,,,,,,,,,,,
2026-08-21_ewc_vitality-vs-spirit_mirage,tN1R,CT,4,94.59375,stop,30753,counterstrafe,375.0,153.47335815429688,31.115921020507812,0.0,0.0,,,1.0,0.9901123046875,,,,,,,,,,,
2026-08-21_ewc_vitality-vs-spirit_mirage,tN1R,CT,4,94.59375,stop,30782,counterstrafe,93.75,157.45501708984375,28.589099884033203,0.0,0.0,,,0.0,0.02197265625,,,,,,,,,,,
2026-08-21_ewc_vitality-vs-spirit_mirage,tN1R,CT,4,94.59375,stop,31064,release,78.125,163.1263427734375,21.90205955505371,0.0,0.0,,,1.0,0.374237060546875,,,,,,,,,,,
2026-08-21_ewc_vitality-vs-spirit_mirage,tN1R,CT,4,94.59375,stop,31259,counterstrafe,78.125,163.0093231201172,33.61832046508789,0.0,0.0,,,1.0,0.0439453125,,,,,,,,,,,
2026-08-21_ewc_vitality-vs-spirit_mirage,tN1R,CT,4,94.59375,stop,31318,counterstrafe,93.75,168.99685668945312,14.494240760803223,0.0,0.0,,,0.0,0.132171630859375,,,,,,,,,,,
2026-08-21_ewc_vitality-vs-spirit_mirage,tN1R,CT,4,94.59375,stop,32367,counterstrafe,78.125,154.91201782226562,16.926189422607422,0.0,1.0,109.375,0.8526458740234375,0.0,0.704132080078125,,,,,,,,,,,
2026-08-21_ewc_vitality-vs-spirit_mirage,tN1R,CT,4,94.59375,stop,32385,counterstrafe,359.375,154.91201782226562,12.835779190063477,0.0,1.0,0.0,12.835779190063477,1.0,17.050140380859375,,,,,,,,,,,
2026-08-21_ewc_vitality-vs-spirit_mirage,tN1R,CT,4,94.59375,peek,25255,,,,,,,,,,,traversal,143.56375270035866,1000.0,4984.375,0.0,232.20022583007812,0.0,201.71755981445312,0.0,0.5124025031550025,0.0
2026-08-21_ewc_vitality-vs-spirit_mirage,tN1R,CT,4,94.59375,peek,27242,,,,,,,,,,,commit,226.2708897368753,1484.375,4984.375,0.0,223.6873016357422,0.0,15.840225219726562,0.0,3.019641244998417,0.0
2026-08-21_ewc_vitality-vs-spirit_mirage,tN1R,CT,4,94.59375,peek,27648,,,,,,,,,,,jiggle,13.346579682297945,906.25,906.25,1.0,116.91873168945312,0.0,2.9038314819335938,0.0,32.43259975194793,0.0
2026-08-21_ewc_vitality-vs-spirit_mirage,tN1R,CT,4,94.59375,peek,28218,,,,,,,,,,,jiggle,18.42192648307346,1421.875,1421.875,1.0,122.71809387207031,0.6086956521739131,4.7519378662109375,0.0,2.7050076672131653,1.0
2026-08-21_ewc_vitality-vs-spirit_mirage,tN1R,CT,4,94.59375,peek,29559,,,,,,,,,,,jiggle,25.726449669046936,390.625,390.625,1.0,116.523193359375,0.6538461538461539,16.983840942382812,0.0,1.337944347642457,1.0
2026-08-21_ewc_vitality-vs-spirit_mirage,tN1R,CT,4,94.59375,peek,29684,,,,,,,,,,,narrow,61.64371796866104,1234.375,1453.125,1.0,187.0308380126953,0.1625,46.44160461425781,0.0,5.548103961453218,0.0
2026-08-21_ewc_vitality-vs-spirit_mirage,tN1R,CT,4,94.59375,peek,29875,,,,,,,,,,,narrow,86.75845216054125,1062.5,4859.375,1.0,142.18731689453125,0.6231884057971014,153.0539779663086,0.0,1.2033475028472185,1.0
2026-08-21_ewc_vitality-vs-spirit_mirage,tN1R,CT,4,94.59375,peek,30264,,,,,,,,,,,narrow,67.55465281975196,796.875,1156.25,1.0,139.13189697265625,0.6538461538461539,26.686126708984375,0.0,1.8400908107506713,1.0
2026-08-21_ewc_vitality-vs-spirit_mirage,tN1R,CT,4,94.59375,peek,30625,,,,,,,,,,,commit,91.74429159410053,1484.375,4984.375,0.0,117.00228118896484,0.5208333333333334,123.86056518554688,0.0,2.249042470793685,1.0
2026-08-21_ewc_vitality-vs-spirit_mirage,tN1R,CT,4,94.59375,peek,30962,,,,,,,,,,,jiggle,41.9158831092091,468.75,468.75,1.0,116.9996337890625,0.8387096774193549,20.350433349609375,0.0,3.0191271228326584,1.0
2026-08-21_ewc_vitality-vs-spirit_mirage,tN1R,CT,4,94.59375,peek,31296,,,,,,,,,,,traversal,121.58462707789464,1484.375,4984.375,0.0,178.09725952148438,0.6145833333333334,24.486419677734375,0.0,0.5799614634557863,1.0
2026-08-21_ewc_vitality-vs-spirit_mirage,tN1R,CT,4,94.59375,peek,32347,,,,,,,,,,,jiggle,43.69135528193994,578.125,578.125,1.0,171.89398193359375,0.0,22.110382080078125,1.0,20.29901779353731,0.0
2026-08-21_ewc_vitality-vs-spirit_mirage,tN1R,CT,5,120.0,stop,32586,counterstrafe,46.875,156.03900146484375,29.098554611206055,0.0,0.0,,,1.0,0.9238739013671875,,,,,,,,,,,
2026-08-21_ewc_vitality-vs-spirit_mirage,tN1R,CT,5,120.0,stop,32725,release,234.375,156.6760711669922,33.90632247924805,0.0,0.0,,,0.0,0.484100341796875,,,,,,,,,,,
2026-08-21_ewc_vitality-vs-spirit_mirage,tN1R,CT,5,120.0,stop,34566,counter_fwd,125.0,218.28842163085938,18.166337966918945,0.0,0.0,,,1.0,0.0,,,,,,,,,,,
2026-08-21_ewc_vitality-vs-spirit_mirage,tN1R,CT,5,120.0,stop,34726,release,78.125,166.53909301757812,29.478044509887695,0.0,0.0,,,0.0,1.804168701171875,,,,,,,,,,,
2026-08-21_ewc_vitality-vs-spirit_mirage,tN1R,CT,5,120.0,stop,34901,release,171.875,190.02151489257812,25.767864227294922,0.0,0.0,,,0.0,1.121978759765625,,,,,,,,,,,
2026-08-21_ewc_vitality-vs-spirit_mirage,tN1R,CT,5,120.0,stop,35358,release,78.125,153.8902130126953,30.504858016967773,0.0,0.0,,,0.0,0.0439453125,,,,,,,,,,,
2026-08-21_ewc_vitality-vs-spirit_mirage,tN1R,CT,5,120.0,stop,36189,release,78.125,153.5993194580078,33.204933166503906,0.0,0.0,,,1.0,0.0,,,,,,,,,,,
2026-08-21_ewc_vitality-vs-spirit_mirage,tN1R,CT,5,120.0,stop,36420,release,78.125,154.29502868652344,25.340232849121094,0.0,0.0,,,0.0,0.13217926025390625,,,,,,,,,,,
2026-08-21_ewc_vitality-vs-spirit_mirage,tN1R,CT,5,120.0,stop,36463,counterstrafe,93.75,158.058349609375,34.35481262207031,0.0,0.0,,,1.0,0.33026123046875,,,,,,,,,,,
2026-08-21_ewc_vitality-vs-spirit_mirage,tN1R,CT,5,120.0,stop,36702,counterstrafe,93.75,159.7392578125,26.087093353271484,0.0,0.0,,,1.0,0.2200775146484375,,,,,,,,,,,
2026-08-21_ewc_vitality-vs-spirit_mirage,tN1R,CT,5,120.0,stop,36718,counterstrafe,343.75,159.7392578125,17.047792434692383,0.0,0.0,,,1.0,3.0579833984375,,,,,,,,,,,
2026-08-21_ewc_vitality-vs-spirit_mirage,tN1R,CT,5,120.0,stop,37578,counterstrafe,78.125,153.98208618164062,34.309165954589844,0.0,0.0,,,1.0,0.06591796875,,,,,,,,,,,
2026-08-21_ewc_vitality-vs-spirit_mirage,tN1R,CT,5,120.0,stop,38962,counterstrafe,93.75,163.22091674804688,13.639781951904297,0.0,1.0,78.125,0.0,0.0,0.06591796875,,,,,,,,,,,
2026-08-21_ewc_vitality-vs-spirit_mirage,tN1R,CT,5,120.0,stop,39064,counterstrafe,93.75,159.5150604248047,15.362140655517578,0.0,0.0,,,1.0,0.10986328125,,,,,,,,,,,
2026-08-21_ewc_vitality-vs-spirit_mirage,tN1R,CT,5,120.0,stop,39148,counterstrafe,93.75,156.1188201904297,16.451751708984375,0.0,0.0,,,1.0,4.5538330078125,,,,,,,,,,,
2026-08-21_ewc_vitality-vs-spirit_mirage,tN1R,CT,5,120.0,stop,39308,counterstrafe,93.75,162.63412475585938,30.067106246948242,0.0,1.0,234.375,0.0,1.0,0.1318359375,,,,,,,,,,,
2026-08-21_ewc_vitality-vs-spirit_mirage,tN1R,CT,5,120.0,stop,39539,release,46.875,206.00387573242188,0.0,0.0,0.0,,,1.0,0.1761322021484375,,,,,,,,,,,
2026-08-21_ewc_vitality-vs-spirit_mirage,tN1R,CT,5,120.0,stop,39553,counterstrafe,265.625,206.00387573242188,9.803202629089355,0.0,0.0,,,1.0,0.2859954833984375,,,,,,,,,,,
2026-08-21_ewc_vitality-vs-spirit_mirage,tN1R,CT,5,120.0,stop,39894,release,78.125,174.0580291748047,33.4231071472168,0.0,0.0,,,1.0,0.6162567138671875,,,,,,,,,,,
2026-08-21_ewc_vitality-vs-spirit_mirage,tN1R,CT,5,120.0,stop,39912,release,359.375,174.0580291748047,14.071093559265137,0.0,0.0,,,1.0,2.8821868896484375,,,,,,,,,,,
2026-08-21_ewc_vitality-vs-spirit_mirage,tN1R,CT,5,120.0,stop,40069,crouch_stop,343.75,159.34495544433594,34.46453094482422,1.0,1.0,0.0,34.46453094482422,1.0,2.442047119140625,,,,,,,,,,,
2026-08-21_ewc_vitality-vs-spirit_mirage,tN1R,CT,5,120.0,stop,40108,counter_fwd,140.625,156.70094299316406,10.849112510681152,0.0,0.0,,,0.0,6.401947021484375,,,,,,,,,,,
2026-08-21_ewc_vitality-vs-spirit_mirage,tN1R,CT,5,120.0,stop,41384,counterstrafe,93.75,172.3603057861328,30.715497970581055,0.0,1.0,0.0,30.715497970581055,0.0,2.26593017578125,,,,,,,,,,,
2026-08-21_ewc_vitality-vs-spirit_mirage,tN1R,CT,5,120.0,peek,32876,,,,,,,,,,,traversal,1784.9149924285368,1125.0,4984.375,0.0,244.3426513671875,0.0,155.6927490234375,1.0,0.15676223887195403,0.0
2026-08-21_ewc_vitality-vs-spirit_mirage,tN1R,CT,5,120.0,peek,34984,,,,,,,,,,,traversal,129.48795232489675,1484.375,4984.375,0.0,111.8048095703125,0.8229166666666666,61.75382995605469,0.0,0.3472345736516283,1.0
2026-08-21_ewc_vitality-vs-spirit_mirage,tN1R,CT,5,120.0,peek,35821,,,,,,,,,,,jiggle,21.956974261311206,671.875,671.875,1.0,137.0470428466797,0.4772727272727273,0.7920455932617188,0.0,6.951911206255983,0.0
2026-08-21_ewc_vitality-vs-spirit_mirage,tN1R,CT,5,120.0,peek,35921,,,,,,,,,,,jiggle,21.951015251911734,234.375,234.375,1.0,145.8519744873047,0.0,1.1219635009765625,0.0,47.05533013799847,0.0
2026-08-21_ewc_vitality-vs-spirit_mirage,tN1R,CT,5,120.0,peek,35979,,,,,,,,,,,jiggle,20.43363838951166,234.375,234.375,1.0,137.3748016357422,0.0,1.561767578125,0.0,39.26034225288569,0.0
2026-08-21_ewc_vitality-vs-spirit_mirage,tN1R,CT,5,120.0,peek,36059,,,,,,,,,,,jiggle,23.602079074643076,234.375,234.375,1.0,147.7176971435547,0.0,1.187896728515625,0.0,49.39311552821876,0.0
2026-08-21_ewc_vitality-vs-spirit_mirage,tN1R,CT,5,120.0,peek,36113,,,,,,,,,,,jiggle,21.738871440775817,234.375,234.375,1.0,143.90065002441406,0.0,1.165924072265625,0.0,47.11489044446727,0.0
2026-08-21_ewc_vitality-vs-spirit_mirage,tN1R,CT,5,120.0,peek,36173,,,,,,,,,,,jiggle,24.973595828793925,250.0,250.0,1.0,153.5993194580078,0.0,0.924224853515625,0.0,53.5722754369033,0.0
2026-08-21_ewc_vitality-vs-spirit_mirage,tN1R,CT,5,120.0,peek,36235,,,,,,,,,,,jiggle,20.489366776080406,1000.0,1000.0,1.0,143.0795135498047,0.0,2.5742340087890625,0.0,43.13517175983741,0.0
2026-08-21_ewc_vitality-vs-spirit_mirage,tN1R,CT,5,120.0,peek,36340,,,,,,,,,,,jiggle,17.106615297392263,203.125,203.125,1.0,130.4785919189453,0.0,0.7041473388671875,0.0,51.0323887041926,0.0
2026-08-21_ewc_vitality-vs-spirit_mirage,tN1R,CT,5,120.0,peek,36388,,,,,,,,,,,jiggle,30.973521988953664,1484.375,1484.375,1.0,158.058349609375,0.0,4.1586456298828125,0.0,3.6621767569037265,0.0
2026-08-21_ewc_vitality-vs-spirit_mirage,tN1R,CT,5,120.0,peek,36598,,,,,,,,,,,jiggle,47.66511687998637,1484.375,1859.375,1.0,153.8542938232422,0.2604166666666667,35.5078125,0.0,2.1832889528958113,0.0
2026-08-21_ewc_vitality-vs-spirit_mirage,tN1R,CT,5,120.0,peek,37190,,,,,,,,,,,jiggle,24.954196772253606,281.25,281.25,1.0,133.94459533691406,0.5263157894736842,5.9617767333984375,0.0,17.76100894301019,1.0
2026-08-21_ewc_vitality-vs-spirit_mirage,tN1R,CT,5,120.0,peek,37234,,,,,,,,,,,jiggle,25.442046946856152,265.625,265.625,1.0,149.5155487060547,0.0,2.64013671875,0.0,31.2455172774594,0.0
2026-08-21_ewc_vitality-vs-spirit_mirage,tN1R,CT,5,120.0,peek,37310,,,,,,,,,,,traversal,66.43815945780685,1406.25,2343.75,1.0,111.578125,0.9120879120879121,173.36013793945312,0.0,0.8697092572320683,1.0
2026-08-21_ewc_vitality-vs-spirit_mirage,tN1R,CT,5,120.0,peek,37561,,,,,,,,,,,jiggle,26.500022373732644,265.625,265.625,1.0,153.98208618164062,0.0,2.507965087890625,0.0,28.24381496539686,0.0
2026-08-21_ewc_vitality-vs-spirit_mirage,tN1R,CT,5,120.0,peek,37616,,,,,,,,,,,jiggle,23.121279810321006,234.375,234.375,1.0,145.8703155517578,0.0,2.023895263671875,0.0,33.65251445250533,0.0
2026-08-21_ewc_vitality-vs-spirit_mirage,tN1R,CT,5,120.0,peek,37689,,,,,,,,,,,jiggle,20.711991764260812,234.375,234.375,1.0,140.66151428222656,0.0,1.143951416015625,0.0,45.81479466569963,0.0
2026-08-21_ewc_vitality-vs-spirit_mirage,tN1R,CT,5,120.0,peek,37754,,,,,,,,,,,traversal,17.527851649560652,1484.375,1484.375,1.0,73.77008819580078,0.9166666666666666,147.553955078125,0.0,0.6480208115257838,1.0
2026-08-21_ewc_vitality-vs-spirit_mirage,tN1R,CT,5,120.0,peek,38008,,,,,,,,,,,jiggle,34.338746200316706,671.875,671.875,1.0,101.03047180175781,1.0,47.366546630859375,0.0,3.9018516439844473,1.0
2026-08-21_ewc_vitality-vs-spirit_mirage,tN1R,CT,5,120.0,peek,38210,,,,,,,,,,,jiggle,22.98862737242742,234.375,234.375,1.0,144.4372100830078,0.0,2.9697265625,0.0,29.376746943249156,0.0
2026-08-21_ewc_vitality-vs-spirit_mirage,tN1R,CT,5,120.0,peek,38367,,,,,,,,,,,jiggle,21.860095539941224,234.375,234.375,1.0,143.8159637451172,0.0,2.111785888671875,0.0,32.738915383283384,0.0
2026-08-21_ewc_vitality-vs-spirit_mirage,tN1R,CT,5,120.0,peek,38509,,,,,,,,,,,jiggle,23.945819336052903,1312.5,1312.5,1.0,141.53787231445312,0.4,4.4223785400390625,0.0,15.750783737649845,0.0
2026-08-21_ewc_vitality-vs-spirit_mirage,tN1R,CT,5,120.0,peek,38650,,,,,,,,,,,jiggle,14.897030680947072,171.875,171.875,1.0,124.15033721923828,0.0,1.320068359375,0.0,41.738188086311354,0.0
2026-08-21_ewc_vitality-vs-spirit_mirage,tN1R,CT,5,120.0,peek,38743,,,,,,,,,,,jiggle,19.333903995762636,203.125,203.125,1.0,138.0692138671875,0.0,1.297760009765625,0.0,43.95057673781744,0.0
2026-08-21_ewc_vitality-vs-spirit_mirage,tN1R,CT,5,120.0,peek,38855,,,,,,,,,,,jiggle,20.917705085884286,218.75,218.75,1.0,142.53941345214844,0.0,2.37579345703125,0.0,30.973504011345103,0.0
2026-08-21_ewc_vitality-vs-spirit_mirage,tN1R,CT,5,120.0,peek,38938,,,,,,,,,,,jiggle,41.46070390632435,687.5,687.5,1.0,174.82102966308594,0.0,17.028121948242188,1.0,4.79906934718581,0.0
2026-08-21_ewc_vitality-vs-spirit_mirage,tN1R,CT,5,120.0,peek,38999,,,,,,,,,,,narrow,92.96374957829927,640.625,2203.125,1.0,210.67083740234375,0.0,56.76017761230469,0.0,1.161389598438952,0.0
2026-08-21_ewc_vitality-vs-spirit_mirage,tN1R,CT,5,120.0,peek,39202,,,,,,,,,,,jiggle,33.72305675377245,906.25,906.25,1.0,149.10377502441406,0.0,51.3487548828125,0.0,2.052208137998299,0.0
2026-08-21_ewc_vitality-vs-spirit_mirage,tN1R,CT,5,120.0,peek,39327,,,,,,,,,,,commit,215.08011305375527,1484.375,4984.375,0.0,214.73423767089844,0.0,268.9284973144531,0.0,1.0523818275226624,0.0
2026-08-21_ewc_vitality-vs-spirit_mirage,tN1R,CT,5,120.0,peek,39648,,,,,,,,,,,commit,66.55651694160726,1406.25,4984.375,0.0,115.84313201904297,0.27472527472527475,2.001922607421875,1.0,2.989456355589611,0.0
2026-08-21_ewc_vitality-vs-spirit_mirage,tN1R,CT,5,120.0,peek,40085,,,,,,,,,,,commit,207.66908029985274,1484.375,4984.375,0.0,214.97801208496094,0.0,31.2396240234375,0.0,1.2427014229229756,0.0
2026-08-21_ewc_vitality-vs-spirit_mirage,tN1R,CT,5,120.0,peek,41405,,,,,,,,,,,commit,278.52327464510444,1484.375,1906.25,0.0,215.00575256347656,0.0,124.16848754882812,0.0,1.4344409530967217,0.0
2026-08-21_ewc_vitality-vs-spirit_mirage,tN1R,CT,6,66.859375,stop,41785,counterstrafe,93.75,156.557373046875,33.40077590942383,0.0,0.0,,,1.0,1.3860015869140625,,,,,,,,,,,
2026-08-21_ewc_vitality-vs-spirit_mirage,tN1R,CT,6,66.859375,stop,45165,counter_fwd,15.625,199.731201171875,10.741448402404785,0.0,0.0,,,0.0,0.0,,,,,,,,,,,
2026-08-21_ewc_vitality-vs-spirit_mirage,tN1R,CT,6,66.859375,stop,45519,release,328.125,165.75469970703125,22.79334259033203,0.0,0.0,,,1.0,3.343963623046875,,,,,,,,,,,
2026-08-21_ewc_vitality-vs-spirit_mirage,tN1R,CT,6,66.859375,stop,45630,counter_fwd,171.875,160.24383544921875,15.609814643859863,0.0,1.0,0.0,15.609814643859863,0.0,0.0,,,,,,,,,,,
2026-08-21_ewc_vitality-vs-spirit_mirage,tN1R,CT,6,66.859375,stop,45719,release,93.75,157.09130859375,2.3129749298095703,0.0,0.0,,,0.0,1.826141357421875,,,,,,,,,,,
2026-08-21_ewc_vitality-vs-spirit_mirage,tN1R,CT,6,66.859375,stop,45849,counterstrafe,78.125,183.45449829101562,31.123937606811523,0.0,1.0,171.875,0.0,1.0,0.351898193359375,,,,,,,,,,,
2026-08-21_ewc_vitality-vs-spirit_mirage,tN1R,CT,6,66.859375,stop,45855,counterstrafe,171.875,183.45449829101562,29.797773361206055,0.0,1.0,78.125,0.0,1.0,0.373870849609375,,,,,,,,,,,
2026-08-21_ewc_vitality-vs-spirit_mirage,tN1R,CT,6,66.859375,stop,45921,counterstrafe,93.75,151.7972412109375,30.161649703979492,0.0,1.0,62.5,75.70646667480469,1.0,0.15380859375,,,,,,,,,,,
2026-08-21_ewc_vitality-vs-spirit_mirage,tN1R,CT,6,66.859375,stop,45935,counterstrafe,312.5,151.7972412109375,25.992097854614258,0.0,1.0,0.0,25.992097854614258,1.0,0.92388916015625,,,,,,,,,,,
2026-08-21_ewc_vitality-vs-spirit_mirage,tN1R,CT,6,66.859375,stop,45978,counter_fwd,109.375,157.1949920654297,17.017181396484375,0.0,0.0,,,0.0,0.2197265625,,,,,,,,,,,
2026-08-21_ewc_vitality-vs-spirit_mirage,tN1R,CT,6,66.859375,stop,46738,release,109.375,163.1477813720703,30.209402084350586,0.0,0.0,,,0.0,0.3079681396484375,,,,,,,,,,,
2026-08-21_ewc_vitality-vs-spirit_mirage,tN1R,CT,6,66.859375,stop,46945,counterstrafe,203.125,150.0877685546875,31.42330551147461,1.0,0.0,,,1.0,0.154144287109375,,,,,,,,,,,
2026-08-21_ewc_vitality-vs-spirit_mirage,tN1R,CT,6,66.859375,stop,48415,counterstrafe,109.375,152.77761840820312,17.637746810913086,0.0,1.0,62.5,51.775753021240234,1.0,2.6617889404296875,,,,,,,,,,,
2026-08-21_ewc_vitality-vs-spirit_mirage,tN1R,CT,6,66.859375,stop,48614,counterstrafe,78.125,158.39627075195312,18.9335994720459,0.0,0.0,,,1.0,0.41815185546875,,,,,,,,,,,
2026-08-21_ewc_vitality-vs-spirit_mirage,tN1R,CT,6,66.859375,peek,41804,,,,,,,,,,,traversal,2737.4788848661037,1484.375,4984.375,0.0,250.01072692871094,0.0,74.83440399169922,0.0,0.3533757919206851,0.0
2026-08-21_ewc_vitality-vs-spirit_mirage,tN1R,CT,6,66.859375,peek,45541,,,,,,,,,,,traversal,66.36278090419447,1375.0,1703.125,1.0,205.02073669433594,0.0,0.70452880859375,1.0,0.08030805963975424,0.0
2026-08-21_ewc_vitality-vs-spirit_mirage,tN1R,CT,6,66.859375,peek,45676,,,,,,,,,,,traversal,106.1586331391296,640.625,1328.125,1.0,198.823486328125,0.0,1.869720458984375,0.0,0.002421191749948945,0.0
2026-08-21_ewc_vitality-vs-spirit_mirage,tN1R,CT,6,66.859375,peek,46862,,,,,,,,,,,narrow,66.21326208037155,843.75,1140.625,1.0,133.6349334716797,0.5454545454545454,28.70965576171875,0.0,1.7265473123871526,1.0
2026-08-21_ewc_vitality-vs-spirit_mirage,tN1R,CT,6,66.859375,peek,46979,,,,,,,,,,,jiggle,17.140240262859333,1484.375,1484.375,1.0,45.942283630371094,0.0,4.795867919921875,0.0,1.2379517490280698,0.0
2026-08-21_ewc_vitality-vs-spirit_mirage,tN1R,CT,6,66.859375,peek,47096,,,,,,,,,,,jiggle,19.886608023813857,1484.375,1484.375,1.0,132.3377685546875,0.11458333333333333,7.1719970703125,0.0,6.875934537235264,0.0
2026-08-21_ewc_vitality-vs-spirit_mirage,tN1R,CT,6,66.859375,peek,47395,,,,,,,,,,,jiggle,50.031628251805216,640.625,765.625,1.0,111.80860137939453,0.7380952380952381,21.054244995117188,0.0,2.7531842898094747,1.0
2026-08-21_ewc_vitality-vs-spirit_mirage,tN1R,CT,6,66.859375,peek,47546,,,,,,,,,,,traversal,75.8818389307189,859.375,1437.5,1.0,127.41130828857422,0.7678571428571429,16.213775634765625,1.0,0.8773235247143597,1.0
2026-08-21_ewc_vitality-vs-spirit_mirage,tN1R,CT,6,66.859375,peek,47758,,,,,,,,,,,commit,57.38991870907687,1484.375,4984.375,0.0,179.77822875976562,0.0,4.92840576171875,0.0,36.00282385584379,0.0
2026-08-21_ewc_vitality-vs-spirit_mirage,tN1R,CT,6,66.859375,peek,48588,,,,,,,,,,,traversal,43.08100167065518,390.625,390.625,1.0,160.03440856933594,0.0,4.444305419921875,0.0,0.8470936049320437,0.0
2026-08-21_ewc_vitality-vs-spirit_mirage,tN1R,CT,6,66.859375,peek,48948,,,,,,,,,,,traversal,73.23894483200928,1218.75,2703.125,0.0,112.41190338134766,0.5949367088607594,142.47276306152344,1.0,0.6885891474288139,1.0
2026-08-21_ewc_vitality-vs-spirit_mirage,tN1R,CT,7,12.90625,stop,53036,release,93.75,161.24346923828125,30.388275146484375,0.0,0.0,,,0.0,0.1761322021484375,,,,,,,,,,,
2026-08-21_ewc_vitality-vs-spirit_mirage,tN1R,CT,8,117.109375,stop,63748,counterstrafe,125.0,155.4797821044922,29.95482063293457,0.0,1.0,0.0,29.95482063293457,0.0,0.37420654296875,,,,,,,,,,,
2026-08-21_ewc_vitality-vs-spirit_mirage,tN1R,CT,8,117.109375,stop,64991,release,93.75,162.56370544433594,19.400041580200195,0.0,0.0,,,1.0,66.94621276855469,,,,,,,,,,,
2026-08-21_ewc_vitality-vs-spirit_mirage,tN1R,CT,8,117.109375,stop,65204,counterstrafe,78.125,159.38372802734375,33.06654357910156,0.0,0.0,,,0.0,0.1318359375,,,,,,,,,,,
2026-08-21_ewc_vitality-vs-spirit_mirage,tN1R,CT,8,117.109375,stop,65638,release,93.75,158.00181579589844,11.939146041870117,0.0,0.0,,,1.0,0.0,,,,,,,,,,,
2026-08-21_ewc_vitality-vs-spirit_mirage,tN1R,CT,8,117.109375,stop,65654,counterstrafe,343.75,158.00181579589844,28.49223518371582,0.0,0.0,,,1.0,0.10986328125,,,,,,,,,,,
2026-08-21_ewc_vitality-vs-spirit_mirage,tN1R,CT,8,117.109375,stop,65786,counterstrafe,156.25,151.2204132080078,34.847084045410156,0.0,0.0,,,1.0,0.5500030517578125,,,,,,,,,,,
2026-08-21_ewc_vitality-vs-spirit_mirage,tN1R,CT,8,117.109375,stop,66045,counterstrafe,93.75,150.8115997314453,25.36772918701172,0.0,0.0,,,1.0,0.15380859375,,,,,,,,,,,
2026-08-21_ewc_vitality-vs-spirit_mirage,tN1R,CT,8,117.109375,stop,66215,release,78.125,151.16256713867188,1.722266435623169,0.0,0.0,,,1.0,0.0,,,,,,,,,,,
2026-08-21_ewc_vitality-vs-spirit_mirage,tN1R,CT,8,117.109375,stop,66233,counterstrafe,359.375,151.16256713867188,29.078283309936523,0.0,0.0,,,1.0,0.0,,,,,,,,,,,
2026-08-21_ewc_vitality-vs-spirit_mirage,tN1R,CT,8,117.109375,stop,66262,counterstrafe,78.125,156.31881713867188,6.788942337036133,0.0,0.0,,,1.0,0.0,,,,,,,,,,,
2026-08-21_ewc_vitality-vs-spirit_mirage,tN1R,CT,8,117.109375,stop,66281,counterstrafe,375.0,156.31881713867188,34.86808395385742,0.0,0.0,,,1.0,0.0,,,,,,,,,,,
2026-08-21_ewc_vitality-vs-spirit_mirage,tN1R,CT,8,117.109375,stop,66863,counterstrafe,78.125,151.43333435058594,26.567520141601562,0.0,0.0,,,1.0,0.0,,,,,,,,,,,
2026-08-21_ewc_vitality-vs-spirit_mirage,tN1R,CT,8,117.109375,stop,66969,release,78.125,152.2094268798828,32.920989990234375,0.0,0.0,,,1.0,0.220062255859375,,,,,,,,,,,
2026-08-21_ewc_vitality-vs-spirit_mirage,tN1R,CT,8,117.109375,stop,67101,release,78.125,152.5109100341797,0.0,0.0,0.0,,,1.0,0.0,,,,,,,,,,,
2026-08-21_ewc_vitality-vs-spirit_mirage,tN1R,CT,8,117.109375,stop,67494,release,78.125,151.2232208251953,12.127909660339355,0.0,0.0,,,1.0,0.0,,,,,,,,,,,
2026-08-21_ewc_vitality-vs-spirit_mirage,tN1R,CT,8,117.109375,stop,67643,counterstrafe,78.125,166.58375549316406,27.88761329650879,0.0,0.0,,,1.0,0.1318359375,,,,,,,,,,,
2026-08-21_ewc_vitality-vs-spirit_mirage,tN1R,CT,8,117.109375,stop,67664,counterstrafe,93.75,150.22662353515625,32.099178314208984,0.0,0.0,,,1.0,0.02197265625,,,,,,,,,,,
2026-08-21_ewc_vitality-vs-spirit_mirage,tN1R,CT,8,117.109375,stop,67688,counterstrafe,78.125,150.9916534423828,33.38949203491211,0.0,0.0,,,1.0,0.154144287109375,,,,,,,,,,,
2026-08-21_ewc_vitality-vs-spirit_mirage,tN1R,CT,8,117.109375,stop,67705,counterstrafe,343.75,150.9916534423828,24.269805908203125,0.0,0.0,,,1.0,1.408294677734375,,,,,,,,,,,
2026-08-21_ewc_vitality-vs-spirit_mirage,tN1R,CT,8,117.109375,stop,67812,release,46.875,200.461669921875,2.108626127243042,0.0,0.0,,,0.0,9.987945556640625,,,,,,,,,,,
2026-08-21_ewc_vitality-vs-spirit_mirage,tN1R,CT,8,117.109375,stop,67924,counterstrafe,62.5,201.1909637451172,1.7161378860473633,0.0,0.0,,,1.0,0.0,,,,,,,,,,,
2026-08-21_ewc_vitality-vs-spirit_mirage,tN1R,CT,8,117.109375,stop,68395,counterstrafe,93.75,150.66171264648438,24.558469772338867,0.0,0.0,,,0.0,3.608306884765625,,,,,,,,,,,
2026-08-21_ewc_vitality-vs-spirit_mirage,tN1R,CT,8,117.109375,stop,68699,release,78.125,150.98516845703125,34.489959716796875,0.0,0.0,,,1.0,0.5719757080078125,,,,,,,,,,,
2026-08-21_ewc_vitality-vs-spirit_mirage,tN1R,CT,8,117.109375,stop,68723,counterstrafe,78.125,160.77447509765625,29.11651611328125,0.0,0.0,,,0.0,0.68218994140625,,,,,,,,,,,
2026-08-21_ewc_vitality-vs-spirit_mirage,tN1R,CT,8,117.109375,stop,68761,release,78.125,156.23863220214844,17.7493953704834,0.0,1.0,0.0,17.7493953704834,1.0,0.6159210205078125,,,,,,,,,,,
2026-08-21_ewc_vitality-vs-spirit_mirage,tN1R,CT,8,117.109375,stop,68802,counterstrafe,328.125,158.1030731201172,15.594376564025879,0.0,0.0,,,1.0,3.1239166259765625,,,,,,,,,,,
2026-08-21_ewc_vitality-vs-spirit_mirage,tN1R,CT,8,117.109375,stop,68831,release,78.125,154.00181579589844,22.660566329956055,0.0,0.0,,,0.0,0.2859954833984375,,,,,,,,,,,
2026-08-21_ewc_vitality-vs-spirit_mirage,tN1R,CT,8,117.109375,stop,68859,release,78.125,151.5100555419922,12.2769775390625,0.0,0.0,,,1.0,0.33026123046875,,,,,,,,,,,
2026-08-21_ewc_vitality-vs-spirit_mirage,tN1R,CT,8,117.109375,stop,68878,release,375.0,151.5100555419922,15.487773895263672,0.0,0.0,,,1.0,1.562103271484375,,,,,,,,,,,
2026-08-21_ewc_vitality-vs-spirit_mirage,tN1R,CT,8,117.109375,stop,69266,counterstrafe,78.125,151.1979522705078,19.849355697631836,0.0,0.0,,,1.0,0.2640228271484375,,,,,,,,,,,
2026-08-21_ewc_vitality-vs-spirit_mirage,tN1R,CT,8,117.109375,stop,69284,counterstrafe,359.375,151.1979522705078,10.976340293884277,0.0,0.0,,,1.0,3.4102325439453125,,,,,,,,,,,
2026-08-21_ewc_vitality-vs-spirit_mirage,tN1R,CT,8,117.109375,stop,69348,counterstrafe,93.75,157.53953552246094,32.435638427734375,0.0,0.0,,,1.0,0.2640228271484375,,,,,,,,,,,
2026-08-21_ewc_vitality-vs-spirit_mirage,tN1R,CT,8,117.109375,stop,69761,counterstrafe,250.0,159.5945281982422,22.895503997802734,0.0,0.0,,,1.0,1.6500091552734375,,,,,,,,,,,
2026-08-21_ewc_vitality-vs-spirit_mirage,tN1R,CT,8,117.109375,stop,70068,release,15.625,249.99681091308594,0.0,0.0,0.0,,,0.0,0.2197265625,,,,,,,,,,,
2026-08-21_ewc_vitality-vs-spirit_mirage,tN1R,CT,8,117.109375,peek,63765,,,,,,,,,,,traversal,165.38425934550756,1484.375,4984.375,0.0,147.6319580078125,0.8854166666666666,76.11981201171875,0.0,0.8753338063782421,1.0
2026-08-21_ewc_vitality-vs-spirit_mirage,tN1R,CT,8,117.109375,peek,64160,,,,,,,,,,,jiggle,13.889901111758334,1031.25,1031.25,1.0,126.21961212158203,0.0,4.4219970703125,0.0,31.6271550634385,0.0
2026-08-21_ewc_vitality-vs-spirit_mirage,tN1R,CT,8,117.109375,peek,64302,,,,,,,,,,,jiggle,25.427285544245347,1359.375,1359.375,1.0,125.0394058227539,0.2727272727272727,8.403518676757812,0.0,4.816895640145712,0.0
2026-08-21_ewc_vitality-vs-spirit_mirage,tN1R,CT,8,117.109375,peek,64408,,,,,,,,,,,jiggle,21.58386252146819,531.25,531.25,1.0,110.34416198730469,0.0,2.8162689208984375,0.0,25.788309387713827,0.0
2026-08-21_ewc_vitality-vs-spirit_mirage,tN1R,CT,8,117.109375,peek,65329,,,,,,,,,,,jiggle,7.97363554095416,140.625,140.625,1.0,90.69708251953125,0.7,2.508331298828125,0.0,16.703551815328613,1.0
2026-08-21_ewc_vitality-vs-spirit_mirage,tN1R,CT,8,117.109375,peek,65382,,,,,,,,,,,traversal,5.711432862096002,1484.375,1484.375,1.0,36.48432159423828,0.5833333333333334,0.8136749267578125,0.0,0.1250349332490101,1.0
2026-08-21_ewc_vitality-vs-spirit_mirage,tN1R,CT,8,117.109375,peek,65478,,,,,,,,,,,jiggle,15.303031829031745,1015.625,1015.625,1.0,114.51802825927734,0.5303030303030303,5.8299560546875,0.0,1.3419630749944147,1.0
2026-08-21_ewc_vitality-vs-spirit_mirage,tN1R,CT,8,117.109375,peek,65896,,,,,,,,,,,jiggle,14.873044009593505,1359.375,1359.375,1.0,146.6958465576172,0.0,2.4859466552734375,0.0,48.55362575561935,0.0
2026-08-21_ewc_vitality-vs-spirit_mirage,tN1R,CT,8,117.109375,peek,66196,,,,,,,,,,,jiggle,31.05840977487253,265.625,265.625,1.0,169.67999267578125,0.0,0.5057220458984375,0.0,76.02375661408875,0.0
2026-08-21_ewc_vitality-vs-spirit_mirage,tN1R,CT,8,117.109375,peek,66382,,,,,,,,,,,jiggle,7.301863298805929,109.375,109.375,1.0,93.62739562988281,0.0,0.242034912109375,0.0,54.455849819337814,0.0
2026-08-21_ewc_vitality-vs-spirit_mirage,tN1R,CT,8,117.109375,peek,66428,,,,,,,,,,,jiggle,29.40211671001888,1171.875,1171.875,1.0,124.29801940917969,0.0,1.8038177490234375,0.0,37.80441469430221,0.0
2026-08-21_ewc_vitality-vs-spirit_mirage,tN1R,CT,8,117.109375,peek,66578,,,,,,,,,,,jiggle,17.838474132672207,1093.75,1093.75,1.0,139.13101196289062,0.0,2.8825225830078125,0.0,44.24118729115392,0.0
2026-08-21_ewc_vitality-vs-spirit_mirage,tN1R,CT,8,117.109375,peek,66802,,,,,,,,,,,traversal,24.996998370696307,687.5,687.5,1.0,49.88080978393555,0.0,17.314102172851562,0.0,0.8762707307560117,0.0
2026-08-21_ewc_vitality-vs-spirit_mirage,tN1R,CT,8,117.109375,peek,67379,,,,,,,,,,,jiggle,29.731602757776763,1484.375,1484.375,1.0,183.0944061279297,0.0,23.892532348632812,0.0,23.543338141314333,0.0
2026-08-21_ewc_vitality-vs-spirit_mirage,tN1R,CT,8,117.109375,peek,67835,,,,,,,,,,,jiggle,43.28113924986651,484.375,484.375,1.0,122.16221618652344,0.0,5.852294921875,0.0,2.3224481523660248,0.0
2026-08-21_ewc_vitality-vs-spirit_mirage,tN1R,CT,8,117.109375,peek,68320,,,,,,,,,,,narrow,63.33827780576676,828.125,1062.5,1.0,117.00640106201172,0.5185185185185185,40.56805419921875,0.0,8.280364463540222,1.0
2026-08-21_ewc_vitality-vs-spirit_mirage,tN1R,CT,8,117.109375,peek,68598,,,,,,,,,,,narrow,145.18360441194864,1265.625,2437.5,1.0,188.4175567626953,0.6341463414634146,36.388092041015625,0.0,3.67411276696263,1.0
2026-08-21_ewc_vitality-vs-spirit_mirage,tN1R,CT,8,117.109375,peek,69178,,,,,,,,,,,commit,116.8815395507609,1484.375,4984.375,0.0,164.52005004882812,0.6041666666666666,32.097930908203125,0.0,2.497257394762169,1.0
2026-08-21_ewc_vitality-vs-spirit_mirage,tN1R,CT,9,91.03125,stop,72309,release,15.625,249.9864044189453,10.742527961730957,0.0,0.0,,,1.0,0.0,,,,,,,,,,,
2026-08-21_ewc_vitality-vs-spirit_mirage,tN1R,CT,9,91.03125,stop,73190,counterstrafe,93.75,154.77230834960938,13.39998722076416,0.0,0.0,,,0.0,1.03375244140625,,,,,,,,,,,
2026-08-21_ewc_vitality-vs-spirit_mirage,tN1R,CT,9,91.03125,stop,73319,counterstrafe,78.125,154.1255645751953,28.250276565551758,0.0,0.0,,,0.0,0.54998779296875,,,,,,,,,,,
2026-08-21_ewc_vitality-vs-spirit_mirage,tN1R,CT,9,91.03125,stop,73411,counterstrafe,93.75,157.01968383789062,18.529483795166016,0.0,0.0,,,1.0,1.342041015625,,,,,,,,,,,
2026-08-21_ewc_vitality-vs-spirit_mirage,tN1R,CT,9,91.03125,stop,74248,release,78.125,162.5707550048828,29.87302589416504,0.0,1.0,0.0,29.87302589416504,1.0,0.0,,,,,,,,,,,
2026-08-21_ewc_vitality-vs-spirit_mirage,tN1R,CT,9,91.03125,stop,74264,counterstrafe,328.125,162.5707550048828,22.067035675048828,0.0,1.0,0.0,22.067035675048828,1.0,0.0,,,,,,,,,,,
2026-08-21_ewc_vitality-vs-spirit_mirage,tN1R,CT,9,91.03125,stop,74460,counterstrafe,78.125,153.09307861328125,0.7444968223571777,0.0,1.0,0.0,0.7444968223571777,1.0,0.0,,,,,,,,,,,
2026-08-21_ewc_vitality-vs-spirit_mirage,tN1R,CT,9,91.03125,stop,74475,counterstrafe,312.5,153.09307861328125,0.0,0.0,1.0,0.0,0.0,0.0,0.0,,,,,,,,,,,
2026-08-21_ewc_vitality-vs-spirit_mirage,tN1R,CT,9,91.03125,stop,74767,release,78.125,156.78616333007812,14.78151798248291,0.0,1.0,0.0,14.78151798248291,1.0,0.0,,,,,,,,,,,
2026-08-21_ewc_vitality-vs-spirit_mirage,tN1R,CT,9,91.03125,stop,74783,counterstrafe,328.125,156.78616333007812,33.160552978515625,0.0,1.0,0.0,33.160552978515625,1.0,0.0,,,,,,,,,,,
2026-08-21_ewc_vitality-vs-spirit_mirage,tN1R,CT,9,91.03125,stop,74935,counterstrafe,78.125,150.08444213867188,21.488666534423828,0.0,1.0,0.0,21.488666534423828,1.0,0.0,,,,,,,,,,,
2026-08-21_ewc_vitality-vs-spirit_mirage,tN1R,CT,9,91.03125,stop,74950,counterstrafe,312.5,150.08444213867188,16.78622817993164,0.0,1.0,0.0,16.78622817993164,1.0,0.0,,,,,,,,,,,
2026-08-21_ewc_vitality-vs-spirit_mirage,tN1R,CT,9,91.03125,stop,75063,release,78.125,159.9846649169922,28.264680862426758,0.0,1.0,0.0,28.264680862426758,1.0,0.0,,,,,,,,,,,
2026-08-21_ewc_vitality-vs-spirit_mirage,tN1R,CT,9,91.03125,stop,75079,counterstrafe,328.125,159.9846649169922,25.299680709838867,0.0,1.0,0.0,25.299680709838867,1.0,0.0,,,,,,,,,,,
2026-08-21_ewc_vitality-vs-spirit_mirage,tN1R,CT,9,91.03125,stop,75272,release,78.125,152.24288940429688,9.634573936462402,0.0,1.0,0.0,9.634573936462402,1.0,0.0,,,,,,,,,,,
2026-08-21_ewc_vitality-vs-spirit_mirage,tN1R,CT,9,91.03125,stop,75286,counterstrafe,296.875,152.24288940429688,32.50387191772461,0.0,1.0,0.0,32.50387191772461,1.0,0.0,,,,,,,,,,,
2026-08-21_ewc_vitality-vs-spirit_mirage,tN1R,CT,9,91.03125,stop,75894,release,78.125,163.14132690429688,4.508469104766846,0.0,1.0,0.0,4.508469104766846,1.0,0.0,,,,,,,,,,,
2026-08-21_ewc_vitality-vs-spirit_mirage,tN1R,CT,9,91.03125,stop,75912,counterstrafe,359.375,163.14132690429688,13.571784019470215,0.0,1.0,0.0,13.571784019470215,1.0,0.0,,,,,,,,,,,
2026-08-21_ewc_vitality-vs-spirit_mirage,tN1R,CT,9,91.03125,stop,75938,counterstrafe,78.125,154.494873046875,32.21714401245117,0.0,1.0,0.0,32.21714401245117,1.0,0.0,,,,,,,,,,,
2026-08-21_ewc_vitality-vs-spirit_mirage,tN1R,CT,9,91.03125,stop,75953,counterstrafe,312.5,154.494873046875,34.94236373901367,0.0,1.0,0.0,34.94236373901367,1.0,0.0,,,,,,,,,,,
2026-08-21_ewc_vitality-vs-spirit_mirage,tN1R,CT,9,91.03125,stop,76084,counterstrafe,93.75,152.5718231201172,29.133071899414062,0.0,1.0,0.0,29.133071899414062,1.0,0.0,,,,,,,,,,,
2026-08-21_ewc_vitality-vs-spirit_mirage,tN1R,CT,9,91.03125,stop,76112,release,78.125,151.8175811767578,7.744966983795166,0.0,1.0,0.0,7.744966983795166,1.0,0.0,,,,,,,,,,,
2026-08-21_ewc_vitality-vs-spirit_mirage,tN1R,CT,9,91.03125,stop,76128,counterstrafe,328.125,151.8175811767578,30.36579704284668,0.0,1.0,0.0,30.36579704284668,1.0,0.0,,,,,,,,,,,
2026-08-21_ewc_vitality-vs-spirit_mirage,tN1R,CT,9,91.03125,stop,76438,release,78.125,154.77578735351562,8.500531196594238,0.0,1.0,0.0,8.500531196594238,1.0,0.0,,,,,,,,,,,
2026-08-21_ewc_vitality-vs-spirit_mirage,tN1R,CT,9,91.03125,stop,76457,counterstrafe,375.0,154.77578735351562,33.32915496826172,0.0,1.0,0.0,33.32915496826172,1.0,0.0,,,,,,,,,,,
2026-08-21_ewc_vitality-vs-spirit_mirage,tN1R,CT,9,91.03125,stop,76480,release,78.125,162.47666931152344,20.762046813964844,0.0,1.0,0.0,20.762046813964844,1.0,0.0,,,,,,,,,,,
2026-08-21_ewc_vitality-vs-spirit_mirage,tN1R,CT,9,91.03125,stop,76496,release,328.125,162.47666931152344,34.74544906616211,0.0,1.0,0.0,34.74544906616211,1.0,0.0,,,,,,,,,,,
2026-08-21_ewc_vitality-vs-spirit_mirage,tN1R,CT,9,91.03125,stop,76600,release,78.125,154.74398803710938,7.777735233306885,0.0,1.0,0.0,7.777735233306885,1.0,0.0,,,,,,,,,,,
2026-08-21_ewc_vitality-vs-spirit_mirage,tN1R,CT,9,91.03125,stop,76618,release,359.375,154.74398803710938,30.827402114868164,0.0,1.0,0.0,30.827402114868164,1.0,0.0,,,,,,,,,,,
2026-08-21_ewc_vitality-vs-spirit_mirage,tN1R,CT,9,91.03125,stop,76645,counterstrafe,78.125,151.2661895751953,22.65132713317871,0.0,1.0,0.0,22.65132713317871,1.0,0.0,,,,,,,,,,,
2026-08-21_ewc_vitality-vs-spirit_mirage,tN1R,CT,9,91.03125,stop,76661,counterstrafe,328.125,151.2661895751953,28.22346305847168,0.0,1.0,0.0,28.22346305847168,1.0,0.0,,,,,,,,,,,
2026-08-21_ewc_vitality-vs-spirit_mirage,tN1R,CT,9,91.03125,stop,76898,release,234.375,153.5310821533203,32.41473388671875,0.0,0.0,,,0.0,1.5847930908203125,,,,,,,,,,,
2026-08-21_ewc_vitality-vs-spirit_mirage,tN1R,CT,9,91.03125,stop,76962,counter_fwd,234.375,153.04486083984375,33.618690490722656,0.0,0.0,,,0.0,27.23614501953125,,,,,,,,,,,
2026-08-21_ewc_vitality-vs-spirit_mirage,tN1R,CT,9,91.03125,stop,77098,counterstrafe,78.125,154.06570434570312,7.600139617919922,0.0,0.0,,,0.0,0.373870849609375,,,,,,,,,,,
2026-08-21_ewc_vitality-vs-spirit_mirage,tN1R,CT,9,91.03125,stop,77807,counterstrafe,78.125,159.6059112548828,22.800016403198242,0.0,1.0,0.0,22.800016403198242,1.0,3.43218994140625,,,,,,,,,,,
2026-08-21_ewc_vitality-vs-spirit_mirage,tN1R,CT,9,91.03125,peek,70726,,,,,,,,,,,traversal,290.0158978524853,1484.375,4984.375,0.0,250.00576782226562,0.0,96.55850219726562,0.0,0.23004353861032778,0.0
2026-08-21_ewc_vitality-vs-spirit_mirage,tN1R,CT,9,91.03125,peek,74005,,,,,,,,,,,jiggle,19.612375589968256,1312.5,1312.5,1.0,145.23231506347656,0.611764705882353,0.24237060546875,0.0,2.514265779491036,1.0
2026-08-21_ewc_vitality-vs-spirit_mirage,tN1R,CT,9,91.03125,peek,74445,,,,,,,,,,,jiggle,22.732757909441005,203.125,203.125,1.0,157.50523376464844,0.0,0.0,0.0,107.60694412158153,0.0
2026-08-21_ewc_vitality-vs-spirit_mirage,tN1R,CT,9,91.03125,peek,74574,,,,,,,,,,,jiggle,21.0495316068509,1484.375,1484.375,1.0,140.45594787597656,0.17708333333333334,0.17578125,0.0,3.11773679140685,0.0
2026-08-21_ewc_vitality-vs-spirit_mirage,tN1R,CT,9,91.03125,peek,74732,,,,,,,,,,,jiggle,21.767074337140002,531.25,531.25,1.0,156.78616333007812,0.37142857142857144,0.0,0.0,12.581711856027358,0.0
2026-08-21_ewc_vitality-vs-spirit_mirage,tN1R,CT,9,91.03125,peek,77003,,,,,,,,,,,traversal,49.97548771988509,859.375,984.375,1.0,149.075439453125,0.35714285714285715,87.07589721679688,0.0,0.602296676607655,0.0
2026-08-21_ewc_vitality-vs-spirit_mirage,tN1R,CT,9,91.03125,peek,77117,,,,,,,,,,,jiggle,27.93770152041477,1375.0,1375.0,1.0,111.83822631835938,0.20224719101123595,71.87429809570312,0.0,2.9436987725110946,0.0
2026-08-21_ewc_vitality-vs-spirit_mirage,tN1R,CT,9,91.03125,peek,77242,,,,,,,,,,,traversal,33.34424303871284,468.75,468.75,1.0,109.27391052246094,1.0,0.308319091796875,0.0,0.0015503423528263874,1.0
2026-08-21_ewc_vitality-vs-spirit_mirage,tN1R,CT,9,91.03125,peek,77340,,,,,,,,,,,traversal,32.22255141881656,1437.5,1437.5,1.0,104.37715148925781,0.6129032258064516,70.818603515625,0.0,0.24569401334519486,1.0
2026-08-21_ewc_vitality-vs-spirit_mirage,tN1R,CT,9,91.03125,peek,77441,,,,,,,,,,,jiggle,7.041731728967115,171.875,171.875,1.0,62.14385223388672,1.0,1.165924072265625,0.0,2.1539503019666544,1.0
2026-08-21_ewc_vitality-vs-spirit_mirage,tN1R,CT,9,91.03125,peek,77518,,,,,,,,,,,traversal,10.978561448822191,1484.375,1484.375,1.0,69.392822265625,0.8333333333333334,66.2640380859375,0.0,0.7301689000064955,1.0
2026-08-21_ewc_vitality-vs-spirit_mirage,tN1R,CT,9,91.03125,peek,77654,,,,,,,,,,,traversal,20.81300161382662,578.125,578.125,1.0,98.9783935546875,0.6052631578947368,22.329376220703125,0.0,0.688872469249971,1.0
2026-08-21_ewc_vitality-vs-spirit_mirage,tN1R,CT,10,90.203125,stop,85405,release,93.75,150.37136840820312,22.377836227416992,0.0,0.0,,,0.0,24.508087158203125,,,,,,,,,,,
2026-08-21_ewc_vitality-vs-spirit_mirage,tN1R,CT,10,90.203125,stop,88241,release,93.75,155.4268798828125,12.631051063537598,0.0,0.0,,,1.0,1.4522552490234375,,,,,,,,,,,
2026-08-21_ewc_vitality-vs-spirit_mirage,tN1R,CT,10,90.203125,stop,88251,release,250.0,155.4268798828125,18.85011100769043,0.0,0.0,,,1.0,2.2882537841796875,,,,,,,,,,,
2026-08-21_ewc_vitality-vs-spirit_mirage,tN1R,CT,10,90.203125,peek,85456,,,,,,,,,,,commit,153.6841376176615,1484.375,4984.375,0.0,168.20306396484375,0.8020833333333334,26.862274169921875,0.0,2.0681499808200368,1.0
2026-08-21_ewc_vitality-vs-spirit_mirage,tN1R,CT,10,90.203125,peek,86223,,,,,,,,,,,commit,130.83135416894834,1328.125,4984.375,0.0,127.2860107421875,0.9883720930232558,95.4801025390625,1.0,1.1512072332022163,1.0
2026-08-21_ewc_vitality-vs-spirit_mirage,tN1R,CT,10,90.203125,peek,86666,,,,,,,,,,,jiggle,9.46800423716335,468.75,468.75,1.0,77.03755950927734,0.25806451612903225,1.8481063842773438,0.0,3.643444451402466,0.0
2026-08-21_ewc_vitality-vs-spirit_mirage,tN1R,CT,10,90.203125,peek,86716,,,,,,,,,,,jiggle,7.562121233800157,187.5,187.5,1.0,59.18480682373047,1.0,1.1003494262695312,0.0,11.367295940165386,1.0
2026-08-21_ewc_vitality-vs-spirit_mirage,tN1R,CT,10,90.203125,peek,86750,,,,,,,,,,,jiggle,4.359469447877436,78.125,78.125,1.0,78.48756408691406,0.0,0.8799362182617188,0.0,35.985025424419305,0.0
2026-08-21_ewc_vitality-vs-spirit_mirage,tN1R,CT,10,90.203125,peek,86916,,,,,,,,,,,traversal,24.629831116623148,421.875,421.875,1.0,93.35704803466797,1.0,32.62628173828125,0.0,0.3412687048254226,1.0
2026-08-21_ewc_vitality-vs-spirit_mirage,tN1R,CT,10,90.203125,peek,87040,,,,,,,,,,,jiggle,25.071185840578188,328.125,328.125,1.0,98.4169921875,1.0,30.338058471679688,0.0,2.039825059720325,1.0
2026-08-21_ewc_vitality-vs-spirit_mirage,tN1R,CT,10,90.203125,peek,88074,,,,,,,,,,,traversal,151.2942409935089,1468.75,4984.375,0.0,117.00581359863281,1.0,164.07634735107422,1.0,0.9981023430072387,1.0
2026-08-21_ewc_vitality-vs-spirit_mirage,tN1R,CT,10,90.203125,peek,88442,,,,,,,,,,,commit,110.72809871876754,1484.375,4984.375,0.0,117.00643157958984,0.8854166666666666,63.1181640625,0.0,3.682737731558844,1.0
2026-08-21_ewc_vitality-vs-spirit_mirage,tN1R,CT,10,90.203125,peek,88897,,,,,,,,,,,traversal,136.4788494990271,1484.375,4984.375,0.0,117.00330352783203,0.96875,232.03398895263672,0.0,0.8624794706859532,1.0
2026-08-21_ewc_vitality-vs-spirit_mirage,tN1R,CT,10,90.203125,peek,89358,,,,,,,,,,,jiggle,9.470272515424472,1296.875,1296.875,1.0,100.224365234375,0.047619047619047616,7.9417877197265625,0.0,21.55136922092733,0.0
2026-08-21_ewc_vitality-vs-spirit_mirage,tN1R,CT,11,30.859375,stop,94573,release,109.375,152.0094757080078,10.660648345947266,0.0,0.0,,,0.0,0.54998779296875,,,,,,,,,,,
2026-08-21_ewc_vitality-vs-spirit_mirage,tN1R,CT,11,30.859375,stop,94674,release,31.25,192.3125,1.6513044834136963,0.0,0.0,,,0.0,0.066253662109375,,,,,,,,,,,
2026-08-21_ewc_vitality-vs-spirit_mirage,tN1R,CT,11,30.859375,stop,95699,release,281.25,151.15748596191406,26.068008422851562,0.0,0.0,,,0.0,5.6761627197265625,,,,,,,,,,,
2026-08-21_ewc_vitality-vs-spirit_mirage,tN1R,CT,11,30.859375,stop,95862,release,125.0,171.85208129882812,29.69650650024414,0.0,1.0,0.0,29.69650650024414,0.0,1.4515533447265625,,,,,,,,,,,
2026-08-21_ewc_vitality-vs-spirit_mirage,tN1R,CT,11,30.859375,peek,94695,,,,,,,,,,,traversal,194.86328132054342,1484.375,4984.375,0.0,243.94711303710938,0.23958333333333334,10.604202270507812,0.0,0.5750313995550371,0.0
2026-08-21_ewc_vitality-vs-spirit_mirage,tN1R,CT,11,30.859375,peek,95381,,,,,,,,,,,commit,164.80693627301795,1484.375,4984.375,0.0,215.00340270996094,0.20833333333333334,131.33984375,0.0,5.838914881632417,0.0
2026-08-21_ewc_vitality-vs-spirit_mirage,tN1R,T,12,77.09375,stop,106756,release,203.125,151.81881713867188,3.8168680667877197,0.0,0.0,,,0.0,0.351898193359375,,,,,,,,,,,
2026-08-21_ewc_vitality-vs-spirit_mirage,tN1R,T,12,77.09375,stop,106839,release,93.75,157.8056640625,20.19952392578125,0.0,0.0,,,0.0,0.264007568359375,,,,,,,,,,,
2026-08-21_ewc_vitality-vs-spirit_mirage,tN1R,T,12,77.09375,stop,107422,counterstrafe,93.75,159.6085662841797,17.585988998413086,0.0,0.0,,,1.0,3.4098892211914062,,,,,,,,,,,
2026-08-21_ewc_vitality-vs-spirit_mirage,tN1R,T,12,77.09375,stop,107530,counterstrafe,312.5,154.56459045410156,19.852460861206055,0.0,1.0,125.0,89.66934204101562,1.0,2.7060699462890625,,,,,,,,,,,
2026-08-21_ewc_vitality-vs-spirit_mirage,tN1R,T,12,77.09375,stop,107650,counterstrafe,78.125,182.7227325439453,32.75613784790039,0.0,0.0,,,1.0,0.307952880859375,,,,,,,,,,,
2026-08-21_ewc_vitality-vs-spirit_mirage,tN1R,T,12,77.09375,stop,107689,counterstrafe,78.125,159.72341918945312,14.560356140136719,0.0,0.0,,,1.0,0.307952880859375,,,,,,,,,,,
2026-08-21_ewc_vitality-vs-spirit_mirage,tN1R,T,12,77.09375,stop,107699,counterstrafe,234.375,159.72341918945312,21.06780433654785,0.0,0.0,,,1.0,1.430267333984375,,,,,,,,,,,
2026-08-21_ewc_vitality-vs-spirit_mirage,tN1R,T,12,77.09375,stop,107888,counterstrafe,78.125,181.46206665039062,29.138948440551758,0.0,1.0,0.0,29.138948440551758,1.0,1.1439361572265625,,,,,,,,,,,
2026-08-21_ewc_vitality-vs-spirit_mirage,tN1R,T,12,77.09375,stop,107897,counterstrafe,218.75,181.46206665039062,22.498178482055664,0.0,1.0,0.0,22.498178482055664,1.0,5.2140350341796875,,,,,,,,,,,
2026-08-21_ewc_vitality-vs-spirit_mirage,tN1R,T,12,77.09375,peek,103911,,,,,,,,,,,traversal,39.2370334244547,437.5,437.5,1.0,116.18677520751953,0.896551724137931,2.9920501708984375,0.0,0.27163322405718726,1.0
2026-08-21_ewc_vitality-vs-spirit_mirage,tN1R,T,12,77.09375,peek,104487,,,,,,,,,,,traversal,14.118128262297855,1484.375,1484.375,1.0,77.88912200927734,0.8229166666666666,0.9465408325195312,0.0,0.6657692844331242,1.0
2026-08-21_ewc_vitality-vs-spirit_mirage,tN1R,T,12,77.09375,peek,104604,,,,,,,,,,,traversal,139.51706079705104,1484.375,4984.375,0.0,124.80918884277344,0.7708333333333334,31.592559814453125,0.0,0.5804455729107605,1.0
2026-08-21_ewc_vitality-vs-spirit_mirage,tN1R,T,12,77.09375,peek,105018,,,,,,,,,,,commit,121.11058862652297,1484.375,4984.375,0.0,121.5876235961914,0.7083333333333334,138.95263671875,0.0,1.192936486975957,1.0
2026-08-21_ewc_vitality-vs-spirit_mirage,tN1R,T,12,77.09375,peek,106333,,,,,,,,,,,traversal,9.407987448398192,1484.375,1484.375,1.0,40.22864532470703,1.0,0.703826904296875,0.0,0.6347679666308956,1.0
2026-08-21_ewc_vitality-vs-spirit_mirage,tN1R,T,12,77.09375,peek,106479,,,,,,,,,,,traversal,16.417522133455332,1125.0,1125.0,1.0,87.34782409667969,0.8082191780821918,149.93043518066406,0.0,0.5624830169827808,1.0
2026-08-21_ewc_vitality-vs-spirit_mirage,tN1R,T,12,77.09375,peek,106589,,,,,,,,,,,commit,253.8094752376172,1484.375,4984.375,0.0,240.00732421875,0.0,46.77256774902344,0.0,1.323538976134196,0.0
2026-08-21_ewc_vitality-vs-spirit_mirage,tN1R,T,13,106.234375,stop,113518,counterstrafe,93.75,163.9189910888672,22.564321517944336,0.0,0.0,,,1.0,0.10986328125,,,,,,,,,,,
2026-08-21_ewc_vitality-vs-spirit_mirage,tN1R,T,13,106.234375,stop,113935,counter_fwd,187.5,151.9783172607422,27.943159103393555,1.0,0.0,,,1.0,0.63824462890625,,,,,,,,,,,
2026-08-21_ewc_vitality-vs-spirit_mirage,tN1R,T,13,106.234375,stop,114379,counterstrafe,109.375,156.16015625,29.25571632385254,0.0,0.0,,,1.0,1.892059326171875,,,,,,,,,,,
2026-08-21_ewc_vitality-vs-spirit_mirage,tN1R,T,13,106.234375,stop,114385,counterstrafe,203.125,156.16015625,27.154659271240234,0.0,0.0,,,1.0,1.936004638671875,,,,,,,,,,,
2026-08-21_ewc_vitality-vs-spirit_mirage,tN1R,T,13,106.234375,stop,114935,counterstrafe,31.25,172.7891387939453,20.27471351623535,0.0,0.0,,,1.0,3.871673583984375,,,,,,,,,,,
2026-08-21_ewc_vitality-vs-spirit_mirage,tN1R,T,13,106.234375,stop,115005,counterstrafe,78.125,156.60243225097656,5.121951580047607,0.0,0.0,,,1.0,0.48406982421875,,,,,,,,,,,
2026-08-21_ewc_vitality-vs-spirit_mirage,tN1R,T,13,106.234375,stop,115074,crouch_stop,15.625,200.63926696777344,21.360774993896484,1.0,0.0,,,1.0,0.15380859375,,,,,,,,,,,
2026-08-21_ewc_vitality-vs-spirit_mirage,tN1R,T,13,106.234375,stop,115087,counterstrafe,218.75,200.63926696777344,17.468372344970703,1.0,0.0,,,1.0,2.837921142578125,,,,,,,,,,,
2026-08-21_ewc_vitality-vs-spirit_mirage,tN1R,T,13,106.234375,stop,115093,counterstrafe,312.5,200.63926696777344,26.961458206176758,1.0,0.0,,,0.0,3.1678466796875,,,,,,,,,,,
2026-08-21_ewc_vitality-vs-spirit_mirage,tN1R,T,13,106.234375,stop,115196,counterstrafe,93.75,169.15625,19.702775955200195,0.0,0.0,,,1.0,0.6159210205078125,,,,,,,,,,,
2026-08-21_ewc_vitality-vs-spirit_mirage,tN1R,T,13,106.234375,stop,115208,counterstrafe,281.25,169.15625,32.92747497558594,0.0,0.0,,,1.0,1.7378997802734375,,,,,,,,,,,
2026-08-21_ewc_vitality-vs-spirit_mirage,tN1R,T,13,106.234375,stop,115369,counterstrafe,78.125,172.9982452392578,34.6649055480957,0.0,0.0,,,1.0,0.967803955078125,,,,,,,,,,,
2026-08-21_ewc_vitality-vs-spirit_mirage,tN1R,T,13,106.234375,stop,115421,counter_fwd,31.25,179.5390625,0.03125,0.0,0.0,,,1.0,0.44012451171875,,,,,,,,,,,
2026-08-21_ewc_vitality-vs-spirit_mirage,tN1R,T,13,106.234375,stop,115438,counterstrafe,296.875,179.5390625,16.747943878173828,0.0,0.0,,,1.0,47.828277587890625,,,,,,,,,,,
2026-08-21_ewc_vitality-vs-spirit_mirage,tN1R,T,13,106.234375,stop,115661,release,31.25,211.65928649902344,34.989749908447266,0.0,0.0,,,1.0,0.7041549682617188,,,,,,,,,,,
2026-08-21_ewc_vitality-vs-spirit_mirage,tN1R,T,13,106.234375,peek,112797,,,,,,,,,,,traversal,40.51238166594108,1484.375,1484.375,1.0,97.87432861328125,0.2708333333333333,0.440460205078125,0.0,0.06188347127070645,0.0
2026-08-21_ewc_vitality-vs-spirit_mirage,tN1R,T,13,106.234375,peek,113021,,,,,,,,,,,traversal,17.995838900107742,375.0,375.0,1.0,60.93506622314453,0.0,0.13250732421875,0.0,0.00048210745012327314,0.0
2026-08-21_ewc_vitality-vs-spirit_mirage,tN1R,T,13,106.234375,peek,113326,,,,,,,,,,,traversal,204.73737494407817,1484.375,4984.375,0.0,214.63148498535156,0.0,48.841094970703125,0.0,0.8167786485599843,0.0
2026-08-21_ewc_vitality-vs-spirit_mirage,tN1R,T,13,106.234375,peek,113956,,,,,,,,,,,traversal,152.49230845362484,1484.375,4984.375,0.0,111.80866241455078,0.9895833333333334,2.11309814453125,0.0,0.19590576644369345,1.0
2026-08-21_ewc_vitality-vs-spirit_mirage,tN1R,T,13,106.234375,peek,114551,,,,,,,,,,,traversal,22.199497818304497,250.0,250.0,1.0,131.9821014404297,0.0,0.307952880859375,0.0,0.0004142386573577294,0.0
2026-08-21_ewc_vitality-vs-spirit_mirage,tN1R,T,13,106.234375,peek,114634,,,,,,,,,,,traversal,58.09871344706382,984.375,1203.125,1.0,145.46444702148438,0.296875,18.5242919921875,0.0,0.6638959497579798,0.0
2026-08-21_ewc_vitality-vs-spirit_mirage,tN1R,T,13,106.234375,peek,115332,,,,,,,,,,,commit,82.89371830024939,578.125,4984.375,0.0,206.76336669921875,0.0,16.8087158203125,0.0,4.34764864080989,0.0
2026-08-21_ewc_vitality-vs-spirit_mirage,tN1R,T,14,44.515625,stop,123072,counter_fwd,109.375,152.82310485839844,8.491455078125,0.0,0.0,,,0.0,2.13409423828125,,,,,,,,,,,
2026-08-21_ewc_vitality-vs-spirit_mirage,tN1R,T,14,44.515625,stop,123288,counterstrafe,93.75,164.15185546875,33.05447006225586,0.0,0.0,,,1.0,1.056060791015625,,,,,,,,,,,
2026-08-21_ewc_vitality-vs-spirit_mirage,tN1R,T,14,44.515625,stop,123298,counterstrafe,250.0,164.15185546875,23.278318405151367,0.0,0.0,,,1.0,2.332183837890625,,,,,,,,,,,
2026-08-21_ewc_vitality-vs-spirit_mirage,tN1R,T,14,44.515625,stop,123338,counterstrafe,78.125,157.38917541503906,23.59052276611328,0.0,0.0,,,1.0,0.5280303955078125,,,,,,,,,,,
2026-08-21_ewc_vitality-vs-spirit_mirage,tN1R,T,14,44.515625,stop,123367,counterstrafe,93.75,150.1695556640625,16.445697784423828,0.0,0.0,,,1.0,0.06591796875,,,,,,,,,,,
2026-08-21_ewc_vitality-vs-spirit_mirage,tN1R,T,14,44.515625,stop,123381,counterstrafe,312.5,150.1695556640625,34.92238998413086,0.0,0.0,,,1.0,0.6598663330078125,,,,,,,,,,,
2026-08-21_ewc_vitality-vs-spirit_mirage,tN1R,T,14,44.515625,stop,123417,release,93.75,170.86305236816406,11.481688499450684,0.0,0.0,,,1.0,0.02197265625,,,,,,,,,,,
2026-08-21_ewc_vitality-vs-spirit_mirage,tN1R,T,14,44.515625,stop,123749,counterstrafe,93.75,162.96875,15.496203422546387,0.0,0.0,,,1.0,0.087890625,,,,,,,,,,,
2026-08-21_ewc_vitality-vs-spirit_mirage,tN1R,T,14,44.515625,stop,123765,counterstrafe,343.75,162.96875,24.29439353942871,0.0,0.0,,,1.0,1.254150390625,,,,,,,,,,,
2026-08-21_ewc_vitality-vs-spirit_mirage,tN1R,T,14,44.515625,stop,123820,counterstrafe,125.0,155.96400451660156,24.70817756652832,1.0,0.0,,,1.0,0.506378173828125,,,,,,,,,,,
2026-08-21_ewc_vitality-vs-spirit_mirage,tN1R,T,14,44.515625,stop,123860,release,62.5,168.67189025878906,19.11574363708496,0.0,1.0,140.625,35.62308883666992,1.0,0.616241455078125,,,,,,,,,,,
2026-08-21_ewc_vitality-vs-spirit_mirage,tN1R,T,14,44.515625,stop,123871,release,234.375,168.67189025878906,32.38775634765625,0.0,1.0,0.0,32.38775634765625,1.0,2.024200439453125,,,,,,,,,,,
2026-08-21_ewc_vitality-vs-spirit_mirage,tN1R,T,14,44.515625,stop,124236,counterstrafe,78.125,166.21124267578125,27.326589584350586,0.0,1.0,0.0,27.326589584350586,1.0,0.242034912109375,,,,,,,,,,,
2026-08-21_ewc_vitality-vs-spirit_mirage,tN1R,T,14,44.515625,stop,124258,counterstrafe,62.5,153.8297119140625,34.740394592285156,0.0,1.0,0.0,34.740394592285156,1.0,0.044281005859375,,,,,,,,,,,
2026-08-21_ewc_vitality-vs-spirit_mirage,tN1R,T,14,44.515625,stop,124446,release,15.625,179.75006103515625,0.0,0.0,0.0,,,1.0,0.15380859375,,,,,,,,,,,
2026-08-21_ewc_vitality-vs-spirit_mirage,tN1R,T,14,44.515625,peek,122465,,,,,,,,,,,traversal,282.3842847708937,1484.375,4984.375,0.0,250.0068817138672,0.0,65.82427978515625,1.0,0.1155627614765135,0.0
2026-08-21_ewc_vitality-vs-spirit_mirage,tN1R,T,15,111.3125,stop,126549,release,15.625,177.59674072265625,0.0,0.0,1.0,0.0,0.0,0.0,0.0,,,,,,,,,,,
2026-08-21_ewc_vitality-vs-spirit_mirage,tN1R,T,15,111.3125,stop,128353,counterstrafe,78.125,156.12380981445312,24.210697174072266,0.0,0.0,,,0.0,0.10986328125,,,,,,,,,,,
2026-08-21_ewc_vitality-vs-spirit_mirage,tN1R,T,15,111.3125,stop,130417,release,156.25,151.3562469482422,29.14805030822754,0.0,0.0,,,0.0,0.0,,,,,,,,,,,
2026-08-21_ewc_vitality-vs-spirit_mirage,tN1R,T,15,111.3125,stop,132135,counterstrafe,296.875,155.16268920898438,32.73955154418945,1.0,0.0,,,1.0,2.6401519775390625,,,,,,,,,,,
2026-08-21_ewc_vitality-vs-spirit_mirage,tN1R,T,15,111.3125,stop,132342,counterstrafe,250.0,163.08436584472656,33.99281692504883,0.0,1.0,0.0,33.99281692504883,1.0,11.198501586914062,,,,,,,,,,,
2026-08-21_ewc_vitality-vs-spirit_mirage,tN1R,T,15,111.3125,stop,132443,counter_fwd,140.625,160.24954223632812,24.735515594482422,0.0,0.0,,,0.0,1.6280364990234375,,,,,,,,,,,
2026-08-21_ewc_vitality-vs-spirit_mirage,tN1R,T,15,111.3125,stop,132571,counterstrafe,78.125,157.10806274414062,31.596481323242188,0.0,0.0,,,0.0,2.90380859375,,,,,,,,,,,
2026-08-21_ewc_vitality-vs-spirit_mirage,tN1R,T,15,111.3125,stop,132706,release,78.125,153.81166076660156,19.499160766601562,0.0,0.0,,,1.0,2.4860076904296875,,,,,,,,,,,
2026-08-21_ewc_vitality-vs-spirit_mirage,tN1R,T,15,111.3125,stop,132718,release,265.625,153.81166076660156,28.93882942199707,0.0,0.0,,,1.0,3.014373779296875,,,,,,,,,,,
2026-08-21_ewc_vitality-vs-spirit_mirage,tN1R,T,15,111.3125,peek,125236,,,,,,,,,,,traversal,2660.8840486397185,1421.875,4984.375,0.0,234.8772735595703,0.0,137.07949829101562,1.0,0.26300937923774964,0.0
2026-08-21_ewc_vitality-vs-spirit_mirage,tN1R,T,15,111.3125,peek,128304,,,,,,,,,,,commit,119.67682413565142,1484.375,4984.375,0.0,181.31922912597656,0.53125,42.81165313720703,0.0,2.1847138718673382,1.0
2026-08-21_ewc_vitality-vs-spirit_mirage,tN1R,T,15,111.3125,peek,128884,,,,,,,,,,,commit,133.2802228708312,1484.375,4984.375,0.0,147.2986297607422,0.2916666666666667,87.6265869140625,0.0,2.7375872449735636,0.0
2026-08-21_ewc_vitality-vs-spirit_mirage,tN1R,T,15,111.3125,peek,129383,,,,,,,,,,,jiggle,21.58861412225804,1218.75,1218.75,1.0,143.5646209716797,0.4430379746835443,7.32647705078125,0.0,20.116014319896383,0.0
2026-08-21_ewc_vitality-vs-spirit_mirage,tN1R,T,15,111.3125,peek,129562,,,,,,,,,,,commit,156.61547234392128,1484.375,4984.375,0.0,111.80732727050781,0.9375,142.00994873046875,0.0,1.1947330245281405,1.0
2026-08-21_ewc_vitality-vs-spirit_mirage,tN1R,T,15,111.3125,peek,130152,,,,,,,,,,,traversal,116.63696974421637,1484.375,4984.375,0.0,142.2642364501953,0.6041666666666666,55.132484436035156,1.0,0.6668873721446736,1.0
2026-08-21_ewc_vitality-vs-spirit_mirage,tN1R,T,15,111.3125,peek,132152,,,,,,,,,,,commit,124.83111535045882,1484.375,4984.375,0.0,190.72914123535156,0.375,13.77166748046875,1.0,1.7854094966932392,0.0
2026-08-21_ewc_vitality-vs-spirit_mirage,tN1R,T,15,111.3125,peek,132591,,,,,,,,,,,traversal,126.17225070602545,1484.375,4984.375,0.0,181.49415588378906,0.5,10.230026245117188,0.0,0.7976004996034962,0.0
2026-08-21_ewc_vitality-vs-spirit_mirage,tN1R,T,15,111.3125,peek,133058,,,,,,,,,,,narrow,130.62490729598701,1484.375,3437.5,1.0,162.7786102294922,0.25,81.84024810791016,0.0,1.8707537621767032,0.0
2026-08-21_ewc_vitality-vs-spirit_mirage,zont1x,CT,0,32.203125,stop,1596,release,31.25,249.998046875,30.643980026245117,0.0,0.0,,,0.0,0.0,,,,,,,,,,,
2026-08-21_ewc_vitality-vs-spirit_mirage,zont1x,CT,0,32.203125,stop,2071,release,15.625,218.5625,2.0263671875,0.0,1.0,0.0,2.0263671875,1.0,0.0463409423828125,,,,,,,,,,,
2026-08-21_ewc_vitality-vs-spirit_mirage,zont1x,CT,0,32.203125,stop,2721,counter_fwd,78.125,151.5026397705078,31.947629928588867,0.0,1.0,328.125,18.876243591308594,1.0,49.11061096191406,,,,,,,,,,,
2026-08-21_ewc_vitality-vs-spirit_mirage,zont1x,CT,0,32.203125,stop,2740,counterstrafe,375.0,151.5026397705078,30.857709884643555,0.0,1.0,31.25,18.876243591308594,1.0,53.592010498046875,,,,,,,,,,,
2026-08-21_ewc_vitality-vs-spirit_mirage,zont1x,CT,0,32.203125,stop,2874,counterstrafe,93.75,159.062744140625,29.608009338378906,0.0,0.0,,,1.0,0.0,,,,,,,,,,,
2026-08-21_ewc_vitality-vs-spirit_mirage,zont1x,CT,0,32.203125,stop,2890,counterstrafe,343.75,159.062744140625,21.16559410095215,0.0,0.0,,,1.0,5.3592681884765625,,,,,,,,,,,
2026-08-21_ewc_vitality-vs-spirit_mirage,zont1x,CT,0,32.203125,stop,3306,counterstrafe,46.875,225.96714782714844,33.54594039916992,0.0,1.0,78.125,58.06946563720703,1.0,1.963470458984375,,,,,,,,,,,
2026-08-21_ewc_vitality-vs-spirit_mirage,zont1x,CT,0,32.203125,peek,1620,,,,,,,,,,,traversal,242.93768187967186,1484.375,4984.375,0.0,250.00515747070312,0.0,53.245269775390625,0.0,0.5833458021301307,0.0
2026-08-21_ewc_vitality-vs-spirit_mirage,zont1x,CT,0,32.203125,peek,2584,,,,,,,,,,,traversal,299.8444699800926,1484.375,4984.375,0.0,239.99835205078125,0.0,246.84698486328125,1.0,0.9742285992794799,0.0
2026-08-21_ewc_vitality-vs-spirit_mirage,zont1x,CT,1,43.265625,stop,6090,counterstrafe,93.75,173.46572875976562,25.999446868896484,0.0,0.0,,,0.0,0.0,,,,,,,,,,,
2026-08-21_ewc_vitality-vs-spirit_mirage,zont1x,CT,1,43.265625,stop,6123,counterstrafe,78.125,157.8369598388672,29.510021209716797,0.0,0.0,,,1.0,0.0,,,,,,,,,,,
2026-08-21_ewc_vitality-vs-spirit_mirage,zont1x,CT,1,43.265625,stop,6175,counterstrafe,78.125,162.39695739746094,25.094053268432617,0.0,0.0,,,1.0,0.0,,,,,,,,,,,
2026-08-21_ewc_vitality-vs-spirit_mirage,zont1x,CT,1,43.265625,stop,6238,counterstrafe,78.125,156.85678100585938,30.710201263427734,0.0,0.0,,,1.0,0.0,,,,,,,,,,,
2026-08-21_ewc_vitality-vs-spirit_mirage,zont1x,CT,1,43.265625,stop,6255,counterstrafe,343.75,156.85678100585938,19.054853439331055,0.0,0.0,,,1.0,0.39276123046875,,,,,,,,,,,
2026-08-21_ewc_vitality-vs-spirit_mirage,zont1x,CT,1,43.265625,stop,6298,counterstrafe,78.125,166.263427734375,32.678653717041016,0.0,0.0,,,1.0,0.0,,,,,,,,,,,
2026-08-21_ewc_vitality-vs-spirit_mirage,zont1x,CT,1,43.265625,stop,6365,counterstrafe,93.75,159.87530517578125,17.067279815673828,0.0,0.0,,,1.0,0.0,,,,,,,,,,,
2026-08-21_ewc_vitality-vs-spirit_mirage,zont1x,CT,1,43.265625,stop,7278,counter_fwd,78.125,153.78195190429688,19.871143341064453,0.0,0.0,,,0.0,0.0,,,,,,,,,,,
2026-08-21_ewc_vitality-vs-spirit_mirage,zont1x,CT,1,43.265625,stop,7774,counterstrafe,78.125,160.78343200683594,33.5067138671875,0.0,0.0,,,0.0,0.09234619140625,,,,,,,,,,,
2026-08-21_ewc_vitality-vs-spirit_mirage,zont1x,CT,1,43.265625,stop,7820,counterstrafe,78.125,166.851806640625,30.2133731842041,0.0,0.0,,,0.0,0.0,,,,,,,,,,,
2026-08-21_ewc_vitality-vs-spirit_mirage,zont1x,CT,1,43.265625,stop,7894,release,78.125,151.77239990234375,31.856470108032227,0.0,1.0,0.0,31.856470108032227,0.0,0.3464202880859375,,,,,,,,,,,
2026-08-21_ewc_vitality-vs-spirit_mirage,zont1x,CT,1,43.265625,peek,6271,,,,,,,,,,,jiggle,52.93896594784798,468.75,656.25,1.0,191.3800506591797,0.0,0.0,0.0,2.76588175446174,0.0
2026-08-21_ewc_vitality-vs-spirit_mirage,zont1x,CT,1,43.265625,peek,6342,,,,,,,,,,,jiggle,39.549595079884064,343.75,343.75,1.0,173.04954528808594,0.0,1.8941192626953125,0.0,3.1218979447411,0.0
2026-08-21_ewc_vitality-vs-spirit_mirage,zont1x,CT,1,43.265625,peek,6548,,,,,,,,,,,traversal,147.19833410176815,1484.375,4984.375,0.0,117.00496673583984,0.9583333333333334,132.17822265625,0.0,0.4153662732495937,1.0
2026-08-21_ewc_vitality-vs-spirit_mirage,zont1x,CT,1,43.265625,peek,7869,,,,,,,,,,,commit,49.57800326774228,671.875,781.25,0.0,189.93795776367188,0.0,6.2148284912109375,1.0,14.253593383161737,0.0
2026-08-21_ewc_vitality-vs-spirit_mirage,zont1x,CT,2,102.5625,stop,9522,release,15.625,246.0737762451172,10.744303703308105,0.0,1.0,0.0,10.744303703308105,1.0,0.0,,,,,,,,,,,
2026-08-21_ewc_vitality-vs-spirit_mirage,zont1x,CT,2,102.5625,stop,10477,counter_fwd,109.375,155.2854461669922,23.682342529296875,0.0,0.0,,,0.0,8.708389282226562,,,,,,,,,,,
2026-08-21_ewc_vitality-vs-spirit_mirage,zont1x,CT,2,102.5625,stop,10481,counter_fwd,171.875,155.2854461669922,34.496253967285156,0.0,0.0,,,0.0,48.486785888671875,,,,,,,,,,,
2026-08-21_ewc_vitality-vs-spirit_mirage,zont1x,CT,2,102.5625,stop,10632,counterstrafe,15.625,150.47364807128906,27.769495010375977,0.0,0.0,,,1.0,6.791259765625,,,,,,,,,,,
2026-08-21_ewc_vitality-vs-spirit_mirage,zont1x,CT,2,102.5625,stop,10710,counterstrafe,78.125,168.8828582763672,34.150447845458984,1.0,1.0,171.875,10.16433334350586,1.0,1.4093475341796875,,,,,,,,,,,
2026-08-21_ewc_vitality-vs-spirit_mirage,zont1x,CT,2,102.5625,stop,10778,counterstrafe,296.875,161.3031005859375,25.98527717590332,0.0,1.0,15.625,27.98196792602539,0.0,1.640045166015625,,,,,,,,,,,
2026-08-21_ewc_vitality-vs-spirit_mirage,zont1x,CT,2,102.5625,stop,12857,counterstrafe,93.75,157.88671875,31.841136932373047,0.0,0.0,,,1.0,0.06903076171875,,,,,,,,,,,
2026-08-21_ewc_vitality-vs-spirit_mirage,zont1x,CT,2,102.5625,stop,12897,counterstrafe,93.75,160.68067932128906,19.520204544067383,0.0,0.0,,,0.0,0.138702392578125,,,,,,,,,,,
2026-08-21_ewc_vitality-vs-spirit_mirage,zont1x,CT,2,102.5625,stop,12940,counterstrafe,78.125,160.74786376953125,23.14634895324707,0.0,0.0,,,0.0,0.0,,,,,,,,,,,
2026-08-21_ewc_vitality-vs-spirit_mirage,zont1x,CT,2,102.5625,stop,13095,counterstrafe,312.5,158.80519104003906,32.981929779052734,0.0,1.0,0.0,32.981929779052734,0.0,3.9272689819335938,,,,,,,,,,,
2026-08-21_ewc_vitality-vs-spirit_mirage,zont1x,CT,2,102.5625,stop,13144,release,78.125,160.6746826171875,32.23891067504883,0.0,1.0,0.0,32.23891067504883,0.0,0.3234100341796875,,,,,,,,,,,
2026-08-21_ewc_vitality-vs-spirit_mirage,zont1x,CT,2,102.5625,stop,13183,counterstrafe,78.125,159.7936553955078,19.57969093322754,0.0,1.0,0.0,19.57969093322754,1.0,3.3724594116210938,,,,,,,,,,,
2026-08-21_ewc_vitality-vs-spirit_mirage,zont1x,CT,2,102.5625,stop,13201,counterstrafe,359.375,159.7936553955078,29.01204490661621,0.0,1.0,0.0,29.01204490661621,1.0,3.3724594116210938,,,,,,,,,,,
2026-08-21_ewc_vitality-vs-spirit_mirage,zont1x,CT,2,102.5625,stop,13222,counterstrafe,46.875,157.44659423828125,22.351181030273438,0.0,1.0,0.0,22.351181030273438,1.0,0.1847076416015625,,,,,,,,,,,
2026-08-21_ewc_vitality-vs-spirit_mirage,zont1x,CT,2,102.5625,stop,13250,counterstrafe,109.375,162.9107208251953,16.387805938720703,0.0,1.0,0.0,16.387805938720703,1.0,0.0693511962890625,,,,,,,,,,,
2026-08-21_ewc_vitality-vs-spirit_mirage,zont1x,CT,2,102.5625,stop,13279,counterstrafe,156.25,156.49554443359375,18.638975143432617,0.0,1.0,0.0,18.638975143432617,1.0,0.6698226928710938,,,,,,,,,,,
2026-08-21_ewc_vitality-vs-spirit_mirage,zont1x,CT,2,102.5625,stop,13448,counterstrafe,375.0,151.28125,33.600608825683594,1.0,0.0,,,1.0,10.441131591796875,,,,,,,,,,,
2026-08-21_ewc_vitality-vs-spirit_mirage,zont1x,CT,2,102.5625,stop,13711,release,187.5,158.1653594970703,24.5625,0.0,0.0,,,1.0,1.2012863159179688,,,,,,,,,,,
2026-08-21_ewc_vitality-vs-spirit_mirage,zont1x,CT,2,102.5625,stop,13721,counterstrafe,343.75,158.1653594970703,11.884684562683105,0.0,0.0,,,1.0,1.825103759765625,,,,,,,,,,,
2026-08-21_ewc_vitality-vs-spirit_mirage,zont1x,CT,2,102.5625,stop,13902,counterstrafe,93.75,155.04864501953125,34.52195358276367,0.0,0.0,,,1.0,0.0,,,,,,,,,,,
2026-08-21_ewc_vitality-vs-spirit_mirage,zont1x,CT,2,102.5625,stop,13931,counterstrafe,93.75,152.70965576171875,32.446102142333984,0.0,0.0,,,1.0,0.023345947265625,,,,,,,,,,,
2026-08-21_ewc_vitality-vs-spirit_mirage,zont1x,CT,2,102.5625,stop,13958,counterstrafe,109.375,158.13629150390625,28.95500373840332,0.0,0.0,,,1.0,0.0,,,,,,,,,,,
2026-08-21_ewc_vitality-vs-spirit_mirage,zont1x,CT,2,102.5625,stop,14229,counterstrafe,93.75,155.56414794921875,27.489479064941406,0.0,0.0,,,1.0,0.0,,,,,,,,,,,
2026-08-21_ewc_vitality-vs-spirit_mirage,zont1x,CT,2,102.5625,stop,14310,counterstrafe,78.125,154.9611053466797,19.66839599609375,0.0,0.0,,,0.0,0.0,,,,,,,,,,,
2026-08-21_ewc_vitality-vs-spirit_mirage,zont1x,CT,2,102.5625,stop,14490,counterstrafe,125.0,161.69207763671875,33.260520935058594,1.0,1.0,0.0,33.260520935058594,1.0,2.5179290771484375,,,,,,,,,,,
2026-08-21_ewc_vitality-vs-spirit_mirage,zont1x,CT,2,102.5625,stop,14573,counterstrafe,125.0,152.90504455566406,31.74358367919922,0.0,1.0,0.0,31.74358367919922,0.0,3.81158447265625,,,,,,,,,,,
2026-08-21_ewc_vitality-vs-spirit_mirage,zont1x,CT,2,102.5625,stop,14647,counterstrafe,78.125,159.31666564941406,19.193307876586914,0.0,0.0,,,1.0,0.3464202880859375,,,,,,,,,,,
2026-08-21_ewc_vitality-vs-spirit_mirage,zont1x,CT,2,102.5625,stop,14713,counterstrafe,46.875,165.26171875,30.794342041015625,0.0,1.0,0.0,30.794342041015625,1.0,2.333221435546875,,,,,,,,,,,
2026-08-21_ewc_vitality-vs-spirit_mirage,zont1x,CT,2,102.5625,stop,14718,counterstrafe,125.0,165.26171875,31.171253204345703,1.0,1.0,0.0,31.171253204345703,1.0,3.3264617919921875,,,,,,,,,,,
2026-08-21_ewc_vitality-vs-spirit_mirage,zont1x,CT,2,102.5625,stop,14797,counterstrafe,109.375,161.8955841064453,31.473602294921875,0.0,0.0,,,0.0,0.369415283203125,,,,,,,,,,,
2026-08-21_ewc_vitality-vs-spirit_mirage,zont1x,CT,2,102.5625,stop,14829,counter_fwd,156.25,150.70101928710938,24.686721801757812,0.0,1.0,0.0,24.686721801757812,0.0,42.9197998046875,,,,,,,,,,,
2026-08-21_ewc_vitality-vs-spirit_mirage,zont1x,CT,2,102.5625,stop,14836,counter_fwd,265.625,150.70101928710938,29.83167839050293,0.0,1.0,203.125,80.22134399414062,0.0,46.870086669921875,,,,,,,,,,,
2026-08-21_ewc_vitality-vs-spirit_mirage,zont1x,CT,2,102.5625,stop,15266,counterstrafe,78.125,164.3567352294922,23.478294372558594,0.0,0.0,,,1.0,0.600799560546875,,,,,,,,,,,
2026-08-21_ewc_vitality-vs-spirit_mirage,zont1x,CT,2,102.5625,stop,15371,counterstrafe,93.75,170.04884338378906,29.265239715576172,0.0,1.0,0.0,29.265239715576172,0.0,0.27740478515625,,,,,,,,,,,
2026-08-21_ewc_vitality-vs-spirit_mirage,zont1x,CT,2,102.5625,peek,10508,,,,,,,,,,,jiggle,36.17509408431417,843.75,843.75,1.0,143.3883056640625,0.0,9.217193603515625,0.0,3.0820306790222998,0.0
2026-08-21_ewc_vitality-vs-spirit_mirage,zont1x,CT,2,102.5625,peek,10590,,,,,,,,,,,traversal,66.73854946546437,625.0,1281.25,1.0,184.65394592285156,0.0,51.44380187988281,0.0,0.8124160496346118,0.0
2026-08-21_ewc_vitality-vs-spirit_mirage,zont1x,CT,2,102.5625,peek,10738,,,,,,,,,,,traversal,60.00577470813613,796.875,4984.375,0.0,189.46246337890625,0.0,2.77197265625,2.0,0.9925412722411424,0.0
2026-08-21_ewc_vitality-vs-spirit_mirage,zont1x,CT,2,102.5625,peek,11809,,,,,,,,,,,traversal,107.48587188229116,1484.375,4984.375,0.0,159.78224182128906,0.1875,3.7655487060546875,0.0,0.44060085286915796,0.0
2026-08-21_ewc_vitality-vs-spirit_mirage,zont1x,CT,2,102.5625,peek,12182,,,,,,,,,,,traversal,166.57655629945788,1484.375,4984.375,0.0,163.15260314941406,0.7395833333333334,127.41941833496094,0.0,0.9200726293942773,1.0
2026-08-21_ewc_vitality-vs-spirit_mirage,zont1x,CT,2,102.5625,peek,12836,,,,,,,,,,,jiggle,35.348585181761806,328.125,328.125,1.0,162.5358428955078,0.0,2.171539306640625,0.0,1.6828987901766215,0.0
2026-08-21_ewc_vitality-vs-spirit_mirage,zont1x,CT,2,102.5625,peek,12914,,,,,,,,,,,commit,139.9654223692098,1359.375,4984.375,0.0,190.1023406982422,0.5454545454545454,216.35507202148438,5.0,1.8979792469598462,1.0
2026-08-21_ewc_vitality-vs-spirit_mirage,zont1x,CT,2,102.5625,peek,13319,,,,,,,,,,,commit,254.631483631099,1484.375,4984.375,0.0,225.0038299560547,0.0,296.3503646850586,0.0,1.5832435068752666,0.0
2026-08-21_ewc_vitality-vs-spirit_mirage,zont1x,CT,2,102.5625,peek,13681,,,,,,,,,,,commit,50.65353809904039,468.75,4984.375,0.0,168.3403778076172,0.0,5.4979705810546875,1.0,2.0574617774364956,0.0
2026-08-21_ewc_vitality-vs-spirit_mirage,zont1x,CT,2,102.5625,peek,14284,,,,,,,,,,,commit,127.49526954557916,1484.375,4984.375,0.0,188.47950744628906,0.0,15.523330688476562,3.0,2.3727350107692877,0.0
2026-08-21_ewc_vitality-vs-spirit_mirage,zont1x,CT,2,102.5625,peek,14744,,,,,,,,,,,traversal,105.56486875765992,906.25,4984.375,0.0,186.61163330078125,0.0,90.36771392822266,3.0,0.9417210867677938,0.0
2026-08-21_ewc_vitality-vs-spirit_mirage,zont1x,CT,2,102.5625,peek,15408,,,,,,,,,,,traversal,322.3376290714276,1484.375,4984.375,0.0,240.00628662109375,0.0,218.01754760742188,4.0,1.0933657902049632,0.0
2026-08-21_ewc_vitality-vs-spirit_mirage,zont1x,CT,3,107.4375,stop,17366,release,15.625,249.99449157714844,10.744241714477539,0.0,0.0,,,1.0,0.0,,,,,,,,,,,
2026-08-21_ewc_vitality-vs-spirit_mirage,zont1x,CT,3,107.4375,stop,18496,counterstrafe,109.375,156.103515625,29.804811477661133,0.0,0.0,,,1.0,0.0,,,,,,,,,,,
2026-08-21_ewc_vitality-vs-spirit_mirage,zont1x,CT,3,107.4375,stop,19927,counterstrafe,109.375,162.88319396972656,17.234907150268555,0.0,0.0,,,1.0,0.023345947265625,,,,,,,,,,,
2026-08-21_ewc_vitality-vs-spirit_mirage,zont1x,CT,3,107.4375,stop,20019,counterstrafe,93.75,153.51318359375,15.383341789245605,0.0,0.0,,,1.0,0.0229949951171875,,,,,,,,,,,
2026-08-21_ewc_vitality-vs-spirit_mirage,zont1x,CT,3,107.4375,stop,20134,counterstrafe,359.375,153.88258361816406,22.344249725341797,0.0,0.0,,,1.0,0.0,,,,,,,,,,,
2026-08-21_ewc_vitality-vs-spirit_mirage,zont1x,CT,3,107.4375,stop,20246,counterstrafe,125.0,153.91162109375,23.739118576049805,0.0,0.0,,,1.0,0.0,,,,,,,,,,,
2026-08-21_ewc_vitality-vs-spirit_mirage,zont1x,CT,3,107.4375,stop,20357,counterstrafe,109.375,153.53857421875,28.485031127929688,0.0,0.0,,,1.0,0.0,,,,,,,,,,,
2026-08-21_ewc_vitality-vs-spirit_mirage,zont1x,CT,3,107.4375,stop,20590,counterstrafe,78.125,154.0172882080078,20.53224754333496,0.0,0.0,,,1.0,0.254058837890625,,,,,,,,,,,
2026-08-21_ewc_vitality-vs-spirit_mirage,zont1x,CT,3,107.4375,stop,20794,counter_fwd,187.5,154.0501251220703,14.680693626403809,0.0,1.0,15.625,13.022525787353516,0.0,0.0690155029296875,,,,,,,,,,,
2026-08-21_ewc_vitality-vs-spirit_mirage,zont1x,CT,3,107.4375,stop,21274,counterstrafe,78.125,154.84603881835938,32.60152816772461,0.0,0.0,,,1.0,0.230712890625,,,,,,,,,,,
2026-08-21_ewc_vitality-vs-spirit_mirage,zont1x,CT,3,107.4375,stop,21508,counterstrafe,78.125,152.8016815185547,29.963375091552734,0.0,0.0,,,1.0,0.0693359375,,,,,,,,,,,
2026-08-21_ewc_vitality-vs-spirit_mirage,zont1x,CT,3,107.4375,stop,21553,counterstrafe,312.5,150.93572998046875,21.907604217529297,0.0,0.0,,,1.0,1.8247528076171875,,,,,,,,,,,
2026-08-21_ewc_vitality-vs-spirit_mirage,zont1x,CT,3,107.4375,stop,21817,counter_fwd,78.125,157.4782257080078,26.68564224243164,0.0,1.0,0.0,26.68564224243164,0.0,0.0463409423828125,,,,,,,,,,,
2026-08-21_ewc_vitality-vs-spirit_mirage,zont1x,CT,3,107.4375,stop,21887,release,62.5,165.85031127929688,30.505149841308594,0.0,1.0,46.875,42.43168258666992,1.0,0.0,,,,,,,,,,,
2026-08-21_ewc_vitality-vs-spirit_mirage,zont1x,CT,3,107.4375,stop,23273,counterstrafe,78.125,171.59674072265625,31.52315902709961,0.0,0.0,,,0.0,0.0229949951171875,,,,,,,,,,,
2026-08-21_ewc_vitality-vs-spirit_mirage,zont1x,CT,3,107.4375,stop,23438,counter_fwd,78.125,155.27662658691406,18.380977630615234,0.0,1.0,281.25,176.1569061279297,0.0,0.0,,,,,,,,,,,
2026-08-21_ewc_vitality-vs-spirit_mirage,zont1x,CT,3,107.4375,stop,23501,counterstrafe,93.75,169.91253662109375,21.72223663330078,0.0,0.0,,,1.0,0.023345947265625,,,,,,,,,,,
2026-08-21_ewc_vitality-vs-spirit_mirage,zont1x,CT,3,107.4375,stop,23517,counterstrafe,343.75,169.91253662109375,21.21255874633789,0.0,0.0,,,1.0,5.4979705810546875,,,,,,,,,,,
2026-08-21_ewc_vitality-vs-spirit_mirage,zont1x,CT,3,107.4375,stop,23549,counterstrafe,78.125,151.6238250732422,33.2384147644043,0.0,0.0,,,1.0,0.0,,,,,,,,,,,
2026-08-21_ewc_vitality-vs-spirit_mirage,zont1x,CT,3,107.4375,stop,23563,counterstrafe,296.875,151.6238250732422,31.93464469909668,0.0,0.0,,,1.0,4.7587890625,,,,,,,,,,,
2026-08-21_ewc_vitality-vs-spirit_mirage,zont1x,CT,3,107.4375,stop,23607,counterstrafe,78.125,172.26571655273438,28.595890045166016,0.0,1.0,0.0,28.595890045166016,0.0,1.33929443359375,,,,,,,,,,,
2026-08-21_ewc_vitality-vs-spirit_mirage,zont1x,CT,3,107.4375,stop,23615,counterstrafe,203.125,172.26571655273438,29.908409118652344,0.0,1.0,0.0,29.908409118652344,0.0,3.372467041015625,,,,,,,,,,,
2026-08-21_ewc_vitality-vs-spirit_mirage,zont1x,CT,3,107.4375,stop,23757,release,250.0,160.74917602539062,34.42747497558594,0.0,0.0,,,0.0,6.0290985107421875,,,,,,,,,,,
2026-08-21_ewc_vitality-vs-spirit_mirage,zont1x,CT,3,107.4375,stop,23871,counterstrafe,78.125,174.86973571777344,30.3349666595459,0.0,0.0,,,1.0,0.023345947265625,,,,,,,,,,,
2026-08-21_ewc_vitality-vs-spirit_mirage,zont1x,CT,3,107.4375,stop,23886,counterstrafe,312.5,174.86973571777344,0.0,0.0,0.0,,,0.0,0.023345947265625,,,,,,,,,,,
2026-08-21_ewc_vitality-vs-spirit_mirage,zont1x,CT,3,107.4375,stop,23934,counterstrafe,78.125,150.877685546875,20.65500831604004,0.0,0.0,,,1.0,0.0,,,,,,,,,,,
2026-08-21_ewc_vitality-vs-spirit_mirage,zont1x,CT,3,107.4375,stop,24209,counterstrafe,312.5,155.48878479003906,28.19273567199707,1.0,1.0,0.0,28.19273567199707,1.0,3.0493927001953125,,,,,,,,,,,
2026-08-21_ewc_vitality-vs-spirit_mirage,zont1x,CT,3,107.4375,peek,18465,,,,,,,,,,,jiggle,57.25627106153061,484.375,671.875,1.0,193.78173828125,0.0,1.9174575805664062,0.0,3.109876859542006,0.0
2026-08-21_ewc_vitality-vs-spirit_mirage,zont1x,CT,3,107.4375,peek,19522,,,,,,,,,,,traversal,173.7573232471495,1484.375,4984.375,0.0,130.00865173339844,1.0,142.41128540039062,0.0,0.5712862972236389,1.0
2026-08-21_ewc_vitality-vs-spirit_mirage,zont1x,CT,3,107.4375,peek,19905,,,,,,,,,,,jiggle,35.539231058443434,328.125,328.125,1.0,164.13710021972656,0.0,0.023345947265625,0.0,2.5435747297985785,0.0
2026-08-21_ewc_vitality-vs-spirit_mirage,zont1x,CT,3,107.4375,peek,19996,,,,,,,,,,,jiggle,38.48209173674598,343.75,343.75,1.0,171.49827575683594,0.0,0.6004638671875,0.0,3.338406265359418,0.0
2026-08-21_ewc_vitality-vs-spirit_mirage,zont1x,CT,3,107.4375,peek,20099,,,,,,,,,,,jiggle,57.237991319256736,546.875,828.125,1.0,156.86366271972656,0.5833333333333334,49.272308349609375,0.0,1.9252201124674468,1.0
2026-08-21_ewc_vitality-vs-spirit_mirage,zont1x,CT,3,107.4375,peek,20221,,,,,,,,,,,jiggle,40.10203562524668,375.0,375.0,1.0,174.0795135498047,0.0,0.1847076416015625,0.0,3.3335774480207236,0.0
2026-08-21_ewc_vitality-vs-spirit_mirage,zont1x,CT,3,107.4375,peek,20299,,,,,,,,,,,jiggle,37.82099864461811,984.375,984.375,1.0,163.2210235595703,0.328125,0.5544586181640625,0.0,1.938200428160106,0.0
2026-08-21_ewc_vitality-vs-spirit_mirage,zont1x,CT,3,107.4375,peek,20461,,,,,,,,,,,narrow,79.02594290991225,703.125,1250.0,1.0,168.43898010253906,0.6304347826086957,2.6102752685546875,0.0,4.0375123578195,1.0
2026-08-21_ewc_vitality-vs-spirit_mirage,zont1x,CT,3,107.4375,peek,20569,,,,,,,,,,,jiggle,35.296436611949105,312.5,312.5,1.0,169.7856903076172,0.0,0.415771484375,0.0,3.6920840342949193,0.0
2026-08-21_ewc_vitality-vs-spirit_mirage,zont1x,CT,3,107.4375,peek,21250,,,,,,,,,,,jiggle,42.83430593241274,484.375,484.375,1.0,177.72311401367188,0.0,0.762176513671875,0.0,2.5433999309073956,0.0
2026-08-21_ewc_vitality-vs-spirit_mirage,zont1x,CT,3,107.4375,peek,21482,,,,,,,,,,,jiggle,48.89501298946108,515.625,625.0,1.0,184.870849609375,0.0,0.762176513671875,0.0,3.221949514722102,0.0
2026-08-21_ewc_vitality-vs-spirit_mirage,zont1x,CT,3,107.4375,peek,21591,,,,,,,,,,,commit,79.41152506565751,1484.375,4984.375,0.0,180.14967346191406,0.3020833333333333,8.177947998046875,2.0,2.073917720305092,0.0
2026-08-21_ewc_vitality-vs-spirit_mirage,zont1x,CT,3,107.4375,peek,23289,,,,,,,,,,,jiggle,37.63243935015742,656.25,656.25,1.0,131.62413024902344,0.0,7.3687286376953125,0.0,1.6685583611723054,0.0
2026-08-21_ewc_vitality-vs-spirit_mirage,zont1x,CT,3,107.4375,peek,23641,,,,,,,,,,,traversal,176.2616589635313,1484.375,4984.375,0.0,210.73419189453125,0.0,10.141082763671875,0.0,0.5439828691818744,0.0
2026-08-21_ewc_vitality-vs-spirit_mirage,zont1x,CT,4,89.59375,stop,29103,counterstrafe,171.875,151.56094360351562,29.453458786010742,0.0,1.0,359.375,94.93610382080078,1.0,0.6004714965820312,,,,,,,,,,,
2026-08-21_ewc_vitality-vs-spirit_mirage,zont1x,CT,4,89.59375,stop,29150,counter_fwd,78.125,158.5814971923828,30.28527069091797,0.0,0.0,,,0.0,0.0,,,,,,,,,,,
2026-08-21_ewc_vitality-vs-spirit_mirage,zont1x,CT,4,89.59375,stop,29242,counterstrafe,93.75,175.5122528076172,11.483355522155762,0.0,0.0,,,1.0,0.0,,,,,,,,,,,
2026-08-21_ewc_vitality-vs-spirit_mirage,zont1x,CT,4,89.59375,stop,29264,counterstrafe,93.75,151.72389221191406,28.770830154418945,0.0,0.0,,,1.0,0.069366455078125,,,,,,,,,,,
2026-08-21_ewc_vitality-vs-spirit_mirage,zont1x,CT,4,89.59375,stop,29292,counterstrafe,93.75,151.35018920898438,10.140767097473145,0.0,0.0,,,1.0,0.231048583984375,,,,,,,,,,,
2026-08-21_ewc_vitality-vs-spirit_mirage,zont1x,CT,4,89.59375,stop,29329,counterstrafe,78.125,153.7732391357422,23.087173461914062,0.0,0.0,,,1.0,0.0,,,,,,,,,,,
2026-08-21_ewc_vitality-vs-spirit_mirage,zont1x,CT,4,89.59375,stop,29344,counterstrafe,312.5,153.7732391357422,21.209705352783203,0.0,0.0,,,1.0,1.8017578125,,,,,,,,,,,
2026-08-21_ewc_vitality-vs-spirit_mirage,zont1x,CT,4,89.59375,stop,29375,counterstrafe,93.75,167.8859405517578,18.834575653076172,0.0,0.0,,,1.0,0.0,,,,,,,,,,,
2026-08-21_ewc_vitality-vs-spirit_mirage,zont1x,CT,4,89.59375,stop,29432,counterstrafe,78.125,157.67330932617188,28.731332778930664,0.0,0.0,,,1.0,0.0,,,,,,,,,,,
2026-08-21_ewc_vitality-vs-spirit_mirage,zont1x,CT,4,89.59375,stop,29449,counterstrafe,343.75,157.67330932617188,0.4651062786579132,0.0,0.0,,,1.0,1.039581298828125,,,,,,,,,,,
2026-08-21_ewc_vitality-vs-spirit_mirage,zont1x,CT,4,89.59375,stop,30102,counterstrafe,109.375,162.65626525878906,33.37364959716797,0.0,1.0,0.0,33.37364959716797,0.0,0.39276123046875,,,,,,,,,,,
2026-08-21_ewc_vitality-vs-spirit_mirage,zont1x,CT,4,89.59375,stop,30675,release,93.75,174.9708709716797,31.48945426940918,0.0,1.0,187.5,0.0,1.0,0.3234100341796875,,,,,,,,,,,
2026-08-21_ewc_vitality-vs-spirit_mirage,zont1x,CT,4,89.59375,stop,31284,counterstrafe,93.75,150.25189208984375,29.588966369628906,0.0,0.0,,,1.0,0.0,,,,,,,,,,,
2026-08-21_ewc_vitality-vs-spirit_mirage,zont1x,CT,4,89.59375,stop,31540,release,78.125,152.30101013183594,23.120378494262695,0.0,1.0,125.0,107.12921142578125,1.0,0.0,,,,,,,,,,,
2026-08-21_ewc_vitality-vs-spirit_mirage,zont1x,CT,4,89.59375,stop,32141,counterstrafe,78.125,155.80841064453125,25.584487915039062,0.0,0.0,,,0.0,0.3004150390625,,,,,,,,,,,
2026-08-21_ewc_vitality-vs-spirit_mirage,zont1x,CT,4,89.59375,peek,27763,,,,,,,,,,,traversal,164.9592336349082,1203.125,4984.375,0.0,222.9665069580078,0.0,75.02872467041016,1.0,0.6613571954076555,0.0
2026-08-21_ewc_vitality-vs-spirit_mirage,zont1x,CT,4,89.59375,peek,28538,,,,,,,,,,,traversal,13.540293256379986,265.625,265.625,1.0,79.08068084716797,0.9444444444444444,0.0693511962890625,0.0,0.9009198080002127,1.0
2026-08-21_ewc_vitality-vs-spirit_mirage,zont1x,CT,4,89.59375,peek,28698,,,,,,,,,,,traversal,26.79711407841167,1468.75,1468.75,1.0,52.67533493041992,1.0,1.686370849609375,0.0,0.0008765117122854026,1.0
2026-08-21_ewc_vitality-vs-spirit_mirage,zont1x,CT,4,89.59375,peek,28825,,,,,,,,,,,traversal,156.34400378545845,1484.375,2828.125,1.0,117.01106262207031,1.0,67.84536743164062,0.0,0.46864318459581467,1.0
2026-08-21_ewc_vitality-vs-spirit_mirage,zont1x,CT,4,89.59375,peek,29122,,,,,,,,,,,traversal,61.70047466802729,437.5,625.0,1.0,212.9661407470703,0.0,0.41576385498046875,1.0,0.003240963445127528,0.0
2026-08-21_ewc_vitality-vs-spirit_mirage,zont1x,CT,4,89.59375,peek,29995,,,,,,,,,,,traversal,221.42071321744592,1484.375,4984.375,0.0,225.8477325439453,0.0,20.812911987304688,2.0,0.701874707557255,0.0
2026-08-21_ewc_vitality-vs-spirit_mirage,zont1x,CT,4,89.59375,peek,30727,,,,,,,,,,,traversal,116.66517362561699,1484.375,4984.375,0.0,198.12106323242188,0.4583333333333333,0.8778839111328125,1.0,0.269132801189261,0.0
2026-08-21_ewc_vitality-vs-spirit_mirage,zont1x,CT,4,89.59375,peek,31265,,,,,,,,,,,jiggle,29.669861248774836,328.125,328.125,1.0,153.6543731689453,0.0,0.3464202880859375,0.0,2.9067459160058298,0.0
2026-08-21_ewc_vitality-vs-spirit_mirage,zont1x,CT,4,89.59375,peek,31522,,,,,,,,,,,jiggle,26.529815250205928,265.625,265.625,1.0,152.9222412109375,0.0,0.2310638427734375,0.0,2.8495477985775266,0.0
2026-08-21_ewc_vitality-vs-spirit_mirage,zont1x,CT,4,89.59375,peek,32115,,,,,,,,,,,commit,118.97737626623059,1484.375,4984.375,0.0,185.24061584472656,0.0,41.55680847167969,0.0,2.672773484617353,0.0
2026-08-21_ewc_vitality-vs-spirit_mirage,zont1x,CT,4,89.59375,peek,32477,,,,,,,,,,,traversal,259.12016789857574,1296.875,1406.25,0.0,225.0084991455078,0.0,27.997283935546875,0.0,0.16720368157571233,0.0
2026-08-21_ewc_vitality-vs-spirit_mirage,zont1x,CT,5,120.0,stop,32765,release,15.625,193.02059936523438,10.060990333557129,0.0,0.0,,,0.0,0.0,,,,,,,,,,,
2026-08-21_ewc_vitality-vs-spirit_mirage,zont1x,CT,5,120.0,stop,32869,release,93.75,153.79176330566406,32.27241134643555,0.0,0.0,,,1.0,0.0,,,,,,,,,,,
2026-08-21_ewc_vitality-vs-spirit_mirage,zont1x,CT,5,120.0,stop,35283,release,78.125,152.54237365722656,31.10267448425293,0.0,0.0,,,0.0,0.0,,,,,,,,,,,
2026-08-21_ewc_vitality-vs-spirit_mirage,zont1x,CT,5,120.0,stop,35326,release,78.125,155.50538635253906,32.33969497680664,0.0,0.0,,,1.0,0.0,,,,,,,,,,,
2026-08-21_ewc_vitality-vs-spirit_mirage,zont1x,CT,5,120.0,stop,35342,counterstrafe,328.125,155.50538635253906,22.547754287719727,0.0,0.0,,,1.0,1.0855865478515625,,,,,,,,,,,
2026-08-21_ewc_vitality-vs-spirit_mirage,zont1x,CT,5,120.0,stop,35374,counterstrafe,78.125,166.58267211914062,32.57120132446289,0.0,0.0,,,1.0,0.0,,,,,,,,,,,
2026-08-21_ewc_vitality-vs-spirit_mirage,zont1x,CT,5,120.0,stop,35441,counterstrafe,78.125,156.02932739257812,29.232868194580078,0.0,0.0,,,1.0,0.0,,,,,,,,,,,
2026-08-21_ewc_vitality-vs-spirit_mirage,zont1x,CT,5,120.0,stop,35460,counterstrafe,375.0,156.02932739257812,15.299652099609375,0.0,0.0,,,1.0,2.6106185913085938,,,,,,,,,,,
2026-08-21_ewc_vitality-vs-spirit_mirage,zont1x,CT,5,120.0,stop,35497,counterstrafe,78.125,162.97683715820312,25.89200210571289,0.0,0.0,,,1.0,0.02300262451171875,,,,,,,,,,,
2026-08-21_ewc_vitality-vs-spirit_mirage,zont1x,CT,5,120.0,stop,35557,counterstrafe,109.375,159.37261962890625,17.83222007751465,0.0,0.0,,,1.0,0.0,,,,,,,,,,,
2026-08-21_ewc_vitality-vs-spirit_mirage,zont1x,CT,5,120.0,stop,35617,counterstrafe,78.125,162.00308227539062,31.58114242553711,0.0,0.0,,,1.0,0.1153564453125,,,,,,,,,,,
2026-08-21_ewc_vitality-vs-spirit_mirage,zont1x,CT,5,120.0,stop,35680,counterstrafe,78.125,157.6512908935547,33.47571563720703,0.0,0.0,,,1.0,0.0,,,,,,,,,,,
2026-08-21_ewc_vitality-vs-spirit_mirage,zont1x,CT,5,120.0,stop,35741,counterstrafe,78.125,160.919677734375,22.877466201782227,0.0,0.0,,,1.0,0.0,,,,,,,,,,,
2026-08-21_ewc_vitality-vs-spirit_mirage,zont1x,CT,5,120.0,stop,35808,counterstrafe,78.125,150.1274871826172,25.75802993774414,0.0,0.0,,,1.0,0.023345947265625,,,,,,,,,,,
2026-08-21_ewc_vitality-vs-spirit_mirage,zont1x,CT,5,120.0,stop,35871,counterstrafe,78.125,153.71470642089844,19.12199592590332,0.0,0.0,,,1.0,0.0,,,,,,,,,,,
2026-08-21_ewc_vitality-vs-spirit_mirage,zont1x,CT,5,120.0,stop,35940,counterstrafe,93.75,164.04039001464844,20.121618270874023,0.0,0.0,,,1.0,0.0,,,,,,,,,,,
2026-08-21_ewc_vitality-vs-spirit_mirage,zont1x,CT,5,120.0,stop,36006,counterstrafe,78.125,152.0457305908203,16.30888557434082,0.0,0.0,,,1.0,0.04634857177734375,,,,,,,,,,,
2026-08-21_ewc_vitality-vs-spirit_mirage,zont1x,CT,5,120.0,stop,36068,counterstrafe,109.375,156.36744689941406,14.74264907836914,0.0,0.0,,,0.0,0.02300262451171875,,,,,,,,,,,
2026-08-21_ewc_vitality-vs-spirit_mirage,zont1x,CT,5,120.0,stop,36125,release,78.125,159.90357971191406,23.250473022460938,0.0,0.0,,,1.0,0.0,,,,,,,,,,,
2026-08-21_ewc_vitality-vs-spirit_mirage,zont1x,CT,5,120.0,stop,36194,counterstrafe,93.75,163.0250701904297,0.0,0.0,0.0,,,1.0,0.36975860595703125,,,,,,,,,,,
2026-08-21_ewc_vitality-vs-spirit_mirage,zont1x,CT,5,120.0,stop,36251,counterstrafe,93.75,168.5150146484375,16.689943313598633,0.0,0.0,,,1.0,0.0460052490234375,,,,,,,,,,,
2026-08-21_ewc_vitality-vs-spirit_mirage,zont1x,CT,5,120.0,stop,36312,counterstrafe,93.75,154.37416076660156,21.659717559814453,0.0,0.0,,,1.0,0.138702392578125,,,,,,,,,,,
2026-08-21_ewc_vitality-vs-spirit_mirage,zont1x,CT,5,120.0,stop,36976,counterstrafe,203.125,197.3375244140625,18.806833267211914,0.0,0.0,,,0.0,0.7855224609375,,,,,,,,,,,
2026-08-21_ewc_vitality-vs-spirit_mirage,zont1x,CT,5,120.0,stop,37117,counterstrafe,93.75,155.89329528808594,16.875499725341797,0.0,0.0,,,1.0,0.09235382080078125,,,,,,,,,,,
2026-08-21_ewc_vitality-vs-spirit_mirage,zont1x,CT,5,120.0,stop,37134,counterstrafe,359.375,155.89329528808594,16.415943145751953,0.0,0.0,,,1.0,0.8545303344726562,,,,,,,,,,,
2026-08-21_ewc_vitality-vs-spirit_mirage,zont1x,CT,5,120.0,stop,37170,counterstrafe,78.125,167.2989959716797,21.45983123779297,0.0,0.0,,,1.0,0.0,,,,,,,,,,,
2026-08-21_ewc_vitality-vs-spirit_mirage,zont1x,CT,5,120.0,stop,37232,counterstrafe,93.75,155.5794219970703,30.111454010009766,0.0,0.0,,,1.0,0.0,,,,,,,,,,,
2026-08-21_ewc_vitality-vs-spirit_mirage,zont1x,CT,5,120.0,stop,37249,counterstrafe,359.375,155.5794219970703,26.010696411132812,0.0,0.0,,,1.0,1.2242889404296875,,,,,,,,,,,
2026-08-21_ewc_vitality-vs-spirit_mirage,zont1x,CT,5,120.0,stop,37284,counterstrafe,78.125,160.67626953125,26.45543670654297,0.0,0.0,,,1.0,0.0,,,,,,,,,,,
2026-08-21_ewc_vitality-vs-spirit_mirage,zont1x,CT,5,120.0,stop,37344,counterstrafe,78.125,153.3271026611328,27.465913772583008,0.0,0.0,,,1.0,0.0,,,,,,,,,,,
2026-08-21_ewc_vitality-vs-spirit_mirage,zont1x,CT,5,120.0,stop,37362,counterstrafe,359.375,153.3271026611328,14.081520080566406,0.0,0.0,,,1.0,1.4783477783203125,,,,,,,,,,,
2026-08-21_ewc_vitality-vs-spirit_mirage,zont1x,CT,5,120.0,stop,37401,counterstrafe,78.125,161.94891357421875,33.90522384643555,0.0,0.0,,,1.0,0.02300262451171875,,,,,,,,,,,
2026-08-21_ewc_vitality-vs-spirit_mirage,zont1x,CT,5,120.0,stop,37461,counterstrafe,93.75,159.98126220703125,31.138202667236328,0.0,0.0,,,1.0,0.0,,,,,,,,,,,
2026-08-21_ewc_vitality-vs-spirit_mirage,zont1x,CT,5,120.0,stop,37519,counterstrafe,78.125,154.19692993164062,24.27402114868164,0.0,0.0,,,1.0,0.0,,,,,,,,,,,
2026-08-21_ewc_vitality-vs-spirit_mirage,zont1x,CT,5,120.0,stop,37586,counterstrafe,93.75,158.00112915039062,13.988052368164062,0.0,0.0,,,1.0,0.0460052490234375,,,,,,,,,,,
2026-08-21_ewc_vitality-vs-spirit_mirage,zont1x,CT,5,120.0,stop,37647,counterstrafe,78.125,151.44593811035156,28.46207618713379,0.0,0.0,,,1.0,0.0,,,,,,,,,,,
2026-08-21_ewc_vitality-vs-spirit_mirage,zont1x,CT,5,120.0,stop,37707,counterstrafe,93.75,154.3477020263672,20.249534606933594,0.0,0.0,,,1.0,0.138702392578125,,,,,,,,,,,
2026-08-21_ewc_vitality-vs-spirit_mirage,zont1x,CT,5,120.0,stop,37725,counterstrafe,375.0,154.3477020263672,18.118995666503906,0.0,0.0,,,1.0,1.5016937255859375,,,,,,,,,,,
2026-08-21_ewc_vitality-vs-spirit_mirage,zont1x,CT,5,120.0,stop,37769,release,78.125,150.52243041992188,23.546951293945312,0.0,0.0,,,1.0,0.0,,,,,,,,,,,
2026-08-21_ewc_vitality-vs-spirit_mirage,zont1x,CT,5,120.0,stop,37831,counterstrafe,93.75,153.21621704101562,16.475868225097656,0.0,0.0,,,1.0,0.04634857177734375,,,,,,,,,,,
2026-08-21_ewc_vitality-vs-spirit_mirage,zont1x,CT,5,120.0,stop,37891,counterstrafe,93.75,161.24652099609375,34.127601623535156,0.0,0.0,,,1.0,0.0,,,,,,,,,,,
2026-08-21_ewc_vitality-vs-spirit_mirage,zont1x,CT,5,120.0,stop,37956,counterstrafe,93.75,155.9124298095703,19.80109405517578,0.0,0.0,,,1.0,0.02300262451171875,,,,,,,,,,,
2026-08-21_ewc_vitality-vs-spirit_mirage,zont1x,CT,5,120.0,stop,37972,counterstrafe,343.75,155.9124298095703,33.010494232177734,0.0,0.0,,,1.0,1.3399887084960938,,,,,,,,,,,
2026-08-21_ewc_vitality-vs-spirit_mirage,zont1x,CT,5,120.0,stop,38008,counterstrafe,93.75,158.48226928710938,29.789663314819336,0.0,0.0,,,1.0,0.0,,,,,,,,,,,
2026-08-21_ewc_vitality-vs-spirit_mirage,zont1x,CT,5,120.0,stop,38127,counterstrafe,218.75,154.0016326904297,21.29987335205078,0.0,1.0,296.875,82.89937591552734,0.0,1.1089324951171875,,,,,,,,,,,
2026-08-21_ewc_vitality-vs-spirit_mirage,zont1x,CT,5,120.0,stop,38272,counter_fwd,78.125,152.23768615722656,16.01161766052246,0.0,0.0,,,0.0,0.9932327270507812,,,,,,,,,,,
2026-08-21_ewc_vitality-vs-spirit_mirage,zont1x,CT,5,120.0,stop,40033,release,125.0,172.56979370117188,31.338153839111328,0.0,0.0,,,0.0,0.1846923828125,,,,,,,,,,,
2026-08-21_ewc_vitality-vs-spirit_mirage,zont1x,CT,5,120.0,stop,40097,counterstrafe,93.75,177.25537109375,33.01448059082031,0.0,1.0,0.0,33.01448059082031,0.0,0.27740478515625,,,,,,,,,,,
2026-08-21_ewc_vitality-vs-spirit_mirage,zont1x,CT,5,120.0,stop,41488,counterstrafe,78.125,165.2333984375,18.187782287597656,0.0,0.0,,,1.0,1.016571044921875,,,,,,,,,,,
2026-08-21_ewc_vitality-vs-spirit_mirage,zont1x,CT,5,120.0,peek,32689,,,,,,,,,,,traversal,240.69765164381118,1484.375,4984.375,0.0,226.18321228027344,0.0,0.09234619140625,0.0,0.0040020457044889195,0.0
2026-08-21_ewc_vitality-vs-spirit_mirage,zont1x,CT,5,120.0,peek,35256,,,,,,,,,,,narrow,88.3623444680722,1125.0,1796.875,1.0,182.5191192626953,0.0,10.533828735351562,0.0,2.216045412272247,0.0
2026-08-21_ewc_vitality-vs-spirit_mirage,zont1x,CT,5,120.0,peek,35593,,,,,,,,,,,jiggle,42.50167030955425,375.0,375.0,1.0,177.68157958984375,0.0,2.3795700073242188,0.0,2.699857086382105,0.0
2026-08-21_ewc_vitality-vs-spirit_mirage,zont1x,CT,5,120.0,peek,35657,,,,,,,,,,,jiggle,40.71659935808036,437.5,437.5,1.0,175.92356872558594,0.0,4.065971374511719,0.0,3.4244835110913474,0.0
2026-08-21_ewc_vitality-vs-spirit_mirage,zont1x,CT,5,120.0,peek,35786,,,,,,,,,,,jiggle,37.820831184360706,406.25,406.25,1.0,172.7241973876953,0.0,4.4583892822265625,0.0,4.8944221014637215,0.0
2026-08-21_ewc_vitality-vs-spirit_mirage,zont1x,CT,5,120.0,peek,35845,,,,,,,,,,,jiggle,47.518299769841974,531.25,625.0,1.0,184.27304077148438,0.0,4.3890380859375,0.0,3.264446440091627,0.0
2026-08-21_ewc_vitality-vs-spirit_mirage,zont1x,CT,5,120.0,peek,35914,,,,,,,,,,,jiggle,47.43385146739468,500.0,578.125,1.0,185.00180053710938,0.0,6.190803527832031,0.0,3.3422895068147556,0.0
2026-08-21_ewc_vitality-vs-spirit_mirage,zont1x,CT,5,120.0,peek,35981,,,,,,,,,,,jiggle,44.375700183880056,375.0,375.0,1.0,181.86329650878906,0.0,1.571044921875,0.0,3.2936794311112187,0.0
2026-08-21_ewc_vitality-vs-spirit_mirage,zont1x,CT,5,120.0,peek,36048,,,,,,,,,,,jiggle,30.052610387166425,468.75,468.75,1.0,156.36744689941406,0.0,4.3890380859375,0.0,4.292712298219768,0.0
2026-08-21_ewc_vitality-vs-spirit_mirage,zont1x,CT,5,120.0,peek,36162,,,,,,,,,,,jiggle,36.71019486052425,609.375,609.375,1.0,170.73843383789062,0.0,4.643096923828125,0.0,5.565797473897899,0.0
2026-08-21_ewc_vitality-vs-spirit_mirage,zont1x,CT,5,120.0,peek,36291,,,,,,,,,,,jiggle,34.76915207105279,359.375,359.375,1.0,165.9963836669922,0.0,3.76556396484375,0.0,3.784052332065038,0.0
2026-08-21_ewc_vitality-vs-spirit_mirage,zont1x,CT,5,120.0,peek,36844,,,,,,,,,,,traversal,254.01768603220683,1484.375,4984.375,0.0,224.9999237060547,0.0,31.323394775390625,1.0,0.5070045055946826,0.0
2026-08-21_ewc_vitality-vs-spirit_mirage,zont1x,CT,5,120.0,peek,37209,,,,,,,,,,,jiggle,37.45564464981929,406.25,406.25,1.0,166.69036865234375,0.0,2.448577880859375,0.0,2.5256954211443645,0.0
2026-08-21_ewc_vitality-vs-spirit_mirage,zont1x,CT,5,120.0,peek,37564,,,,,,,,,,,jiggle,36.57386426642851,406.25,406.25,1.0,170.19509887695312,0.0,2.6796340942382812,0.0,3.6577585021806436,0.0
2026-08-21_ewc_vitality-vs-spirit_mirage,zont1x,CT,5,120.0,peek,37621,,,,,,,,,,,jiggle,47.02875522824769,500.0,578.125,1.0,178.96087646484375,0.0,0.9702301025390625,0.0,1.8526037091503325,0.0
2026-08-21_ewc_vitality-vs-spirit_mirage,zont1x,CT,5,120.0,peek,37744,,,,,,,,,,,jiggle,42.551059003476915,515.625,515.625,1.0,179.69039916992188,0.0,3.1880950927734375,0.0,2.1593042583498687,0.0
2026-08-21_ewc_vitality-vs-spirit_mirage,zont1x,CT,5,120.0,peek,37810,,,,,,,,,,,jiggle,33.34017203767996,390.625,390.625,1.0,163.78561401367188,0.0,2.3102188110351562,0.0,3.1929008850825897,0.0
2026-08-21_ewc_vitality-vs-spirit_mirage,zont1x,CT,5,120.0,peek,37866,,,,,,,,,,,jiggle,40.31764198696699,359.375,359.375,1.0,175.9427947998047,0.0,0.0,0.0,2.3548883796343376,0.0
2026-08-21_ewc_vitality-vs-spirit_mirage,zont1x,CT,5,120.0,peek,37935,,,,,,,,,,,jiggle,33.314215631181355,390.625,390.625,1.0,163.5738983154297,0.0,2.4025726318359375,0.0,2.74675501518487,0.0
2026-08-21_ewc_vitality-vs-spirit_mirage,zont1x,CT,5,120.0,peek,37988,,,,,,,,,,,jiggle,32.78791324398154,421.875,421.875,1.0,158.48226928710938,0.0,2.2638702392578125,0.0,1.7219380515687284,0.0
2026-08-21_ewc_vitality-vs-spirit_mirage,zont1x,CT,5,120.0,peek,38143,,,,,,,,,,,traversal,170.39298382950403,1484.375,4984.375,0.0,231.99603271484375,0.3958333333333333,36.10588073730469,2.0,0.7725644225262932,0.0
2026-08-21_ewc_vitality-vs-spirit_mirage,zont1x,CT,5,120.0,peek,40126,,,,,,,,,,,traversal,265.7638143379362,1484.375,4984.375,0.0,250.005859375,0.0,79.04833984375,3.0,0.785200826347597,0.0
2026-08-21_ewc_vitality-vs-spirit_mirage,zont1x,CT,6,33.171875,stop,41629,counterstrafe,140.625,163.05162048339844,24.852109909057617,1.0,0.0,,,0.0,0.369415283203125,,,,,,,,,,,
2026-08-21_ewc_vitality-vs-spirit_mirage,zont1x,CT,6,33.171875,stop,45165,release,15.625,213.1801300048828,10.73920726776123,0.0,0.0,,,1.0,0.0,,,,,,,,,,,
2026-08-21_ewc_vitality-vs-spirit_mirage,zont1x,CT,6,33.171875,stop,46245,counterstrafe,78.125,158.19992065429688,22.473190307617188,0.0,0.0,,,1.0,0.0,,,,,,,,,,,
2026-08-21_ewc_vitality-vs-spirit_mirage,zont1x,CT,6,33.171875,stop,46300,counterstrafe,62.5,171.76986694335938,26.2890567779541,0.0,0.0,,,1.0,2.4022369384765625,,,,,,,,,,,
2026-08-21_ewc_vitality-vs-spirit_mirage,zont1x,CT,6,33.171875,stop,46337,counterstrafe,93.75,158.11904907226562,28.37628936767578,0.0,0.0,,,0.0,1.7324066162109375,,,,,,,,,,,
2026-08-21_ewc_vitality-vs-spirit_mirage,zont1x,CT,6,33.171875,stop,46543,counterstrafe,78.125,151.47218322753906,26.743947982788086,0.0,0.0,,,1.0,0.0463409423828125,,,,,,,,,,,
2026-08-21_ewc_vitality-vs-spirit_mirage,zont1x,CT,6,33.171875,stop,46557,counterstrafe,296.875,151.47218322753906,29.984882354736328,0.0,0.0,,,1.0,0.1846923828125,,,,,,,,,,,
2026-08-21_ewc_vitality-vs-spirit_mirage,zont1x,CT,6,33.171875,peek,41646,,,,,,,,,,,traversal,301.34090043531774,1484.375,4984.375,0.0,240.00721740722656,0.0,7.993255615234375,0.0,0.36650046617960425,0.0
2026-08-21_ewc_vitality-vs-spirit_mirage,zont1x,CT,6,33.171875,peek,46375,,,,,,,,,,,traversal,160.39408292958802,1156.25,3156.25,1.0,214.91802978515625,0.41333333333333333,70.98644256591797,1.0,0.44904605728858454,0.0
2026-08-21_ewc_vitality-vs-spirit_mirage,zont1x,CT,7,93.953125,stop,53234,counterstrafe,93.75,153.00267028808594,17.27541160583496,0.0,0.0,,,1.0,0.06900787353515625,,,,,,,,,,,
2026-08-21_ewc_vitality-vs-spirit_mirage,zont1x,CT,7,93.953125,stop,53402,counterstrafe,93.75,151.7305450439453,34.0490608215332,0.0,0.0,,,0.0,0.0,,,,,,,,,,,
2026-08-21_ewc_vitality-vs-spirit_mirage,zont1x,CT,7,93.953125,stop,53593,counterstrafe,78.125,152.94664001464844,20.85869789123535,0.0,0.0,,,0.0,0.0,,,,,,,,,,,
2026-08-21_ewc_vitality-vs-spirit_mirage,zont1x,CT,7,93.953125,stop,53640,counterstrafe,78.125,158.75457763671875,30.819307327270508,0.0,0.0,,,0.0,0.1616973876953125,,,,,,,,,,,
2026-08-21_ewc_vitality-vs-spirit_mirage,zont1x,CT,7,93.953125,stop,53854,counterstrafe,93.75,159.0745391845703,18.744216918945312,0.0,0.0,,,0.0,0.20770263671875,,,,,,,,,,,
2026-08-21_ewc_vitality-vs-spirit_mirage,zont1x,CT,7,93.953125,stop,53898,counterstrafe,93.75,165.60923767089844,31.198915481567383,0.0,0.0,,,1.0,0.0,,,,,,,,,,,
2026-08-21_ewc_vitality-vs-spirit_mirage,zont1x,CT,7,93.953125,stop,54258,counterstrafe,78.125,161.66419982910156,28.43827247619629,0.0,0.0,,,1.0,0.0,,,,,,,,,,,
2026-08-21_ewc_vitality-vs-spirit_mirage,zont1x,CT,7,93.953125,stop,54299,counterstrafe,93.75,167.97044372558594,28.721731185913086,0.0,0.0,,,0.0,0.138702392578125,,,,,,,,,,,
2026-08-21_ewc_vitality-vs-spirit_mirage,zont1x,CT,7,93.953125,stop,54475,counterstrafe,78.125,156.1473846435547,27.164016723632812,0.0,0.0,,,1.0,0.0,,,,,,,,,,,
2026-08-21_ewc_vitality-vs-spirit_mirage,zont1x,CT,7,93.953125,stop,54565,counterstrafe,93.75,163.90614318847656,31.35299301147461,0.0,0.0,,,0.0,0.0,,,,,,,,,,,
2026-08-21_ewc_vitality-vs-spirit_mirage,zont1x,CT,7,93.953125,stop,54777,counterstrafe,93.75,156.11090087890625,33.049537658691406,0.0,0.0,,,0.0,0.277069091796875,,,,,,,,,,,
2026-08-21_ewc_vitality-vs-spirit_mirage,zont1x,CT,7,93.953125,stop,55838,counterstrafe,78.125,151.20327758789062,17.134193420410156,0.0,0.0,,,0.0,0.069366455078125,,,,,,,,,,,
2026-08-21_ewc_vitality-vs-spirit_mirage,zont1x,CT,7,93.953125,stop,55993,counterstrafe,93.75,150.65516662597656,31.352500915527344,0.0,0.0,,,0.0,0.600830078125,,,,,,,,,,,
2026-08-21_ewc_vitality-vs-spirit_mirage,zont1x,CT,7,93.953125,stop,56069,counterstrafe,78.125,171.46902465820312,32.459922790527344,0.0,0.0,,,1.0,0.5544662475585938,,,,,,,,,,,
2026-08-21_ewc_vitality-vs-spirit_mirage,zont1x,CT,7,93.953125,stop,56224,counterstrafe,78.125,153.8486785888672,33.751705169677734,0.0,0.0,,,0.0,0.0,,,,,,,,,,,
2026-08-21_ewc_vitality-vs-spirit_mirage,zont1x,CT,7,93.953125,stop,56299,counterstrafe,78.125,151.68023681640625,23.124853134155273,0.0,0.0,,,0.0,0.0,,,,,,,,,,,
2026-08-21_ewc_vitality-vs-spirit_mirage,zont1x,CT,7,93.953125,stop,56346,counterstrafe,78.125,164.61495971679688,24.213911056518555,0.0,0.0,,,1.0,0.0,,,,,,,,,,,
2026-08-21_ewc_vitality-vs-spirit_mirage,zont1x,CT,7,93.953125,stop,56367,counterstrafe,93.75,158.19190979003906,14.734955787658691,0.0,0.0,,,1.0,0.4387664794921875,,,,,,,,,,,
2026-08-21_ewc_vitality-vs-spirit_mirage,zont1x,CT,7,93.953125,stop,56384,counterstrafe,359.375,158.19190979003906,23.95286750793457,1.0,1.0,125.0,8.488726615905762,1.0,0.8778533935546875,,,,,,,,,,,
2026-08-21_ewc_vitality-vs-spirit_mirage,zont1x,CT,7,93.953125,stop,56516,counterstrafe,15.625,224.39247131347656,3.6252105236053467,0.0,1.0,62.5,38.580078125,1.0,0.0,,,,,,,,,,,
2026-08-21_ewc_vitality-vs-spirit_mirage,zont1x,CT,7,93.953125,stop,56599,release,78.125,151.640625,0.0,0.0,0.0,,,0.0,0.0,,,,,,,,,,,
2026-08-21_ewc_vitality-vs-spirit_mirage,zont1x,CT,7,93.953125,stop,56940,counterstrafe,78.125,169.80810546875,30.512248992919922,0.0,0.0,,,1.0,0.0,,,,,,,,,,,
2026-08-21_ewc_vitality-vs-spirit_mirage,zont1x,CT,7,93.953125,stop,57011,counterstrafe,109.375,164.77133178710938,30.981101989746094,0.0,0.0,,,0.0,0.4851226806640625,,,,,,,,,,,
2026-08-21_ewc_vitality-vs-spirit_mirage,zont1x,CT,7,93.953125,stop,57376,counterstrafe,93.75,162.15545654296875,18.895309448242188,0.0,0.0,,,1.0,0.0,,,,,,,,,,,
2026-08-21_ewc_vitality-vs-spirit_mirage,zont1x,CT,7,93.953125,stop,57390,counterstrafe,312.5,162.15545654296875,26.75060272216797,0.0,0.0,,,1.0,9.70196533203125,,,,,,,,,,,
2026-08-21_ewc_vitality-vs-spirit_mirage,zont1x,CT,7,93.953125,stop,57441,counterstrafe,78.125,155.98707580566406,18.704124450683594,0.0,0.0,,,0.0,0.0923614501953125,,,,,,,,,,,
2026-08-21_ewc_vitality-vs-spirit_mirage,zont1x,CT,7,93.953125,stop,57483,counterstrafe,78.125,155.62222290039062,32.360416412353516,0.0,0.0,,,0.0,0.069366455078125,,,,,,,,,,,
2026-08-21_ewc_vitality-vs-spirit_mirage,zont1x,CT,7,93.953125,stop,57874,counterstrafe,93.75,163.44189453125,28.320785522460938,0.0,0.0,,,0.0,0.6004638671875,,,,,,,,,,,
2026-08-21_ewc_vitality-vs-spirit_mirage,zont1x,CT,7,93.953125,stop,57922,counterstrafe,93.75,160.6029052734375,34.8135986328125,0.0,0.0,,,0.0,0.046356201171875,,,,,,,,,,,
2026-08-21_ewc_vitality-vs-spirit_mirage,zont1x,CT,7,93.953125,stop,58033,counterstrafe,125.0,155.2211456298828,31.24262237548828,0.0,0.0,,,0.0,0.0229949951171875,,,,,,,,,,,
2026-08-21_ewc_vitality-vs-spirit_mirage,zont1x,CT,7,93.953125,stop,58047,counterstrafe,343.75,155.2211456298828,28.768152236938477,0.0,0.0,,,1.0,5.7750396728515625,,,,,,,,,,,
2026-08-21_ewc_vitality-vs-spirit_mirage,zont1x,CT,7,93.953125,peek,53036,,,,,,,,,,,traversal,67.21172494238155,968.75,4984.375,0.0,99.98502349853516,1.0,11.08795166015625,0.0,0.5842153353920119,1.0
2026-08-21_ewc_vitality-vs-spirit_mirage,zont1x,CT,7,93.953125,peek,53375,,,,,,,,,,,commit,116.78157469178836,1484.375,4984.375,0.0,188.9570770263672,0.0,37.838287353515625,0.0,2.201517580892044,0.0
2026-08-21_ewc_vitality-vs-spirit_mirage,zont1x,CT,7,93.953125,peek,53833,,,,,,,,,,,narrow,82.83870759420557,1046.875,1453.125,1.0,184.20196533203125,0.0,26.58795166015625,0.0,2.3225580412777513,0.0
2026-08-21_ewc_vitality-vs-spirit_mirage,zont1x,CT,7,93.953125,peek,54321,,,,,,,,,,,commit,84.26473655902976,1484.375,4984.375,0.0,132.6433868408203,0.46875,54.26214599609375,0.0,1.1775561432987813,0.0
2026-08-21_ewc_vitality-vs-spirit_mirage,zont1x,CT,7,93.953125,peek,54757,,,,,,,,,,,traversal,164.18528661840807,1484.375,4984.375,0.0,161.3090362548828,0.6979166666666666,100.69314575195312,0.0,0.4988270623037164,1.0
2026-08-21_ewc_vitality-vs-spirit_mirage,zont1x,CT,7,93.953125,peek,55122,,,,,,,,,,,jiggle,44.591686632052465,640.625,640.625,1.0,122.87232971191406,0.6428571428571429,1.6864013671875,0.0,4.959869754972246,1.0
2026-08-21_ewc_vitality-vs-spirit_mirage,zont1x,CT,7,93.953125,peek,55328,,,,,,,,,,,jiggle,28.766820403387797,562.5,562.5,1.0,149.76788330078125,0.0,2.2408676147460938,0.0,1.7194097953461729,0.0
2026-08-21_ewc_vitality-vs-spirit_mirage,zont1x,CT,7,93.953125,peek,55369,,,,,,,,,,,traversal,36.22252707003188,750.0,750.0,1.0,95.5579605102539,0.0,81.68163299560547,0.0,0.4385505235617728,0.0
2026-08-21_ewc_vitality-vs-spirit_mirage,zont1x,CT,7,93.953125,peek,55454,,,,,,,,,,,jiggle,41.078009851376216,1453.125,1453.125,1.0,133.6204833984375,0.26595744680851063,94.70970153808594,0.0,1.076265534833667,0.0
2026-08-21_ewc_vitality-vs-spirit_mirage,zont1x,CT,7,93.953125,peek,55552,,,,,,,,,,,jiggle,56.57435485811882,671.875,875.0,1.0,117.0074691772461,0.8409090909090909,14.299057006835938,0.0,1.2615048228155057,1.0
2026-08-21_ewc_vitality-vs-spirit_mirage,zont1x,CT,7,93.953125,peek,55764,,,,,,,,,,,jiggle,22.065222938549898,250.0,250.0,1.0,139.8781280517578,0.0,1.640045166015625,0.0,3.984786897151106,0.0
2026-08-21_ewc_vitality-vs-spirit_mirage,zont1x,CT,7,93.953125,peek,55969,,,,,,,,,,,commit,141.1901831894171,1484.375,4984.375,0.0,201.53880310058594,0.23958333333333334,42.458038330078125,0.0,3.5001132857682244,0.0
2026-08-21_ewc_vitality-vs-spirit_mirage,zont1x,CT,7,93.953125,peek,56320,,,,,,,,,,,jiggle,48.50853962306436,390.625,484.375,1.0,189.21038818359375,0.0,6.16778564453125,0.0,3.813893159845432,0.0
2026-08-21_ewc_vitality-vs-spirit_mirage,zont1x,CT,7,93.953125,peek,56419,,,,,,,,,,,commit,205.37502589564306,1484.375,4984.375,0.0,230.92105102539062,0.0,157.7269287109375,2.0,3.854588891325125,0.0
2026-08-21_ewc_vitality-vs-spirit_mirage,zont1x,CT,7,93.953125,peek,57354,,,,,,,,,,,jiggle,36.79491505587871,328.125,328.125,1.0,171.39718627929688,0.0,6.1907958984375,0.0,3.542681245899918,0.0
2026-08-21_ewc_vitality-vs-spirit_mirage,zont1x,CT,7,93.953125,peek,57414,,,,,,,,,,,commit,136.33006927096076,1484.375,4984.375,0.0,192.34307861328125,0.0,28.089630126953125,0.0,5.0213606792581205,0.0
2026-08-21_ewc_vitality-vs-spirit_mirage,zont1x,CT,7,93.953125,peek,57847,,,,,,,,,,,commit,107.30709684041362,1484.375,4984.375,0.0,190.523681640625,0.0,24.139358520507812,0.0,2.3666415424023177,0.0
2026-08-21_ewc_vitality-vs-spirit_mirage,zont1x,CT,8,102.5625,stop,64271,counterstrafe,109.375,150.88363647460938,33.11638641357422,0.0,0.0,,,1.0,0.0,,,,,,,,,,,
2026-08-21_ewc_vitality-vs-spirit_mirage,zont1x,CT,8,102.5625,stop,64283,counterstrafe,296.875,150.88363647460938,29.377904891967773,0.0,1.0,312.5,150.93716430664062,1.0,1.0625762939453125,,,,,,,,,,,
2026-08-21_ewc_vitality-vs-spirit_mirage,zont1x,CT,8,102.5625,stop,64902,counterstrafe,93.75,162.32923889160156,34.412513732910156,0.0,0.0,,,0.0,0.09234619140625,,,,,,,,,,,
2026-08-21_ewc_vitality-vs-spirit_mirage,zont1x,CT,8,102.5625,stop,65582,counterstrafe,93.75,151.8827667236328,23.461332321166992,0.0,0.0,,,1.0,0.04634857177734375,,,,,,,,,,,
2026-08-21_ewc_vitality-vs-spirit_mirage,zont1x,CT,8,102.5625,stop,65598,counterstrafe,343.75,151.8827667236328,33.84121322631836,0.0,0.0,,,1.0,1.709747314453125,,,,,,,,,,,
2026-08-21_ewc_vitality-vs-spirit_mirage,zont1x,CT,8,102.5625,stop,65633,counterstrafe,93.75,161.23486328125,21.000831604003906,0.0,0.0,,,1.0,0.0,,,,,,,,,,,
2026-08-21_ewc_vitality-vs-spirit_mirage,zont1x,CT,8,102.5625,stop,65651,counterstrafe,375.0,161.23486328125,34.3783073425293,0.0,0.0,,,1.0,0.924224853515625,,,,,,,,,,,
2026-08-21_ewc_vitality-vs-spirit_mirage,zont1x,CT,8,102.5625,stop,65691,counterstrafe,93.75,152.3785400390625,22.643224716186523,0.0,0.0,,,1.0,0.13835906982421875,,,,,,,,,,,
2026-08-21_ewc_vitality-vs-spirit_mirage,zont1x,CT,8,102.5625,stop,65708,counterstrafe,359.375,152.3785400390625,30.925323486328125,0.0,0.0,,,1.0,0.9005355834960938,,,,,,,,,,,
2026-08-21_ewc_vitality-vs-spirit_mirage,zont1x,CT,8,102.5625,stop,65819,counterstrafe,93.75,156.82530212402344,19.12397575378418,0.0,0.0,,,1.0,0.34641265869140625,,,,,,,,,,,
2026-08-21_ewc_vitality-vs-spirit_mirage,zont1x,CT,8,102.5625,stop,65923,counterstrafe,93.75,160.25009155273438,16.058584213256836,0.0,0.0,,,1.0,0.04634857177734375,,,,,,,,,,,
2026-08-21_ewc_vitality-vs-spirit_mirage,zont1x,CT,8,102.5625,stop,66041,counterstrafe,93.75,160.87368774414062,29.886892318725586,0.0,0.0,,,1.0,0.0,,,,,,,,,,,
2026-08-21_ewc_vitality-vs-spirit_mirage,zont1x,CT,8,102.5625,stop,66196,counterstrafe,93.75,153.97164916992188,17.834753036499023,0.0,0.0,,,1.0,0.0460052490234375,,,,,,,,,,,
2026-08-21_ewc_vitality-vs-spirit_mirage,zont1x,CT,8,102.5625,stop,66352,counterstrafe,93.75,155.4840850830078,17.604736328125,0.0,0.0,,,1.0,0.0,,,,,,,,,,,
2026-08-21_ewc_vitality-vs-spirit_mirage,zont1x,CT,8,102.5625,stop,66466,counterstrafe,109.375,151.2825164794922,29.413419723510742,0.0,0.0,,,1.0,0.5084609985351562,,,,,,,,,,,
2026-08-21_ewc_vitality-vs-spirit_mirage,zont1x,CT,8,102.5625,stop,66555,counterstrafe,78.125,160.89462280273438,32.80630874633789,0.0,0.0,,,1.0,0.04634857177734375,,,,,,,,,,,
2026-08-21_ewc_vitality-vs-spirit_mirage,zont1x,CT,8,102.5625,stop,66686,counterstrafe,93.75,153.9810028076172,24.098398208618164,0.0,0.0,,,1.0,0.5544662475585938,,,,,,,,,,,
2026-08-21_ewc_vitality-vs-spirit_mirage,zont1x,CT,8,102.5625,stop,66781,counterstrafe,93.75,152.27261352539062,29.0060977935791,0.0,0.0,,,1.0,0.02300262451171875,,,,,,,,,,,
2026-08-21_ewc_vitality-vs-spirit_mirage,zont1x,CT,8,102.5625,stop,66797,counterstrafe,343.75,152.27261352539062,18.60640525817871,0.0,0.0,,,1.0,1.2009429931640625,,,,,,,,,,,
2026-08-21_ewc_vitality-vs-spirit_mirage,zont1x,CT,8,102.5625,stop,66830,release,109.375,156.1505126953125,28.321552276611328,0.0,0.0,,,1.0,0.0693511962890625,,,,,,,,,,,
2026-08-21_ewc_vitality-vs-spirit_mirage,zont1x,CT,8,102.5625,stop,66937,counterstrafe,78.125,151.3934783935547,30.41475486755371,0.0,0.0,,,1.0,0.02300262451171875,,,,,,,,,,,
2026-08-21_ewc_vitality-vs-spirit_mirage,zont1x,CT,8,102.5625,stop,66998,counterstrafe,93.75,156.08636474609375,21.91061019897461,0.0,0.0,,,1.0,0.11569976806640625,,,,,,,,,,,
2026-08-21_ewc_vitality-vs-spirit_mirage,zont1x,CT,8,102.5625,stop,67047,counterstrafe,93.75,154.04336547851562,20.4968204498291,0.0,0.0,,,1.0,0.0,,,,,,,,,,,
2026-08-21_ewc_vitality-vs-spirit_mirage,zont1x,CT,8,102.5625,stop,67096,release,109.375,152.57948303222656,22.22031021118164,0.0,0.0,,,1.0,0.09235382080078125,,,,,,,,,,,
2026-08-21_ewc_vitality-vs-spirit_mirage,zont1x,CT,8,102.5625,stop,67123,counterstrafe,93.75,153.1466064453125,20.165699005126953,0.0,0.0,,,1.0,0.138702392578125,,,,,,,,,,,
2026-08-21_ewc_vitality-vs-spirit_mirage,zont1x,CT,8,102.5625,stop,67149,counterstrafe,109.375,150.83773803710938,31.010562896728516,0.0,1.0,218.75,108.4542465209961,1.0,0.0,,,,,,,,,,,
2026-08-21_ewc_vitality-vs-spirit_mirage,zont1x,CT,8,102.5625,stop,67337,release,125.0,162.8129119873047,29.63048553466797,0.0,0.0,,,1.0,0.254058837890625,,,,,,,,,,,
2026-08-21_ewc_vitality-vs-spirit_mirage,zont1x,CT,8,102.5625,stop,67591,release,234.375,171.5941925048828,33.72163772583008,0.0,0.0,,,0.0,1.131927490234375,,,,,,,,,,,
2026-08-21_ewc_vitality-vs-spirit_mirage,zont1x,CT,8,102.5625,stop,67995,release,140.625,170.46176147460938,34.4681282043457,0.0,0.0,,,1.0,77.89306640625,,,,,,,,,,,
2026-08-21_ewc_vitality-vs-spirit_mirage,zont1x,CT,8,102.5625,stop,68048,counterstrafe,78.125,173.86685180664062,29.356096267700195,0.0,1.0,62.5,0.0,0.0,0.0,,,,,,,,,,,
2026-08-21_ewc_vitality-vs-spirit_mirage,zont1x,CT,8,102.5625,stop,68284,counterstrafe,93.75,181.85821533203125,27.999589920043945,0.0,0.0,,,0.0,1.0855865478515625,,,,,,,,,,,
2026-08-21_ewc_vitality-vs-spirit_mirage,zont1x,CT,8,102.5625,stop,68667,release,218.75,151.24261474609375,34.95319747924805,0.0,1.0,0.0,34.95319747924805,0.0,5.220909118652344,,,,,,,,,,,
2026-08-21_ewc_vitality-vs-spirit_mirage,zont1x,CT,8,102.5625,stop,68797,counterstrafe,93.75,152.99874877929688,30.232728958129883,0.0,0.0,,,0.0,0.41576385498046875,,,,,,,,,,,
2026-08-21_ewc_vitality-vs-spirit_mirage,zont1x,CT,8,102.5625,stop,68830,counterstrafe,93.75,161.0104522705078,26.35347557067871,0.0,1.0,0.0,26.35347557067871,1.0,0.3464202880859375,,,,,,,,,,,
2026-08-21_ewc_vitality-vs-spirit_mirage,zont1x,CT,8,102.5625,stop,68877,counterstrafe,93.75,155.40370178222656,28.566207885742188,0.0,0.0,,,1.0,0.02300262451171875,,,,,,,,,,,
2026-08-21_ewc_vitality-vs-spirit_mirage,zont1x,CT,8,102.5625,stop,68934,counterstrafe,78.125,159.4237823486328,32.01650619506836,0.0,0.0,,,1.0,0.0,,,,,,,,,,,
2026-08-21_ewc_vitality-vs-spirit_mirage,zont1x,CT,8,102.5625,stop,68951,counterstrafe,343.75,159.4237823486328,14.011988639831543,0.0,0.0,,,1.0,2.333221435546875,,,,,,,,,,,
2026-08-21_ewc_vitality-vs-spirit_mirage,zont1x,CT,8,102.5625,stop,68983,counterstrafe,78.125,150.03475952148438,34.990299224853516,0.0,0.0,,,1.0,0.09235382080078125,,,,,,,,,,,
2026-08-21_ewc_vitality-vs-spirit_mirage,zont1x,CT,8,102.5625,stop,69113,counterstrafe,78.125,152.06118774414062,17.7498722076416,0.0,1.0,31.25,0.0,1.0,1.2012939453125,,,,,,,,,,,
2026-08-21_ewc_vitality-vs-spirit_mirage,zont1x,CT,8,102.5625,stop,69192,counterstrafe,78.125,168.43499755859375,26.597965240478516,0.0,0.0,,,0.0,0.0693359375,,,,,,,,,,,
2026-08-21_ewc_vitality-vs-spirit_mirage,zont1x,CT,8,102.5625,stop,69269,counterstrafe,125.0,170.95675659179688,29.873130798339844,0.0,0.0,,,1.0,0.0,,,,,,,,,,,
2026-08-21_ewc_vitality-vs-spirit_mirage,zont1x,CT,8,102.5625,stop,69344,release,78.125,170.97755432128906,27.520830154418945,0.0,1.0,156.25,131.06106567382812,1.0,0.4621124267578125,,,,,,,,,,,
2026-08-21_ewc_vitality-vs-spirit_mirage,zont1x,CT,8,102.5625,stop,69376,counterstrafe,78.125,175.78314208984375,33.70550537109375,0.0,1.0,0.0,33.70550537109375,0.0,0.4851226806640625,,,,,,,,,,,
2026-08-21_ewc_vitality-vs-spirit_mirage,zont1x,CT,8,102.5625,stop,69446,counterstrafe,78.125,162.35667419433594,30.94197654724121,0.0,0.0,,,0.0,0.0,,,,,,,,,,,
2026-08-21_ewc_vitality-vs-spirit_mirage,zont1x,CT,8,102.5625,stop,69542,release,78.125,167.837158203125,21.87506866455078,0.0,1.0,156.25,79.2734375,1.0,0.0,,,,,,,,,,,
2026-08-21_ewc_vitality-vs-spirit_mirage,zont1x,CT,8,102.5625,stop,69579,counterstrafe,93.75,157.72438049316406,27.011980056762695,0.0,1.0,234.375,64.8892593383789,1.0,0.0463409423828125,,,,,,,,,,,
2026-08-21_ewc_vitality-vs-spirit_mirage,zont1x,CT,8,102.5625,stop,69721,counterstrafe,78.125,150.55355834960938,20.7038516998291,0.0,1.0,31.25,6.00454044342041,0.0,0.254058837890625,,,,,,,,,,,
2026-08-21_ewc_vitality-vs-spirit_mirage,zont1x,CT,8,102.5625,peek,64249,,,,,,,,,,,traversal,33.4325900735546,343.75,343.75,1.0,150.93460083007812,0.0,3.026031494140625,0.0,0.8978152321559968,0.0
2026-08-21_ewc_vitality-vs-spirit_mirage,zont1x,CT,8,102.5625,peek,64876,,,,,,,,,,,traversal,151.27570007734369,1484.375,4984.375,0.0,185.7264862060547,0.6354166666666666,6.121795654296875,0.0,0.8600000185825645,1.0
2026-08-21_ewc_vitality-vs-spirit_mirage,zont1x,CT,8,102.5625,peek,65449,,,,,,,,,,,traversal,21.309728659052965,437.5,437.5,1.0,77.89376831054688,0.4482758620689655,0.5778121948242188,0.0,0.22019132240992062,0.0
2026-08-21_ewc_vitality-vs-spirit_mirage,zont1x,CT,8,102.5625,peek,65514,,,,,,,,,,,traversal,61.145265080024515,1125.0,1718.75,1.0,151.8827667236328,0.547945205479452,7.138023376464844,0.0,0.4854788373795481,1.0
2026-08-21_ewc_vitality-vs-spirit_mirage,zont1x,CT,8,102.5625,peek,65668,,,,,,,,,,,jiggle,35.38471544779663,421.875,421.875,1.0,163.9672393798828,0.0,3.603515625,0.0,2.4798069101539078,0.0
2026-08-21_ewc_vitality-vs-spirit_mirage,zont1x,CT,8,102.5625,peek,65770,,,,,,,,,,,jiggle,48.060724089498024,875.0,968.75,1.0,170.1544952392578,0.0,4.527740478515625,0.0,4.197285245918279,0.0
2026-08-21_ewc_vitality-vs-spirit_mirage,zont1x,CT,8,102.5625,peek,65878,,,,,,,,,,,jiggle,46.74127077369434,781.25,859.375,1.0,166.60574340820312,0.0,4.8511505126953125,0.0,6.091693042767064,0.0
2026-08-21_ewc_vitality-vs-spirit_mirage,zont1x,CT,8,102.5625,peek,65990,,,,,,,,,,,jiggle,57.13589126348426,875.0,1062.5,1.0,173.63902282714844,0.0,6.7916107177734375,0.0,5.324892767248866,0.0
2026-08-21_ewc_vitality-vs-spirit_mirage,zont1x,CT,8,102.5625,peek,66173,,,,,,,,,,,jiggle,39.03488900589272,453.125,453.125,1.0,172.7684326171875,0.0,2.9106903076171875,0.0,3.360647278731365,0.0
2026-08-21_ewc_vitality-vs-spirit_mirage,zont1x,CT,8,102.5625,peek,66331,,,,,,,,,,,jiggle,33.54007122033867,406.25,406.25,1.0,165.22743225097656,0.0,2.7719879150390625,0.0,4.14556141234135,0.0
2026-08-21_ewc_vitality-vs-spirit_mirage,zont1x,CT,8,102.5625,peek,66415,,,,,,,,,,,jiggle,51.1974304672942,828.125,968.75,1.0,156.60316467285156,0.0,5.1519012451171875,0.0,2.8898761184817108,0.0
2026-08-21_ewc_vitality-vs-spirit_mirage,zont1x,CT,8,102.5625,peek,66533,,,,,,,,,,,jiggle,38.23378061065328,437.5,437.5,1.0,173.4286346435547,0.0,4.042625427246094,0.0,4.569707336166957,0.0
2026-08-21_ewc_vitality-vs-spirit_mirage,zont1x,CT,8,102.5625,peek,66638,,,,,,,,,,,jiggle,46.778683167944635,843.75,921.875,1.0,159.5441131591797,0.0,5.220909118652344,0.0,4.699119696140984,0.0
2026-08-21_ewc_vitality-vs-spirit_mirage,zont1x,CT,8,102.5625,peek,66869,,,,,,,,,,,jiggle,22.102810593867098,234.375,234.375,1.0,139.4329833984375,0.0,2.3792266845703125,0.0,3.7851602086164005,0.0
2026-08-21_ewc_vitality-vs-spirit_mirage,zont1x,CT,8,102.5625,peek,66975,,,,,,,,,,,jiggle,39.91274223599812,421.875,421.875,1.0,174.0054168701172,0.0,4.550743103027344,0.0,3.4551237352527044,0.0
2026-08-21_ewc_vitality-vs-spirit_mirage,zont1x,CT,8,102.5625,peek,67385,,,,,,,,,,,commit,131.97857105543977,1421.875,4984.375,0.0,169.61868286132812,0.7065217391304348,243.4044952392578,1.0,1.193183881273373,1.0
2026-08-21_ewc_vitality-vs-spirit_mirage,zont1x,CT,8,102.5625,peek,67757,,,,,,,,,,,traversal,22.701895918659154,1046.875,1046.875,1.0,72.58413696289062,0.0,3.9272689819335938,0.0,0.39609922523451496,0.0
2026-08-21_ewc_vitality-vs-spirit_mirage,zont1x,CT,8,102.5625,peek,67923,,,,,,,,,,,traversal,166.3465769348079,890.625,4984.375,0.0,245.7823486328125,0.0,76.87649536132812,3.0,0.020514629596516662,0.0
2026-08-21_ewc_vitality-vs-spirit_mirage,zont1x,CT,8,102.5625,peek,68742,,,,,,,,,,,traversal,134.6025395529919,906.25,4984.375,0.0,218.15872192382812,0.0,17.117042541503906,1.0,0.6676945217193128,0.0
2026-08-21_ewc_vitality-vs-spirit_mirage,zont1x,CT,8,102.5625,peek,69400,,,,,,,,,,,jiggle,49.829609190146165,1109.375,1296.875,1.0,196.6818389892578,0.0,14.021652221679688,0.0,2.7189376123735824,0.0
2026-08-21_ewc_vitality-vs-spirit_mirage,zont1x,CT,9,138.203125,stop,73391,counterstrafe,78.125,154.92315673828125,17.27109146118164,0.0,0.0,,,1.0,0.0,,,,,,,,,,,
2026-08-21_ewc_vitality-vs-spirit_mirage,zont1x,CT,9,138.203125,stop,73588,counterstrafe,93.75,167.94119262695312,14.212984085083008,0.0,0.0,,,1.0,0.0923614501953125,,,,,,,,,,,
2026-08-21_ewc_vitality-vs-spirit_mirage,zont1x,CT,9,138.203125,stop,73606,counterstrafe,375.0,167.94119262695312,19.278947830200195,0.0,0.0,,,1.0,1.3626556396484375,,,,,,,,,,,
2026-08-21_ewc_vitality-vs-spirit_mirage,zont1x,CT,9,138.203125,stop,73642,counterstrafe,78.125,160.87710571289062,32.46024703979492,0.0,0.0,,,1.0,0.0,,,,,,,,,,,
2026-08-21_ewc_vitality-vs-spirit_mirage,zont1x,CT,9,138.203125,stop,73700,counterstrafe,93.75,153.31263732910156,11.005661010742188,0.0,0.0,,,1.0,0.046356201171875,,,,,,,,,,,
2026-08-21_ewc_vitality-vs-spirit_mirage,zont1x,CT,9,138.203125,stop,73717,counterstrafe,359.375,153.31263732910156,32.624507904052734,0.0,0.0,,,1.0,3.7655792236328125,,,,,,,,,,,
2026-08-21_ewc_vitality-vs-spirit_mirage,zont1x,CT,9,138.203125,stop,73756,counterstrafe,93.75,166.0738525390625,22.663537979125977,0.0,0.0,,,1.0,0.023345947265625,,,,,,,,,,,
2026-08-21_ewc_vitality-vs-spirit_mirage,zont1x,CT,9,138.203125,stop,73774,counterstrafe,375.0,166.0738525390625,11.155776977539062,0.0,0.0,,,1.0,0.7625198364257812,,,,,,,,,,,
2026-08-21_ewc_vitality-vs-spirit_mirage,zont1x,CT,9,138.203125,stop,73812,counterstrafe,93.75,161.11231994628906,18.925901412963867,0.0,0.0,,,1.0,0.0693511962890625,,,,,,,,,,,
2026-08-21_ewc_vitality-vs-spirit_mirage,zont1x,CT,9,138.203125,stop,73829,counterstrafe,359.375,161.11231994628906,9.303741455078125,0.0,0.0,,,1.0,2.2868728637695312,,,,,,,,,,,
2026-08-21_ewc_vitality-vs-spirit_mirage,zont1x,CT,9,138.203125,stop,73873,counterstrafe,93.75,172.97402954101562,17.21262550354004,0.0,0.0,,,1.0,0.27740478515625,,,,,,,,,,,
2026-08-21_ewc_vitality-vs-spirit_mirage,zont1x,CT,9,138.203125,stop,73932,release,109.375,152.61990356445312,33.823978424072266,0.0,0.0,,,1.0,0.0,,,,,,,,,,,
2026-08-21_ewc_vitality-vs-spirit_mirage,zont1x,CT,9,138.203125,stop,74222,counterstrafe,93.75,150.1946258544922,21.41623306274414,0.0,0.0,,,1.0,0.0,,,,,,,,,,,
2026-08-21_ewc_vitality-vs-spirit_mirage,zont1x,CT,9,138.203125,stop,74239,counterstrafe,359.375,150.1946258544922,12.995856285095215,0.0,0.0,,,1.0,0.808868408203125,,,,,,,,,,,
2026-08-21_ewc_vitality-vs-spirit_mirage,zont1x,CT,9,138.203125,stop,74273,counterstrafe,78.125,163.9784393310547,27.669605255126953,0.0,0.0,,,1.0,0.0,,,,,,,,,,,
2026-08-21_ewc_vitality-vs-spirit_mirage,zont1x,CT,9,138.203125,stop,74342,counterstrafe,93.75,159.06846618652344,28.179018020629883,0.0,0.0,,,1.0,0.023345947265625,,,,,,,,,,,
2026-08-21_ewc_vitality-vs-spirit_mirage,zont1x,CT,9,138.203125,stop,74359,counterstrafe,359.375,159.06846618652344,20.26291847229004,0.0,0.0,,,1.0,0.5548095703125,,,,,,,,,,,
2026-08-21_ewc_vitality-vs-spirit_mirage,zont1x,CT,9,138.203125,stop,74396,counterstrafe,93.75,160.48789978027344,33.479217529296875,0.0,0.0,,,1.0,0.02300262451171875,,,,,,,,,,,
2026-08-21_ewc_vitality-vs-spirit_mirage,zont1x,CT,9,138.203125,stop,74462,counterstrafe,78.125,151.66415405273438,30.93149185180664,0.0,0.0,,,1.0,0.0,,,,,,,,,,,
2026-08-21_ewc_vitality-vs-spirit_mirage,zont1x,CT,9,138.203125,stop,74480,counterstrafe,359.375,151.66415405273438,20.34500503540039,0.0,0.0,,,1.0,0.7395172119140625,,,,,,,,,,,
2026-08-21_ewc_vitality-vs-spirit_mirage,zont1x,CT,9,138.203125,stop,74514,counterstrafe,78.125,165.48109436035156,23.05715560913086,0.0,0.0,,,1.0,0.0,,,,,,,,,,,
2026-08-21_ewc_vitality-vs-spirit_mirage,zont1x,CT,9,138.203125,stop,74574,counterstrafe,93.75,162.0374755859375,22.499431610107422,0.0,0.0,,,1.0,0.0,,,,,,,,,,,
2026-08-21_ewc_vitality-vs-spirit_mirage,zont1x,CT,9,138.203125,stop,74591,counterstrafe,359.375,162.0374755859375,27.51068115234375,0.0,0.0,,,1.0,1.3629913330078125,,,,,,,,,,,
2026-08-21_ewc_vitality-vs-spirit_mirage,zont1x,CT,9,138.203125,stop,74631,counterstrafe,78.125,161.15567016601562,27.80996322631836,0.0,0.0,,,1.0,0.0,,,,,,,,,,,
2026-08-21_ewc_vitality-vs-spirit_mirage,zont1x,CT,9,138.203125,stop,74692,counterstrafe,93.75,162.69271850585938,31.007226943969727,0.0,0.0,,,1.0,0.023345947265625,,,,,,,,,,,
2026-08-21_ewc_vitality-vs-spirit_mirage,zont1x,CT,9,138.203125,stop,74710,counterstrafe,375.0,162.69271850585938,22.927696228027344,0.0,0.0,,,1.0,0.7858657836914062,,,,,,,,,,,
2026-08-21_ewc_vitality-vs-spirit_mirage,zont1x,CT,9,138.203125,stop,74976,counterstrafe,125.0,159.07913208007812,34.80854415893555,0.0,0.0,,,1.0,0.11569976806640625,,,,,,,,,,,
2026-08-21_ewc_vitality-vs-spirit_mirage,zont1x,CT,9,138.203125,stop,75732,counterstrafe,93.75,161.1744842529297,33.139251708984375,0.0,0.0,,,1.0,0.09235382080078125,,,,,,,,,,,
2026-08-21_ewc_vitality-vs-spirit_mirage,zont1x,CT,9,138.203125,stop,75969,release,140.625,179.23011779785156,27.17350959777832,0.0,0.0,,,1.0,0.02300262451171875,,,,,,,,,,,
2026-08-21_ewc_vitality-vs-spirit_mirage,zont1x,CT,9,138.203125,stop,76028,counterstrafe,109.375,171.3440704345703,32.26579284667969,0.0,0.0,,,0.0,0.30040740966796875,,,,,,,,,,,
2026-08-21_ewc_vitality-vs-spirit_mirage,zont1x,CT,9,138.203125,stop,76147,counterstrafe,62.5,159.8313446044922,4.325067520141602,0.0,0.0,,,1.0,0.0,,,,,,,,,,,
2026-08-21_ewc_vitality-vs-spirit_mirage,zont1x,CT,9,138.203125,stop,76209,counterstrafe,93.75,182.84449768066406,27.668807983398438,0.0,1.0,203.125,27.41684913635254,0.0,0.41576385498046875,,,,,,,,,,,
2026-08-21_ewc_vitality-vs-spirit_mirage,zont1x,CT,9,138.203125,stop,76867,counter_fwd,187.5,160.23338317871094,14.888338088989258,0.0,1.0,0.0,14.888338088989258,0.0,0.670166015625,,,,,,,,,,,
2026-08-21_ewc_vitality-vs-spirit_mirage,zont1x,CT,9,138.203125,stop,77214,counterstrafe,296.875,156.9812774658203,34.409934997558594,0.0,0.0,,,1.0,5.544319152832031,,,,,,,,,,,
2026-08-21_ewc_vitality-vs-spirit_mirage,zont1x,CT,9,138.203125,stop,77777,counterstrafe,78.125,170.8450164794922,31.601755142211914,0.0,0.0,,,0.0,0.439117431640625,,,,,,,,,,,
2026-08-21_ewc_vitality-vs-spirit_mirage,zont1x,CT,9,138.203125,stop,78512,counterstrafe,109.375,153.93020629882812,31.15032958984375,0.0,0.0,,,1.0,0.0923614501953125,,,,,,,,,,,
2026-08-21_ewc_vitality-vs-spirit_mirage,zont1x,CT,9,138.203125,stop,78613,counterstrafe,93.75,151.13623046875,27.206289291381836,0.0,0.0,,,1.0,0.0926971435546875,,,,,,,,,,,
2026-08-21_ewc_vitality-vs-spirit_mirage,zont1x,CT,9,138.203125,stop,78722,counterstrafe,93.75,156.12904357910156,34.70343017578125,0.0,0.0,,,1.0,0.0229949951171875,,,,,,,,,,,
2026-08-21_ewc_vitality-vs-spirit_mirage,zont1x,CT,9,138.203125,stop,78845,counterstrafe,109.375,153.19638061523438,21.502408981323242,0.0,0.0,,,1.0,0.0693511962890625,,,,,,,,,,,
2026-08-21_ewc_vitality-vs-spirit_mirage,zont1x,CT,9,138.203125,stop,78992,counterstrafe,93.75,154.72970581054688,33.831939697265625,0.0,0.0,,,1.0,0.39276123046875,,,,,,,,,,,
2026-08-21_ewc_vitality-vs-spirit_mirage,zont1x,CT,9,138.203125,stop,79142,counterstrafe,93.75,154.9696807861328,28.05302619934082,0.0,0.0,,,1.0,0.0,,,,,,,,,,,
2026-08-21_ewc_vitality-vs-spirit_mirage,zont1x,CT,9,138.203125,stop,79306,counterstrafe,93.75,151.7975616455078,18.83191680908203,0.0,0.0,,,1.0,0.0,,,,,,,,,,,
2026-08-21_ewc_vitality-vs-spirit_mirage,zont1x,CT,9,138.203125,stop,79335,release,140.625,151.2940673828125,2.2437522411346436,0.0,0.0,,,1.0,33.125152587890625,,,,,,,,,,,
2026-08-21_ewc_vitality-vs-spirit_mirage,zont1x,CT,9,138.203125,stop,79442,counterstrafe,109.375,157.61419677734375,25.750383377075195,0.0,0.0,,,1.0,0.0,,,,,,,,,,,
2026-08-21_ewc_vitality-vs-spirit_mirage,zont1x,CT,9,138.203125,stop,79590,counterstrafe,93.75,162.4307861328125,31.737590789794922,0.0,0.0,,,1.0,0.0,,,,,,,,,,,
2026-08-21_ewc_vitality-vs-spirit_mirage,zont1x,CT,9,138.203125,stop,80046,counterstrafe,93.75,150.7721405029297,33.615203857421875,0.0,0.0,,,1.0,0.0229949951171875,,,,,,,,,,,
2026-08-21_ewc_vitality-vs-spirit_mirage,zont1x,CT,9,138.203125,stop,80214,release,31.25,159.49493408203125,2.243384838104248,0.0,0.0,,,0.0,0.0,,,,,,,,,,,
2026-08-21_ewc_vitality-vs-spirit_mirage,zont1x,CT,9,138.203125,stop,80397,release,31.25,153.83409118652344,31.35660743713379,0.0,0.0,,,1.0,0.0,,,,,,,,,,,
2026-08-21_ewc_vitality-vs-spirit_mirage,zont1x,CT,9,138.203125,stop,80402,release,109.375,153.83409118652344,22.237998962402344,0.0,0.0,,,1.0,0.0,,,,,,,,,,,
2026-08-21_ewc_vitality-vs-spirit_mirage,zont1x,CT,9,138.203125,stop,80485,counterstrafe,109.375,150.54095458984375,18.102195739746094,0.0,0.0,,,1.0,0.231048583984375,,,,,,,,,,,
2026-08-21_ewc_vitality-vs-spirit_mirage,zont1x,CT,9,138.203125,peek,73364,,,,,,,,,,,commit,50.4005446467331,406.25,4984.375,0.0,189.24932861328125,0.0,2.0331573486328125,0.0,3.9880059370553704,0.0
2026-08-21_ewc_vitality-vs-spirit_mirage,zont1x,CT,9,138.203125,peek,73846,,,,,,,,,,,jiggle,50.108315427489515,406.25,609.375,1.0,186.94325256347656,0.0,3.2571029663085938,0.0,2.284632358515415,0.0
2026-08-21_ewc_vitality-vs-spirit_mirage,zont1x,CT,9,138.203125,peek,74203,,,,,,,,,,,jiggle,27.14725560910627,359.375,359.375,1.0,150.1946258544922,0.0,1.17828369140625,0.0,2.3511569017357736,0.0
2026-08-21_ewc_vitality-vs-spirit_mirage,zont1x,CT,9,138.203125,peek,74318,,,,,,,,,,,jiggle,40.651199301618284,421.875,421.875,1.0,171.30926513671875,0.0,1.96380615234375,0.0,2.244881144909962,0.0
2026-08-21_ewc_vitality-vs-spirit_mirage,zont1x,CT,9,138.203125,peek,74440,,,,,,,,,,,jiggle,37.660748721765266,406.25,406.25,1.0,171.89739990234375,0.0,2.9570388793945312,0.0,4.310422327392689,0.0
2026-08-21_ewc_vitality-vs-spirit_mirage,zont1x,CT,9,138.203125,peek,74551,,,,,,,,,,,jiggle,38.64910168946478,406.25,406.25,1.0,173.27975463867188,0.0,2.8876876831054688,0.0,3.15290843033598,0.0
2026-08-21_ewc_vitality-vs-spirit_mirage,zont1x,CT,9,138.203125,peek,74732,,,,,,,,,,,traversal,114.09327399955043,1484.375,4984.375,0.0,105.43132781982422,0.0,13.213119506835938,0.0,0.2220368002288704,0.0
2026-08-21_ewc_vitality-vs-spirit_mirage,zont1x,CT,9,138.203125,peek,75176,,,,,,,,,,,traversal,54.89620850238882,1062.5,1234.375,1.0,117.0075454711914,0.7101449275362319,5.058860778808594,0.0,0.939876300837097,1.0
2026-08-21_ewc_vitality-vs-spirit_mirage,zont1x,CT,9,138.203125,peek,75299,,,,,,,,,,,jiggle,25.821935789354576,1468.75,1468.75,1.0,145.3644561767578,0.0,5.868072509765625,0.0,2.533046054889736,0.0
2026-08-21_ewc_vitality-vs-spirit_mirage,zont1x,CT,9,138.203125,peek,75397,,,,,,,,,,,jiggle,27.762942703703636,781.25,781.25,1.0,121.94470977783203,0.37254901960784315,1.6400527954101562,0.0,18.933832424308495,0.0
2026-08-21_ewc_vitality-vs-spirit_mirage,zont1x,CT,9,138.203125,peek,75449,,,,,,,,,,,traversal,75.69058095682689,1484.375,4984.375,0.0,121.6256332397461,0.0,1.4319992065429688,0.0,0.3695139195153523,0.0
2026-08-21_ewc_vitality-vs-spirit_mirage,zont1x,CT,9,138.203125,peek,76096,,,,,,,,,,,narrow,114.93266436663576,781.25,1281.25,1.0,159.83511352539062,0.0,2.1715164184570312,0.0,34.17762364571355,0.0
2026-08-21_ewc_vitality-vs-spirit_mirage,zont1x,CT,9,138.203125,peek,77458,,,,,,,,,,,traversal,110.9454716605474,1484.375,4984.375,0.0,181.94161987304688,0.0,7.2767333984375,0.0,0.9310840545773811,0.0
2026-08-21_ewc_vitality-vs-spirit_mirage,zont1x,CT,9,138.203125,peek,78493,,,,,,,,,,,jiggle,29.96563108327591,359.375,359.375,1.0,153.93020629882812,0.0,3.21075439453125,0.0,3.220667476730612,0.0
2026-08-21_ewc_vitality-vs-spirit_mirage,zont1x,CT,9,138.203125,peek,78593,,,,,,,,,,,jiggle,31.929446608472638,359.375,359.375,1.0,160.52536010742188,0.0,2.4489288330078125,0.0,3.8126606702390173,0.0
2026-08-21_ewc_vitality-vs-spirit_mirage,zont1x,CT,9,138.203125,peek,78704,,,,,,,,,,,jiggle,29.008223143911614,359.375,359.375,1.0,156.12904357910156,0.0,2.333221435546875,0.0,3.8671082575122204,0.0
2026-08-21_ewc_vitality-vs-spirit_mirage,zont1x,CT,9,138.203125,peek,78826,,,,,,,,,,,jiggle,28.86499385861304,359.375,359.375,1.0,153.19638061523438,0.0,4.0192718505859375,0.0,3.297285589148622,0.0
2026-08-21_ewc_vitality-vs-spirit_mirage,zont1x,CT,9,138.203125,peek,78973,,,,,,,,,,,jiggle,31.096965984105577,390.625,390.625,1.0,157.96182250976562,0.0,6.329498291015625,0.0,2.7750426831698314,0.0
2026-08-21_ewc_vitality-vs-spirit_mirage,zont1x,CT,9,138.203125,peek,79122,,,,,,,,,,,jiggle,32.54871824253418,390.625,390.625,1.0,161.37429809570312,0.0,2.841339111328125,0.0,3.010375702138445,0.0
2026-08-21_ewc_vitality-vs-spirit_mirage,zont1x,CT,9,138.203125,peek,79285,,,,,,,,,,,jiggle,33.492837312737706,390.625,390.625,1.0,163.13934326171875,0.0,0.4391021728515625,0.0,3.68485492494635,0.0
2026-08-21_ewc_vitality-vs-spirit_mirage,zont1x,CT,9,138.203125,peek,79422,,,,,,,,,,,jiggle,32.53207106497714,312.5,312.5,1.0,158.9471893310547,0.0,5.1052093505859375,0.0,3.381498901485008,0.0
2026-08-21_ewc_vitality-vs-spirit_mirage,zont1x,CT,9,138.203125,peek,79569,,,,,,,,,,,jiggle,35.49304526835656,406.25,406.25,1.0,167.2325897216797,0.0,4.134979248046875,0.0,3.2736644844512046,0.0
2026-08-21_ewc_vitality-vs-spirit_mirage,zont1x,CT,9,138.203125,peek,79721,,,,,,,,,,,jiggle,25.80740497040087,375.0,375.0,1.0,144.20233154296875,0.0,4.134979248046875,0.0,2.3224295635081504,0.0
2026-08-21_ewc_vitality-vs-spirit_mirage,zont1x,CT,9,138.203125,peek,79871,,,,,,,,,,,jiggle,22.84194637019705,390.625,390.625,1.0,135.22457885742188,0.0,0.161712646484375,0.0,2.2898461364546536,0.0
2026-08-21_ewc_vitality-vs-spirit_mirage,zont1x,CT,9,138.203125,peek,80028,,,,,,,,,,,jiggle,28.001769762702022,281.25,281.25,1.0,150.7721405029297,0.0,2.8643341064453125,0.0,3.1487524582067192,0.0
2026-08-21_ewc_vitality-vs-spirit_mirage,zont1x,CT,9,138.203125,peek,80158,,,,,,,,,,,jiggle,24.45009163393702,562.5,562.5,1.0,138.92745971679688,0.0,0.1157073974609375,0.0,2.36046937340044,0.0
2026-08-21_ewc_vitality-vs-spirit_mirage,zont1x,CT,9,138.203125,peek,80198,,,,,,,,,,,traversal,24.62715983268131,328.125,328.125,1.0,159.97552490234375,0.3181818181818182,49.5263671875,0.0,0.5503658653361464,0.0
2026-08-21_ewc_vitality-vs-spirit_mirage,zont1x,CT,9,138.203125,peek,80260,,,,,,,,,,,jiggle,21.65236226706803,234.375,234.375,1.0,137.16278076171875,0.0,4.0656280517578125,0.0,4.216632729772346,0.0
2026-08-21_ewc_vitality-vs-spirit_mirage,zont1x,CT,9,138.203125,peek,80357,,,,,,,,,,,jiggle,24.118172208407213,328.125,328.125,1.0,146.38888549804688,0.0,4.6660919189453125,0.0,6.742428643007814,0.0
2026-08-21_ewc_vitality-vs-spirit_mirage,zont1x,CT,9,138.203125,peek,80467,,,,,,,,,,,traversal,95.77783635646507,1484.375,4984.375,0.0,150.54095458984375,0.0,16.447219848632812,0.0,0.601685905851395,0.0
2026-08-21_ewc_vitality-vs-spirit_mirage,zont1x,CT,10,120.0,stop,81232,release,125.0,150.26568603515625,18.93982696533203,0.0,0.0,,,1.0,0.0,,,,,,,,,,,
2026-08-21_ewc_vitality-vs-spirit_mirage,zont1x,CT,10,120.0,stop,81258,counterstrafe,78.125,151.71311950683594,25.3046932220459,0.0,0.0,,,1.0,0.115692138671875,,,,,,,,,,,
2026-08-21_ewc_vitality-vs-spirit_mirage,zont1x,CT,10,120.0,stop,81284,release,31.25,170.515625,2.1401686668395996,0.0,0.0,,,1.0,0.0,,,,,,,,,,,
2026-08-21_ewc_vitality-vs-spirit_mirage,zont1x,CT,10,120.0,stop,81339,counterstrafe,93.75,151.37557983398438,28.31385040283203,0.0,0.0,,,1.0,0.600830078125,,,,,,,,,,,
2026-08-21_ewc_vitality-vs-spirit_mirage,zont1x,CT,10,120.0,stop,81370,release,125.0,160.40377807617188,1.472816824913025,0.0,0.0,,,1.0,1.6864013671875,,,,,,,,,,,
2026-08-21_ewc_vitality-vs-spirit_mirage,zont1x,CT,10,120.0,stop,81426,counterstrafe,93.75,152.9832000732422,20.660842895507812,0.0,0.0,,,1.0,0.231048583984375,,,,,,,,,,,
2026-08-21_ewc_vitality-vs-spirit_mirage,zont1x,CT,10,120.0,stop,81457,release,15.625,179.24807739257812,16.876564025878906,0.0,0.0,,,1.0,0.346405029296875,,,,,,,,,,,
2026-08-21_ewc_vitality-vs-spirit_mirage,zont1x,CT,10,120.0,stop,85299,counterstrafe,171.875,151.08432006835938,32.43769454956055,0.0,0.0,,,1.0,0.0,,,,,,,,,,,
2026-08-21_ewc_vitality-vs-spirit_mirage,zont1x,CT,10,120.0,stop,85333,counterstrafe,78.125,175.05625915527344,22.03670310974121,0.0,0.0,,,1.0,0.0,,,,,,,,,,,
2026-08-21_ewc_vitality-vs-spirit_mirage,zont1x,CT,10,120.0,stop,85385,release,234.375,169.16949462890625,3.4859249591827393,0.0,0.0,,,1.0,0.1850433349609375,,,,,,,,,,,
2026-08-21_ewc_vitality-vs-spirit_mirage,zont1x,CT,10,120.0,stop,85436,counterstrafe,78.125,158.9256591796875,29.945940017700195,0.0,0.0,,,1.0,0.0,,,,,,,,,,,
2026-08-21_ewc_vitality-vs-spirit_mirage,zont1x,CT,10,120.0,stop,85496,counterstrafe,62.5,161.7425994873047,1.4799481630325317,0.0,0.0,,,1.0,0.0,,,,,,,,,,,
2026-08-21_ewc_vitality-vs-spirit_mirage,zont1x,CT,10,120.0,stop,85551,release,78.125,160.06124877929688,14.161595344543457,0.0,0.0,,,1.0,0.0693511962890625,,,,,,,,,,,
2026-08-21_ewc_vitality-vs-spirit_mirage,zont1x,CT,10,120.0,stop,85651,release,78.125,168.37802124023438,17.106243133544922,0.0,0.0,,,1.0,0.0,,,,,,,,,,,
2026-08-21_ewc_vitality-vs-spirit_mirage,zont1x,CT,10,120.0,stop,85750,counterstrafe,78.125,182.05908203125,27.599403381347656,0.0,0.0,,,1.0,0.0,,,,,,,,,,,
2026-08-21_ewc_vitality-vs-spirit_mirage,zont1x,CT,10,120.0,stop,85798,counterstrafe,93.75,153.2855224609375,29.76883888244629,0.0,0.0,,,1.0,0.0,,,,,,,,,,,
2026-08-21_ewc_vitality-vs-spirit_mirage,zont1x,CT,10,120.0,stop,85844,counterstrafe,78.125,173.37745666503906,18.792261123657227,0.0,0.0,,,1.0,0.0,,,,,,,,,,,
2026-08-21_ewc_vitality-vs-spirit_mirage,zont1x,CT,10,120.0,stop,85932,release,62.5,152.04238891601562,30.28549575805664,0.0,0.0,,,1.0,0.02301025390625,,,,,,,,,,,
2026-08-21_ewc_vitality-vs-spirit_mirage,zont1x,CT,10,120.0,stop,87603,counterstrafe,109.375,152.15541076660156,17.965877532958984,0.0,0.0,,,1.0,0.0,,,,,,,,,,,
2026-08-21_ewc_vitality-vs-spirit_mirage,zont1x,CT,10,120.0,stop,87620,counterstrafe,375.0,152.15541076660156,31.266389846801758,0.0,0.0,,,0.0,16.054473876953125,,,,,,,,,,,
2026-08-21_ewc_vitality-vs-spirit_mirage,zont1x,CT,10,120.0,stop,87667,counterstrafe,78.125,157.3575439453125,22.291486740112305,0.0,0.0,,,0.0,0.0,,,,,,,,,,,
2026-08-21_ewc_vitality-vs-spirit_mirage,zont1x,CT,10,120.0,stop,89024,counterstrafe,93.75,158.48255920410156,13.025975227355957,0.0,0.0,,,1.0,0.0,,,,,,,,,,,
2026-08-21_ewc_vitality-vs-spirit_mirage,zont1x,CT,10,120.0,stop,89158,counterstrafe,78.125,159.59414672851562,23.05394172668457,0.0,0.0,,,1.0,0.0,,,,,,,,,,,
2026-08-21_ewc_vitality-vs-spirit_mirage,zont1x,CT,10,120.0,stop,89169,counterstrafe,250.0,159.59414672851562,33.7818489074707,0.0,0.0,,,1.0,2.540924072265625,,,,,,,,,,,
2026-08-21_ewc_vitality-vs-spirit_mirage,zont1x,CT,10,120.0,stop,89262,counter_fwd,93.75,156.8881072998047,34.673091888427734,0.0,0.0,,,0.0,0.0,,,,,,,,,,,
2026-08-21_ewc_vitality-vs-spirit_mirage,zont1x,CT,10,120.0,stop,89892,counterstrafe,93.75,153.0101318359375,16.546361923217773,0.0,0.0,,,1.0,0.0,,,,,,,,,,,
2026-08-21_ewc_vitality-vs-spirit_mirage,zont1x,CT,10,120.0,stop,89920,counterstrafe,78.125,150.0406036376953,23.29509925842285,0.0,0.0,,,1.0,0.0,,,,,,,,,,,
2026-08-21_ewc_vitality-vs-spirit_mirage,zont1x,CT,10,120.0,stop,89951,counterstrafe,93.75,159.58441162109375,17.971689224243164,0.0,0.0,,,0.0,0.0463409423828125,,,,,,,,,,,
2026-08-21_ewc_vitality-vs-spirit_mirage,zont1x,CT,10,120.0,stop,89987,counterstrafe,109.375,151.3583984375,34.744117736816406,0.0,0.0,,,1.0,0.0,,,,,,,,,,,
2026-08-21_ewc_vitality-vs-spirit_mirage,zont1x,CT,10,120.0,stop,90003,counterstrafe,359.375,151.3583984375,17.192487716674805,0.0,0.0,,,1.0,1.432342529296875,,,,,,,,,,,
2026-08-21_ewc_vitality-vs-spirit_mirage,zont1x,CT,10,120.0,stop,90032,counterstrafe,109.375,153.57208251953125,25.092262268066406,0.0,0.0,,,1.0,0.50811767578125,,,,,,,,,,,
2026-08-21_ewc_vitality-vs-spirit_mirage,zont1x,CT,10,120.0,stop,90048,counterstrafe,359.375,153.57208251953125,0.5307902693748474,0.0,0.0,,,1.0,2.19451904296875,,,,,,,,,,,
2026-08-21_ewc_vitality-vs-spirit_mirage,zont1x,CT,10,120.0,stop,90079,counterstrafe,93.75,156.6267547607422,29.745018005371094,0.0,0.0,,,1.0,0.34674072265625,,,,,,,,,,,
2026-08-21_ewc_vitality-vs-spirit_mirage,zont1x,CT,10,120.0,stop,90097,counterstrafe,375.0,156.6267547607422,34.528045654296875,0.0,0.0,,,1.0,2.679962158203125,,,,,,,,,,,
2026-08-21_ewc_vitality-vs-spirit_mirage,zont1x,CT,10,120.0,stop,90187,counterstrafe,109.375,157.38722229003906,30.687021255493164,0.0,0.0,,,1.0,0.0,,,,,,,,,,,
2026-08-21_ewc_vitality-vs-spirit_mirage,zont1x,CT,10,120.0,stop,90236,counterstrafe,109.375,151.4591827392578,24.153451919555664,0.0,0.0,,,1.0,0.3234100341796875,,,,,,,,,,,
2026-08-21_ewc_vitality-vs-spirit_mirage,zont1x,CT,10,120.0,stop,90297,counterstrafe,78.125,152.50990295410156,26.933483123779297,0.0,0.0,,,1.0,0.0923614501953125,,,,,,,,,,,
2026-08-21_ewc_vitality-vs-spirit_mirage,zont1x,CT,10,120.0,stop,90316,counterstrafe,375.0,152.50990295410156,19.772071838378906,0.0,0.0,,,1.0,2.4485931396484375,,,,,,,,,,,
2026-08-21_ewc_vitality-vs-spirit_mirage,zont1x,CT,10,120.0,stop,90347,counterstrafe,93.75,154.8682098388672,29.490373611450195,0.0,0.0,,,1.0,0.277069091796875,,,,,,,,,,,
2026-08-21_ewc_vitality-vs-spirit_mirage,zont1x,CT,10,120.0,stop,90363,counterstrafe,343.75,154.8682098388672,29.397674560546875,0.0,0.0,,,1.0,2.032470703125,,,,,,,,,,,
2026-08-21_ewc_vitality-vs-spirit_mirage,zont1x,CT,10,120.0,stop,90397,counterstrafe,78.125,151.146728515625,34.536590576171875,0.0,0.0,,,1.0,0.0229949951171875,,,,,,,,,,,
2026-08-21_ewc_vitality-vs-spirit_mirage,zont1x,CT,10,120.0,stop,90415,counterstrafe,359.375,151.146728515625,26.91548728942871,0.0,0.0,,,1.0,1.9171142578125,,,,,,,,,,,
2026-08-21_ewc_vitality-vs-spirit_mirage,zont1x,CT,10,120.0,stop,90445,counterstrafe,93.75,159.77655029296875,29.01363182067871,0.0,0.0,,,1.0,0.0,,,,,,,,,,,
2026-08-21_ewc_vitality-vs-spirit_mirage,zont1x,CT,10,120.0,stop,90463,counterstrafe,375.0,159.77655029296875,24.98086166381836,0.0,0.0,,,1.0,1.4320068359375,,,,,,,,,,,
2026-08-21_ewc_vitality-vs-spirit_mirage,zont1x,CT,10,120.0,stop,90502,counterstrafe,78.125,155.42286682128906,27.700027465820312,0.0,0.0,,,1.0,0.046356201171875,,,,,,,,,,,
2026-08-21_ewc_vitality-vs-spirit_mirage,zont1x,CT,10,120.0,stop,90553,release,93.75,156.17648315429688,26.75918960571289,0.0,0.0,,,1.0,0.254058837890625,,,,,,,,,,,
2026-08-21_ewc_vitality-vs-spirit_mirage,zont1x,CT,10,120.0,stop,90604,counterstrafe,93.75,151.63931274414062,24.4630126953125,0.0,0.0,,,1.0,0.02301025390625,,,,,,,,,,,
2026-08-21_ewc_vitality-vs-spirit_mirage,zont1x,CT,10,120.0,stop,90787,counterstrafe,78.125,175.28701782226562,33.100624084472656,0.0,1.0,0.0,33.100624084472656,1.0,3.34979248046875,,,,,,,,,,,
2026-08-21_ewc_vitality-vs-spirit_mirage,zont1x,CT,10,120.0,stop,90822,counterstrafe,93.75,156.60507202148438,19.901187896728516,0.0,0.0,,,1.0,0.39276123046875,,,,,,,,,,,
2026-08-21_ewc_vitality-vs-spirit_mirage,zont1x,CT,10,120.0,stop,90863,counterstrafe,78.125,165.88673400878906,26.870813369750977,0.0,0.0,,,1.0,0.531463623046875,,,,,,,,,,,
2026-08-21_ewc_vitality-vs-spirit_mirage,zont1x,CT,10,120.0,stop,90932,counterstrafe,312.5,158.53094482421875,30.545438766479492,0.0,1.0,46.875,2.9958670139312744,0.0,7.115020751953125,,,,,,,,,,,
2026-08-21_ewc_vitality-vs-spirit_mirage,zont1x,CT,10,120.0,stop,91109,release,31.25,182.3732452392578,6.083279609680176,0.0,1.0,265.625,68.91577911376953,1.0,0.7851791381835938,,,,,,,,,,,
2026-08-21_ewc_vitality-vs-spirit_mirage,zont1x,CT,10,120.0,stop,91116,release,140.625,182.3732452392578,28.78864860534668,0.0,1.0,156.25,68.91577911376953,1.0,1.6170501708984375,,,,,,,,,,,
2026-08-21_ewc_vitality-vs-spirit_mirage,zont1x,CT,10,120.0,stop,91128,counterstrafe,328.125,182.3732452392578,9.85843563079834,0.0,1.0,0.0,9.85843563079834,1.0,2.8183364868164062,,,,,,,,,,,
2026-08-21_ewc_vitality-vs-spirit_mirage,zont1x,CT,10,120.0,stop,91274,release,31.25,221.69947814941406,1.9918044805526733,0.0,0.0,,,1.0,18.503036499023438,,,,,,,,,,,
2026-08-21_ewc_vitality-vs-spirit_mirage,zont1x,CT,10,120.0,stop,91331,counterstrafe,265.625,159.8629608154297,22.859375,0.0,1.0,46.875,27.659008026123047,1.0,0.27734375,,,,,,,,,,,
2026-08-21_ewc_vitality-vs-spirit_mirage,zont1x,CT,10,120.0,stop,91353,counterstrafe,109.375,156.5830841064453,16.174209594726562,0.0,0.0,,,0.0,0.0,,,,,,,,,,,
2026-08-21_ewc_vitality-vs-spirit_mirage,zont1x,CT,10,120.0,stop,91402,counterstrafe,78.125,156.6524658203125,23.476757049560547,0.0,0.0,,,1.0,0.1157073974609375,,,,,,,,,,,
2026-08-21_ewc_vitality-vs-spirit_mirage,zont1x,CT,10,120.0,stop,91474,counterstrafe,187.5,167.45736694335938,34.366668701171875,0.0,1.0,0.0,34.366668701171875,0.0,1.7557525634765625,,,,,,,,,,,
2026-08-21_ewc_vitality-vs-spirit_mirage,zont1x,CT,10,120.0,stop,91545,counterstrafe,93.75,183.6312713623047,14.94032096862793,0.0,0.0,,,0.0,0.254058837890625,,,,,,,,,,,
2026-08-21_ewc_vitality-vs-spirit_mirage,zont1x,CT,10,120.0,peek,81200,,,,,,,,,,,jiggle,59.623185320721035,531.25,765.625,1.0,183.7890625,0.17142857142857143,22.406982421875,0.0,2.4166979225980536,0.0
2026-08-21_ewc_vitality-vs-spirit_mirage,zont1x,CT,10,120.0,peek,81301,,,,,,,,,,,jiggle,39.09693044098734,656.25,656.25,1.0,151.37557983398438,0.0,10.926605224609375,0.0,3.952583270648643,0.0
2026-08-21_ewc_vitality-vs-spirit_mirage,zont1x,CT,10,120.0,peek,85006,,,,,,,,,,,traversal,329.39303789046255,1484.375,4984.375,0.0,250.01185607910156,0.0,71.88697814941406,0.0,1.2257003772406982,0.0
2026-08-21_ewc_vitality-vs-spirit_mirage,zont1x,CT,10,120.0,peek,86234,,,,,,,,,,,traversal,157.38516262684078,1468.75,4984.375,0.0,168.37591552734375,0.8210526315789474,67.70669555664062,0.0,0.7966202766934555,1.0
2026-08-21_ewc_vitality-vs-spirit_mirage,zont1x,CT,10,120.0,peek,87585,,,,,,,,,,,commit,88.45184780371945,1484.375,4984.375,0.0,182.52198791503906,0.17708333333333334,28.089645385742188,0.0,3.163098691829152,0.0
2026-08-21_ewc_vitality-vs-spirit_mirage,zont1x,CT,10,120.0,peek,88029,,,,,,,,,,,commit,123.44589770784151,1484.375,4984.375,0.0,168.7998809814453,0.5729166666666666,67.10586547851562,0.0,3.5099857336291866,1.0
2026-08-21_ewc_vitality-vs-spirit_mirage,zont1x,CT,10,120.0,peek,88758,,,,,,,,,,,traversal,151.40205790147198,1484.375,4984.375,0.0,141.3946533203125,0.90625,4.7818145751953125,0.0,0.6154008280906984,1.0
2026-08-21_ewc_vitality-vs-spirit_mirage,zont1x,CT,10,120.0,peek,89128,,,,,,,,,,,narrow,61.198507856479345,515.625,2234.375,1.0,200.31529235839844,0.0,2.31024169921875,1.0,3.8579045903419034,0.0
2026-08-21_ewc_vitality-vs-spirit_mirage,zont1x,CT,10,120.0,peek,89833,,,,,,,,,,,jiggle,55.40642147836436,984.375,1156.25,1.0,163.322265625,0.25,13.998641967773438,0.0,2.065936365590631,0.0
2026-08-21_ewc_vitality-vs-spirit_mirage,zont1x,CT,10,120.0,peek,90272,,,,,,,,,,,jiggle,43.98452770403988,437.5,437.5,1.0,178.22967529296875,0.0,5.220916748046875,0.0,2.221780368692381,0.0
2026-08-21_ewc_vitality-vs-spirit_mirage,zont1x,CT,10,120.0,peek,90760,,,,,,,,,,,jiggle,55.70080437598006,421.875,796.875,1.0,198.8157501220703,0.0,8.108261108398438,1.0,7.719349917730235,0.0
2026-08-21_ewc_vitality-vs-spirit_mirage,zont1x,CT,10,120.0,peek,90961,,,,,,,,,,,traversal,132.9067941997135,1484.375,4984.375,0.0,223.6600341796875,0.23958333333333334,76.29972076416016,1.0,0.8019990860458158,0.0
2026-08-21_ewc_vitality-vs-spirit_mirage,zont1x,CT,10,120.0,peek,91297,,,,,,,,,,,jiggle,39.8712576467745,375.0,375.0,1.0,159.8629608154297,0.0,20.628204345703125,1.0,3.1421405584242197,0.0
2026-08-21_ewc_vitality-vs-spirit_mirage,zont1x,CT,10,120.0,peek,91374,,,,,,,,,,,commit,52.45602413841678,468.75,4984.375,0.0,189.0816192626953,0.0,4.8975067138671875,1.0,3.90208867845959,0.0
2026-08-21_ewc_vitality-vs-spirit_mirage,zont1x,CT,11,35.5625,stop,92375,counterstrafe,78.125,161.65646362304688,30.82286834716797,0.0,0.0,,,0.0,0.3003997802734375,,,,,,,,,,,
2026-08-21_ewc_vitality-vs-spirit_mirage,zont1x,CT,11,35.5625,stop,92412,counterstrafe,78.125,158.44102478027344,31.47753143310547,0.0,0.0,,,1.0,0.1383514404296875,,,,,,,,,,,
2026-08-21_ewc_vitality-vs-spirit_mirage,zont1x,CT,11,35.5625,stop,92455,counterstrafe,78.125,152.33599853515625,31.247051239013672,0.0,0.0,,,1.0,0.646820068359375,,,,,,,,,,,
2026-08-21_ewc_vitality-vs-spirit_mirage,zont1x,CT,11,35.5625,stop,92624,counter_fwd,62.5,150.73785400390625,29.26808738708496,0.0,0.0,,,0.0,0.208038330078125,,,,,,,,,,,
2026-08-21_ewc_vitality-vs-spirit_mirage,zont1x,CT,11,35.5625,stop,93964,counter_fwd,15.625,249.99830627441406,10.739326477050781,0.0,0.0,,,0.0,0.0,,,,,,,,,,,
2026-08-21_ewc_vitality-vs-spirit_mirage,zont1x,CT,11,35.5625,stop,95306,release,171.875,162.9960174560547,32.40635299682617,0.0,1.0,171.875,54.70283126831055,1.0,0.9702301025390625,,,,,,,,,,,
2026-08-21_ewc_vitality-vs-spirit_mirage,zont1x,CT,11,35.5625,stop,95624,counterstrafe,125.0,169.0580596923828,30.015926361083984,0.0,0.0,,,1.0,0.02300262451171875,,,,,,,,,,,
2026-08-21_ewc_vitality-vs-spirit_mirage,zont1x,CT,11,35.5625,stop,95701,release,125.0,154.10211181640625,29.637428283691406,0.0,1.0,0.0,29.637428283691406,0.0,0.0,,,,,,,,,,,
2026-08-21_ewc_vitality-vs-spirit_mirage,zont1x,CT,11,35.5625,stop,95852,release,78.125,158.95245361328125,25.059066772460938,0.0,0.0,,,1.0,0.0,,,,,,,,,,,
2026-08-21_ewc_vitality-vs-spirit_mirage,zont1x,CT,11,35.5625,peek,94946,,,,,,,,,,,narrow,103.63726523749773,1203.125,1765.625,1.0,172.7001190185547,0.0,10.256767272949219,0.0,1.548996226317861,0.0
2026-08-21_ewc_vitality-vs-spirit_mirage,zont1x,CT,11,35.5625,peek,95551,,,,,,,,,,,traversal,205.77194734839088,1203.125,2171.875,1.0,225.0065155029297,0.0,49.68841552734375,1.0,0.9864204362101526,0.0
2026-08-21_ewc_vitality-vs-spirit_mirage,zont1x,T,12,69.640625,stop,104306,counterstrafe,78.125,152.37176513671875,26.32402801513672,0.0,0.0,,,0.0,1.524688720703125,,,,,,,,,,,
2026-08-21_ewc_vitality-vs-spirit_mirage,zont1x,T,12,69.640625,stop,104341,counterstrafe,93.75,165.08177185058594,32.82087707519531,0.0,0.0,,,0.0,0.09234619140625,,,,,,,,,,,
2026-08-21_ewc_vitality-vs-spirit_mirage,zont1x,T,12,69.640625,stop,104475,counterstrafe,140.625,158.3053436279297,31.771411895751953,0.0,0.0,,,1.0,0.0,,,,,,,,,,,
2026-08-21_ewc_vitality-vs-spirit_mirage,zont1x,T,12,69.640625,stop,104543,counterstrafe,93.75,179.93197631835938,28.229045867919922,0.0,0.0,,,0.0,0.0,,,,,,,,,,,
2026-08-21_ewc_vitality-vs-spirit_mirage,zont1x,T,12,69.640625,stop,104657,counterstrafe,93.75,155.11807250976562,31.582077026367188,0.0,0.0,,,1.0,0.161712646484375,,,,,,,,,,,
2026-08-21_ewc_vitality-vs-spirit_mirage,zont1x,T,12,69.640625,stop,104686,counterstrafe,78.125,166.10464477539062,31.97235870361328,0.0,0.0,,,1.0,0.0,,,,,,,,,,,
2026-08-21_ewc_vitality-vs-spirit_mirage,zont1x,T,12,69.640625,stop,104709,counterstrafe,78.125,154.67462158203125,0.0,0.0,0.0,,,0.0,0.045989990234375,,,,,,,,,,,
2026-08-21_ewc_vitality-vs-spirit_mirage,zont1x,T,12,69.640625,stop,106175,counterstrafe,156.25,182.030029296875,30.180788040161133,0.0,1.0,0.0,30.180788040161133,0.0,0.115692138671875,,,,,,,,,,,
2026-08-21_ewc_vitality-vs-spirit_mirage,zont1x,T,12,69.640625,stop,106184,counterstrafe,296.875,182.030029296875,33.44252014160156,0.0,0.0,,,1.0,0.254425048828125,,,,,,,,,,,
2026-08-21_ewc_vitality-vs-spirit_mirage,zont1x,T,12,69.640625,stop,106398,counterstrafe,78.125,172.5245819091797,27.830577850341797,0.0,0.0,,,1.0,1.3166427612304688,,,,,,,,,,,
2026-08-21_ewc_vitality-vs-spirit_mirage,zont1x,T,12,69.640625,stop,106568,counterstrafe,93.75,157.88064575195312,19.949308395385742,0.0,0.0,,,1.0,0.02300262451171875,,,,,,,,,,,
2026-08-21_ewc_vitality-vs-spirit_mirage,zont1x,T,12,69.640625,stop,106789,counterstrafe,78.125,151.7960662841797,24.631786346435547,0.0,0.0,,,1.0,0.0,,,,,,,,,,,
2026-08-21_ewc_vitality-vs-spirit_mirage,zont1x,T,12,69.640625,stop,106949,counterstrafe,109.375,165.28866577148438,27.81770133972168,0.0,0.0,,,1.0,0.0460052490234375,,,,,,,,,,,
2026-08-21_ewc_vitality-vs-spirit_mirage,zont1x,T,12,69.640625,stop,106964,counterstrafe,343.75,165.28866577148438,32.03187561035156,0.0,0.0,,,1.0,1.131591796875,,,,,,,,,,,
2026-08-21_ewc_vitality-vs-spirit_mirage,zont1x,T,12,69.640625,stop,106995,counterstrafe,78.125,151.20956420898438,27.62211036682129,0.0,0.0,,,1.0,0.04634857177734375,,,,,,,,,,,
2026-08-21_ewc_vitality-vs-spirit_mirage,zont1x,T,12,69.640625,stop,107013,counterstrafe,359.375,151.20956420898438,8.635441780090332,0.0,0.0,,,1.0,0.6238174438476562,,,,,,,,,,,
2026-08-21_ewc_vitality-vs-spirit_mirage,zont1x,T,12,69.640625,stop,107049,counterstrafe,78.125,152.74810791015625,20.5045166015625,0.0,0.0,,,1.0,0.02300262451171875,,,,,,,,,,,
2026-08-21_ewc_vitality-vs-spirit_mirage,zont1x,T,12,69.640625,stop,107068,counterstrafe,375.0,152.74810791015625,19.243122100830078,0.0,0.0,,,1.0,0.9472274780273438,,,,,,,,,,,
2026-08-21_ewc_vitality-vs-spirit_mirage,zont1x,T,12,69.640625,stop,107099,counterstrafe,78.125,160.50816345214844,28.96619987487793,0.0,0.0,,,1.0,0.02300262451171875,,,,,,,,,,,
2026-08-21_ewc_vitality-vs-spirit_mirage,zont1x,T,12,69.640625,stop,107116,counterstrafe,343.75,160.50816345214844,33.867950439453125,0.0,0.0,,,1.0,0.5774688720703125,,,,,,,,,,,
2026-08-21_ewc_vitality-vs-spirit_mirage,zont1x,T,12,69.640625,stop,107152,counterstrafe,78.125,153.42520141601562,19.203386306762695,0.0,0.0,,,1.0,0.0,,,,,,,,,,,
2026-08-21_ewc_vitality-vs-spirit_mirage,zont1x,T,12,69.640625,stop,107203,counterstrafe,171.875,156.80831909179688,8.476530075073242,0.0,1.0,328.125,18.923477172851562,0.0,0.0,,,,,,,,,,,
2026-08-21_ewc_vitality-vs-spirit_mirage,zont1x,T,12,69.640625,stop,107290,counterstrafe,78.125,153.71766662597656,26.450082778930664,0.0,0.0,,,1.0,0.04634857177734375,,,,,,,,,,,
2026-08-21_ewc_vitality-vs-spirit_mirage,zont1x,T,12,69.640625,stop,107406,release,109.375,160.8455047607422,20.23618507385254,0.0,0.0,,,1.0,2.0094680786132812,,,,,,,,,,,
2026-08-21_ewc_vitality-vs-spirit_mirage,zont1x,T,12,69.640625,peek,104276,,,,,,,,,,,commit,64.8488021607389,515.625,4984.375,0.0,213.15206909179688,0.0,12.220245361328125,0.0,3.563507599910344,0.0
2026-08-21_ewc_vitality-vs-spirit_mirage,zont1x,T,12,69.640625,peek,104733,,,,,,,,,,,jiggle,24.94313039294464,265.625,265.625,1.0,148.5117645263672,0.0,0.34674072265625,0.0,2.4111598672550763,0.0
2026-08-21_ewc_vitality-vs-spirit_mirage,zont1x,T,12,69.640625,peek,106369,,,,,,,,,,,commit,109.92640276032994,1484.375,4984.375,0.0,209.7611541748047,0.0,6.0060882568359375,0.0,1.2288070795690573,0.0
2026-08-21_ewc_vitality-vs-spirit_mirage,zont1x,T,12,69.640625,peek,107318,,,,,,,,,,,traversal,102.11783697480496,1375.0,1640.625,0.0,184.0248565673828,0.3595505617977528,20.166091918945312,0.0,0.4979082247119647,0.0
2026-08-21_ewc_vitality-vs-spirit_mirage,zont1x,T,13,106.234375,stop,112805,counterstrafe,93.75,168.0740509033203,34.866641998291016,0.0,0.0,,,1.0,0.0,,,,,,,,,,,
2026-08-21_ewc_vitality-vs-spirit_mirage,zont1x,T,13,106.234375,stop,112829,release,156.25,164.5701904296875,33.770774841308594,0.0,0.0,,,1.0,0.600799560546875,,,,,,,,,,,
2026-08-21_ewc_vitality-vs-spirit_mirage,zont1x,T,13,106.234375,stop,112884,release,93.75,160.91412353515625,18.44140625,0.0,0.0,,,1.0,0.023345947265625,,,,,,,,,,,
2026-08-21_ewc_vitality-vs-spirit_mirage,zont1x,T,13,106.234375,stop,112920,counterstrafe,109.375,154.453125,25.617042541503906,0.0,0.0,,,1.0,0.0,,,,,,,,,,,
2026-08-21_ewc_vitality-vs-spirit_mirage,zont1x,T,13,106.234375,stop,112991,release,93.75,155.32826232910156,16.366455078125,0.0,0.0,,,1.0,0.0,,,,,,,,,,,
2026-08-21_ewc_vitality-vs-spirit_mirage,zont1x,T,13,106.234375,stop,113023,counterstrafe,109.375,156.9412384033203,28.303810119628906,0.0,0.0,,,1.0,0.0,,,,,,,,,,,
2026-08-21_ewc_vitality-vs-spirit_mirage,zont1x,T,13,106.234375,stop,113095,release,93.75,159.94577026367188,32.65625,0.0,0.0,,,1.0,0.0,,,,,,,,,,,
2026-08-21_ewc_vitality-vs-spirit_mirage,zont1x,T,13,106.234375,stop,113151,counterstrafe,78.125,172.7944793701172,29.10062599182129,0.0,0.0,,,1.0,0.023345947265625,,,,,,,,,,,
2026-08-21_ewc_vitality-vs-spirit_mirage,zont1x,T,13,106.234375,stop,113266,release,93.75,176.28689575195312,16.369102478027344,0.0,0.0,,,1.0,0.0,,,,,,,,,,,
2026-08-21_ewc_vitality-vs-spirit_mirage,zont1x,T,13,106.234375,stop,113803,counterstrafe,93.75,155.1099090576172,32.824275970458984,0.0,0.0,,,1.0,0.0,,,,,,,,,,,
2026-08-21_ewc_vitality-vs-spirit_mirage,zont1x,T,13,106.234375,stop,113838,counterstrafe,78.125,150.82350158691406,13.1585054397583,0.0,0.0,,,1.0,0.069366455078125,,,,,,,,,,,
2026-08-21_ewc_vitality-vs-spirit_mirage,zont1x,T,13,106.234375,stop,113893,counterstrafe,93.75,152.7386474609375,33.10432815551758,0.0,0.0,,,1.0,0.0693359375,,,,,,,,,,,
2026-08-21_ewc_vitality-vs-spirit_mirage,zont1x,T,13,106.234375,stop,114165,counterstrafe,78.125,155.67030334472656,16.564205169677734,0.0,0.0,,,0.0,0.069366455078125,,,,,,,,,,,
2026-08-21_ewc_vitality-vs-spirit_mirage,zont1x,T,13,106.234375,stop,114785,release,171.875,152.03201293945312,11.453642845153809,0.0,0.0,,,0.0,0.0,,,,,,,,,,,
2026-08-21_ewc_vitality-vs-spirit_mirage,zont1x,T,13,106.234375,stop,114981,release,93.75,153.90701293945312,30.575136184692383,0.0,0.0,,,1.0,0.0,,,,,,,,,,,
2026-08-21_ewc_vitality-vs-spirit_mirage,zont1x,T,13,106.234375,stop,114995,release,312.5,153.90701293945312,29.171812057495117,0.0,0.0,,,1.0,12.05816650390625,,,,,,,,,,,
2026-08-21_ewc_vitality-vs-spirit_mirage,zont1x,T,13,106.234375,stop,115187,counterstrafe,93.75,180.33363342285156,22.862064361572266,0.0,0.0,,,1.0,0.1157073974609375,,,,,,,,,,,
2026-08-21_ewc_vitality-vs-spirit_mirage,zont1x,T,13,106.234375,stop,115243,counterstrafe,109.375,173.06561279296875,30.015653610229492,0.0,1.0,250.0,32.43424987792969,0.0,0.046356201171875,,,,,,,,,,,
2026-08-21_ewc_vitality-vs-spirit_mirage,zont1x,T,13,106.234375,stop,115329,counterstrafe,78.125,161.12091064453125,31.374393463134766,0.0,0.0,,,1.0,0.069000244140625,,,,,,,,,,,
2026-08-21_ewc_vitality-vs-spirit_mirage,zont1x,T,13,106.234375,stop,115675,counterstrafe,93.75,184.6267547607422,10.905414581298828,0.0,0.0,,,1.0,0.231048583984375,,,,,,,,,,,
2026-08-21_ewc_vitality-vs-spirit_mirage,zont1x,T,13,106.234375,stop,115710,crouch_stop,234.375,154.04942321777344,30.890705108642578,1.0,0.0,,,0.0,0.0,,,,,,,,,,,
2026-08-21_ewc_vitality-vs-spirit_mirage,zont1x,T,13,106.234375,stop,116778,counterstrafe,109.375,176.95091247558594,34.515411376953125,0.0,1.0,171.875,0.0,0.0,0.16170501708984375,,,,,,,,,,,
2026-08-21_ewc_vitality-vs-spirit_mirage,zont1x,T,13,106.234375,stop,116916,counterstrafe,171.875,165.9832000732422,30.357797622680664,1.0,0.0,,,1.0,0.0,,,,,,,,,,,
2026-08-21_ewc_vitality-vs-spirit_mirage,zont1x,T,13,106.234375,stop,117030,counterstrafe,93.75,156.3418426513672,26.084707260131836,0.0,0.0,,,1.0,0.046356201171875,,,,,,,,,,,
2026-08-21_ewc_vitality-vs-spirit_mirage,zont1x,T,13,106.234375,stop,117047,counterstrafe,359.375,156.3418426513672,28.580394744873047,0.0,0.0,,,1.0,11.249664306640625,,,,,,,,,,,
2026-08-21_ewc_vitality-vs-spirit_mirage,zont1x,T,13,106.234375,stop,117378,counterstrafe,109.375,173.42996215820312,31.98394775390625,0.0,0.0,,,1.0,0.023345947265625,,,,,,,,,,,
2026-08-21_ewc_vitality-vs-spirit_mirage,zont1x,T,13,106.234375,stop,117696,counterstrafe,46.875,238.17881774902344,9.501286506652832,0.0,1.0,0.0,9.501286506652832,1.0,2.1251678466796875,,,,,,,,,,,
2026-08-21_ewc_vitality-vs-spirit_mirage,zont1x,T,13,106.234375,stop,117870,counterstrafe,78.125,167.7262420654297,21.301891326904297,0.0,0.0,,,1.0,0.0,,,,,,,,,,,
2026-08-21_ewc_vitality-vs-spirit_mirage,zont1x,T,13,106.234375,stop,117938,counterstrafe,140.625,179.302490234375,29.995729446411133,0.0,0.0,,,1.0,0.0,,,,,,,,,,,
2026-08-21_ewc_vitality-vs-spirit_mirage,zont1x,T,13,106.234375,stop,118066,counter_fwd,93.75,153.77059936523438,13.222091674804688,0.0,1.0,218.75,148.6126251220703,0.0,0.0,,,,,,,,,,,
2026-08-21_ewc_vitality-vs-spirit_mirage,zont1x,T,13,106.234375,stop,118274,release,15.625,181.1610107421875,0.6227529048919678,0.0,0.0,,,1.0,0.323394775390625,,,,,,,,,,,
2026-08-21_ewc_vitality-vs-spirit_mirage,zont1x,T,13,106.234375,peek,112369,,,,,,,,,,,traversal,195.76343166536242,1437.5,4984.375,0.0,236.32505798339844,0.2903225806451613,227.00363159179688,0.0,0.7497671900890571,0.0
2026-08-21_ewc_vitality-vs-spirit_mirage,zont1x,T,13,106.234375,peek,112859,,,,,,,,,,,jiggle,48.07491061438943,453.125,546.875,1.0,192.33984375,0.0,2.125518798828125,0.0,1.4006543324148208,0.0
2026-08-21_ewc_vitality-vs-spirit_mirage,zont1x,T,13,106.234375,peek,112969,,,,,,,,,,,jiggle,40.06524660352139,421.875,421.875,1.0,180.98953247070312,0.0,1.3166351318359375,0.0,1.3770043145663318,0.0
2026-08-21_ewc_vitality-vs-spirit_mirage,zont1x,T,13,106.234375,peek,113072,,,,,,,,,,,jiggle,43.48557045103268,375.0,375.0,1.0,185.21875,0.32,1.917449951171875,0.0,1.4318646427816004,0.0
2026-08-21_ewc_vitality-vs-spirit_mirage,zont1x,T,13,106.234375,peek,113125,,,,,,,,,,,jiggle,53.7523446091705,484.375,640.625,1.0,202.3484344482422,0.0,1.0859222412109375,0.0,7.2824852894256065,0.0
2026-08-21_ewc_vitality-vs-spirit_mirage,zont1x,T,13,106.234375,peek,113246,,,,,,,,,,,jiggle,33.97532000003067,296.875,296.875,1.0,176.28689575195312,0.0,1.36297607421875,0.0,2.5224867368618056,0.0
2026-08-21_ewc_vitality-vs-spirit_mirage,zont1x,T,13,106.234375,peek,113454,,,,,,,,,,,traversal,128.12135916696394,1484.375,4984.375,0.0,159.9391632080078,0.75,70.91743469238281,0.0,0.9533740915306518,1.0
2026-08-21_ewc_vitality-vs-spirit_mirage,zont1x,T,13,106.234375,peek,114140,,,,,,,,,,,commit,127.84229417595924,1484.375,4984.375,0.0,192.1100311279297,0.0,35.32037353515625,0.0,2.0456241184270794,0.0
2026-08-21_ewc_vitality-vs-spirit_mirage,zont1x,T,13,106.234375,peek,114709,,,,,,,,,,,traversal,88.02346882612619,1171.875,4984.375,0.0,156.98072814941406,0.4342105263157895,1.5947341918945312,1.0,0.21522498797826148,0.0
2026-08-21_ewc_vitality-vs-spirit_mirage,zont1x,T,13,106.234375,peek,115260,,,,,,,,,,,narrow,61.618553830750486,750.0,1156.25,1.0,180.24996948242188,0.0,2.287261962890625,0.0,1.0757950156506848,0.0
2026-08-21_ewc_vitality-vs-spirit_mirage,zont1x,T,13,106.234375,peek,115987,,,,,,,,,,,commit,256.5709506196766,1484.375,4984.375,0.0,242.22567749023438,0.0,194.40959930419922,2.0,2.833755530835747,0.0
2026-08-21_ewc_vitality-vs-spirit_mirage,zont1x,T,13,106.234375,peek,117012,,,,,,,,,,,jiggle,28.825903956857744,281.25,281.25,1.0,158.91162109375,0.0,8.31597900390625,0.0,3.2751637811647294,0.0
2026-08-21_ewc_vitality-vs-spirit_mirage,zont1x,T,13,106.234375,peek,117736,,,,,,,,,,,traversal,172.56739633245223,1484.375,4984.375,0.0,207.71270751953125,0.0,104.01958465576172,2.0,0.366044658307464,0.0
2026-08-21_ewc_vitality-vs-spirit_mirage,zont1x,T,14,44.515625,stop,124893,crouch_stop,15.625,249.99203491210938,0.0,1.0,0.0,,,0.0,0.0,,,,,,,,,,,
2026-08-21_ewc_vitality-vs-spirit_mirage,zont1x,T,14,44.515625,peek,122422,,,,,,,,,,,traversal,345.984281755444,1484.375,4984.375,0.0,262.5321350097656,0.0,78.07806396484375,0.0,0.07087274744676858,0.0
2026-08-21_ewc_vitality-vs-spirit_mirage,zont1x,T,14,44.515625,peek,122978,,,,,,,,,,,traversal,127.93716038952896,1296.875,2640.625,1.0,127.40251159667969,0.6904761904761905,266.55096435546875,0.0,0.30361766750269326,1.0
2026-08-21_ewc_vitality-vs-spirit_mirage,zont1x,T,14,44.515625,peek,123231,,,,,,,,,,,traversal,110.60150148948325,1109.375,4984.375,0.0,111.78341674804688,0.9444444444444444,24.18537139892578,0.0,0.32086404407507607,1.0
2026-08-21_ewc_vitality-vs-spirit_mirage,zont1x,T,14,44.515625,peek,124029,,,,,,,,,,,traversal,23.860184055124936,375.0,375.0,1.0,111.57129669189453,0.76,0.0,0.0,0.14764944282574244,1.0
2026-08-21_ewc_vitality-vs-spirit_mirage,zont1x,T,14,44.515625,peek,124125,,,,,,,,,,,commit,147.9693654040643,1484.375,4984.375,0.0,211.63525390625,0.09375,64.63427734375,2.0,1.3819462658346875,0.0
2026-08-21_ewc_vitality-vs-spirit_mirage,zont1x,T,14,44.515625,peek,124455,,,,,,,,,,,jiggle,26.64637077413299,765.625,765.625,1.0,51.61663055419922,0.0,0.7391738891601562,2.0,1.4697176062537636,0.0
2026-08-21_ewc_vitality-vs-spirit_mirage,zont1x,T,15,111.3125,stop,125257,release,234.375,152.89222717285156,31.95844078063965,0.0,0.0,,,0.0,1.201629638671875,,,,,,,,,,,
2026-08-21_ewc_vitality-vs-spirit_mirage,zont1x,T,15,111.3125,stop,127157,counterstrafe,93.75,158.3334197998047,31.45315170288086,0.0,0.0,,,1.0,0.0,,,,,,,,,,,
2026-08-21_ewc_vitality-vs-spirit_mirage,zont1x,T,15,111.3125,stop,127225,counterstrafe,109.375,159.89248657226562,30.026409149169922,0.0,0.0,,,1.0,0.0,,,,,,,,,,,
2026-08-21_ewc_vitality-vs-spirit_mirage,zont1x,T,15,111.3125,stop,128245,counter_fwd,171.875,154.763916015625,24.975378036499023,0.0,0.0,,,0.0,0.0,,,,,,,,,,,
2026-08-21_ewc_vitality-vs-spirit_mirage,zont1x,T,15,111.3125,stop,128286,counter_fwd,93.75,156.47671508789062,16.898448944091797,0.0,0.0,,,1.0,3.719207763671875,,,,,,,,,,,
2026-08-21_ewc_vitality-vs-spirit_mirage,zont1x,T,15,111.3125,stop,128663,counterstrafe,78.125,154.27647399902344,30.476295471191406,0.0,0.0,,,1.0,0.0,,,,,,,,,,,
2026-08-21_ewc_vitality-vs-spirit_mirage,zont1x,T,15,111.3125,stop,130888,counterstrafe,140.625,158.55055236816406,33.8819694519043,0.0,0.0,,,1.0,0.0,,,,,,,,,,,
2026-08-21_ewc_vitality-vs-spirit_mirage,zont1x,T,15,111.3125,stop,130957,counterstrafe,93.75,151.7899169921875,21.93681526184082,0.0,0.0,,,0.0,0.0463409423828125,,,,,,,,,,,
2026-08-21_ewc_vitality-vs-spirit_mirage,zont1x,T,15,111.3125,stop,131039,counterstrafe,78.125,156.62490844726562,29.399364471435547,0.0,0.0,,,0.0,0.0,,,,,,,,,,,
2026-08-21_ewc_vitality-vs-spirit_mirage,zont1x,T,15,111.3125,stop,131103,counterstrafe,234.375,153.1590576171875,32.922584533691406,0.0,1.0,359.375,65.59270477294922,0.0,0.0,,,,,,,,,,,
2026-08-21_ewc_vitality-vs-spirit_mirage,zont1x,T,15,111.3125,stop,132810,counterstrafe,78.125,163.82888793945312,33.53886795043945,0.0,0.0,,,0.0,0.023345947265625,,,,,,,,,,,
2026-08-21_ewc_vitality-vs-spirit_mirage,zont1x,T,15,111.3125,stop,132861,counterstrafe,93.75,175.9996795654297,10.946703910827637,0.0,1.0,0.0,10.946703910827637,1.0,3.69622802734375,,,,,,,,,,,
2026-08-21_ewc_vitality-vs-spirit_mirage,zont1x,T,15,111.3125,stop,133068,crouch_stop,140.625,158.23458862304688,0.0,1.0,0.0,,,0.0,0.0,,,,,,,,,,,
2026-08-21_ewc_vitality-vs-spirit_mirage,zont1x,T,15,111.3125,stop,133231,crouch_stop,203.125,151.3753662109375,33.92820739746094,1.0,0.0,,,0.0,2.0328140258789062,,,,,,,,,,,
2026-08-21_ewc_vitality-vs-spirit_mirage,zont1x,T,15,111.3125,peek,125102,,,,,,,,,,,traversal,321.5175948414594,1484.375,4984.375,0.0,250.0045166015625,0.0,151.25906372070312,2.0,0.05321540683061158,0.0
2026-08-21_ewc_vitality-vs-spirit_mirage,zont1x,T,15,111.3125,peek,127200,,,,,,,,,,,jiggle,41.464872318353216,406.25,406.25,1.0,171.35606384277344,0.0,1.6634063720703125,0.0,3.0084476013981205,0.0
2026-08-21_ewc_vitality-vs-spirit_mirage,zont1x,T,15,111.3125,peek,128700,,,,,,,,,,,traversal,184.7558219125781,1484.375,4984.375,0.0,138.24571228027344,0.9270833333333334,185.30845642089844,0.0,0.7389627359222035,1.0
2026-08-21_ewc_vitality-vs-spirit_mirage,zont1x,T,15,111.3125,peek,129031,,,,,,,,,,,jiggle,40.65106618521764,843.75,843.75,1.0,100.67520141601562,0.6,102.51825714111328,0.0,1.1365692567103856,1.0
2026-08-21_ewc_vitality-vs-spirit_mirage,zont1x,T,15,111.3125,peek,130108,,,,,,,,,,,commit,96.81027558522457,1484.375,4984.375,0.0,130.15396118164062,0.25,10.903594970703125,0.0,1.1564358236678918,0.0
2026-08-21_ewc_vitality-vs-spirit_mirage,zont1x,T,15,111.3125,peek,130536,,,,,,,,,,,traversal,182.00663862715834,1484.375,4984.375,0.0,222.2094268798828,0.0,154.33111572265625,2.0,0.5531936693022242,0.0
2026-08-21_ewc_vitality-vs-spirit_mirage,zont1x,T,15,111.3125,peek,132122,,,,,,,,,,,traversal,152.43188785214244,1484.375,4984.375,0.0,130.00750732421875,1.0,54.4468994140625,0.0,0.5182854071776904,1.0
2026-08-21_ewc_vitality-vs-spirit_mirage,zont1x,T,15,111.3125,peek,132784,,,,,,,,,,,commit,138.70504469180676,1187.5,4984.375,0.0,208.53768920898438,0.0,62.74018096923828,1.0,8.676158593598961,0.0
2026-08-21_ewc_vitality-vs-spirit_mirage,zont1x,T,15,111.3125,peek,133178,,,,,,,,,,,commit,130.22530225771845,875.0,2687.5,0.0,244.5496826171875,0.0,27.92827606201172,0.0,1.0598247955846616,0.0
