demo,player,side,round,secs_alive,speed_mean,speed_std,speed_p90,frac_still,frac_walkkey,frac_slowmove,frac_run,accel_std,counterstrafe_per_s,strafe_switch_per_s,fwd_switch_per_s,diag_frac,key_entropy,jump_per_s,frac_air,duck_per_s,frac_ducked,crouchwalk_frac,yaw_rate_mean,yaw_rate_p95,flick_per_s,lat_reversal_per_s,lat_speed_frac,frac_scoped,speed_at_fire,moving_shot_frac,shots_per_s,path_len,path_per_s,path_efficiency,radius_gyration,max_dist_start,disp_10s,disp_20s,z_range,dwell_W_ms,presses_W_per_s,dwell_S_ms,presses_S_per_s,dwell_A_ms,presses_A_per_s,dwell_D_ms,presses_D_per_s,dwell_SHIFT_ms,presses_SHIFT_per_s,dwell_CTRL_ms,presses_CTRL_per_s,dwell_SPACE_ms,presses_SPACE_per_s,presses_total_per_s,strafe_flight_ms,strafe_overlap_frac,combo_none,combo_W,combo_S,combo_A,combo_WA,combo_SA,combo_D,combo_WD,combo_SD,combo_AD,combo_persistence,combo_trans_entropy,combo_switch_per_s,wpn_knife_frac,wpn_pistol_frac,wpn_primary_frac,wpn_sniper_frac,wpn_nade_frac,knife_run_frac,nade_walk_frac,switch_per_s,qswitch_per_s,reload_per_s,silencer_toggle_per_s,zoom_toggle_per_s,sniper_zoom_frac,reload_ammo_ratio
pilot_mirage,B0Tmaks,CT,12,45.02,142.67072388053933,107.02649680610098,250.00115966796875,0.2818465810482471,0.08399861159319681,0.16313779937521694,0.47830614370010416,568.9295803529529,0.5109337035751476,1.2440124956612288,0.4442901770218674,0.17250954529677195,2.3866042538303502,0.1555015619576536,0.10690732384588685,0.04442901770218674,0.02568552585907671,0.02568552585907671,35.50877990722656,197.9296875,0.9552238805970149,0.6220062478306144,0.18917042693509198,0.0,113.87076572938399,0.6363636363636364,0.2443595973620271,6421.6977930016865,142.65486246168274,0.18600189175676518,817.9828892051466,2167.142292843428,2019.646038417228,1348.8771397301578,159.578125,1107.03125,0.4442901770218674,265.625,0.02221450885109337,229.33467741935485,0.6886497743838945,398.75,0.5553627212773342,1890.625,0.04442901770218674,640.625,0.04442901770218674,15.625,0.1555015619576536,1.9548767788962167,38.143382352941174,0.5235294117647059,0.30857341200971883,0.32488719194724053,0.0003471017007983339,0.04928844151336342,0.09337035751475183,0.0020826102047900035,0.1350225616105519,0.06976744186046512,0.003471017007983339,0.009371745921555015,0.7632346652694687,0.6248794674628958,3.2655328011107256,0.5911141964595626,0.40888580354043735,0.0,0.0,0.0,0.3304408191600139,0.0,0.5331482124262409,0.26657410621312044,0.0,0.5331482124262409,0.0,,
pilot_mirage,B0Tmaks,CT,13,91.72,87.67478013095499,84.50836329155315,247.30454406738286,0.19352640545144803,0.19540034071550255,0.595741056218058,0.17512776831345825,555.6618284975349,1.9734241908006813,2.573083475298126,0.5233390119250426,0.17955706984667802,2.985139174001116,0.04361158432708688,0.02555366269165247,0.21805792163543442,0.3190800681431005,0.155366269165247,21.554393732561977,91.16474609374892,0.8504258943781942,0.5560477001703578,0.5931856899488926,0.0,165.668053817749,0.8,0.054514480408858604,9892.697559615437,107.85905346088381,0.22630800652307026,788.1894282899913,2282.184332587627,1257.7840154361124,2232.74697784949,287.156982421875,956.875,0.272572402044293,549.5923913043479,0.25076660988074956,274.6642561983471,1.3192504258943782,247.2826086956522,1.253833049403748,943.2565789473684,0.2071550255536627,1596.875,0.21805792163543442,15.625,0.04361158432708688,3.5652470187393526,1.0752347469582086,0.5498148474695821,0.14310051107325383,0.15706984667802384,0.06201022146507666,0.22487223168654175,0.06933560477001703,0.03356047700170358,0.2018739352640545,0.03424190800681431,0.039352640545144806,0.03151618398637138,0.7803797790351509,0.617073261606319,5.713117546848381,0.1879045996592845,0.0034071550255536627,0.8086882453151618,0.0,0.0,0.1706984667802385,0.0,0.1635434412265758,0.11993185689948893,0.0,0.1635434412265758,0.0,,
pilot_mirage,B0Tmaks,CT,14,68.02,119.37196935261773,86.6854468866258,249.99884033203125,0.14610613370089592,0.27038823799678385,0.5194118998391913,0.25775327360441075,542.2708776610276,1.043877785435332,1.9554330346887203,0.32345508844475074,0.19641626464507236,2.8835194397591213,0.014702504020215943,0.010797151389846084,0.08821502412129566,0.09924190213645762,0.0629450953365495,21.62360718671013,123.957470703125,0.5881001608086377,0.7204226969905813,0.4736963014013324,0.0,100.06572723388672,0.3333333333333333,0.04410751206064783,8118.683807224652,119.36498131458252,0.08983017511014514,809.9973468910426,2455.9176956602328,2085.6918546761776,2396.351910677559,155.264404296875,1600.1838235294117,0.24994256834367104,888.0208333333334,0.08821502412129566,245.53571428571428,1.029175281415116,334.3253968253968,0.9262577532736044,766.2760416666666,0.35286009648518263,1252.6041666666667,0.08821502412129566,15.625,0.014702504020215943,2.7493682517803815,-20.903117118537203,0.5635245901639344,0.17918676774638181,0.24695612221456467,0.03491844704801286,0.13760624856420858,0.06616126809097174,0.025499655410062026,0.18148403399954055,0.08683666436940041,0.01791867677463818,0.02343211578221916,0.9059349023966881,0.4940192027424578,4.410751206064783,0.30921203767516653,0.6907879623248334,0.0,0.0,0.0,0.2182402940500804,0.0,0.3381575924649667,0.24994256834367104,0.0,0.0,0.0,,
pilot_mirage,B0Tmaks,CT,15,18.73,188.71265419890128,71.6889108747876,250.00185546875,0.010008340283569641,0.2468723936613845,0.3419516263552961,0.5946622185154296,430.7606931133769,0.5337781484570475,1.3878231859883237,0.427022518765638,0.19099249374478733,1.9565462489258525,0.26688907422852376,0.15929941618015012,0.0,0.0,0.0,25.985037318056136,134.26357421874974,0.0,0.213511259382819,0.24103419516263552,0.0,130.56419372558594,0.6666666666666666,0.16013344453711426,3535.6289138698016,188.72414552766247,0.5754079520303566,775.0269641388824,2332.380648210165,2075.8258291609986,,191.2110595703125,1565.9722222222222,0.48040033361134277,,0.0,312.5,0.854045037531276,315.625,0.5337781484570475,1541.6666666666667,0.16013344453711426,,0.0,15.625,0.26688907422852376,2.2952460383653044,20.368303571428573,0.5535714285714286,0.016680567139282735,0.5613010842368641,0.0,0.11009174311926606,0.14345287739783152,0.0,0.10758965804837364,0.0475396163469558,0.0,0.013344453711426188,0.8548388213585218,0.6410443687073543,3.469557964970809,0.5446205170975813,0.4553794829024187,0.0,0.0,0.0,0.5346121768140116,0.0,0.8006672226855713,0.5337781484570475,0.0,0.0,0.0,,
pilot_mirage,B0Tmaks,CT,16,22.75,123.06494672747922,85.33052225733405,248.7874298095703,0.024725274725274724,0.06662087912087912,0.554945054945055,0.2891483516483517,714.661046015839,2.065934065934066,2.8131868131868134,0.5714285714285714,0.23901098901098902,2.9654220235734066,0.13186813186813187,0.09958791208791208,0.21978021978021978,0.1971153846153846,0.18818681318681318,34.835613992697596,169.93583984375,1.098901098901099,1.054945054945055,0.45604395604395603,0.0,24.56042226155599,0.0,0.13186813186813187,2799.595062876128,123.05912364290673,0.4582234833392861,361.49626958451296,1395.117227969896,1284.4181962553919,1301.95445407192,163.8336181640625,1093.75,0.3076923076923077,595.9821428571429,0.3076923076923077,261.28472222222223,1.5824175824175823,255.02232142857142,1.2307692307692308,505.2083333333333,0.13186813186813187,996.875,0.21978021978021978,15.625,0.13186813186813187,3.912087912087912,-13.392857142857144,0.5535714285714286,0.04120879120879121,0.2403846153846154,0.040521978021978024,0.20604395604395603,0.07486263736263736,0.0831043956043956,0.19642857142857142,0.019917582417582416,0.04807692307692308,0.036401098901098904,0.7742944748760777,0.7654347347494328,6.285714285714286,0.24587912087912087,0.0,0.7541208791208791,0.0,0.0,0.19505494505494506,0.0,0.13186813186813187,0.08791208791208792,0.0,0.13186813186813187,0.0,,
pilot_mirage,B0Tmaks,CT,17,16.8,221.19819305242495,57.95992035237308,250.00176391601562,0.0,0.0,0.11069767441860465,0.8520930232558139,338.4856230167497,0.1786046511627907,0.8930232558139535,0.23813953488372094,0.1702325581395349,1.6959441963531694,0.11906976744186047,0.08744186046511628,0.0,0.0,0.0,24.68099776681797,111.36542968749964,0.0,0.4762790697674419,0.2297674418604651,0.0,160.76880073547363,0.75,0.23813953488372094,3715.8535561841345,221.22290939142755,0.5475777422665992,764.4285073249783,2326.75657740199,2123.096816096998,,155.6278076171875,2681.25,0.29767441860465116,,0.0,334.6354166666667,0.7144186046511628,770.8333333333334,0.1786046511627907,,0.0,,0.0,15.625,0.11906976744186047,1.309767441860465,-23.4375,1.0,0.0,0.627906976744186,0.0,0.11069767441860465,0.12372093023255815,0.0,0.08744186046511628,0.045581395348837206,0.0,0.0037209302325581397,0.748281756420952,0.3678220011028346,2.2027906976744185,0.6809302325581396,0.0,0.19162790697674417,0.0,0.12744186046511627,0.6334883720930232,0.12744186046511627,0.7144186046511628,0.3572093023255814,0.0,0.11906976744186047,0.0,,
pilot_mirage,B0Tmaks,CT,18,56.48,160.8783360788828,83.63095858337321,250.0005645751953,0.0669432918395574,0.22130013831258644,0.3491009681881051,0.4533886583679115,549.4635448542798,0.6904564315352697,1.6110650069156294,0.6196403872752421,0.22710926694329184,2.7214838462566164,0.21244813278008298,0.1455048409405256,0.017704011065006915,0.01991701244813278,0.01991701244813278,43.29604692147724,245.91796875,0.9206085753803596,0.6373443983402489,0.40553250345781466,0.0,67.47055117289226,0.3333333333333333,0.10622406639004149,9086.440811843764,160.86644867441242,0.12612731672925423,650.8057843280124,2432.611351473686,1833.2355857778748,1419.7580106647351,187.23736572265625,995.1508620689655,0.5134163208852005,381.69642857142856,0.12392807745504841,411.4583333333333,0.8497925311203319,319.0406976744186,0.7612724757952973,1388.888888888889,0.15933609958506223,1265.625,0.017704011065006915,15.625,0.21244813278008298,2.6378976486860304,26.179572044334975,0.5449507389162561,0.09211618257261411,0.3128630705394191,0.018257261410788383,0.1900414937759336,0.11784232365145228,0.02600276625172891,0.1463347164591978,0.07883817427385892,0.0019363762102351315,0.013278008298755186,0.8050544629097917,0.6776292407882282,4.355186721991701,0.3872752420470263,0.5858921161825726,0.0,0.0,0.026832641770401105,0.34882434301521437,0.026556016597510373,0.3363762102351314,0.14163208852005532,0.017704011065006915,0.0,0.0,,0.42857142857142855
pilot_mirage,B0Tmaks,T,0,39.02,200.55803904406395,69.33430544526539,250.00082397460938,0.00881057268722467,0.0,0.18662394873848617,0.683620344413296,642.0082282901021,0.6663996796155387,1.6147376852222668,0.8458149779735683,0.2715258309971966,2.3785842249256026,0.051261513816579896,0.059671605927112535,0.025630756908289948,0.0,0.0,43.28373033572466,208.443603515625,1.1277533039647578,0.7432919503404085,0.2883460152182619,0.0,138.62570599147253,0.7857142857142857,0.35883059671605927,9749.106989078971,249.87699130999366,0.3977539929392935,1535.127781453735,3877.902799629189,1827.3583162187401,774.3817184464106,271.796875,1375.0,0.512615138165799,220.98214285714286,0.35883059671605927,225.80645161290323,0.7945534641569884,377.44140625,0.8201842210652783,,0.0,140.625,0.025630756908289948,15.625,0.051261513816579896,2.563075690828995,44.819078947368425,0.4881578947368421,0.012414897877452943,0.4941930316379656,0.0184221065278334,0.06527833400080096,0.06407689227072487,0.03604325190228274,0.12815378454144974,0.14537444933920704,0.022026431718061675,0.010012014417300761,0.7939020385259264,0.8717418298989391,4.63916700040048,0.7084501401682018,0.29154985983179815,0.0,0.0,0.0,0.5662795354425311,0.0,0.12815378454144974,0.051261513816579896,0.0,0.0,0.0,,
pilot_mirage,B0Tmaks,T,1,7.36,233.21288984748207,36.95099311196852,250.0009307861328,0.0,0.0,0.03184713375796178,0.8726114649681529,439.97721605061497,0.13588110403397027,0.40764331210191085,0.0,0.027600849256900213,0.9484136967905915,0.13588110403397027,0.1464968152866242,0.0,0.0,0.0,36.40929812167553,154.1411865234373,0.13588110403397027,0.13588110403397027,0.19957537154989385,0.0,,,0.0,1716.8225937605378,233.2837494706463,0.4379015590585135,374.26187426805166,815.9142919125001,,,101.4378662109375,6140.625,0.13588110403397027,,0.0,1359.375,0.13588110403397027,93.75,0.27176220806794055,,0.0,,0.0,15.625,0.13588110403397027,0.6794055201698513,-15.625,1.0,0.0,0.8067940552016986,0.0,0.14012738853503184,0.027600849256900213,0.0,0.008492569002123142,0.0,0.0,0.016985138004246284,0.9280284627653049,0.3349549553181442,0.8152866242038217,0.7685774946921444,0.0,0.23142250530785563,0.0,0.0,0.7430997876857749,0.0,0.13588110403397027,0.0,0.0,0.0,0.0,,
pilot_mirage,B0Tmaks,T,2,59.25,129.99760422742443,85.34126472040022,250.0002899169922,0.07436708860759493,0.34625527426160335,0.5717299578059072,0.2887658227848101,491.46414829306,1.029535864978903,1.8227848101265822,0.47257383966244726,0.22257383966244726,2.694401608604718,0.10126582278481013,0.07199367088607594,0.11814345991561181,0.11181434599156118,0.10759493670886076,24.4887715920519,158.950927734375,0.11814345991561181,0.35443037974683544,0.36313291139240506,0.0,160.9741096496582,1.0,0.03375527426160337,7701.31242297905,129.97995650597554,0.23774648547143412,517.5662775071239,2023.1674635633503,1919.2855605900766,497.71398381083816,247.8125,1528.125,0.33755274261603374,501.7361111111111,0.1518987341772152,337.92892156862746,0.8607594936708861,256.030701754386,0.9620253164556962,1206.8014705882354,0.2869198312236287,1073.6607142857142,0.11814345991561181,15.625,0.10126582278481013,2.818565400843882,-15.4296875,0.5576923076923077,0.10864978902953587,0.36128691983122363,0.008175105485232068,0.1574367088607595,0.05748945147679325,0.06065400843881857,0.12895569620253164,0.09467299578059071,0.007383966244725738,0.012921940928270042,0.8389890481388864,0.6934879838280592,4.3881856540084385,0.347837552742616,0.5427215189873418,0.10944092827004219,0.0,0.0,0.27399789029535865,0.0,0.4219409282700422,0.23628691983122363,0.0,0.05063291139240506,0.0,,
pilot_mirage,B0Tmaks,T,3,45.86,152.78533444262445,83.14969483882113,250.00031433105468,0.0637137989778535,0.2303236797274276,0.44838160136286204,0.3931856899488927,533.3042426481051,0.6541737649063032,1.3955706984667802,0.545144804088586,0.20136286201022147,2.574650985172149,0.08722316865417376,0.07700170357751278,0.08722316865417376,0.06439522998296422,0.06030664395229983,44.3563877305939,304.60363769531233,2.2459965928449743,0.43611584327086883,0.2889267461669506,0.0,120.03143692016602,0.6,0.10902896081771721,7006.754356269792,152.7878292338217,0.1001753012711909,532.7823951768908,1706.6276665893415,1569.021743759493,1354.023340674394,239.98785400390625,1488.7152777777778,0.39250425894378194,335.9375,0.17444633730834752,393.46590909090907,0.7195911413969336,248.48790322580646,0.6759795570698467,1056.25,0.21805792163543442,886.71875,0.08722316865417376,15.625,0.08722316865417376,2.3550255536626916,31.796875,0.4,0.11379897785349233,0.40988074957410564,0.031686541737649065,0.14821124361158433,0.1059625212947189,0.022487223168654175,0.0889267461669506,0.06814310051107325,0.004429301533219762,0.006132879045996593,0.7764013593483106,0.5589037558521661,3.619761499148211,0.4746166950596252,0.43611584327086883,0.0,0.0,0.08926746166950596,0.3383304940374787,0.06848381601362862,0.5015332197614991,0.17444633730834752,0.0,0.0,0.0,,
pilot_mirage,B0Tmaks,T,4,33.31,133.31966345427875,83.09861788494136,249.99990844726562,0.0698874296435272,0.3447467166979362,0.5553470919324578,0.29362101313320826,431.8178993104099,0.8105065666041276,1.6210131332082551,0.5403377110694184,0.22138836772983114,2.390571819933809,0.0600375234521576,0.0473733583489681,0.150093808630394,0.10131332082551595,0.06801125703564728,31.039111992609104,192.94189453125,0.5703564727954972,0.3302063789868668,0.3147279549718574,0.0,26.531092166900635,0.25,0.1200750469043152,4440.998084095592,133.31326331243804,0.4812864854533511,862.4682224363945,2210.104871719249,1448.8139481085022,2173.9488843534436,296.0,1432.6171875,0.4803001876172608,484.375,0.0900562851782364,249.375,0.7504690431519699,275.32327586206895,0.8705440900562852,1148.4375,0.300187617260788,800.0,0.150093808630394,15.625,0.0600375234521576,2.7016885553470917,5.985014619883041,0.5701754385964912,0.07786116322701689,0.49671669793621015,0.013602251407129456,0.07692307692307693,0.09333958724202626,0.001876172607879925,0.09943714821763602,0.09803001876172608,0.027204502814258912,0.014071294559099437,0.8198136926743821,0.6771794796905479,4.142589118198874,0.41135084427767354,0.0,0.47701688555347094,0.0,0.09803001876172608,0.23311444652908067,0.0848968105065666,0.9606003752345216,0.5103189493433395,0.0,0.0,0.0,,
pilot_mirage,B0Tmaks,T,5,22.19,151.62091162049435,88.12325619565567,250.0005355834961,0.06690140845070422,0.2147887323943662,0.44295774647887326,0.4253521126760563,568.6009034939016,0.7661971830985915,1.7577464788732395,0.49577464788732395,0.15070422535211267,2.2932997695855377,0.04507042253521127,0.04929577464788732,0.04507042253521127,0.03169014084507042,0.015492957746478873,17.471336273343905,97.9765625,0.0,0.5859154929577465,0.3330985915492958,0.0,174.80213610331217,0.6666666666666666,0.1352112676056338,3364.730269547549,151.64981496552335,0.7212307147723853,783.9923411950145,2434.837202053297,1936.6152954332636,2306.0519813420547,209.429443359375,1414.0625,0.4507042253521127,335.9375,0.09014084507042254,264.8809523809524,0.9464788732394366,180.55555555555554,0.8112676056338028,953.125,0.22535211267605634,843.75,0.04507042253521127,15.625,0.04507042253521127,2.6140845070422536,0.20032051282051455,0.5692307692307692,0.09647887323943662,0.4936619718309859,0.02323943661971831,0.12042253521126761,0.11267605633802817,0.007042253521126761,0.10492957746478873,0.030985915492957747,0.0,0.01056338028169014,0.8463079239327937,0.6449443075193861,4.28169014084507,0.5464788732394367,0.4535211267605634,0.0,0.0,0.0,0.4154929577464789,0.0,0.49577464788732395,0.2704225352112676,0.0,0.0,0.0,,
pilot_mirage,B0Tmaks,T,6,26.75,168.974978311997,80.39207891693655,249.99947967529297,0.035630841121495324,0.028037383177570093,0.2780373831775701,0.49240654205607476,670.77291214001,1.0841121495327102,1.6074766355140186,0.5607476635514018,0.25,2.8727968102952484,0.14953271028037382,0.11623831775700935,0.11214953271028037,0.04439252336448598,0.016355140186915886,44.06859281396113,221.94580078125,1.3831775700934579,0.9345794392523364,0.5134345794392523,0.0,114.44790903727214,0.5,0.22429906542056074,4521.373268550327,169.02329975889074,0.33557274577124263,535.0488064850781,1517.2496423841312,1023.0096898577352,1262.1043345374926,230.2210693359375,1130.6818181818182,0.411214953271028,618.75,0.18691588785046728,449.21875,0.7476635514018691,370.2445652173913,0.8598130841121495,375.0,0.07476635514018691,494.7916666666667,0.11214953271028037,15.625,0.14953271028037382,2.542056074766355,-1.910797213622291,0.6656346749226006,0.03387850467289719,0.26401869158878505,0.06658878504672897,0.1822429906542056,0.10630841121495327,0.028621495327102803,0.18691588785046728,0.09228971962616822,0.02044392523364486,0.016355140186915886,0.838933776263227,0.5828502655738513,4.0,0.3101635514018692,0.0,0.4322429906542056,0.0,0.25759345794392524,0.2891355140186916,0.25759345794392524,0.9719626168224299,0.37383177570093457,0.0,0.0,0.0,,
pilot_mirage,B0Tmaks,T,7,113.58,118.33021642080543,88.37001098426518,249.999755859375,0.0896959691842069,0.15793093960654836,0.5661026275966433,0.27376530471866833,453.71510589129053,0.35218049250240746,1.1269775760077039,0.4930526895033705,0.2601458247351768,2.792859962619579,0.09684963543816205,0.07401293162745907,0.15848122162608336,0.24061081304168386,0.18448204704911267,37.21205648906164,196.23813476562484,1.0213234282569816,0.29054890631448616,0.4894758563763929,0.3538313385610125,117.63339572482639,0.6666666666666666,0.07924061081304168,13439.273884893197,118.32625239141073,0.2276348643318216,991.9373414416928,3077.7331263942947,1453.8037025374094,2028.3974387428348,249.5938720703125,1343.75,0.3433759801898473,431.4236111111111,0.15848122162608336,764.3229166666666,0.5282707387536112,387.63786764705884,0.5987068372540927,1281.25,0.12326317237584263,1658.8541666666667,0.15848122162608336,15.625,0.09684963543816205,2.0074288072637225,49.048286090969015,0.41133816743572843,0.1011143210895584,0.24776447929563902,0.021873710276516713,0.24817719081029027,0.13193011418351905,0.01705874260558536,0.11597193561700371,0.08130416838629798,0.02820195350116935,0.004952538175815105,0.8295088952694813,0.645286672357754,3.1344063832714264,0.27720456734076215,0.1396340624570092,0.0,0.5152015407896547,0.025863254918145548,0.21034530196725823,0.025863254918145548,0.3169624432521667,0.08804512312560187,0.0,0.0,0.11445866006328244,0.696128170894526,
pilot_mirage,B0Tmaks,T,8,65.8,168.88536520735423,91.2363576989137,250.0001983642578,0.12799810021372596,0.07860365708857754,0.2191878413678461,0.558062218000475,599.4632643206431,0.547138446924721,1.3374495369270958,0.6839230586559012,0.20090239848017097,2.588740969198857,0.2735692234623605,0.19092852054143908,0.09118974115412017,0.1522203752077891,0.046069817145571124,45.3869925818364,227.922412109375,1.2766563761576823,0.379957254808834,0.2424602232248872,0.0,63.437228810787204,0.3,0.15198290192353361,14216.303721587232,216.0635094233158,0.021867222325264498,1079.9685474934663,3144.5207194943096,2957.261257462841,2416.8728019976015,276.85009765625,1029.1385135135135,0.5623367371170743,376.953125,0.12158632153882688,288.4908536585366,0.6231298978864878,377.6041666666667,0.7295179292329613,1292.96875,0.06079316076941344,1502.232142857143,0.10638803134647352,15.625,0.2735692234623605,2.4773213013535975,-15.968406593406595,0.5576923076923077,0.13132272619330326,0.3942056518641653,0.029446687247684636,0.09712657326050819,0.06625504630729043,0.006174305390643553,0.13702208501543575,0.11802422227499407,0.010211351222987414,0.009973877938731893,0.7914193310195933,0.5494972042050266,3.921158869627167,0.6335787223937307,0.018760389456186178,0.2315364521491332,0.003562099263832819,0.04630729042982665,0.509380194728093,0.04630729042982665,0.41035383519354074,0.13678461173118026,0.0,0.0,0.01519829019235336,0.3333333333333333,
pilot_mirage,B0Tmaks,T,9,35.97,123.39933507956182,89.72969465605368,249.00365600585937,0.10642919200695047,0.19331016507384882,0.5156385751520417,0.3088618592528236,512.4214083729621,1.112076455256299,2.140747176368375,0.5560382276281495,0.2680278019113814,2.7003685874486223,0.16681146828844484,0.14639443961772372,0.19461337966985232,0.18375325803649,0.11251086012163336,41.15143551716645,227.921875,1.3900955690703736,0.38922675933970463,0.4300608166811468,0.0,49.79919438362121,0.3,0.27801911381407474,4438.732804649268,123.40525608060518,0.46229430503993063,693.4210600827982,2151.959698087574,931.3394740569462,1376.3861424265629,202.66204833984375,1197.9166666666667,0.41702867072111205,325.0,0.13900955690703737,199.81060606060606,0.9174630755864466,357.95454545454544,1.2232841007819288,1390.625,0.13900955690703737,1026.7857142857142,0.19461337966985232,15.625,0.16681146828844484,3.1972198088618593,-1.080729166666666,0.595,0.12423979148566464,0.2710686359687228,0.005647263249348393,0.0994787141615986,0.03431798436142485,0.02736750651607298,0.20981754995655952,0.19374456993918332,0.01216333622936577,0.021720243266724587,0.7800260512914214,0.6097652356522095,5.087749782797568,0.2311033883579496,0.0,0.6867940920938315,0.0,0.08210251954821894,0.2063423110338836,0.07688966116420504,0.5004344048653345,0.3058210251954822,0.0,0.0,0.0,,
pilot_mirage,B0Tmaks,T,10,85.64,143.37780199095926,79.1528823311701,249.99937438964844,0.04159824849480022,0.274037584382412,0.518700966976829,0.35048348841452287,486.9512586240145,0.8523991972267835,1.7865353037766831,0.548804962598066,0.2950191570881226,2.671302359353908,0.09341361065498996,0.07699324940704251,0.1284437146506112,0.11220580186097427,0.09651523444626893,36.1894506301323,231.943359375,1.3077905491698596,0.4086845466155811,0.3291370187921912,0.0,120.7447452545166,0.6,0.05838350665936873,12280.10291584953,143.39109407304687,0.1004260096241849,1323.3831784267602,3560.2183805105587,2003.2380104994809,2928.3137682567017,280.078125,1561.1607142857142,0.4086845466155811,570.9134615384615,0.1517971173143587,311.38392857142856,0.8173690932311622,285.5798192771084,0.9691662105455209,1676.3392857142858,0.16347381864623245,997.1590909090909,0.1284437146506112,15.625,0.09341361065498996,2.7323481116584567,9.088010204081634,0.5102040816326531,0.05108556832694764,0.3968253968253968,0.03284072249589491,0.09870461594599525,0.09961685823754789,0.0441525269111476,0.11421273490239008,0.14103265827403758,0.009487319832147418,0.011311804415252692,0.7252359289407022,0.5817788385232533,4.42546980478015,0.3731070972450283,0.0,0.5588396278051451,0.0,0.06805327494982667,0.25725232621784344,0.05345739828498449,0.4086845466155811,0.16347381864623245,0.0,0.0,0.0,,
pilot_mirage,B0Tmaks,T,11,81.92,140.75553101980458,83.21858081853684,249.9995880126953,0.07457562464238032,0.27140949837879075,0.49036810986076673,0.35838260537860006,538.301838972834,1.1230211710852565,1.7089452603471296,0.5615105855426282,0.19607095174518405,2.7693777382637714,0.06103375929811177,0.04596604997139043,0.07324051115773413,0.1068090787716956,0.06427617776082395,26.994803837991224,139.94384765625,0.6347510967003623,0.2807552927713141,0.43486553499904634,0.0,115.21679560343425,0.8333333333333334,0.07324051115773413,13299.282357637048,162.3410396507288,0.24847561102158047,1056.667343259368,3411.8212259371285,1712.3695881006322,2745.104227270471,379.828125,1457.5892857142858,0.3417890520694259,375.0,0.23192828533282472,272.00704225352115,0.8666793820331871,362.5,0.8544726301735648,1235.2430555555557,0.21972153347320236,1606.7708333333333,0.07324051115773413,15.625,0.06103375929811177,2.6488651535380505,-23.4375,0.6759259259259259,0.08830822048445547,0.35666603089834065,0.03242418462712188,0.13351134846461948,0.06084302880030517,0.01850085828724013,0.17127598703032615,0.08067900057219149,0.03490368109860767,0.021743276749952318,0.8500099838668483,0.6799770961147314,4.260156399008201,0.371733740225062,0.0,0.4751096700362388,0.0,0.09689109288575243,0.2326912073240511,0.09479305740987984,0.30516879649055884,0.06103375929811177,0.0,0.0,0.0,,
pilot_mirage,Br4tkO,CT,0,74.3,151.14110468761402,81.85717589138663,250.00069580078124,0.036382754994742375,0.17728706624605678,0.4630914826498423,0.3718191377497371,660.4727626455625,1.1575184016824396,2.0054679284963197,0.7941114616193481,0.2929547844374343,2.5578906791535942,0.18843322818086225,0.12513144058885384,0.26919032597266035,0.10998948475289169,0.10389064143007361,36.998406153042176,179.5166015625,1.0229232386961093,0.726813880126183,0.3772870662460568,0.0,67.95889421304067,0.375,0.32302839116719245,13113.424714179797,176.5003536714,0.1593909250326867,1103.398935439435,2319.4706574567886,1702.9683389512295,859.6906685178951,286.8045654296875,934.2447916666666,0.6460567823343849,207.03125,0.16151419558359623,288.19444444444446,0.9690851735015773,321.6314935064935,1.0363827549947424,731.7708333333334,0.24227129337539433,533.59375,0.26919032597266035,15.625,0.18843322818086225,3.5129337539432175,37.490965459525256,0.07805842970176506,0.043322818086225026,0.3331230283911672,0.010935856992639327,0.16172450052576234,0.11167192429022083,0.005888538380651945,0.15793901156677181,0.1587802313354364,0.01661409043112513,0.0,0.8851091647640449,0.6394113105734711,4.710830704521556,0.0,0.6557308096740273,0.34426919032597264,0.0,0.0,0.0,0.0,0.04037854889589906,0.0,0.026919032597266034,0.04037854889589906,0.0,,0.25
pilot_mirage,Br4tkO,CT,1,72.28,110.20209059550218,85.85872918249969,248.86521911621094,0.1733679204496325,0.4154777345438824,0.5391266753134457,0.22849113705144833,460.0672234665404,1.2589710332900994,2.0752269779507135,0.6502377864245569,0.22762645914396887,2.948152025283642,0.11067877215737137,0.0819282317336792,0.20752269779507135,0.11954172070903589,0.08171206225680934,20.93163407939189,149.369921875,0.2905317769130999,0.5257241677475141,0.35257241677475143,0.0,170.29472555433,0.7142857142857143,0.09684392563769996,7965.0465335037115,110.19519631306476,0.2544336909177465,737.5137451789028,2665.5112746916884,2212.7324119860223,2206.038490405252,182.1845703125,1156.25,0.34587116299178555,614.1304347826087,0.3182014699524427,235.59253246753246,1.0652831820146995,225.17123287671234,1.0099437959360138,1766.5441176470588,0.23519239083441418,689.5833333333334,0.20752269779507135,15.625,0.11067877215737137,3.2926934716817984,-1.9531249999999998,0.11607142857142858,0.15391266753134458,0.24816255944660615,0.11954172070903589,0.1333765672287073,0.06852572416774752,0.049070471249459575,0.11738002594033722,0.0832252485948984,0.02680501513186338,0.0,0.9205069110293489,0.5195642228214921,4.399481193255513,0.0,0.7088197146562906,0.2911802853437095,0.0,0.0,0.0,0.0,0.05533938607868569,0.013834846519671422,0.0,0.0,0.0,,
pilot_mirage,Br4tkO,CT,2,59.25,109.85939376089989,96.28762049799533,244.99932708740235,0.3061708860759494,0.18354430379746836,0.32383966244725737,0.2829641350210971,485.2910543201137,0.9620253164556962,1.3839662447257384,0.5063291139240507,0.17114978902953587,2.637633026744177,0.16877637130801687,0.11656118143459916,0.18565400843881857,0.04113924050632911,0.0334915611814346,25.85692058493801,165.146484375,1.080168776371308,0.33755274261603374,0.38554852320675104,0.0,218.97682625906808,1.0,0.11814345991561181,6508.396058980688,109.84634698701583,0.3692030009626737,620.2845733002879,2761.174778235755,2277.807913904186,2586.053436268772,239.55120849609375,909.7222222222222,0.3037974683544304,420.6730769230769,0.21940928270042195,349.8641304347826,0.7763713080168776,355.46875,0.6075949367088608,1812.5,0.10126582278481013,340.90909090909093,0.18565400843881857,15.625,0.16877637130801687,2.3628691983122363,10.500672043010752,0.04643206256109482,0.314873417721519,0.18037974683544303,0.017141350210970463,0.1843354430379747,0.07383966244725738,0.013449367088607595,0.13212025316455697,0.022151898734177215,0.061708860759493674,0.0,0.9259321623445873,0.46002554195002104,2.9535864978902953,0.0,0.04773206751054852,0.8109177215189873,0.0,0.14135021097046413,0.0,0.14135021097046413,0.11814345991561181,0.0,0.016877637130801686,0.08438818565400844,0.0,,0.8333333333333334
pilot_mirage,Br4tkO,CT,3,64.77,132.5885966094613,100.86383893568174,249.99932250976562,0.24342581423401688,0.1700844390832328,0.2569360675512666,0.39227985524728587,528.2037245214891,0.5095295536791314,1.2506634499396865,0.6484921592279855,0.18262967430639324,2.688713541131733,0.27792521109770807,0.2012062726176116,0.13896260554885403,0.02798552472858866,0.019059107358262967,30.511369035050677,192.24130859374986,0.6948130277442702,0.38600723763570566,0.2559710494571773,0.0,237.9089813232422,1.0,0.09264173703256937,11213.259024688512,173.13596564054637,0.22038443783597209,790.8403295742733,2471.2277864651182,1822.407614172308,564.1679295365111,284.02752685546875,997.3958333333334,0.4632086851628468,417.96875,0.18528347406513873,391.74107142857144,0.6484921592279855,288.46153846153845,0.6021712907117008,734.375,0.2316043425814234,289.93055555555554,0.13896260554885403,15.625,0.27792521109770807,2.5476477683956573,15.389841137123748,0.14464882943143814,0.21544028950542823,0.3100120627261761,0.046803377563329314,0.14354644149577805,0.09215922798552473,0.01833534378769602,0.10156815440289506,0.05983112183353438,0.012303980699638117,0.0,0.9173988340649262,0.5059180743607237,3.39686369119421,0.0,0.05765983112183353,0.846562123039807,0.0,0.09577804583835947,0.0,0.09577804583835947,0.12352231604342581,0.0,0.015440289505428226,0.09264173703256937,0.0,,0.8333333333333334
pilot_mirage,Br4tkO,CT,4,50.95,147.82590224913056,95.9963167284938,249.62515258789062,0.23121741796994788,0.229377491567004,0.25176326280282124,0.4510886231217418,443.27296040163566,0.2551364612082183,1.2560564244096903,0.47102115915363385,0.3324133701318614,2.518696186949639,0.1570070530512113,0.11898190739037105,0.1570070530512113,0.02882551364612082,0.005826433609322294,42.500913355540646,236.953125,1.53081876724931,0.2551364612082183,0.12695492180312787,0.0,234.05572509765625,1.0,0.47102115915363385,9370.320729409043,183.90080548364878,0.14865957087561557,1013.8457780472726,2366.7332240146957,1575.3114672754411,2366.304743201255,242.0966796875,1745.6597222222222,0.3532658693652254,982.1428571428571,0.13738117141980988,424.5923913043478,0.9027905550444649,255.7565789473684,0.3728917509966268,3895.8333333333335,0.05887764489420423,380.859375,0.1570070530512113,15.625,0.1570070530512113,2.139221097822754,68.61979166666666,0.09166666666666667,0.10211591536338546,0.40447715424716346,0.014719411223551058,0.10272922416436676,0.1643667586629868,0.11622201778595523,0.04354492486967188,0.04783808647654094,0.003986507206378411,0.0,0.9248612165706354,0.4433829629551155,3.2186445875498313,0.0,0.1735663906777062,0.6675866298681387,0.0,0.15884697945415516,0.0,0.15884697945415516,0.29438822447102114,0.07850352652560565,0.03925176326280282,0.1766329346826127,0.0,,0.4166666666666667
pilot_mirage,Br4tkO,CT,5,51.41,166.46788996824014,84.96825941411032,250.00076599121093,0.04012158054711246,0.07811550151975684,0.30851063829787234,0.505775075987842,656.6113912083796,1.1282674772036474,2.023100303951368,0.739209726443769,0.24164133738601823,2.619068048210862,0.23343465045592704,0.1668693009118541,0.1945288753799392,0.05075987841945289,0.045288753799392095,49.180156778513606,232.66845703125,1.5367781155015197,0.6613981762917933,0.3851063829787234,0.0,167.31783975873674,0.9047619047619048,0.4085106382978723,11174.492534664143,217.3761465709742,0.1140313608466994,995.9215831694717,3272.5557585609645,2693.1472728363083,2328.994269674964,277.04998779296875,1051.5046296296296,0.5252279635258359,328.125,0.23343465045592704,296.05263157894734,1.1088145896656536,259.97340425531917,0.9142857142857143,501.953125,0.15562310030395138,376.5625,0.1945288753799392,15.625,0.23343465045592704,3.365349544072948,55.26315789473684,0.08187134502923976,0.04680851063829787,0.3641337386018237,0.023100303951367782,0.18145896656534954,0.12249240121580547,0.0243161094224924,0.14285714285714285,0.06565349544072949,0.02917933130699088,0.0,0.9050555168721246,0.5782345781738955,4.551975683890578,0.0,0.07750759878419453,0.6814589665653495,0.0,0.24103343465045593,0.0,0.23617021276595745,0.21398176291793314,0.019452887537993922,0.038905775075987845,0.038905775075987845,0.0,,0.20833333333333334
pilot_mirage,Br4tkO,CT,6,122.0,130.25511099999298,70.98323315884477,245.00029296875,0.04021516393442623,0.3866547131147541,0.6387038934426229,0.22912397540983606,504.7760625294601,0.639344262295082,1.5573770491803278,0.5737704918032787,0.25601946721311475,2.703445842183669,0.1721311475409836,0.10271516393442623,0.22131147540983606,0.08324795081967214,0.08273565573770492,33.08129779614849,165.1615234375,1.1311475409836065,0.6065573770491803,0.3755122950819672,0.0,130.14653547371134,0.7647058823529411,0.13934426229508196,17472.785364798023,143.2195521704756,0.03604259247643836,1035.5498197096947,2142.268065734839,1540.4761698788973,1541.1775295717148,375.703125,1402.1045918367347,0.4016393442622951,507.4404761904762,0.1721311475409836,343.4375,0.819672131147541,347.0123626373626,0.7459016393442623,1241.3651315789473,0.3114754098360656,474.537037037037,0.22131147540983606,15.625,0.1721311475409836,2.8442622950819674,40.018832391713744,0.08019460138104206,0.06518954918032786,0.35719774590163933,0.037269467213114756,0.140625,0.1098872950819672,0.030993852459016393,0.14369877049180327,0.09605532786885246,0.019082991803278687,0.0,0.9304314350206497,0.465956532269711,3.7459016393442623,0.0,0.02932889344262295,0.9015112704918032,0.0,0.06915983606557377,0.0,0.06903176229508197,0.12295081967213115,0.00819672131147541,0.01639344262295082,0.02459016393442623,0.0,,0.375
pilot_mirage,Br4tkO,CT,7,120.58,111.95842748286425,85.59188181360578,245.00082092285157,0.18413891408578464,0.34715563042633146,0.524167422573539,0.24232214591162368,494.66976917563454,0.8044576908124919,1.451341194764805,0.6302967474407153,0.19787482182195154,2.8209674933877884,0.10781391732538552,0.08358170273422315,0.24050796941816768,0.0785279253595957,0.0513152779577556,30.222047100788945,158.3408203125,1.011792147207464,0.5307762083711287,0.29467409615135415,0.0,184.09987617941465,0.8823529411764706,0.14098743034858105,14708.182462132427,121.98052061377159,0.08451256586554261,895.5426022707913,2270.3937985617276,1255.579965230085,2088.513506893191,292.90234375,1117.1875,0.364908643255151,505.37109375,0.26538810418556436,329.76973684210526,0.7878709343008942,290.625,0.6634702604639109,973.4738372093024,0.3566152649993521,470.3663793103448,0.24050796941816768,15.625,0.10781391732538552,2.7865750939484255,13.947233606557377,0.0912568306010929,0.20344693533756641,0.2834002850848775,0.060515744460282496,0.1323052999870416,0.08306336659323571,0.044447324089672155,0.12245691330828042,0.04120772320850071,0.029156407930542957,0.0,0.9351150090877023,0.4376345331149715,3.4832188674355318,0.0,0.028767655824802386,0.8682130361539458,0.0,0.10301930802125178,0.0,0.09679927432940262,0.16586756511597772,0.0,0.008293378255798886,0.02488013476739666,0.0,,0.6666666666666666
pilot_mirage,Br4tkO,CT,8,42.48,141.46333536958377,87.64935695704635,249.99736938476562,0.1684442809856565,0.3545421110702464,0.41743287973519677,0.3567488047076131,426.857419033538,0.3766090474439132,1.1769032732622287,0.5649135711658698,0.38580360426627436,2.5288389020814974,0.11769032732622288,0.09819786686281722,0.21184258918720117,0.031997057741816846,0.019492460463405664,33.63885044437546,190.01342773437526,0.9885987495402722,0.3059948510481795,0.219933799190879,0.0,201.78492736816406,0.8333333333333334,0.14122839279146746,6010.244845934156,141.46953664574696,0.48855362299361643,945.1447804168924,3040.46354666535,2254.071231722651,2809.7540409103935,229.9488525390625,1594.7265625,0.3766090474439132,871.5277777777778,0.21184258918720117,598.2862903225806,0.7296800294225818,248.35526315789474,0.44722324383964696,2510.4166666666665,0.14122839279146746,295.1388888888889,0.21184258918720117,15.625,0.11769032732622288,2.2361162191982347,88.9423076923077,0.045454545454545456,0.05296064729680029,0.38801029790364105,0.01140125045972784,0.10702464141228393,0.16513424052960649,0.16439867598381758,0.05479955866127253,0.0474439132033836,0.008826774549466716,0.0,0.9114612558937625,0.5183493764823177,3.2482530342037514,0.0,0.06730415593968371,0.7443913203383596,0.0,0.1883045237219566,0.0,0.18793674144906217,0.16476645825671202,0.0,0.023538065465244576,0.11769032732622288,0.0,,0.9166666666666666
pilot_mirage,Br4tkO,CT,9,41.58,162.2594021204852,77.530256813979,249.08035278320312,0.014656144306651634,0.11912814731304021,0.3855693348365276,0.42841037204058624,623.1934155614209,1.3228109733183013,1.9240886884629838,0.9379932356257046,0.2818489289740699,2.868475718940204,0.36076662908680945,0.26832018038331457,0.09620443442314919,0.024051108605787297,0.02142051860202931,36.487153797579886,218.58554687499844,1.4190154077414505,0.6012777151446824,0.5058248778654642,0.0,165.74593671162924,0.7777777777777778,0.21645997745208567,6745.98272361372,162.24836313839836,0.2737511206464359,674.93788852597,2654.586382632704,2221.32035537622,2532.3147400660005,194.06298828125,910.3618421052631,0.45697106350995864,302.0833333333333,0.5050732807215332,322.54464285714283,1.0101465614430665,382.8125,0.9139421270199173,1651.0416666666667,0.07215332581736189,328.125,0.09620443442314919,15.625,0.36076662908680945,3.415257422021796,30.720811051693406,0.045008912655971484,0.03757985719654265,0.23825629462608042,0.048478015783540024,0.1927846674182638,0.07854190154077414,0.05449079293498685,0.20105223600150318,0.0992108229988726,0.0496054114994363,0.0,0.9163907675945625,0.5311088260139556,4.545659526493799,0.0,0.07403231867718903,0.43404735062006766,0.0,0.4919203307027433,0.0,0.4904171364148816,0.26456219466366027,0.0,0.048102217211574594,0.09620443442314919,0.0,,0.4666666666666667
pilot_mirage,Br4tkO,CT,10,12.14,239.75041363444873,36.472722648043415,250.0942840576172,0.0,0.0,0.029601029601029602,0.9472329472329473,492.83963268643373,0.16473616473616473,0.8236808236808236,0.2471042471042471,0.14414414414414414,1.437566746531506,0.32947232947232946,0.18275418275418276,0.32947232947232946,0.08108108108108109,0.08108108108108109,54.26687590608892,262.81494140625,0.5765765765765766,0.32947232947232946,0.05148005148005148,0.0,235.03240585327148,1.0,0.32947232947232946,2909.915720268792,239.6841777312776,0.9163068597937234,810.6403091703386,2666.3757359038877,2275.1502592991537,,231.28033447265625,2605.46875,0.32947232947232946,,0.0,302.0833333333333,0.4942084942084942,328.125,0.4118404118404118,,0.0,261.71875,0.32947232947232946,15.625,0.32947232947232946,1.8944658944658945,151.04166666666666,0.0,0.001287001287001287,0.7142857142857143,0.0,0.06177606177606178,0.08751608751608751,0.0,0.07850707850707851,0.05662805662805663,0.0,0.0,0.7801367968077378,0.29958363927894327,2.0592020592020592,0.0,0.138996138996139,0.861003861003861,0.0,0.0,0.0,0.0,0.08236808236808237,0.0,0.08236808236808237,0.08236808236808237,0.0,,0.9166666666666666
pilot_mirage,Br4tkO,CT,11,83.17,134.46496932913703,78.15731356335723,240.71940612792972,0.08979898553447305,0.24722900619951155,0.49877888408792037,0.27860229194063496,543.1558145169944,1.106143152357693,1.7794476798797672,0.7334210031936877,0.28461393950779634,2.7522474923486286,0.096186361074582,0.07589705053541236,0.240465902686455,0.05635919594213789,0.04997182040202893,52.53345579816094,265.4780273437492,2.200263009581063,0.7935374788653016,0.40597407476986663,0.0,178.6937153155987,0.8461538461538461,0.15630283674619574,11182.600521274231,134.45170643651153,0.19727490263855765,779.9816823701389,2410.950611683517,2176.017706095854,1646.4470195809076,171.4375,989.8255813953489,0.5170016907758782,274.67105263157896,0.22844260755213225,332.1314102564103,0.9378170204771745,359.59507042253523,0.8536539545369153,894.0217391304348,0.27653578808942325,366.40625,0.240465902686455,15.625,0.096186361074582,3.1501033251925605,33.203125,0.041666666666666664,0.09167762539921097,0.2718391884275784,0.018034942701484126,0.1547999248544054,0.14672177343603232,0.009956791283111027,0.17903437910952472,0.09318053729100131,0.0347548374976517,0.0,0.925496545943302,0.4748663637280871,3.9797106894608305,0.0,0.1176028555325944,0.8277287244035318,0.0,0.054668420063873756,0.0,0.054668420063873756,0.13225624647755024,0.01202329513432275,0.01202329513432275,0.0721397708059365,0.0,,0.6666666666666666
pilot_mirage,Br4tkO,CT,12,8.5,0.0,0.0,0.0,1.0,0.0,0.0,0.0,0.0,0.0,0.0,0.0,0.0,0.0,0.0,0.0,0.0,0.0,0.0,0.0,0.0,0.0,0.0,0.0,0.0,,,0.0,0.0,0.0,,0.0,0.0,,,0.0,,0.0,,0.0,,0.0,,0.0,,0.0,,0.0,,0.0,0.0,,,1.0,0.0,0.0,0.0,0.0,0.0,0.0,0.0,0.0,0.0,1.0,0.0,0.0,0.0,1.0,0.0,0.0,0.0,0.0,0.0,0.0,0.0,0.0,0.0,0.0,,
pilot_mirage,Br4tkO,T,12,18.33,186.3428303471815,68.63329115559706,250.0017852783203,0.0034100596760443308,0.2071611253196931,0.3546462063086104,0.5217391304347826,530.8155066047169,0.8729752770673487,1.3640238704177323,0.545609548167093,0.16027280477408354,1.9154481360738789,0.10912190963341858,0.06734867860187553,0.05456095481670929,0.005967604433077579,0.005967604433077579,28.92306237334684,170.903759765625,0.6001705029838023,0.7638533674339301,0.27791986359761295,0.0,73.92585062980652,0.4,0.545609548167093,3416.7953399029734,186.423616158389,0.690202901211166,796.0984293147775,2432.2990858137227,1811.4491501780615,,183.828125,1430.5555555555557,0.49104859335038364,171.875,0.10912190963341858,353.79464285714283,0.7638533674339301,281.25,0.6001705029838023,3796.875,0.05456095481670929,109.375,0.05456095481670929,15.625,0.10912190963341858,2.182438192668372,-13.020833333333334,0.05555555555555555,0.0,0.5592497868712702,0.0017050298380221654,0.1577152600170503,0.0988917306052856,0.013640238704177323,0.12105711849957375,0.0443307757885763,0.0034100596760443308,0.0,0.8132099864998927,0.6065224550762729,3.000852514919011,0.0,0.5234441602728048,0.47655583972719523,0.0,0.0,0.0,0.0,0.05456095481670929,0.0,0.0,0.0,0.0,,
pilot_mirage,Br4tkO,T,13,127.7,76.65064116806306,89.08533362737423,219.3903564453125,0.47179738162241525,0.19454300746359965,0.29487336351400956,0.17888168359231615,446.0345797998306,0.6577756025939068,1.0806313471185611,0.3445491251682369,0.1480484522207268,2.4484059948584598,0.05481463354949223,0.05077694848892696,0.21925853419796892,0.058240548146335495,0.014070720665606265,27.48348579276034,140.7345947265625,1.0962926709898446,0.6734369264651903,0.2936498225865655,0.0,10.670960426330566,0.0,0.023491985806925242,9787.9566272929,76.6461793890549,0.11120895147500683,647.4915888266224,2382.9571383799353,1081.6630549154197,1503.0220136879507,296.796875,1210.0694444444443,0.21142787226232718,236.11111111111111,0.14095191484155145,652.9017857142857,0.5481463354949223,318.6141304347826,0.5403156735592806,1080.1630434782608,0.1801052245197602,453.6830357142857,0.21925853419796892,15.625,0.05481463354949223,1.8950201884253028,22.809423707957343,0.04060705496308449,0.3288878012969534,0.13752600024470818,0.0035482686895876667,0.28508503609445734,0.05053224030343815,0.02226844487948122,0.09690444145356662,0.06778416738039887,0.00746359965740854,0.0,0.9315204839961169,0.4186700569713208,2.388351890370733,0.0,0.0,1.0,0.0,0.0,0.0,0.0,0.023491985806925242,0.0,0.0,0.015661323871283495,0.0,,
pilot_mirage,Br4tkO,T,14,82.16,122.94595522665766,79.05098889439357,243.14146270751954,0.08139977177634082,0.20406998858881703,0.5483073411943705,0.2497147204260175,733.054289021481,1.606694560669456,2.190947128185622,0.7059718524153671,0.22023583111449221,2.7195934500605743,0.1095473564092811,0.07398250285279574,0.19475085583872195,0.056675542031190566,0.04431342715861544,36.05022423598892,175.2099609375,1.3267402054012933,1.1806770635222519,0.5661848611639406,0.0,116.47174928405069,0.5454545454545454,0.13389121338912133,11109.14396070351,135.21970587391112,0.23272724213343057,796.0809192417972,2589.676695023644,1423.007550593835,738.0984336383335,202.34375,859.375,0.37732978318752375,270.2546296296296,0.3286420692278433,334.00735294117646,1.0346139216432104,333.88157894736844,1.1563332065424117,1047.8515625,0.19475085583872195,388.671875,0.19475085583872195,15.625,0.1095473564092811,3.395968048687714,23.085585585585584,0.05374339857098478,0.07569418029669076,0.17421072651198174,0.018257892734880182,0.2519969570178775,0.0498288322556105,0.043742868010650436,0.2594142259414226,0.100038037276531,0.026626093571700267,0.0,0.8262741842354814,0.4686497334984628,4.357550399391403,0.0,0.04412324077596044,0.8240775960441232,0.0,0.11373145682769113,0.0,0.1099277291745911,0.23126664130848232,0.024343856979840244,0.0,0.1582350703689616,0.0,,
pilot_mirage,Br4tkO,T,15,92.97,169.20112752695545,83.39407245143268,249.99993896484375,0.06453781512605042,0.0573109243697479,0.26201680672268907,0.5426890756302521,548.5332955762912,1.0863865546218487,1.7747899159663865,0.613109243697479,0.27932773109243697,2.632036793425364,0.15058823529411763,0.10521008403361344,0.16134453781512606,0.11294117647058824,0.06285714285714286,55.552436104019584,348.40703124999925,2.7321008403361344,0.7421848739495799,0.36907563025210083,0.0,152.0732431235137,0.7037037037037037,0.29042016806722687,19173.157538477568,206.23228276681755,0.019562134129869,1305.2312730833567,2882.807827136009,2873.0342595220986,1544.4532812231469,268.3668212890625,1243.8226744186047,0.46252100840336136,406.25,0.15058823529411763,355.7830459770115,0.935798319327731,304.7863924050633,0.8497478991596639,761.1607142857143,0.07529411764705882,729.4921875,0.17210084033613446,15.625,0.15058823529411763,2.7966386554621847,29.3424317617866,0.054962779156327544,0.051596638655462185,0.33932773109243697,0.017142857142857144,0.20588235294117646,0.1134453781512605,0.012941176470588235,0.10672268907563025,0.12184873949579832,0.03042016806722689,0.0,0.9104509319661661,0.5083269827521235,3.7754621848739496,0.0,0.05058823529411765,0.8423529411764706,0.0,0.04420168067226891,0.0,0.043025210084033615,0.2689075630252101,0.021512605042016807,0.010756302521008404,0.23663865546218488,0.0,,0.2
pilot_mirage,Br4tkO,T,16,145.77,109.42637304011132,80.02325917329614,245.42054138183596,0.18104834387394148,0.3978990245471112,0.5627612820237967,0.17622467574230893,493.6976213681893,0.562546896773502,1.4818308500375175,0.7614964090470575,0.27955836638439274,2.804431127696354,0.09604459213206132,0.07042555472183513,0.14406688819809196,0.15746596634151572,0.05091649694501019,50.81260196954063,278.113403320312,2.339371851216636,0.3773180405188123,0.33894308071604673,0.1090148997748955,126.71169315684925,0.6363636363636364,0.07546360810376246,19413.81037163588,133.18510706235355,0.04630363511218721,1352.9991505830312,3300.9735360156874,3106.4415828550664,2113.151317943519,158.47076416015625,868.8936781609195,0.5968485368206667,489.375,0.17150820023582378,344.0504807692308,0.7134741129810269,325.3595132743363,0.7752170650659235,1657.142857142857,0.24011148033015328,1208.3333333333333,0.14406688819809196,15.625,0.09604459213206132,2.7372708757637474,26.618241360089186,0.14849498327759197,0.18051238074820453,0.26669525136670597,0.05423946832457927,0.13098938793011042,0.10022510451280951,0.013935041269160682,0.08714760424482795,0.15049844570693535,0.01457819702004502,0.0,0.8855846534161042,0.5800344240350005,4.054453853574874,0.0,0.21063350841462108,0.5545074498874477,0.15714438846607354,0.034623217922606926,0.0,0.03237217279451174,0.1989495122735556,0.054882624075463605,0.006860328009432951,0.0686032800943295,0.06174295208489656,0.6950886766712142,0.0
pilot_mirage,Br4tkO,T,17,24.41,151.95749388780163,80.66311015647493,245.00062408447266,0.04801536491677337,0.23431498079385404,0.43405889884763127,0.4334186939820743,485.6686310297689,1.0653008962868118,1.7208706786171575,0.6965428937259923,0.2880921895006402,2.5965141968833017,0.20486555697823303,0.1619718309859155,0.20486555697823303,0.04289372599231754,0.024327784891165175,68.63467428731582,387.7734375,3.1549295774647885,0.49167733674775926,0.5224071702944942,0.0,91.40709604535785,0.2857142857142857,0.28681177976952626,6876.389319639788,281.7470655934356,0.2978775753890745,1329.5398948214468,3565.147780473758,3558.80436718692,2288.262615726493,183.7470703125,852.0833333333334,0.614596670934699,492.1875,0.08194622279129321,459.2391304347826,0.942381562099872,302.34375,0.8194622279129321,2859.375,0.08194622279129321,271.875,0.20486555697823303,15.625,0.20486555697823303,2.950064020486556,16.74107142857143,0.03125,0.04353393085787452,0.24903969270166454,0.026888604353393086,0.2496798975672215,0.16965428937259924,0.013444302176696543,0.14276568501920614,0.10499359795134443,0.0,0.0,0.9237752345519918,0.46242002862988224,3.769526248399488,0.0,0.17541613316261204,0.6798975672215108,0.0,0.1446862996158771,0.0,0.13636363636363635,0.3687580025608195,0.0,0.0,0.20486555697823303,0.0,,
pilot_mirage,Br4tkO,T,18,94.95,126.73197534245371,98.03568036621158,249.99938049316407,0.2504525259173935,0.15616258022050353,0.2749712028961659,0.36712193516537767,508.7328789531369,0.6318907355603094,1.4112226427513577,0.7477373704130328,0.21573144643738687,2.807288120990923,0.12637814711206188,0.08902418956722066,0.07372058581536943,0.04854368932038835,0.015139048872799078,42.128600712588465,225.48291015625,1.421754155010696,0.34753990455817013,0.2721737699522791,0.0,175.33668115403918,0.6666666666666666,0.0947836103340464,12029.999450690793,126.69408669478538,0.13594667800261115,1084.4205252467696,2749.595228730106,1633.3109237828023,1733.4798539888266,299.8125,879.0922619047619,0.44232351489221655,353.44827586206895,0.3054138555208162,328.125,0.6740167845976633,316.07142857142856,0.7372058581536942,872.2426470588235,0.17903570840875432,745.5357142857143,0.07372058581536943,15.625,0.12637814711206188,2.538094454500576,1.2884251165501164,0.11946386946386946,0.2647688003949317,0.23959190389995064,0.041467829521145305,0.11288464702978443,0.07898634194503867,0.029290768471285172,0.12555537271680106,0.07026493335527398,0.03718940266578904,0.0,0.925234763626541,0.4877100567258466,3.7176238275464866,0.0,0.0,0.776040809610005,0.0,0.1207832812242883,0.0,0.10844166529537601,0.23169326970544676,0.02106302451867698,0.01053151225933849,0.0,0.0,,0.8
pilot_mirage,Brens,CT,12,45.02,227.21429420440242,46.77986426919412,250.00746154785156,0.004512322110378341,0.017355085039916694,0.06664352655328011,0.8566469975702881,384.31558725912816,0.4887191947240542,1.2440124956612288,0.3776466504685873,0.27698715723707046,2.011103771518216,0.26657410621312044,0.18049288441513364,0.04442901770218674,0.013536966331135023,0.013536966331135023,43.82248026529948,191.4921875,0.8885803540437348,0.3776466504685873,0.14265879902811524,0.0,252.9165832519531,1.0,0.11107254425546685,10231.995915033622,227.2987638188656,0.13828317210354238,1194.142965615618,2816.102748752805,2244.3229267259453,2115.407882667007,284.3353271484375,2256.8359375,0.3554321416174939,140.625,0.04442901770218674,375.0,0.4665046858729608,354.4642857142857,0.777507809788268,390.625,0.04442901770218674,304.6875,0.04442901770218674,15.625,0.26657410621312044,1.9993057965984034,32.961309523809526,0.24285714285714285,0.020479000347101702,0.5314127039222493,0.0,0.09580006942034015,0.07358556056924678,0.0031239153071850054,0.07289135716765012,0.19715376605345367,0.0031239153071850054,0.0024297119055883376,0.8470478001853974,0.598799539057669,3.0878167303019786,0.0,0.3873654980909406,0.6126345019090593,0.0,0.0,0.0,0.0,0.08885803540437348,0.0,0.0,0.08885803540437348,0.0,,
pilot_mirage,Brens,CT,13,134.7,81.2253120976465,85.76948866914304,224.91168212890625,0.41770096276534047,0.3552952093724626,0.379654332444032,0.14766268414337083,435.13398523954726,0.28210184433360397,0.8388818002551908,0.46027143022851175,0.23268762324556316,2.672375921295613,0.09650852569307505,0.06982948613849901,0.11877972392993852,0.18234543556431967,0.03851061361790976,35.06254361677059,191.4912353515625,1.2991532304837026,0.3043730425704675,0.23918338939798167,0.0,140.87125444412231,0.75,0.02969493098248463,12847.477654789851,95.37624056449953,0.0930561436706706,977.2093795670686,2956.734283333692,1383.9861473437036,1051.9251362338234,271.9642333984375,1088.1410256410256,0.28952557707922516,699.7282608695652,0.1707458531492866,551.5919811320755,0.39345783551792135,412.3975409836066,0.4528476974828906,1709.263392857143,0.2078645168773924,1652.34375,0.11877972392993852,15.625,0.09650852569307505,1.7297297297297298,59.326171875,0.3125,0.3967057185941306,0.1592622665584039,0.04257046746317133,0.0898967637165062,0.10404825426284654,0.020763252522909174,0.07667323976336853,0.051734137571047445,0.05602598306460967,0.002203920658856281,0.8120344801181948,0.42360038733342337,2.4795267370374665,0.0,0.0,0.8574411321192437,0.0,0.14255886788075628,0.0,0.10033638789003596,0.13362718942118085,0.014847465491242315,0.007423732745621157,0.08166106020183274,0.0,,0.65
pilot_mirage,Brens,CT,14,82.16,85.71466642011137,105.33600045364426,250.00001525878906,0.5125523012552301,0.2516165842525675,0.18200836820083682,0.27443895017116776,337.9753805985662,0.18257892734880182,0.5964244960060859,0.4138455686572841,0.17440091289463674,2.1538248394508557,0.12171928489920121,0.09338151388360594,0.09737542791936098,0.03784709014834538,0.026245720806390264,25.042332879077897,135.6238281249996,0.803347280334728,0.09737542791936098,0.17402054012932675,0.0,119.49956615765889,0.6666666666666666,0.07303157093952073,7925.037658980879,96.46299166503923,0.16793770949063094,884.5889162255929,1734.4269705769475,583.3021741812817,1144.0454171373508,195.933837890625,933.1896551724138,0.35298592620768354,299.4791666666667,0.07303157093952073,457.5892857142857,0.25561049828832255,512.9310344827586,0.35298592620768354,1148.4375,0.2190947128185622,476.5625,0.09737542791936098,15.625,0.12171928489920121,1.4728033472803348,-15.024038461538462,0.5419580419580419,0.5285279573982503,0.16793457588436667,0.00893875998478509,0.05230125523012552,0.05591479650057056,0.005325218714340053,0.06447318372004565,0.10555344237352605,0.007607455306200076,0.003423354887790034,0.8902962975710033,0.5332812599975847,1.9961962723469,0.0,0.0,0.9817421072651198,0.0,0.018257892734880182,0.0,0.018067706352225182,0.09737542791936098,0.012171928489920122,0.0,0.09737542791936098,0.0,,
pilot_mirage,Brens,CT,15,22.03,191.14579049856104,64.62100036085923,250.00303955078124,0.002127659574468085,0.28085106382978725,0.34397163120567376,0.5602836879432624,360.0577063318795,0.49929078014184397,1.3163120567375886,0.36312056737588655,0.3397163120567376,2.0629832307773683,0.22695035460992907,0.1673758865248227,0.04539007092198582,0.011347517730496455,0.011347517730496455,29.342398476312987,165.8089843749998,0.0,0.2723404255319149,0.15673758865248227,0.0,251.09536361694336,1.0,0.18156028368794327,4212.135611112238,191.18913412140654,0.5882956242084186,881.4971601236871,2639.986942509322,2286.8913185360943,2579.3401354598536,279.5189208984375,2038.1944444444443,0.4085106382978723,,0.0,384.19117647058823,0.7716312056737589,365.8854166666667,0.5446808510638298,3093.75,0.09078014184397164,250.0,0.04539007092198582,15.625,0.22695035460992907,2.0879432624113474,6.510416666666664,0.5208333333333333,0.019858156028368795,0.4929078014184397,0.0,0.08581560283687943,0.20212765957446807,0.0,0.05319148936170213,0.1375886524822695,0.0,0.00851063829787234,0.8528433367552706,0.6147847024085843,3.222695035460993,0.0,0.5255319148936171,0.474468085106383,0.0,0.0,0.0,0.0,0.04539007092198582,0.0,0.0,0.0,0.0,,
pilot_mirage,Brens,CT,16,41.23,155.59653984542686,87.29196743905368,250.00035400390624,0.11064797271693823,0.30693444486547933,0.3823417961348996,0.4297082228116711,447.51298356713806,0.4607805987116332,1.1640773020083366,0.4365289882531262,0.3448275862068966,2.622223776659733,0.14550966275104207,0.10231148162182645,0.02425161045850701,0.008336491095111784,0.008336491095111784,28.833787433661865,137.417138671875,0.4850322091701402,0.38802576733611216,0.28760894278135657,0.0,192.39525699615479,0.875,0.19401288366805608,6416.037538547333,155.59924307200808,0.36353533193254556,852.908202075592,2440.2474694471825,2257.191332086556,1996.6240584615718,164.41802978515625,1618.1640625,0.38802576733611216,442.7083333333333,0.07275483137552104,414.4736842105263,0.4607805987116332,498.92241379310343,0.7032967032967034,1808.0357142857142,0.16976127320954906,343.75,0.02425161045850701,15.625,0.14550966275104207,1.9643804471390678,12.820512820512821,0.5256410256410257,0.1504357711254263,0.29367184539598334,0.021599090564607806,0.08829101932550208,0.08791208791208792,0.0071996968548692685,0.09435392194012884,0.24554755589238347,0.0034103827207275484,0.006820765441455097,0.8573652813683076,0.5314967498240535,3.1042061386888973,0.0,0.22963243652898827,0.4903372489579386,0.0,0.28003031451307314,0.0,0.2618416066691929,0.2425161045850701,0.0,0.0,0.02425161045850701,0.0,,
pilot_mirage,Brens,CT,17,37.55,136.5732884335731,92.1210774451138,250.00067749023438,0.12734082397003746,0.32501040366208905,0.46899708697461506,0.3537245110278818,465.0621437169738,0.42613399916770706,1.4914689970869746,0.6392009987515606,0.25010403662089054,2.725680511506445,0.10653349979192676,0.07865168539325842,0.05326674989596338,0.017478152309612985,0.017478152309612985,33.438428384874584,175.7157958984375,0.5859342488555972,0.5326674989596338,0.2958801498127341,0.0,216.78128051757812,1.0,0.15980024968789014,5128.424099717536,136.58724194004256,0.1953925847500247,591.839824643172,2368.926155480919,2269.153740462543,1922.1801766444335,163.90411376953125,1067.4342105263158,0.5060341240116522,424.4791666666667,0.15980024968789014,337.890625,0.8522679983354141,296.875,0.6392009987515606,1016.9270833333334,0.3196004993757803,445.3125,0.05326674989596338,15.625,0.10653349979192676,2.636704119850187,24.739583333333332,0.6571428571428571,0.1772784019975031,0.32709113607990015,0.03079483978360383,0.10195588847274241,0.13607990012484394,0.037037037037037035,0.09987515605493133,0.07698709945900957,0.0,0.012900540990428632,0.8861371280120623,0.5603131594731944,4.234706616729088,0.0,0.0,0.8614232209737828,0.0,0.13857677902621723,0.0,0.12817311693716188,0.21306699958385353,0.0,0.0,0.13316687473990846,0.0,,
pilot_mirage,Brens,CT,18,94.95,120.93878067221927,82.25072076505252,234.36963806152346,0.15830179364818167,0.226921178212934,0.43672864900444297,0.23811090998848117,557.1085393437006,0.9162415665624486,1.6534474247161428,0.5476386374856015,0.32927431298337995,2.8972997419395172,0.03159453677801547,0.060720750370248475,0.05265756129669245,0.03521474411716308,0.034556524600954416,32.79201147444865,166.7061767578125,0.8214579562284021,0.7266743458943558,0.504031594536778,0.0,70.46899366378784,0.25,0.08425209807470792,11483.724832093409,120.94098885206157,0.14165159031409227,968.0862958972441,2608.9891696891423,2210.692214011637,1944.1567452527843,227.633544921875,934.7222222222222,0.47391805167023204,550.78125,0.08425209807470792,438.8338414634146,0.8635840052657562,383.63486842105266,0.8003949317097252,1197.048611111111,0.1895672206680928,781.25,0.05265756129669245,15.625,0.03159453677801547,2.495968405463222,22.25281762295082,0.5200819672131147,0.1745927266743459,0.14250452525917393,0.01760737205858154,0.1745927266743459,0.16866875102846798,0.014974493993746915,0.14184630574296528,0.13065657396741814,0.013822609840381767,0.019582030607207503,0.8808160351991513,0.5843631176431141,4.317920026328781,0.0,0.4633865394108935,0.483955899292414,0.0,0.05265756129669245,0.0,0.038999506335362845,0.0947836103340464,0.0,0.0,0.0,0.0,,
pilot_mirage,Brens,T,0,29.14,212.8463933364316,61.39370458344093,250.00100402832032,0.0037533512064343165,0.0,0.1383378016085791,0.7769436997319035,594.6238506986305,0.20589812332439678,1.029490616621984,0.892225201072386,0.3865951742627346,2.453580512524796,0.13726541554959787,0.1061662198391421,0.03431635388739947,0.00804289544235925,0.00804289544235925,43.66663226344555,229.4514648437498,1.1667560321715817,0.4804289544235925,0.3656836461126005,0.0,170.28909149169922,1.0,0.17158176943699732,8053.418839157923,276.36397088799305,0.37606661533514646,1278.7912908801177,3028.6219647184244,1775.6007313234543,1293.003399597472,271.8125,871.6032608695652,0.7892761394101877,636.71875,0.13726541554959787,257.8125,0.4804289544235925,819.8529411764706,0.5833780160857909,,0.0,390.625,0.03431635388739947,15.625,0.13726541554959787,2.161930294906166,110.49107142857143,0.25396825396825395,0.011796246648793566,0.3576407506702413,0.031099195710455763,0.03806970509383378,0.07613941018766757,0.006970509383378016,0.17319034852546916,0.25308310991957106,0.04932975871313673,0.0016085790884718498,0.8341764165113378,0.5286775792527899,3.7404825737265415,0.0,0.1780160857908847,0.8219839142091153,0.0,0.0,0.0,0.0,0.03431635388739947,0.0,0.0,0.0,0.0,,
pilot_mirage,Brens,T,1,23.59,171.89377485103165,76.76986848629596,245.00936889648438,0.04304635761589404,0.09668874172185431,0.2609271523178808,0.5768211920529801,501.312811810662,0.46622516556291393,1.4410596026490066,0.5933774834437087,0.31986754966887415,2.283962724463234,0.1695364238410596,0.15364238410596026,0.0423841059602649,0.01456953642384106,0.0033112582781456954,26.882898572109013,143.27949218749978,0.7205298013245033,0.3390728476821192,0.3205298013245033,0.0,144.25341987609863,0.5,0.0847682119205298,4058.2558908512274,172.00554769170765,0.520984042618609,805.8990372204921,2136.31831187588,918.1964762173286,2131.253924343064,195.116455078125,1368.9903846153845,0.5509933774834437,156.25,0.0423841059602649,425.5514705882353,0.7205298013245033,262.86764705882354,0.7205298013245033,1140.625,0.0847682119205298,484.375,0.0423841059602649,15.625,0.1695364238410596,2.3311258278145695,79.0127840909091,0.3068181818181818,0.06821192052980132,0.4410596026490066,0.0,0.09072847682119205,0.20397350993377483,0.006622516556291391,0.07483443708609272,0.10927152317880795,0.0,0.005298013245033113,0.8569689996698038,0.601999829671207,3.814569536423841,0.0,0.03245033112582781,0.8337748344370861,0.0,0.1337748344370861,0.0,0.12119205298013246,0.38145695364238413,0.0423841059602649,0.0,0.0,0.0,,
pilot_mirage,Brens,T,2,50.34,114.28755639899525,79.60922483296537,237.06303405761722,0.11390440720049659,0.30291744258224707,0.5952824332712601,0.22532588454376165,612.7839920251264,1.0130353817504656,2.026070763500931,0.595903165735568,0.2905027932960894,3.049176816586507,0.0595903165735568,0.04562383612662942,0.09931719428926133,0.06238361266294227,0.0446927374301676,22.83805555825054,137.439453125,0.43699565487274983,0.8342644320297952,0.5180012414649287,0.0,241.7322031656901,1.0,0.0595903165735568,5754.448785301751,114.30314160748357,0.20906585412678982,562.9219261322996,1897.34593096511,963.6693832643507,1466.1886315253194,154.0955810546875,772.3214285714286,0.4171322160148976,904.5138888888889,0.1787709497206704,389.6484375,0.9534450651769087,268.8078703703704,1.0726256983240223,1270.8333333333333,0.2383612662942272,712.5,0.09931719428926133,15.625,0.0595903165735568,3.0192427063935443,36.013719512195124,0.41463414634146345,0.16449410304158907,0.14959652389819988,0.043761638733705775,0.1973929236499069,0.12290502793296089,0.0335195530726257,0.13749224084419615,0.048727498448168836,0.08441961514587212,0.01675977653631285,0.8743713344205699,0.5771089078480983,4.9658597144630665,0.0,0.8441961514587213,0.14214773432650527,0.0,0.013656114214773432,0.0,0.007759155803848541,0.09931719428926133,0.03972687771570453,0.0,0.0,0.0,,
pilot_mirage,Brens,T,3,21.69,123.27101920141439,83.47113490705567,246.42901916503905,0.07997118155619597,0.22046109510086456,0.5684438040345822,0.27017291066282423,626.7276190937962,1.2910662824207493,2.76657060518732,0.69164265129683,0.20605187319884727,2.732640225278318,0.0,0.0,0.0,0.0,0.0,19.33984022958724,117.158203125,0.09221902017291066,1.38328530259366,0.45605187319884727,0.0,0.0,0.0,0.09221902017291066,2674.649274379488,123.32676769473143,0.6180203199096649,469.231848319272,1683.5577834398152,1454.418301489216,1657.7254614396938,100.0,795.6730769230769,0.5994236311239193,166.66666666666666,0.138328530259366,202.58620689655172,1.3371757925072045,220.26209677419354,1.4293948126801153,956.25,0.23054755043227665,,0.0,,0.0,3.7348703170028816,-1.25,0.54,0.1484149855907781,0.28097982708933716,0.012968299711815562,0.1585014409221902,0.07708933717579251,0.007204610951008645,0.16642651296829972,0.11743515850144093,0.002881844380403458,0.026657060518731988,0.807851466875378,0.7772510144955447,6.455331412103747,0.0,0.734149855907781,0.265850144092219,0.0,0.0,0.0,0.0,0.138328530259366,0.04610951008645533,0.0,0.0,0.0,,
pilot_mirage,Brens,T,4,43.95,165.59398337148747,85.11996490537693,250.00081787109374,0.026661926768574477,0.11660149306789903,0.38464273018130113,0.5140419480981159,564.120282924892,0.9555634553857092,1.6153572698186989,0.3867756843227871,0.18734447209385,2.6016522065253267,0.06825453252755066,0.0593672236046925,0.11375755421258443,0.04514752932811945,0.028439388553146108,27.462372824613265,151.9606933593746,0.614290792747956,0.8190543903306079,0.4603626022040526,0.0,109.26784589555528,0.5555555555555556,0.20476359758265197,7278.1410071451155,165.58870403742887,0.1698025771871952,697.9089950474603,1423.5652206950645,1370.4299981587808,423.0370370099824,155.34375,1687.5,0.2957696409527195,475.0,0.11375755421258443,415.1182432432432,0.8418059011731248,305.35714285714283,0.796302879488091,854.1666666666666,0.13650906505510133,503.125,0.11375755421258443,15.625,0.06825453252755066,2.366157127621756,33.27546296296296,0.5202020202020202,0.059722715961606825,0.3590472804834696,0.0067543547813722,0.2228937077852826,0.07536437966583719,0.03306078919303235,0.14610735869178812,0.0646996089584074,0.014219694276573054,0.018130110202630643,0.8845776582394457,0.5516577165302514,3.79950231070032,0.0,0.0,1.0,0.0,0.0,0.0,0.0,0.06825453252755066,0.0,0.0,0.0,0.0,,
pilot_mirage,Brens,T,5,44.41,144.97298293709846,90.06657799323388,249.99972534179688,0.10696692470091484,0.17311752287121746,0.40570021111893034,0.40112596762843067,572.5421790702469,0.8332160450387052,1.756509500351865,0.6305418719211823,0.3166783954961295,2.9814605413109185,0.13511611541168192,0.10098522167487685,0.20267417311752287,0.11963406052076003,0.059817030260380016,58.80359440997888,335.6767578125,2.409570724841661,0.7656579873328642,0.4605911330049261,0.0,122.98804473876953,0.7777777777777778,0.20267417311752287,6437.027488126802,144.95769149898499,0.3285865843024578,892.5519209496505,2323.0823341412147,1692.4598893595762,2240.2855467247414,352.859375,1292.7083333333333,0.3377902885292048,361.60714285714283,0.31527093596059114,339.2269736842105,0.8557353976073188,435.594512195122,0.9232934553131598,960.9375,0.18015482054890922,673.6111111111111,0.20267417311752287,15.625,0.13511611541168192,2.9500351864883885,46.303763440860216,0.45913978494623653,0.08655876143560873,0.20337790288529206,0.030612244897959183,0.13511611541168192,0.11048557353976073,0.03166783954961295,0.21569317382125264,0.12209711470795215,0.05137227304714989,0.011963406052076003,0.7755966450427828,0.5736457040870854,4.616467276565799,0.0,0.7255453905700211,0.2744546094299789,0.0,0.0,0.0,0.0,0.045038705137227304,0.0,0.0,0.0,0.0,,
pilot_mirage,Brens,T,6,16.41,191.35654146739415,87.96085313906359,250.0013885498047,0.11428571428571428,0.039047619047619046,0.09523809523809523,0.7085714285714285,479.6820246326978,0.18285714285714286,0.9752380952380952,0.3047619047619048,0.3047619047619048,2.5003751207191907,0.18285714285714286,0.16952380952380952,0.1219047619047619,0.03619047619047619,0.03619047619047619,34.15717629140848,183.8320312499998,0.3657142857142857,0.4266666666666667,0.2419047619047619,0.0,222.09453582763672,1.0,0.1219047619047619,3138.0952814400644,191.2743790592039,0.5417666262432331,574.6596670046736,1707.527885620314,884.9005989521708,,173.60302734375,2206.25,0.3047619047619048,546.875,0.06095238095238095,627.2321428571429,0.4266666666666667,343.75,0.6095238095238096,320.3125,0.1219047619047619,296.875,0.1219047619047619,15.625,0.18285714285714286,1.8285714285714285,126.30208333333334,0.5833333333333333,0.12571428571428572,0.37142857142857144,0.029523809523809525,0.12380952380952381,0.1361904761904762,0.0038095238095238095,0.040952380952380955,0.16476190476190475,0.0,0.0038095238095238095,0.8591983423514283,0.4588596052719289,2.620952380952381,0.0,0.0,0.8495238095238096,0.0,0.15047619047619049,0.0,0.15047619047619049,0.4266666666666667,0.06095238095238095,0.0,0.0,0.0,,
pilot_mirage,Brens,T,7,69.25,135.0908174612072,72.87544284762247,245.0012008666992,0.0782942238267148,0.48307761732851984,0.5769404332129964,0.2427797833935018,504.1036308654042,0.5342960288808665,1.2418772563176896,0.5631768953068592,0.3458935018050541,2.9931909589942536,0.17328519855595667,0.11687725631768953,0.07220216606498195,0.024368231046931407,0.024368231046931407,38.879295023696685,218.517578125,1.55956678700361,0.49097472924187724,0.3476985559566787,0.0,206.67937660217285,1.0,0.05776173285198556,9356.457413797982,135.11129839419468,0.23405174470671433,683.2654715748893,2202.8030503706673,859.6073534008812,861.6380091649315,162.06982421875,1452.4739583333333,0.34657039711191334,755.859375,0.23104693140794225,503.5076530612245,0.7075812274368231,403.3717105263158,0.5487364620938628,2389.5089285714284,0.20216606498194944,381.25,0.07220216606498195,15.625,0.17328519855595667,2.2815884476534296,35.00600961538461,0.4182692307692308,0.09860108303249097,0.27842960288808666,0.053700361010830325,0.1263537906137184,0.15500902527075813,0.06656137184115524,0.09002707581227437,0.06859205776173286,0.05437725631768953,0.006994584837545126,0.8620122893649811,0.593612091276406,3.5379061371841156,0.0,0.3407039711191336,0.34002707581227437,0.0,0.30866425992779783,0.0,0.25,0.3898916967509025,0.04332129963898917,0.0,0.0,0.0,,
pilot_mirage,Brens,T,8,75.09,152.61366844659068,78.05933494182865,249.99929809570312,0.06387848522679983,0.32459425717852686,0.4756554307116105,0.3718268830628381,455.4411617490897,0.7057844361215148,1.6113191843528922,0.5859342488555972,0.3597586350395339,2.8517022164004437,0.1198501872659176,0.09071993341656263,0.13316687473990846,0.035164377861007075,0.03079483978360383,56.53898547248959,277.0974609375,2.0907199334165627,0.6791510611735331,0.3982521847690387,0.0,212.08305566961116,1.0,0.1464835622138993,11458.587789586967,152.5904324872172,0.3051037470948381,878.1517566928511,3497.251441332338,1766.7368632989162,2163.0312896991136,380.4375,1377.9296875,0.42613399916770706,457.9326923076923,0.17311693716188098,423.89112903225805,0.8256346233874324,356.1970338983051,0.7856845609654598,1625.0,0.19975031210986266,351.5625,0.13316687473990846,15.625,0.1198501872659176,2.663337494798169,-25.704541901188243,0.5375234521575984,0.07553058676654183,0.28651685393258425,0.019975031210986267,0.13275072825634623,0.18331252600915524,0.02184769038701623,0.1165210153974199,0.11485642946317104,0.036620890553474825,0.0089471493965876,0.7631593302119969,0.672127998304141,4.234706616729088,0.0,0.0,0.914273824386184,0.0,0.08572617561381607,0.0,0.08052434456928839,0.2397003745318352,0.013316687473990845,0.0,0.06658343736995423,0.0,,
pilot_mirage,Brens,T,9,65.3,151.0571558462515,74.79026296948591,245.5794799804688,0.0366116295764537,0.096673845417564,0.37616654702081836,0.36946637951663075,606.0549094123779,1.2098588178990188,1.8990189040440297,0.5513280689160086,0.2782962431203637,2.848587536646269,0.12251734864800191,0.09093084469968891,0.0765733429050012,0.028715003589375447,0.02632208662359416,35.3077950630535,171.2109375,1.087341469251017,1.1026561378320172,0.5072983967456329,0.0,141.24622774124146,0.6666666666666666,0.09188801148600144,9862.952340550424,151.04784632573035,0.27213171938928743,984.2998576911916,3699.434865593218,1753.908666308608,2136.141830026713,388.234375,981.6810344827586,0.44412538884900693,689.453125,0.12251734864800191,328.97727272727275,0.8423067719550131,429.8007246376812,1.0567121320890165,1578.125,0.06125867432400096,462.5,0.0765733429050012,15.625,0.12251734864800191,2.726011007418043,30.921157525510203,0.5248724489795918,0.04953338119167265,0.2122517348648002,0.029911462072266092,0.17611868868150274,0.07130892558028236,0.006700167504187605,0.23330940416367552,0.15003589375448673,0.04785833931562575,0.020579085905719073,0.8654728253665908,0.6134071693535895,4.747547260110074,0.0,0.0,0.9727207465900933,0.0,0.027279253409906678,0.0,0.027279253409906678,0.12251734864800191,0.03062933716200048,0.01531466858100024,0.0,0.0,,0.4
pilot_mirage,Brens,T,10,83.39,153.36082707240783,76.45987665543639,249.99998474121094,0.04646805321341577,0.29304852913621887,0.4688026981450253,0.40228592842420835,517.4905745911674,0.6595465617388045,1.7148210605208918,0.3357691587033914,0.3428892636312535,2.4748158126590742,0.10792580101180438,0.08019486602960464,0.07195053400786959,0.013678096308787708,0.013678096308787708,28.58668337340119,139.6796875,0.46767847105115234,0.7914558740865655,0.3719317968896384,0.0,209.30910078684488,0.8333333333333334,0.07195053400786959,14593.299889533599,174.9992866648211,0.21504951330899644,1000.4347663124411,3140.0601536380786,2531.9049151978274,1496.326712063678,273.0167236328125,2250.0,0.29979389169945664,109.375,0.035975267003934795,469.41964285714283,0.8394228967584786,260.70205479452056,0.8753981637624133,3491.0714285714284,0.08394228967584785,276.0416666666667,0.07195053400786959,15.625,0.10792580101180438,2.314408843919805,44.74431818181818,0.5431818181818182,0.05845980888139404,0.33558178752107926,0.0,0.1448379239273,0.23102866779089376,0.001873711823121604,0.10192992317781525,0.10792580101180438,0.002061083005433764,0.016301292861157952,0.8689434012568348,0.5928833027366114,3.9932546374367623,0.0,0.0,0.9576541127974517,0.0,0.04234588720254825,0.0,0.04234588720254825,0.14390106801573918,0.011991755667978264,0.0,0.0,0.0,,
pilot_mirage,Brens,T,11,23.97,147.7678849030932,85.01256778109449,249.99974060058594,0.043676662320730114,0.1316818774445893,0.42698826597131684,0.4406779661016949,537.508552957625,1.2099087353324642,1.9191655801825294,0.4172099087353325,0.2379400260756193,2.499038519860426,0.041720990873533245,0.030638852672750978,0.16688396349413298,0.05084745762711865,0.04302477183833116,20.863130274584147,121.6630859375,0.041720990873533245,0.7509778357235984,0.5795306388526728,0.0,78.56701532999675,0.3333333333333333,0.2503259452411995,3541.140099408118,147.7398737693087,0.7002441336105533,685.2501765029037,2479.6625809036263,1372.5680493105178,2207.7593566910205,100.0,1106.534090909091,0.4589308996088657,,0.0,445.9635416666667,1.001303780964798,272.01704545454544,0.9178617992177314,526.0416666666666,0.2503259452411995,445.3125,0.16688396349413298,15.625,0.041720990873533245,2.837027379400261,15.165441176470587,0.5213903743315508,0.058018252933507174,0.26988265971316816,0.0,0.24967405475880053,0.1727509778357236,0.0,0.16101694915254236,0.06453715775749674,0.0,0.02346805736636245,0.7621941579448845,0.5177615087953902,4.338983050847458,0.0,0.0,1.0,0.0,0.0,0.0,0.0,0.041720990873533245,0.0,0.0,0.0,0.0,,
pilot_mirage,MAHAR_-,CT,12,20.89,162.35696661866862,90.55247744942992,250.0005340576172,0.087509349289454,0.10770381451009724,0.26402393418100223,0.5056095736724009,556.1533666617729,0.8616305160807779,1.4360508601346298,1.100972326103216,0.2281226626776365,2.6924619806592904,0.14360508601346297,0.08975317875841436,0.14360508601346297,0.056843679880329095,0.056843679880329095,50.64366762081306,263.298095703125,2.393418100224383,0.8616305160807779,0.32834704562453254,0.0,111.62366256713867,1.0,0.2393418100224383,3392.470248660514,162.39199395233575,0.28188231065810654,438.0224109975939,1478.6260970674296,1305.4353439173822,946.1196891689492,163.6463623046875,914.0625,0.4786836200448766,292.4107142857143,0.6701570680628273,218.75,0.6701570680628273,453.125,0.7658937920718025,750.0,0.14360508601346297,479.1666666666667,0.14360508601346297,15.625,0.14360508601346297,3.0157068062827226,18.880208333333332,0.4015151515151515,0.11069558713537771,0.37023186237845923,0.035153328347045626,0.10022438294689603,0.015706806282722512,0.020942408376963352,0.15033657442034407,0.05160807778608826,0.13537771129394166,0.005235602094240838,0.805880722103641,0.7142520500035204,4.643231114435303,0.3807030665669409,0.6192969334330591,0.0,0.0,0.0,0.3231114435302917,0.0,0.04786836200448766,0.0,0.0,0.04786836200448766,0.0,,
pilot_mirage,MAHAR_-,CT,13,79.3,104.17741785236767,74.08887730090689,224.9996765136719,0.09142857142857143,0.35842364532019705,0.6689655172413793,0.16177339901477833,655.6356189505605,2.1186206896551725,2.736551724137931,0.49182266009852216,0.14916256157635469,2.7273642635608524,0.025221674876847292,0.018916256157635467,0.06305418719211822,0.09576354679802955,0.030147783251231526,40.26375386467777,280.8946777343737,2.320394088669951,1.2106403940886699,0.5994088669950739,0.0,154.9754206339518,1.0,0.03783251231527093,8260.542967533695,104.17236451668107,0.0956054859356754,482.0124788791256,1377.8047378223027,1220.1502969755607,1297.0054523917006,227.48956298828125,872.6851851851852,0.3404926108374384,477.16346153846155,0.16394088669950738,252.65330188679246,1.3367487684729065,256.1936936936937,1.3998029556650247,1235.733695652174,0.29004926108374385,1653.125,0.06305418719211822,15.625,0.025221674876847292,3.619310344827586,27.3890641783029,0.29704618689581097,0.09221674876847291,0.18995073891625616,0.03625615763546798,0.26226600985221676,0.04551724137931035,0.015172413793103448,0.2553694581280788,0.06167487684729064,0.026798029556650248,0.014778325123152709,0.8459042702600165,0.6013548870562084,5.7505418719211825,0.06167487684729064,0.0,0.9046305418719212,0.0,0.03369458128078818,0.055763546798029556,0.03369458128078818,0.12610837438423644,0.050443349753694584,0.0,0.08827586206896551,0.0,,
pilot_mirage,MAHAR_-,CT,14,42.31,151.02238609546043,77.51389880063587,249.9980209350586,0.0483751846381093,0.3918020679468242,0.4811669128508124,0.38183161004431315,472.9022932375887,0.8508124076809453,1.5834564254062038,0.638109305760709,0.28286558345642543,2.923637597098234,0.023633677991137372,0.021048744460856722,0.0,0.0,0.0,46.14233732135436,241.03095703124956,2.1742983751846383,0.5199409158050221,0.439807976366322,0.0,199.89745998382568,0.75,0.09453471196454949,6390.263813405378,151.02543724444024,0.1329553252998293,544.0195765136834,1349.231564159972,1318.6725924488858,1297.50171844427,227.964599609375,1055.5555555555557,0.4254062038404727,581.25,0.2363367799113737,451.5086206896552,0.6853766617429837,372.5328947368421,0.8980797636632201,2763.0208333333335,0.14180206794682423,,0.0,15.625,0.023633677991137372,2.4106351550960117,20.107886904761905,0.3380952380952381,0.06019202363367799,0.24335302806499262,0.06019202363367799,0.17466765140324964,0.1137370753323486,0.013293943870014771,0.1709748892171344,0.09194977843426884,0.0638847858197932,0.00775480059084195,0.871448957048554,0.5787219129054882,4.112259970457902,0.1964549483013294,0.8035450516986706,0.0,0.0,0.0,0.19202363367799113,0.0,0.11816838995568685,0.023633677991137372,0.023633677991137372,0.0,0.0,,0.8571428571428571
pilot_mirage,MAHAR_-,CT,15,85.97,72.14014322019543,91.06951170818924,240.0000427246094,0.5114503816793893,0.19756452199200292,0.2906215921483097,0.1599418393311523,443.31328310289973,0.2093784078516903,0.732824427480916,0.3954925481643039,0.1504907306434024,2.282608203857621,0.05816066884769175,0.05343511450381679,0.08142493638676845,0.504725554343875,0.05379861868411487,20.201276436954643,117.2900390625,0.5932388222464559,0.2093784078516903,0.2555434387495456,0.0,37.6463508605957,0.0,0.011632133769538349,6201.2750050617615,72.13406040057302,0.2404201563004431,352.3752560041844,1946.257142325308,1763.4686389384888,1301.3116206933469,228.73583984375,955.625,0.2908033442384587,373.4375,0.1163213376953835,435.26785714285717,0.4071246819338422,470.98214285714283,0.3256997455470738,2123.046875,0.09305707015630679,6301.339285714285,0.08142493638676845,15.625,0.05816066884769175,1.3725917848055254,61.13782051282051,0.3435897435897436,0.5005452562704471,0.1619411123227917,0.008905852417302799,0.07506361323155217,0.07251908396946564,0.027626317702653582,0.10123591421301345,0.043256997455470736,0.0069065794256633955,0.0018175209014903672,0.7914041295793003,0.4309972783681964,2.198473282442748,0.46601235914213013,0.5339876408578699,0.0,0.0,0.0,0.11195928753180662,0.0,0.19774627408215195,0.0697928026172301,0.0,0.19774627408215195,0.0,,
pilot_mirage,MAHAR_-,CT,16,111.64,124.67870530885696,70.23781050171847,249.9951171875,0.05626312106368089,0.512666200139958,0.6985304408677396,0.185444366689993,415.57985887438224,0.5643107067879636,1.468999300209937,0.5016095171448566,0.31420573827851644,2.5413516262399267,0.06270118964310707,0.04758572428271519,0.11644506648005598,0.12302309307207837,0.0748775367389783,20.913094481054905,105.315283203125,0.6270118964310707,0.44786564030790765,0.32078376487053883,0.0,169.56264389885797,0.8888888888888888,0.08061581525542337,13920.837974404805,124.69330026058888,0.09467104555352295,1100.8728000345513,3690.1283531588224,1193.694804709468,1436.9745675434162,289.11431884765625,1745.028409090909,0.39412176347095873,461.53846153846155,0.11644506648005598,393.01215277777777,0.644926522043387,319.29347826086956,0.82407277816655,5723.4375,0.08957312806158152,1186.298076923077,0.11644506648005598,15.625,0.06270118964310707,2.2482855143456963,-0.6231398809523809,0.33214285714285713,0.06018194541637509,0.40433869839048286,0.022953114065780267,0.11966410076976906,0.1059482155353394,0.023792862141357594,0.0748775367389783,0.17718684394681594,0.006997900629811057,0.0037788663400979707,0.8433378696573999,0.6084698800561423,3.699370188943317,0.27585724282715185,0.0,0.6954513645906228,0.0,0.028691392582225334,0.13240027991602518,0.028131560531840447,0.12540237928621414,0.017914625612316305,0.008957312806158153,0.09853044086773968,0.0,,0.3
pilot_mirage,MAHAR_-,CT,17,18.09,185.26319822524908,85.80543316406589,250.00135803222656,0.02936096718480138,0.0,0.21157167530224524,0.6658031088082902,363.26691659234916,0.7737478411053541,1.2711571675302245,0.3316062176165803,0.153713298791019,2.24577377872974,0.055267702936096716,0.07944732297063903,0.16580310880829016,0.12003454231433507,0.06735751295336788,31.51381916121975,158.4580078125001,0.6079447322970639,0.16580310880829016,0.4896373056994819,0.0,184.99335145950317,0.75,0.22107081174438686,3351.8360446424963,185.2482788058029,0.5370019423282228,653.5060554405196,1799.9424663387683,1374.2305240326152,,138.74017333984375,1656.25,0.3316062176165803,593.75,0.055267702936096716,608.0729166666666,0.6632124352331606,238.63636363636363,0.6079447322970639,,0.0,859.375,0.16580310880829016,15.625,0.055267702936096716,1.8791018998272884,-20.833333333333332,0.5,0.03195164075993091,0.4231433506044905,0.0051813471502590676,0.26252158894645944,0.1157167530224525,0.016407599309153715,0.114853195164076,0.010362694300518135,0.011226252158894647,0.008635578583765112,0.8559199794888471,0.5756793927568855,3.0397236614853194,0.3998272884283247,0.0025906735751295338,0.533678756476684,0.0,0.06390328151986183,0.38946459412780654,0.06390328151986183,0.2763385146804836,0.055267702936096716,0.055267702936096716,0.16580310880829016,0.0,,0.0
pilot_mirage,MAHAR_-,CT,18,17.06,157.34879419043824,92.56733190442186,250.00221252441406,0.040293040293040296,0.2490842490842491,0.4432234432234432,0.4624542124542125,610.3433480551105,1.347985347985348,1.7582417582417582,0.6446886446886447,0.09157509157509157,2.261254180923338,0.11721611721611722,0.08333333333333333,0.17582417582417584,0.07142857142857142,0.07142857142857142,37.89167227600825,168.7392578125,1.465201465201465,0.9377289377289377,0.3305860805860806,0.0,85.53234386444092,0.5,0.11721611721611722,2686.348452142257,157.44166752482093,0.7372128253244974,661.8041855711089,2095.2325886894605,2022.5414761972895,,259.9375,1059.0277777777778,0.5274725274725275,239.58333333333334,0.17582417582417584,284.5982142857143,0.8205128205128205,196.2890625,0.9377289377289377,850.0,0.29304029304029305,515.625,0.17582417582417584,15.625,0.11721611721611722,3.0476190476190474,-20.03205128205128,0.3269230769230769,0.07967032967032966,0.48534798534798534,0.023809523809523808,0.15567765567765568,0.057692307692307696,0.013736263736263736,0.1575091575091575,0.015567765567765568,0.004578754578754579,0.00641025641025641,0.7750178397277305,0.7504821424545545,4.336996336996337,0.5091575091575091,0.0,0.4908424908424908,0.0,0.0,0.43772893772893773,0.0,0.05860805860805861,0.0,0.0,0.0,0.0,,
pilot_mirage,MAHAR_-,T,0,30.78,212.70511100498703,62.91456967589594,250.0007781982422,0.01065989847715736,0.0,0.11725888324873096,0.7593908629441625,570.4131859235903,0.3898477157360406,0.9096446700507614,0.3898477157360406,0.20609137055837565,1.9515767390134406,0.0649746192893401,0.050253807106598984,0.03248730964467005,0.005076142131979695,0.005076142131979695,31.9767804782726,131.638671875,0.2923857868020305,0.7472081218274111,0.166497461928934,0.0,186.29732370376587,0.75,0.1299492385786802,8338.657435017889,270.9005461122563,0.36503129929663425,1271.777433455217,3044.4956871329305,1678.5669803517028,1110.6722060688505,239.828125,3039.0625,0.2598984771573604,334.375,0.16243654822335024,316.6666666666667,0.4873096446700508,475.96153846153845,0.42233502538071066,,0.0,156.25,0.03248730964467005,15.625,0.0649746192893401,1.4294416243654822,66.12723214285714,0.3214285714285714,0.01015228426395939,0.6213197969543147,0.016751269035532996,0.05279187817258883,0.06548223350253807,0.03248730964467005,0.08934010152284264,0.10304568527918782,0.005076142131979695,0.003553299492385787,0.8304156329859744,0.6385067232564177,2.501522842639594,0.8436548223350254,0.15634517766497463,0.0,0.0,0.0,0.7228426395939086,0.0,0.09746192893401015,0.03248730964467005,0.0,0.0,0.0,,
pilot_mirage,MAHAR_-,T,1,70.67,131.72844584559328,74.91815465635894,244.09426269531252,0.05858943179305771,0.35794826442626576,0.5582577934998895,0.284766747733805,512.7999763116862,0.848994030510723,1.6272385584788858,0.7074950254256025,0.23966393986292284,2.7477913680063044,0.12734910457660845,0.09131107671899182,0.18394870661065665,0.05438868007959319,0.03736458103028963,41.67877896429953,203.466796875,1.8819367676321026,0.48109661728940967,0.49082467388901174,0.0,121.4305606842041,0.8,0.1414990050851205,9310.118497973439,131.7372504687818,0.21448652352063408,803.0046561035346,2900.5767385522686,1331.5459587026726,2214.241796065139,271.3543701171875,1069.0524193548388,0.43864691576387355,228.90625,0.282998010170241,432.00231481481484,0.7640946274596506,351.4344262295082,0.863143931019235,1264.84375,0.282998010170241,414.66346153846155,0.18394870661065665,15.625,0.12734910457660845,2.9431793057705065,40.848866959064324,0.3315789473684211,0.07981428255582577,0.274596506743312,0.019456113199204067,0.1715675436657086,0.13641388458987397,0.014813177094848551,0.20871103250055273,0.0579261552067212,0.029405261994251603,0.006190581472474021,0.8219745638484742,0.6966946150928005,4.443068759672784,0.1472474021667035,0.0,0.8003537475127128,0.0,0.05239885032058368,0.11762104797700641,0.044218439089100156,0.15564890559363254,0.0282998010170241,0.01414990050851205,0.0,0.0,,0.2
pilot_mirage,MAHAR_-,T,2,23.94,152.56787728349005,82.14463905438512,250.00034942626954,0.041122715404699736,0.07180156657963446,0.38446475195822455,0.3733681462140992,739.2063347901949,1.629242819843342,2.255874673629243,0.5848563968668408,0.13511749347258487,2.702585072363152,0.04177545691906005,0.04046997389033943,0.0,0.0,0.0,25.125649340708687,129.254150390625,0.6684073107049608,1.1697127937336815,0.4869451697127937,0.0,85.50772488117218,0.5,0.3342036553524804,3653.5206089892754,152.62749280372952,0.42301636461139097,489.15664294212263,1633.1593484275288,1322.6015827788735,1561.7289601648065,153.75,865.625,0.4177545691906005,738.28125,0.1671018276762402,297.95258620689657,1.2114882506527416,240.625,1.0443864229765014,1718.75,0.04177545691906005,,0.0,15.625,0.04177545691906005,2.9242819843342036,8.494318181818183,0.3909090909090909,0.05221932114882506,0.2597911227154047,0.09007832898172324,0.26174934725848564,0.0737597911227154,0.011096605744125326,0.1866840731070496,0.028067885117493474,0.022193211488250653,0.014360313315926894,0.837827495459867,0.6348417304102043,5.054830287206267,0.27872062663185376,0.7101827676240209,0.0,0.0,0.011096605744125326,0.2591383812010444,0.0,0.1671018276762402,0.04177545691906005,0.04177545691906005,0.0,0.0,,0.14285714285714285
pilot_mirage,MAHAR_-,T,3,15.59,147.85260443505877,91.86159652733475,250.00091552734375,0.11823647294589178,0.3066132264529058,0.3817635270541082,0.41082164328657317,667.6771216378417,1.0901803607214429,1.6032064128256514,0.6412825651302605,0.1933867735470942,2.4275472321716642,0.06412825651302605,0.06212424849699399,0.06412825651302605,0.002004008016032064,0.002004008016032064,53.96973782676154,372.4410156249995,2.7575150300601203,0.5130260521042084,0.33867735470941884,0.0,65.8743028640747,0.5,0.1282565130260521,2305.955280283176,147.87689172156638,0.687375115575644,562.8923581012159,1673.4136498733988,1666.9284141789249,,152.109375,815.625,0.6412825651302605,140.625,0.06412825651302605,439.73214285714283,0.8977955911823647,197.91666666666666,0.7695390781563126,956.25,0.32064128256513025,203.125,0.06412825651302605,15.625,0.06412825651302605,2.8216432865731464,-47.135416666666664,0.4916666666666667,0.12224448897795591,0.33867735470941884,0.0,0.22344689378757515,0.15531062124248496,0.008016032064128256,0.11422845691382766,0.02905811623246493,0.001002004008016032,0.008016032064128256,0.7284154872938616,0.48754136506933815,4.104208416833667,0.3777555110220441,0.6222444889779559,0.0,0.0,0.0,0.3466933867735471,0.0,0.06412825651302605,0.0,0.0,0.0,0.0,,
pilot_mirage,MAHAR_-,T,4,16.33,160.8784376975452,84.29614192108183,249.99982604980468,0.01818181818181818,0.0,0.36650717703349284,0.4507177033492823,735.9492497592374,1.6535885167464115,2.204784688995215,0.18373205741626794,0.09569377990430622,2.2995068713510642,0.06124401913875598,0.06411483253588517,0.06124401913875598,0.007655502392344498,0.007655502392344498,41.34684151251197,279.5666992187483,1.9598086124401914,1.4698564593301435,0.6344497607655503,0.0,163.9986572265625,1.0,0.12248803827751197,2627.188694486633,160.89959468626267,0.2639860637833437,380.8398036282838,909.747447235763,770.716645987839,,101.43670654296875,2867.1875,0.12248803827751197,640.625,0.06124401913875598,331.8452380952381,1.2861244019138756,263.671875,0.9799043062200957,,0.0,203.125,0.06124401913875598,15.625,0.06124401913875598,2.572248803827751,29.341063348416288,0.19230769230769232,0.027751196172248804,0.2736842105263158,0.021052631578947368,0.3626794258373206,0.03827751196172249,0.01818181818181818,0.21148325358851675,0.03923444976076555,0.0,0.007655502392344498,0.8243043752275642,0.5920132826049759,4.042105263157895,0.3875598086124402,0.0,0.6124401913875598,0.0,0.0,0.3837320574162679,0.0,0.12248803827751197,0.0,0.0,0.0,0.0,,
pilot_mirage,MAHAR_-,T,5,43.09,117.36050155792356,102.92377698112614,249.9974822998047,0.2965917331399565,0.05946337926033358,0.242929659173314,0.36185641769398114,538.4040958272051,0.5337200870195794,1.229876722262509,0.5569253081943437,0.16823785351704135,2.61330014926119,0.023205221174764323,0.01704133430021755,0.06961566352429296,0.34155184916606235,0.04024655547498187,16.38351189160546,62.2265625,0.580130529369108,0.3944887599709935,0.37599709934735315,0.0,80.70898127555847,0.25,0.18564176939811458,5057.049394465648,117.34994969028335,0.36578006801116897,571.7839206796351,1887.7370801433296,1030.9953826410947,1474.8400216942125,156.651123046875,753.125,0.46410442349528647,425.0,0.11602610587382162,404.1193181818182,0.5105148658448151,353.3266129032258,0.719361856417694,1281.25,0.046410442349528645,5026.041666666667,0.06961566352429296,15.625,0.023205221174764323,1.9492385786802031,-23.995535714285715,0.3611111111111111,0.312545322697607,0.21065989847715735,0.01994198694706309,0.16316171138506164,0.03444525018129079,0.005076142131979695,0.1218274111675127,0.10442349528643945,0.024292965917331398,0.0036258158085569255,0.8751136746392696,0.5902920874438579,3.387962291515591,0.1794778825235678,0.8205221174764322,0.0,0.0,0.0,0.17186366932559827,0.0,0.06961566352429296,0.023205221174764323,0.023205221174764323,0.0,0.0,,0.42857142857142855
pilot_mirage,MAHAR_-,T,6,35.97,151.69988209555504,82.33479531358381,249.9944610595703,0.07211120764552563,0.19852302345786274,0.3953084274543875,0.3844483058210252,475.3487582008788,0.6672458731537794,1.5291051259774109,0.6672458731537794,0.29278887923544744,2.8650175139719947,0.05560382276281494,0.06385751520417028,0.19461337966985232,0.0682015638575152,0.03344917463075586,43.62237418853216,256.11328125,1.8071242397914857,0.5560382276281495,0.5191138140747177,0.0,149.9547643661499,0.875,0.22241529105125976,5457.348278337891,151.7247132118267,0.397258757783198,736.2130627881887,2167.979397842785,768.7134718712188,1261.5101746349778,214.4788818359375,1053.3088235294117,0.472632493483927,353.515625,0.22241529105125976,501.25,0.6950477845351868,332.8125,0.8340573414422241,2380.2083333333335,0.08340573414422242,497.76785714285717,0.19461337966985232,15.625,0.05560382276281494,2.5577758470894874,42.249177631578945,0.29276315789473684,0.09643788010425716,0.25021720243266726,0.03344917463075586,0.18809730668983493,0.1359687228496959,0.018245004344048653,0.13292788879235448,0.11164205039096438,0.02693310165073849,0.006081668114682885,0.8722646842470214,0.6203425601889968,4.253692441355343,0.15986099044309296,0.0,0.6390095569070373,0.0,0.20112945264986967,0.15464813205907907,0.20069504778453517,0.36142484795829716,0.02780191138140747,0.02780191138140747,0.0,0.0,,0.0
pilot_mirage,MAHAR_-,T,7,28.38,130.5500963139081,88.6482891187593,250.00009155273438,0.08370044052863436,0.28193832599118945,0.4994493392070485,0.32544052863436124,509.3902166598711,0.6696035242290749,1.1277533039647578,1.092511013215859,0.15143171806167402,2.5940253454878484,0.14096916299559473,0.10737885462555066,0.28193832599118945,0.06993392070484582,0.05011013215859031,30.895104812327823,200.82499999999968,1.4449339207048457,0.31718061674008813,0.3237885462555066,0.0,33.269069155057274,0.3333333333333333,0.10572687224669604,3703.958696727814,130.53598931199346,0.44158795775733145,660.3778357560177,1681.1295844305084,960.1847880295675,1246.5376101769257,195.53399658203125,619.7916666666666,0.7400881057268722,237.2159090909091,0.3876651982378855,578.125,0.5991189427312775,184.375,0.5286343612334802,1142.857142857143,0.24669603524229075,373.046875,0.28193832599118945,15.625,0.14096916299559473,2.9251101321585904,25.982481060606062,0.22348484848484848,0.16134361233480177,0.33865638766519823,0.0605726872246696,0.2131057268722467,0.10242290748898679,0.02643171806167401,0.07048458149779736,0.01762114537444934,0.004955947136563877,0.004405286343612335,0.8714701860074465,0.6000341266465579,4.229074889867841,0.28634361233480177,0.0,0.7136563876651982,0.0,0.0,0.276431718061674,0.0,0.03524229074889868,0.0,0.0,0.0,0.0,,
pilot_mirage,MAHAR_-,T,8,13.16,226.27635869447522,50.285815507444184,250.00621337890624,0.004750593824228029,0.0,0.052256532066508314,0.8147268408551069,559.6939856968704,0.38004750593824227,0.45605700712589076,0.15201900237529692,0.09619952494061758,1.3995137821445158,0.07600950118764846,0.10807600950118765,0.07600950118764846,0.0,0.0,33.908586898967,136.4287109375,0.0,0.15201900237529692,0.167458432304038,0.0,114.38189697265625,1.0,0.07600950118764846,2976.61162467577,226.25076482096114,0.6437372995779477,709.7683412501781,1916.1559291611077,1417.8082040273016,,163.61572265625,3437.5,0.22802850356294538,,0.0,171.875,0.22802850356294538,1161.4583333333333,0.22802850356294538,,0.0,46.875,0.07600950118764846,15.625,0.07600950118764846,0.836104513064133,-28.645833333333336,0.5,0.010688836104513063,0.6876484560570071,0.0,0.035629453681710214,0.0011876484560570072,0.0,0.167458432304038,0.09501187648456057,0.0,0.0023752969121140144,0.6444811603397836,0.2557200083457033,1.2161520190023754,0.7007125890736342,0.0,0.2992874109263658,0.0,0.0,0.6864608076009501,0.0,0.07600950118764846,0.0,0.0,0.0,0.0,,
pilot_mirage,MAHAR_-,T,9,32.39,164.31700560273723,76.35980834851762,246.97804260253906,0.027978774722624215,0.1529184756391703,0.3420164013506995,0.5127834056922335,535.2359501412759,0.8027013989387362,1.6054027978774723,0.5865894838398457,0.3478051133622769,2.913695312321153,0.12349252291365172,0.0844187168355041,0.12349252291365172,0.03859141341051616,0.03424987940183309,51.82384546935328,313.548828125,2.3772310660877953,0.5865894838398457,0.4384949348769899,0.0,146.08891582489014,1.0,0.24698504582730343,5322.69034961993,164.32811499067802,0.5217627801019046,885.3291949144055,2777.181714439273,1060.2033563471923,1888.05897422429,142.13751220703125,1195.3125,0.432223830197781,614.5833333333334,0.18523878437047755,406.9010416666667,0.7409551374819102,450.33482142857144,0.864447660395562,1651.0416666666667,0.09261939218523878,429.6875,0.12349252291365172,15.625,0.12349252291365172,2.5624698504582732,6.1178768382352935,0.48161764705882354,0.03907380607814761,0.22190062711046793,0.060781476121562955,0.1326579835986493,0.12445730824891461,0.03183791606367583,0.18716835504100338,0.17028461167390255,0.01929570670525808,0.010612638687891944,0.8460426905186437,0.65400633202703,4.10612638687892,0.23299565846599132,0.0,0.653159671972986,0.0,0.11384466956102267,0.1948866377231066,0.11384466956102267,0.3396044380125422,0.09261939218523878,0.0,0.0,0.0,,
pilot_mirage,MAHAR_-,T,10,20.84,161.68353807926178,81.32919653659506,250.00157165527344,0.03298350824587706,0.31859070464767614,0.47226386806596704,0.43478260869565216,407.82097808151707,0.47976011994003,1.631184407796102,0.335832083958021,0.22938530734632684,1.9721148144835796,0.14392803598200898,0.09220389805097451,0.095952023988006,0.006746626686656672,0.006746626686656672,38.26872098884096,191.4783203125,1.0074962518740629,0.239880059970015,0.23613193403298352,0.0,58.93071937561035,0.5,0.095952023988006,3369.3860673519416,161.64970637970333,0.6654676247384077,841.6476191933451,2424.077019975736,1914.8668234392871,2285.8763018118248,151.8125,2196.4285714285716,0.335832083958021,,0.0,245.53571428571428,1.343328335832084,372.3958333333333,0.28785607196401797,2213.5416666666665,0.14392803598200898,242.1875,0.095952023988006,15.625,0.14392803598200898,2.350824587706147,-62.5,0.5833333333333333,0.06221889055472264,0.5082458770614693,0.0,0.09820089955022489,0.22413793103448276,0.0,0.0944527736131934,0.005247376311844078,0.0,0.0074962518740629685,0.8200951324904732,0.6303737243158402,3.790104947526237,0.40554722638680657,0.0,0.5674662668665668,0.0,0.026986506746626688,0.37556221889055474,0.015742128935532233,0.191904047976012,0.047976011994003,0.0,0.0,0.0,,
pilot_mirage,MAHAR_-,T,11,18.33,163.16017127037048,87.77004282392355,250.0,0.13469735720375106,0.2259164535379369,0.2591645353793691,0.49019607843137253,263.1128988097007,0.3273657289002558,1.3094629156010231,0.2728047740835465,0.2710997442455243,2.182623911999581,0.0,0.0,0.10912190963341858,0.0025575447570332483,0.0017050298380221654,25.933377939686434,177.12158203125,0.8184143222506394,0.38192668371696503,0.19096334185848252,0.0,194.4456329345703,1.0,0.10912190963341858,2990.594826312582,163.16970919352536,0.6828161670251478,704.4216624901023,2042.0264964279947,1194.0275337313037,,100.0,4510.416666666667,0.1636828644501279,234.375,0.10912190963341858,322.9166666666667,0.8184143222506394,206.59722222222223,0.49104859335038364,2070.3125,0.10912190963341858,148.4375,0.10912190963341858,,0.0,1.8005115089514065,0.6510416666666679,0.20833333333333331,0.14151747655583974,0.4884910485933504,0.004262574595055414,0.0792838874680307,0.17135549872122763,0.013640238704177323,0.015345268542199489,0.0784313725490196,0.0076726342710997444,0.0,0.8989657215689354,0.5031239491469103,2.946291560102302,0.5745950554134698,0.0,0.4254049445865303,0.0,0.0,0.39641943734015345,0.0,0.05456095481670929,0.0,0.0,0.0,0.0,,
pilot_mirage,NaYz,CT,0,39.22,174.62980583659206,89.76361989066761,250.0021530151367,0.09601593625498007,0.01952191235059761,0.23665338645418327,0.5585657370517928,695.2745196431623,0.7649402390438247,1.6828685258964144,0.8414342629482072,0.21314741035856574,2.405199887176981,0.12749003984063745,0.09760956175298804,0.07649402390438247,0.15697211155378485,0.05617529880478088,50.00977691249003,222.82851562499948,1.0964143426294821,0.6884462151394423,0.1752988047808765,0.0,62.23321024576823,0.3333333333333333,0.07649402390438247,9061.636854972925,231.05368873237737,0.2198262128156392,962.7918182730035,2215.025885028831,1889.5309728616214,574.0403838044908,156.05322265625,1097.0052083333333,0.6119521912350597,198.4375,0.2549800796812749,230.03472222222223,0.9179282868525896,230.72916666666666,0.7649402390438247,382.8125,0.05099601593625498,2166.6666666666665,0.07649402390438247,15.625,0.12749003984063745,2.804780876494024,22.601379598662206,0.3060200668896321,0.11274900398406375,0.49163346613545816,0.017131474103585658,0.0752988047808765,0.11872509960159362,0.00796812749003984,0.08366533864541832,0.05936254980079681,0.024302788844621514,0.006374501992031873,0.8201808257232511,0.7972560303504971,4.7681274900398405,0.7760956175298804,0.2239043824701195,0.0,0.0,0.0,0.5904382470119522,0.0,0.07649402390438247,0.0,0.0,0.07649402390438247,0.0,,
pilot_mirage,NaYz,CT,1,75.78,145.38741795330318,85.87386194320226,247.33316345214843,0.10639175257731959,0.28329896907216495,0.39958762886597937,0.4006185567010309,594.2068230521127,0.63340206185567,1.7022680412371134,0.6465979381443299,0.3101030927835052,2.870511039166136,0.07917525773195876,0.05278350515463918,0.02639175257731959,0.022061855670103093,0.022061855670103093,41.7173428558079,248.2255859375,1.7418556701030927,0.5410309278350516,0.3909278350515464,0.0,41.56445214965127,0.2727272727272727,0.14515463917525773,13607.318906422077,179.5604969094872,0.1888718046145175,992.0559811249022,3460.5710660977106,1778.658014425429,926.3404030521683,217.74786376953125,1175.189393939394,0.4354639175257732,405.2734375,0.2111340206185567,386.9357638888889,0.9501030927835051,285.82974137931035,0.7653608247422681,1651.4423076923076,0.17154639175257733,937.5,0.02639175257731959,15.625,0.07917525773195876,2.6391752577319587,64.05901616499443,0.3701226309921962,0.13319587628865978,0.2550515463917526,0.03216494845360825,0.14577319587628865,0.17670103092783504,0.038350515463917524,0.11690721649484537,0.08,0.015051546391752577,0.006804123711340206,0.8655594034085039,0.5965040208847016,4.52618556701031,0.2651546391752577,0.7348453608247423,0.0,0.0,0.0,0.18309278350515465,0.0,0.25072164948453607,0.05278350515463918,0.03958762886597938,0.0,0.0,,0.4761904761904762
pilot_mirage,NaYz,CT,2,66.25,131.26132212902579,83.41290410017044,249.99662170410156,0.08089622641509434,0.20306603773584905,0.49033018867924527,0.2997641509433962,642.5399413346212,1.1773584905660377,2.188679245283019,0.7547169811320755,0.23985849056603772,2.9078032169245134,0.07547169811320754,0.05235849056603774,0.1509433962264151,0.08396226415094339,0.06391509433962264,41.143443646423094,210.6953125,1.7509433962264151,0.9509433962264151,0.4891509433962264,0.0,92.3137047290802,0.625,0.24150943396226415,10992.254830869399,165.9208276357645,0.18416753931300975,671.3744848463972,2343.548324217349,1633.195914091001,2099.846998154801,228.17242431640625,916.6666666666666,0.4528301886792453,342.1875,0.3018867924528302,318.5267857142857,1.0566037735849056,254.11184210526315,1.1471698113207547,840.8203125,0.24150943396226415,692.1875,0.1509433962264151,15.625,0.07547169811320754,3.4264150943396228,23.78945355951057,0.3854282536151279,0.1054245283018868,0.2490566037735849,0.0294811320754717,0.2044811320754717,0.08773584905660377,0.03231132075471698,0.16014150943396227,0.07783018867924528,0.04150943396226415,0.011556603773584905,0.8231809322760507,0.7166511160223975,5.554716981132075,0.20518867924528303,0.027122641509433963,0.6622641509433962,0.0,0.1054245283018868,0.1820754716981132,0.10495283018867925,0.24150943396226415,0.01509433962264151,0.045283018867924525,0.12075471698113208,0.0,,0.2833333333333334
pilot_mirage,NaYz,CT,3,22.91,170.58806418136555,77.0753808336479,250.003662109375,0.01296043656207367,0.1937244201909959,0.40791268758526605,0.4542974079126876,824.1511390595749,0.5238744884038199,1.6152796725784448,0.567530695770805,0.20327421555252387,2.156773560982717,0.26193724420190995,0.19986357435197818,0.21828103683492497,0.08663028649386084,0.08390177353342429,50.27749440059727,204.35859374999987,0.39290586630286495,0.5238744884038199,0.1882673942701228,0.0,124.9095573425293,1.0,0.08731241473396999,5606.23837391012,244.74710500016894,0.3156737027699576,934.8367618293662,1914.3093685361187,1154.4157798102206,1859.8078179809238,383.828125,2072.265625,0.34924965893587995,137.5,0.21828103683492497,225.14204545454547,0.9604365620736699,291.9921875,0.6984993178717599,1109.375,0.17462482946793997,487.5,0.21828103683492497,15.625,0.26193724420190995,2.8813096862210097,19.96527777777778,0.26111111111111107,0.03342428376534789,0.5470668485675307,0.0034106412005457027,0.09822646657571624,0.10572987721691678,0.008185538881309686,0.11050477489768076,0.07094133697135062,0.018417462482946793,0.004092769440654843,0.8146061239104648,0.741174437633153,4.1036834924965895,0.514324693042292,0.010231923601637109,0.45566166439290584,0.0,0.019781718963165076,0.4106412005457026,0.019781718963165076,0.30559345156889495,0.04365620736698499,0.0,0.26193724420190995,0.0,,
pilot_mirage,NaYz,CT,4,25.28,132.4998817797497,93.70705546374857,250.00257110595703,0.014833127317676144,0.06180469715698393,0.5389369592088998,0.3380716934487021,640.3723423205298,0.7119901112484549,1.661310259579728,0.7119901112484549,0.27564894932014833,2.6037671391637103,0.19777503090234858,0.1260815822002472,0.2373300370828183,0.22929542645241038,0.22929542645241038,51.3967325921846,249.39765624999896,1.5822002472187886,0.43510506798516685,0.38133498145859085,0.33250927070457353,61.596325039863586,0.25,0.15822002472187885,3349.481943172188,132.48877896354762,0.5725374197627616,570.500758098278,1959.4338874895575,1851.3045260092354,1890.1841697044615,268.078125,1062.5,0.553770086526576,371.875,0.19777503090234858,296.09375,0.7911001236093943,422.58522727272725,0.8702101359703337,390.625,0.15822002472187885,1070.3125,0.2373300370828183,15.625,0.19777503090234858,3.0061804697156984,34.44940476190476,0.419047619047619,0.02781211372064277,0.3831891223733004,0.0030902348578491965,0.11248454882571075,0.07045735475896168,0.03522867737948084,0.1841779975278121,0.13411619283065512,0.03337453646477132,0.013597033374536464,0.7655760005925987,0.641499360473458,4.667490729295427,0.38936959208899874,0.0,0.0,0.6106304079110012,0.0,0.3207663782447466,0.0,0.11866501854140915,0.03955500618046971,0.0,0.0,0.2373300370828183,0.7408906882591093,
pilot_mirage,NaYz,CT,5,34.05,115.31385565814813,92.66936251607834,249.9964141845703,0.1427260211106012,0.26480036714089034,0.4827902707664066,0.2895823772372648,601.6240787253755,0.4405690683799908,1.791647544745296,0.7636530518586507,0.2547039926571822,3.0158071286744113,0.14685635612666362,0.11243689765947683,0.11748508490133089,0.0578246902248738,0.04222120238641579,29.8136438066747,170.72299804687526,0.7930243230839835,0.35245525470399264,0.42909591555759524,0.32537861404313906,0.0,0.0,0.058742542450665444,3925.74767382888,115.30419969024705,0.34698708076180945,294.83237214618157,1457.3399114338376,1322.70021031073,1139.6125335596305,164.79296875,717.1052631578947,0.5580541532813217,753.90625,0.23497016980266178,343.2291666666667,0.8811381367599816,262.0967741935484,0.9105094079853143,901.5625,0.29371271225332723,527.34375,0.11748508490133089,15.625,0.14685635612666362,3.1427260211106014,88.93229166666666,0.41666666666666663,0.1463974300137678,0.24965580541532814,0.07296925195043598,0.15190454336851766,0.09499770536943553,0.045433685176686556,0.11427260211106012,0.055530059660394676,0.058742542450665444,0.010096374483708122,0.8786492621659814,0.6059927532750357,4.9931161083065625,0.22716842588343278,0.0,0.0,0.5240936209270307,0.24873795318953648,0.19366681964203764,0.19871500688389168,0.38182652592932537,0.029371271225332722,0.0,0.0,0.23497016980266178,0.6234676007005254,
pilot_mirage,NaYz,CT,6,34.55,144.0225480193873,90.86075875296808,249.99790954589844,0.11804613297150611,0.1117141564902759,0.3622795115332429,0.39620081411126185,542.7920873126734,0.5210312075983717,1.649932157394844,0.8104929895974672,0.2568973315241972,2.8560145253334905,0.17367706919945725,0.1347806422433288,0.11578471279963817,0.12256897331524197,0.07507914970601538,43.99122949660634,222.243798828125,1.3025780189959295,0.4631388511985527,0.3405698778833107,0.14246947082767977,115.13008144923619,0.5714285714285714,0.2026232473993668,4975.595806648469,144.02448286996926,0.2502843335718743,467.0970480367787,1313.8687352103302,1090.5640922562914,899.9958829289901,226.628662109375,784.0909090909091,0.6368159203980099,410.7142857142857,0.2026232473993668,382.2544642857143,0.8104929895974672,301.1853448275862,0.8394391677973767,551.3392857142857,0.2026232473993668,1109.375,0.11578471279963817,15.625,0.17367706919945725,2.981456354590683,30.80357142857143,0.4119047619047619,0.12030755314337403,0.28177295341474445,0.0438715513342379,0.1456354590682949,0.12663952962460426,0.028946178199909543,0.14337403889642697,0.09045680687471733,0.010402532790592492,0.008141112618724558,0.7958738155943089,0.5664924518442724,4.8050655811849845,0.2573496155585708,0.11307100859339665,0.0,0.3116236996834012,0.3179556761646314,0.2225237449118046,0.2564450474898236,0.5789235639981909,0.0,0.0,0.14473089099954772,0.17367706919945725,0.5370101596516691,
pilot_mirage,NaYz,CT,7,20.75,162.25497569864146,90.82647017796333,250.00401306152344,0.02108433734939759,0.1355421686746988,0.3953313253012048,0.4924698795180723,613.2203800820528,0.8674698795180723,1.7349397590361446,0.9156626506024096,0.2447289156626506,2.747139307944302,0.24096385542168675,0.15436746987951808,0.0963855421686747,0.07379518072289157,0.07379518072289157,49.12235952807084,244.47587890625013,0.8192771084337349,0.6746987951807228,0.3057228915662651,0.19427710843373494,186.85111490885416,1.0,0.14457831325301204,3366.7987500173417,162.25536144661888,0.5704623207247425,599.9618284090958,1986.807957476476,1882.5566449062192,1891.3912241625706,268.03607177734375,1005.6818181818181,0.5301204819277109,256.94444444444446,0.43373493975903615,285.84558823529414,0.8192771084337349,353.61842105263156,0.9156626506024096,703.125,0.1927710843373494,828.125,0.0963855421686747,15.625,0.24096385542168675,3.2289156626506026,62.4599358974359,0.27692307692307694,0.050451807228915665,0.36370481927710846,0.03614457831325301,0.1302710843373494,0.0625,0.03313253012048193,0.16792168674698796,0.10542168674698796,0.04216867469879518,0.00677710843373494,0.822120908807438,0.7136273934491641,4.819277108433735,0.45331325301204817,0.0,0.0,0.3373493975903614,0.20933734939759036,0.38478915662650603,0.20933734939759036,0.3373493975903614,0.0,0.0,0.0,0.14457831325301204,0.5758928571428571,
pilot_mirage,NaYz,CT,8,69.78,128.32887620876255,96.89622346127274,250.00029754638672,0.11195700850873265,0.1412897447380206,0.4278996865203762,0.33900582176444244,539.859131409974,0.7881773399014779,1.6336766681594268,0.6592028660994178,0.15763546798029557,2.796981138501732,0.10031347962382445,0.07881773399014778,0.07165248544558889,0.028660994178235557,0.024406627854903717,39.946551301791715,225.1328125,1.490371697268249,0.4012539184952978,0.4664128974473802,0.30855351545006715,102.79207627773285,0.6,0.07165248544558889,8955.748372239555,128.34032597925022,0.18848861528717545,783.1632200534273,1688.0566095438094,962.5751991190042,1083.0699421024453,228.08917236328125,891.1637931034483,0.4155844155844156,340.27777777777777,0.25794894760412,398.29545454545456,0.7881773399014779,319.1207627118644,0.8454993282579489,896.3068181818181,0.15763546798029557,484.375,0.07165248544558889,15.625,0.10031347962382445,2.6368114643976712,34.90596395881007,0.4147597254004577,0.12740707568293774,0.24720107478728168,0.05329153605015674,0.20040304523063143,0.08038513210927004,0.021495745633676667,0.20264218540080609,0.04254366323331841,0.012987012987012988,0.01141961486789073,0.7913263258867667,0.5781622323363426,4.428123600537393,0.2798925212718316,0.01858486341244962,0.0,0.5801612180922526,0.12136139722346619,0.26556202418271385,0.11531571876399463,0.2722794446932378,0.014330497089117778,0.0,0.028660994178235557,0.15763546798029557,0.5766113469702817,
pilot_mirage,NaYz,CT,9,28.36,162.3900328902666,89.04816142757463,249.99722595214843,0.08539944903581267,0.14325068870523416,0.28539944903581266,0.4859504132231405,649.8294157127109,0.49366391184573005,1.4457300275482095,0.8110192837465565,0.2837465564738292,2.9614589864915195,0.10578512396694215,0.06721763085399449,0.03526170798898071,0.050137741046831955,0.050137741046831955,42.40100918636301,234.81879882812473,1.6573002754820936,0.5289256198347108,0.4022038567493113,0.032506887052341595,64.13128519058228,0.25,0.14104683195592285,4604.753477540848,162.37147248628884,0.17703797003359986,366.87219158826565,1402.4315782688936,1307.2179813653265,1158.0876637611968,156.11932373046875,1024.0384615384614,0.4584022038567493,600.8522727272727,0.3878787878787879,439.3382352941176,0.5994490358126722,306.640625,0.8462809917355372,677.0833333333334,0.2115702479338843,1468.75,0.03526170798898071,15.625,0.10578512396694215,2.644628099173554,80.82217261904762,0.27976190476190477,0.06170798898071626,0.26887052341597795,0.14986225895316804,0.12617079889807162,0.09090909090909091,0.04297520661157025,0.10633608815426997,0.10964187327823692,0.04022038567493113,0.003305785123966942,0.858746988282596,0.6235641563459534,4.372451790633609,0.24352617079889807,0.0,0.0,0.26831955922865014,0.4881542699724518,0.18236914600550963,0.40550964187327826,0.5289256198347108,0.03526170798898071,0.0,0.0,0.10578512396694215,0.1293634496919918,
pilot_mirage,NaYz,CT,10,18.0,204.37069608188338,62.8035978894699,250.0001968383789,0.0026041666666666665,0.008680555555555556,0.15538194444444445,0.7152777777777778,636.8748906493755,0.5555555555555556,1.3333333333333333,0.3888888888888889,0.2760416666666667,2.4890222915979154,0.2777777777777778,0.1623263888888889,0.05555555555555555,0.04513888888888889,0.04513888888888889,51.4159842324609,290.0830078125,1.7777777777777777,0.7777777777777778,0.4852430555555556,0.0,186.99376424153647,1.0,0.16666666666666666,3681.137440914111,204.50763560633948,0.3355303404504543,518.4139942288206,1482.491692253642,1357.1030011490209,,283.932861328125,1520.0892857142858,0.3888888888888889,359.375,0.05555555555555555,426.1363636363636,0.6111111111111112,546.875,0.7222222222222222,156.25,0.05555555555555555,875.0,0.05555555555555555,15.625,0.2777777777777778,2.1666666666666665,114.2578125,0.375,0.020833333333333332,0.3263888888888889,0.008680555555555556,0.1527777777777778,0.09635416666666667,0.0,0.20399305555555555,0.1684027777777778,0.011284722222222222,0.011284722222222222,0.877804274847486,0.5601833824726957,3.2222222222222223,0.2621527777777778,0.7378472222222222,0.0,0.0,0.0,0.24305555555555555,0.0,0.16666666666666666,0.05555555555555555,0.05555555555555555,0.16666666666666666,0.0,,0.75
pilot_mirage,NaYz,CT,11,18.41,174.72255620565298,89.44845665767711,250.00020294189454,0.13412563667232597,0.08064516129032258,0.15110356536502548,0.5925297113752123,568.8652268563159,0.10865874363327674,1.303904923599321,0.6519524617996605,0.21561969439728354,2.53031335799262,0.10865874363327674,0.0636672325976231,0.16298811544991512,0.10696095076400679,0.06027164685908319,40.09805118946474,236.671875,1.303904923599321,0.32597623089983024,0.28098471986417656,0.0,94.84219741821289,0.5,0.21731748726655348,3216.243742083415,174.7365021165862,0.30800167003398415,407.36294460148696,1392.3420183812018,1338.1403085891404,,144.16876220703125,1429.6875,0.43463497453310695,275.0,0.27164685908319186,264.20454545454544,0.597623089983022,331.7307692307692,0.7062818336162988,742.1875,0.10865874363327674,750.0,0.16298811544991512,15.625,0.10865874363327674,2.390492359932088,-39.0625,0.625,0.14091680814940577,0.4592529711375212,0.021222410865874362,0.06112054329371817,0.06027164685908319,0.022920203735144314,0.08828522920203735,0.10186757215619695,0.030560271646859084,0.013582342954159592,0.9116673072616438,0.5140810880417346,3.7487266553480474,0.3140916808149406,0.0,0.2903225806451613,0.0,0.39558573853989815,0.2691001697792869,0.3242784380305603,0.27164685908319186,0.0,0.0,0.16298811544991512,0.0,,
pilot_mirage,NaYz,T,12,29.55,166.37327344327898,89.98095063431708,244.9964141845703,0.1427815970386039,0.11898466419883659,0.15864621893178213,0.5499735589635114,588.6323817851778,0.5076679005817029,1.4891591750396616,0.710735060814384,0.3093601269169751,2.9280526650648047,0.20306716023268112,0.1581173982020095,0.06768905341089371,0.021152829190904283,0.021152829190904283,36.452730241402115,203.63159179687486,1.1507139079851931,0.710735060814384,0.34955050237969326,0.0,150.58916927786436,0.8235294117647058,0.5753569539925966,4917.962052196649,166.4460980119437,0.45658315338067323,761.0015150192407,2270.5819520002574,1101.887170321666,1908.3761710458773,265.828125,956.25,0.5076679005817029,535.7142857142857,0.23691168693812797,491.40625,0.6768905341089371,285.15625,0.8122686409307245,1757.8125,0.06768905341089371,312.5,0.06768905341089371,15.625,0.20306716023268112,2.572184029613961,104.6875,0.2,0.1348492860920148,0.2522474881015336,0.05076679005817028,0.12374405076679006,0.14489687995769435,0.06187202538339503,0.12691697514542571,0.08831306187202538,0.014278159703860392,0.0021152829190904283,0.8533963812129166,0.5155378321068872,4.332099418297197,0.1570597567424643,0.5510312004230565,0.0,0.0,0.2919090428344791,0.13907985193019567,0.1501850872554204,0.16922263352723427,0.0,0.0,0.0,0.0,,
pilot_mirage,NaYz,T,13,127.7,115.9844552850608,88.3965337376794,249.99942016601562,0.20384191851217423,0.42774990823443043,0.49712467882050654,0.24813410008564787,467.75895683064215,0.649944940658265,1.6835923161629756,0.4150250825890126,0.13520127248256456,2.388417451476454,0.07830661935641747,0.04502630612994005,0.007830661935641747,0.004037685060565276,0.004037685060565276,18.156374520083823,86.59375,0.5481463354949223,0.6890982503364738,0.24678820506545943,0.5485133977731556,92.44184875488281,0.5714285714285714,0.05481463354949223,14815.323833070783,116.01379240383336,0.01372272535055592,1152.4362619424132,2403.3626598976675,707.0206701319529,891.6338898149395,186.9693603515625,1871.09375,0.2819038296831029,194.44444444444446,0.14095191484155145,238.88888888888889,0.7047595742077573,167.125,0.9788327419552184,3034.722222222222,0.14095191484155145,593.75,0.007830661935641747,15.625,0.07830661935641747,2.3335372568212405,-3.6334325396825395,0.3603174603174603,0.25388474244463477,0.3998531750887067,0.019821363024593173,0.09201027774379053,0.06619356417472165,0.0046494555242872875,0.09372323504221217,0.06142175455768995,0.0029364982258656552,0.0055059341734981036,0.855661555285059,0.688451612880977,4.001468249112933,0.2738284595619723,0.0,0.0,0.6909335617276398,0.0,0.18989355193931237,0.0,0.08613728129205922,0.007830661935641747,0.0,0.0,0.14095191484155145,0.8572693465556933,
pilot_mirage,NaYz,T,14,82.16,135.5724299428648,88.96146221758424,243.2965316772461,0.11563332065424116,0.10612400152149107,0.35526816279954354,0.3693419551160137,638.9789432977789,0.900722708254089,2.1787751996957017,0.7546595663750475,0.18828451882845187,2.8255131022907403,0.1582350703689616,0.10536325599087105,0.08520349942944085,0.0399391403575504,0.032712057816660325,18.250260998727885,75.18613281249988,0.47470521110688474,0.7546595663750475,0.5562951692658805,0.398820844427539,27.03785514831543,0.2727272727272727,0.13389121338912133,12404.641740336734,150.988412206457,0.1903304952839717,814.8659431588793,2360.981606258519,775.8729152636749,833.0675764534141,269.21697998046875,679.8986486486486,0.4503613541270445,267.5,0.304298212248003,331.0763888888889,1.095473564092811,226.47471910112358,1.0833016356028908,622.7678571428571,0.1704069988588817,535.7142857142857,0.08520349942944085,15.625,0.1582350703689616,3.3472803347280333,0.3218940508723982,0.407820054656296,0.201027006466337,0.15690376569037656,0.04241156333206542,0.23430962343096234,0.0891974134651959,0.03081019399011031,0.1686953214149867,0.0600988969189806,0.008178014454165081,0.008368200836820083,0.8539656783982805,0.6816567354180432,5.599087105363256,0.1502472422974515,0.0,0.0,0.7763408139977178,0.07341194370483073,0.12780524914416128,0.07208063902624572,0.23126664130848232,0.04868771395968049,0.0,0.0,0.304298212248003,0.6614404703576678,
pilot_mirage,NaYz,T,15,92.97,164.10191809572842,74.99941179006579,249.996826171875,0.01764705882352941,0.08420168067226891,0.33714285714285713,0.4576470588235294,599.3297350017427,0.7099159663865546,2.140504201680672,0.7314285714285714,0.3015126050420168,2.8704768506543537,0.21512605042016808,0.1584873949579832,0.12907563025210084,0.11109243697478992,0.09781512605042017,31.13503976508657,144.31640625,0.7314285714285714,0.5700840336134454,0.4826890756302521,0.3033613445378151,66.47315290996006,0.42857142857142855,0.07529411764705882,18647.741227225946,200.5807459735228,0.083958383960054,995.1183243668042,3088.0456866408026,2611.4071701534135,1259.9667654224002,275.4063720703125,899.2034313725491,0.5485714285714286,520.2205882352941,0.18285714285714286,383.50183823529414,0.7314285714285714,279.82954545454544,1.4198319327731093,1118.3035714285713,0.07529411764705882,962.2395833333334,0.12907563025210084,15.625,0.21512605042016808,3.30218487394958,44.94047619047619,0.3821428571428571,0.04907563025210084,0.2442016806722689,0.0426890756302521,0.16857142857142857,0.0773109243697479,0.020840336134453782,0.1815126050420168,0.17058823529411765,0.03142857142857143,0.012436974789915966,0.7870492415835938,0.6383650662661905,5.485714285714286,0.2042016806722689,0.0015126050420168067,0.11142857142857143,0.6319327731092437,0.050924369747899156,0.17932773109243696,0.050252100840336135,0.29042016806722687,0.08605042016806723,0.0,0.03226890756302521,0.3334453781512605,0.5125,
pilot_mirage,NaYz,T,16,27.55,114.80510294601169,108.52261480599961,249.99913635253907,0.31366988088485537,0.4163357912648894,0.22234826999432786,0.39137833238797504,633.918374623514,0.6897334089619966,1.9239931934203063,0.580828133862734,0.18547929665343166,2.800516965375229,0.1452070334656835,0.0890527509926262,0.036301758366420876,0.013045944412932501,0.003403289846851957,20.76023561648695,109.665966796875,0.47192285876347134,0.32671582529778787,0.3346568349404424,0.4169030062393647,163.79097493489584,0.6666666666666666,0.10890527509926262,4168.601820439664,151.32757601142285,0.0677183665419468,414.95587970230525,1331.6047624429484,1242.770775204615,291.35422397059756,175.24810791015625,1009.375,0.3630175836642087,613.8392857142857,0.2541123085649461,214.28571428571428,0.7623369256948384,174.7159090909091,1.1979580260918887,5734.375,0.07260351673284175,390.625,0.036301758366420876,15.625,0.1452070334656835,2.831537152580828,35.15625,0.375,0.2972206466250709,0.23709585933068633,0.09982983550765741,0.0822461712989223,0.05728871242200794,0.017016449234259785,0.09188882586500284,0.07146908678389109,0.039137833238797506,0.006239364719228588,0.782188261731012,0.5951488729056318,4.864435621100397,0.3471355643788996,0.0,0.09075439591605218,0.4758933635847986,0.08621667612024958,0.27793533749290983,0.08621667612024958,0.21781055019852524,0.0,0.036301758366420876,0.036301758366420876,0.036301758366420876,0.8831942789034565,0.6
pilot_mirage,NaYz,T,17,37.55,160.71762881941763,89.28952539702915,249.99940490722656,0.12359550561797752,0.06408655846858094,0.2009987515605493,0.5027049521431544,532.4968080803745,0.5859342488555972,1.5713691219309196,0.7990012484394506,0.23220973782771537,2.719154130980897,0.13316687473990846,0.10362047440699126,0.05326674989596338,0.020807324178110695,0.020807324178110695,34.293265946997295,173.188427734375,0.8522679983354141,0.42613399916770706,0.38160632542655015,0.0,89.1849046283298,0.3333333333333333,0.2397003745318352,6037.555487305332,160.8004790626472,0.2780782761785484,715.1101216975039,2237.852820058755,762.1058415508534,1220.6453057056356,169.5814208984375,890.625,0.5593008739076155,279.6875,0.2663337494798169,425.18939393939394,0.8789013732833958,227.16346153846155,0.6924677486475239,802.0833333333334,0.07990012484394507,468.75,0.05326674989596338,15.625,0.13316687473990846,2.663337494798169,67.36111111111111,0.4222222222222222,0.13899292550977943,0.3208489388264669,0.019558884727424054,0.18185601331668746,0.13358302122347065,0.0478568456096546,0.09612983770287141,0.04369538077403246,0.0070744902205576365,0.010403662089055347,0.8566133993070466,0.7063357647970044,4.607573866000832,0.2863087806908032,0.0,0.5767790262172284,0.0,0.13691219309196836,0.2808988764044944,0.1198501872659176,0.2397003745318352,0.0,0.0,0.0,0.0,,
pilot_mirage,NaYz,T,18,23.55,208.29264150736896,72.10759321276299,254.55786743164066,0.059057730590577305,0.03185136031851361,0.0676841406768414,0.7717319177173192,612.6017488709219,0.5096217650962177,1.2740544127405442,0.38221632382216325,0.3278035832780358,2.4080089597982486,0.25481088254810885,0.205706702057067,0.0,0.0,0.0,46.62878952938247,181.84521484375,0.16987392169873922,0.33974784339747843,0.29528865295288653,0.0,117.69268480936687,0.5,0.25481088254810885,5624.002971659384,238.8428601102857,0.14582862771837463,633.7310828798848,1810.7500597631035,1632.2839096244832,528.8882894896619,158.890625,1828.125,0.38221632382216325,,0.0,503.125,0.6370272063702721,342.7734375,0.6794956867949569,750.0,0.042468480424684804,,0.0,15.625,0.25481088254810885,1.9960185799601857,103.38541666666666,0.26666666666666666,0.08294625082946251,0.37093563370935634,0.0,0.10351692103516921,0.20968812209688123,0.0,0.10948905109489052,0.11612475116124751,0.0,0.0053085600530856005,0.8659083131002436,0.5842058613766236,3.18513603185136,0.44127405441274054,0.1360318513603185,0.2276045122760451,0.0,0.19508958195089582,0.43198407431984076,0.17584605175846052,0.5520902455209025,0.0,0.0,0.0,0.0,,
pilot_mirage,Papatronic05,CT,12,45.02,156.28831564606332,92.59019020564504,249.99664306640625,0.1145435612634502,0.048247136410968415,0.2683096147171121,0.4921902117320375,593.0808667207878,1.2440124956612288,1.8882332523429364,0.6442207566817078,0.19611246095105866,2.79640734287092,0.13328705310656022,0.07740367927802846,0.08885803540437348,0.04304061089899341,0.04234640749739674,52.34737040201823,285.8906249999996,2.1992363762582436,0.8885803540437348,0.4019437695244707,0.0,119.81313162264617,0.6086956521739131,0.5109337035751476,7038.748969719345,156.36235128845473,0.18021916859531945,454.44860576676643,1471.3568531673588,1238.6374388868248,974.5399646056007,284.00408935546875,1001.6447368421053,0.422075668170774,301.1363636363636,0.2443595973620271,274.55357142857144,0.9330093717459216,339.38953488372096,0.9552238805970149,723.9583333333334,0.06664352655328011,652.34375,0.08885803540437348,15.625,0.13328705310656022,2.8434571329399514,7.108516483516483,0.3893772893772894,0.13467545990975355,0.2842762929538355,0.01596667823672336,0.17181534189517528,0.04408191600138841,0.024991322457480043,0.1863936133287053,0.09371745921555015,0.028809441166261714,0.010760152724748352,0.817356958308815,0.7232628517835066,4.687261367580701,0.0,0.8500520652551198,0.14994793474488025,0.0,0.0,0.0,0.0,0.3110031239153072,0.1555015619576536,0.06664352655328011,0.3110031239153072,0.0,,0.49999999999999994
pilot_mirage,Papatronic05,CT,13,16.08,172.43207255419998,90.86818103966958,252.92714233398442,0.05442176870748299,0.0,0.2478134110787172,0.5529640427599611,700.5007987114061,0.8707482993197279,1.4927113702623906,0.4975704567541302,0.08940719144800778,1.9916161307858355,0.37317784256559766,0.27405247813411077,0.18658892128279883,0.24295432458697766,0.15354713313896987,51.32259478736017,216.75585937499991,0.7463556851311953,0.3109815354713314,0.1652089407191448,0.14382896015549076,178.8162078857422,0.75,0.2487852283770651,4124.681870539072,256.53998028620083,0.2701353956570286,806.0243390248439,1222.1816915378724,1185.5436652665924,,283.0657958984375,1441.9642857142858,0.43537414965986393,171.875,0.062196307094266275,201.82291666666666,0.7463556851311953,282.4519230769231,0.8085519922254616,,0.0,1385.4166666666667,0.18658892128279883,15.625,0.37317784256559766,2.6122448979591835,-1.3888888888888893,0.3222222222222222,0.07968901846452867,0.5490767735665695,0.0,0.08163265306122448,0.061224489795918366,0.0,0.1924198250728863,0.01749271137026239,0.010689990281827016,0.007774538386783284,0.8430883474263728,0.7097509205741517,3.545189504373178,0.0,0.4324586977648202,0.5675413022351797,0.0,0.0,0.0,0.0,0.3109815354713314,0.062196307094266275,0.062196307094266275,0.2487852283770651,0.12439261418853255,,0.5666666666666667
pilot_mirage,Papatronic05,CT,14,56.19,115.36260774953745,101.02382487320303,249.99850463867188,0.2725250278086763,0.40378197997775306,0.3259176863181313,0.3370411568409344,544.4507064626928,0.44493882091212456,1.2458286985539488,0.44493882091212456,0.1432146829810901,2.579302623653145,0.08898776418242492,0.06173526140155729,0.08898776418242492,0.053948832035595105,0.053948832035595105,33.710480593706535,178.81376953125,1.2102335928809789,0.5161290322580645,0.34065628476084536,0.4257508342602892,152.67148478825888,0.5833333333333334,0.2135706340378198,6481.5343296926585,115.35544969419637,0.1621243312754104,506.3920152386566,1171.0197565234537,1122.6165975970987,929.3565296109099,235.2064208984375,1363.28125,0.28476084538375973,354.6875,0.17797552836484984,215.17857142857142,0.6229143492769744,407.5892857142857,0.6229143492769744,1890.625,0.2135706340378198,684.375,0.08898776418242492,15.625,0.08898776418242492,2.100111234705228,16.80871212121212,0.303030303030303,0.30728587319243605,0.2672413793103448,0.04087875417130145,0.09343715239154617,0.029477196885428252,0.00778642936596218,0.1446051167964405,0.09149054505005562,0.014460511679644048,0.0033370411568409346,0.8652910397614637,0.5850594305665366,3.203559510567297,0.0,0.022803114571746386,0.27697441601779754,0.7002224694104561,0.0,0.0,0.0,0.26696329254727474,0.07119021134593993,0.0,0.035595105672969966,0.24916573971078976,0.6417791898332009,
pilot_mirage,Papatronic05,CT,15,66.42,80.99662821915705,73.70749192175211,153.20494079589844,0.2933427428840273,0.5005880969183721,0.5965655139967067,0.08445071747824041,417.86274408273755,0.49682427664079043,1.3399200188191014,0.4366031521994825,0.18842625264643614,2.6618494920642974,0.030110562220653964,0.02375911550223477,0.12044224888261586,0.15949188426252647,0.09785932721712538,31.197450367647058,183.18349609374923,1.4754175488120442,0.30110562220653964,0.3185132909903552,0.0,48.083884954452515,0.375,0.12044224888261586,5379.289397768232,80.98671405720228,0.17129169536873093,354.8379243452158,1652.1358297589104,1304.0281579042803,1321.717927832501,165.8475341796875,1544.2708333333333,0.2709950599858857,446.6145833333333,0.1806633733239238,236.91860465116278,0.6473770877440602,328.125,0.6925429310750412,1511.3636363636363,0.3312161844271936,1445.3125,0.12044224888261586,15.625,0.030110562220653964,2.2733474476593742,-21.262372286079184,0.413154533844189,0.31263232180663375,0.2644083745001176,0.04634203716772524,0.07457068924958833,0.056457304163726185,0.01834862385321101,0.11009174311926606,0.09762408844977652,0.015525758645024701,0.0035285815102328866,0.8354270202773495,0.6307991402453577,3.387438249823571,0.0,0.7617031286756057,0.22347682898141613,0.0,0.014820042342978124,0.0,0.014820042342978124,0.22582921665490474,0.0903316866619619,0.015055281110326982,0.015055281110326982,0.0,,0.8571428571428571
pilot_mirage,Papatronic05,CT,16,138.77,104.2849730954502,84.99692411744468,236.0707550048828,0.2793604323837406,0.44961153023308187,0.4523139286116428,0.21923206846075893,392.77501829421294,0.28825582704650377,1.0809593514243891,0.46120932327440606,0.2774462335322599,2.668972974161155,0.06485756108546335,0.05247156851705889,0.08647674811395113,0.13174192095484744,0.041549375070374955,34.85504040417371,184.50878906249898,1.3836279698232181,0.3891453665127801,0.2588672446796532,0.0,134.37668323516846,0.75,0.11530233081860151,14471.72168202868,104.28895255599994,0.07664969441949691,1210.962333965215,3631.5279872923898,1128.327808176334,1056.8106312433576,375.8125,1502.9920212765958,0.3387005967796419,458.3333333333333,0.1297151221709267,450.92147435897436,0.5620988627406823,350.69444444444446,0.5188604886837068,3899.4140625,0.11530233081860151,1609.375,0.08647674811395113,15.625,0.06485756108546335,1.8160117103929738,47.036981658692184,0.319377990430622,0.27778403332958,0.2686634388019367,0.022294786623128025,0.0774687535187479,0.1585407048755771,0.013174192095484743,0.07409075554554667,0.08152235108658935,0.022182186690687986,0.0022519986488008107,0.75088617630793,0.5377629628786084,2.9762414142551514,0.0,0.004616597230041662,0.7601621439027136,0.0,0.23522125886724468,0.0,0.20729647562211462,0.45400292759824346,0.18736628758022744,0.0,0.14412791352325188,0.0,,
pilot_mirage,Papatronic05,CT,17,31.42,145.0732774801593,81.69730223400886,240.00209045410156,0.12431626056688215,0.12978617603182496,0.2943809050223769,0.3759323719542516,609.3005900381856,0.5091994032819492,1.654898060666335,0.8274490303331675,0.2864246643460965,2.9194334522060537,0.15912481352560914,0.11636001989060168,0.1272998508204873,0.06066633515663849,0.051218299353555444,60.27717710276741,374.8046874999998,3.023371456986574,0.6046742913973148,0.3679761312779712,0.0,121.12364975611369,0.5833333333333334,0.38189955246146196,5989.52868467682,190.61652701109722,0.13752887494758542,707.5239371568242,1746.7511268813919,1520.7834484663829,1567.407739315402,228.8939208984375,1026.0416666666667,0.47737444057682743,365.0568181818182,0.35007458975634015,433.59375,0.6364992541024366,272.94921875,1.0183988065638985,815.625,0.15912481352560914,443.75,0.15912481352560914,15.625,0.15912481352560914,2.95972153157633,51.339285714285715,0.45714285714285713,0.12431626056688215,0.2794629537543511,0.05171556439582297,0.14470412729985083,0.062158130283441075,0.05967180507210343,0.10641471904525111,0.14719045251118845,0.014917951268025857,0.0069617105917454,0.7514349986870518,0.7530556827265503,4.678269517652909,0.0,0.182496270512183,0.6310293386374938,0.0,0.18647439085032322,0.0,0.1636001989060169,0.2864246643460965,0.03182496270512183,0.09547488811536549,0.1272998508204873,0.0,,0.5888888888888889
pilot_mirage,Papatronic05,CT,18,55.36,132.1021623307623,77.42440150528508,244.99653015136718,0.09935083262771663,0.46147332768839966,0.541913632514818,0.2797064634490545,466.8911094495051,0.6864239345187694,1.4992943832909964,0.6683601467682755,0.32345469940728194,2.9538409899192217,0.09031893875246966,0.06265876375952582,0.07225515100197573,0.05475585661868473,0.05447360993508326,74.00909041281409,518.0673339843747,3.9017781541066894,0.6322325712672876,0.38046852949477844,0.0,137.27495994567872,0.7333333333333333,0.270956816257409,7312.749097831895,132.09594757585134,0.1686284374420048,380.9610233582744,1377.3147369330081,978.3769305310407,1377.1109063950312,289.61431884765625,1105.625,0.4515946937623483,543.2692307692307,0.23482924075642111,417.96875,0.794806661021733,385.4166666666667,0.7044877222692634,1824.7767857142858,0.25289302850691503,824.21875,0.07225515100197573,15.625,0.09031893875246966,2.601185436071126,17.780172413793103,0.3275862068965517,0.0987863392605137,0.2610781823313576,0.04177250917301722,0.13293818797629128,0.15664690939881457,0.0366920688681908,0.13688964154671182,0.08072255151001975,0.04854642957945244,0.005080440304826418,0.7779287431554606,0.5550257821882464,4.154671182613605,0.0,0.8329099633079311,0.09652836579170194,0.0,0.07056167090036693,0.0,0.07056167090036693,0.2890206040079029,0.09031893875246966,0.036127575500987864,0.0,0.0,,0.7142857142857142
pilot_mirage,Papatronic05,T,0,71.0,152.5794612800204,90.28353572328606,249.99939575195313,0.0917693661971831,0.12455985915492958,0.32768485915492956,0.4513644366197183,552.6682725016107,1.0,2.0,0.7887323943661971,0.258362676056338,2.926787460243839,0.028169014084507043,0.034991197183098594,0.11267605633802817,0.06998239436619719,0.058758802816901406,42.3503725898704,215.2792968749995,1.676056338028169,0.8309859154929577,0.4273767605633803,0.0,97.44722567664252,0.7777777777777778,0.38028169014084506,12659.00610334819,178.2958606105379,0.2964993325722565,1509.588346212711,3789.4230405549024,1803.6402978031779,1391.2433530386677,220.0,953.5845588235294,0.4788732394366197,298.23369565217394,0.323943661971831,275.146484375,0.9014084507042254,320.1121794871795,1.0985915492957747,736.9791666666666,0.16901408450704225,767.578125,0.11267605633802817,15.625,0.028169014084507043,3.112676056338028,-0.7753101240496214,0.3805522208883554,0.12411971830985916,0.2616637323943662,0.0332306338028169,0.14018485915492956,0.05677816901408451,0.032350352112676055,0.1694542253521127,0.13754401408450703,0.02596830985915493,0.012984154929577465,0.831829181458544,0.6998981007152572,5.154929577464789,0.0,0.6549295774647887,0.34507042253521125,0.0,0.0,0.0,0.0,0.014084507042253521,0.0,0.014084507042253521,0.0,0.0,,0.1
pilot_mirage,Papatronic05,T,1,79.84,136.0336567741609,90.35699125938386,249.99049377441406,0.1643835616438356,0.2796477495107632,0.3538160469667319,0.37573385518590996,485.47040834204455,0.4383561643835616,1.4152641878669276,0.6888454011741683,0.26614481409001955,2.7735158303627023,0.037573385518591,0.03679060665362035,0.06262230919765166,0.013894324853228963,0.009197651663405087,38.15666210975729,201.33525390625,1.1146771037181995,0.47592954990215264,0.33072407045009783,0.0,110.56658577919006,0.5,0.17534246575342466,13951.340100632622,174.73302670068256,0.12889432450769092,914.5153665180742,3688.3708237045757,3460.572988744213,3142.600307015816,236.9053955078125,1052.34375,0.5009784735812133,357.421875,0.20039138943248533,367.32456140350877,0.713894324853229,307.0175438596491,0.713894324853229,1488.5416666666667,0.18786692759295498,346.875,0.06262230919765166,15.625,0.037573385518591,2.4172211350293544,80.27175377155172,0.2095905172413793,0.18904109589041096,0.298825831702544,0.03385518590998043,0.10567514677103718,0.13268101761252446,0.020743639921722113,0.10469667318982387,0.09569471624266145,0.015655577299412915,0.0017612524461839531,0.8506690474788662,0.6404494473849088,3.9702544031311153,0.0,0.07534246575342465,0.7765166340508807,0.0,0.1481409001956947,0.0,0.11291585127201566,0.3506849315068493,0.10019569471624266,0.0,0.05009784735812133,0.0,,
pilot_mirage,Papatronic05,T,2,48.09,129.6502835567825,86.14975132373361,249.99996948242188,0.14165042235217673,0.46556205328135153,0.5230669265756985,0.2862248213125406,390.85444749442354,0.31189083820662766,1.1228070175438596,0.45743989603638724,0.18973359324236516,2.4213477665206793,0.14554905782975958,0.09616634178037686,0.08317089018843404,0.06562703053931124,0.03151397011046134,30.956893509302894,157.6978515625,1.4970760233918128,0.3534762833008447,0.2102014294996751,0.0,80.68953816095988,0.5,0.12475633528265107,6235.746482055559,129.6581464754892,0.347527222952555,802.8340533190385,2302.245591616085,1946.1560957871516,1591.3548115773867,343.8125,1834.9609375,0.3326835607537362,457.5892857142857,0.14554905782975958,233.8709677419355,0.6445743989603638,453.125,0.47823261858349575,2239.0625,0.2079272254710851,972.65625,0.08317089018843404,15.625,0.14554905782975958,2.037686809616634,26.920572916666664,0.41666666666666663,0.14879792072774528,0.4775828460038986,0.009746588693957114,0.07472384665367121,0.049707602339181284,0.022742040285899934,0.09616634178037686,0.08317089018843404,0.03378817413905133,0.003248862897985705,0.7890974147793279,0.5004808751637688,3.014944769330734,0.0,0.6046133853151398,0.3953866146848603,0.0,0.0,0.0,0.0,0.1871345029239766,0.04158544509421702,0.02079272254710851,0.0,0.0,,0.8571428571428571
pilot_mirage,Papatronic05,T,3,57.77,160.48667321989979,68.78084294542937,249.99917602539062,0.021098187719772787,0.33540708682715714,0.49905328644847174,0.3797673789559102,512.2683680873565,0.5193400054097917,1.4714633486610766,0.5712740059507709,0.291587773870706,2.4107663638319834,0.12117933459561807,0.08763862591290235,0.03462266702731945,0.023803083581282122,0.023803083581282122,46.50152085869859,248.5107421875,1.8003786854206114,0.5366513389234514,0.2764403570462537,0.0,175.1111845288958,0.9285714285714286,0.24235866919123614,9270.655465145399,160.48740864736422,0.09044307797143787,637.0536172676992,2230.943186206678,1592.525964356796,1832.8896400442889,345.046875,1596.7548076923076,0.45009467135515285,306.640625,0.1384906681092778,319.71153846153845,0.6751420070327292,328.4646739130435,0.7963213416283473,3229.1666666666665,0.10386800108195834,796.875,0.03462266702731945,15.625,0.12117933459561807,2.319718690830403,40.36694646098004,0.2867513611615245,0.05680281309169597,0.46199621314579387,0.007573708412226129,0.08547470922369489,0.11982688666486341,0.0067622396537733295,0.09331890722207195,0.13632675142007034,0.028130916959697053,0.0032458750338111983,0.7870526966964221,0.7052889612066899,3.7911820394914795,0.0,0.2036786583716527,0.7622396537733297,0.0,0.034081687855017584,0.0,0.034081687855017584,0.22504733567757643,0.0692453340546389,0.03462266702731945,0.0,0.0,,0.5222222222222223
pilot_mirage,Papatronic05,T,4,26.08,184.07178287637527,63.42242258556822,250.00076599121093,0.0029958058717795086,0.26542840023966446,0.32594367884961056,0.5805871779508688,351.15892078668503,0.3067705212702217,1.2654284002396645,0.4601557819053325,0.21150389454763333,2.1226976201739514,0.15338526063511085,0.08987417615338526,0.03834631515877771,0.01078490113840623,0.01078490113840623,35.502423842176256,135.17578125,0.9970041941282205,0.15338526063511085,0.28759736369083283,0.0,115.04604721069336,0.3333333333333333,0.11503894547633313,4799.8080196540295,184.05495102328214,0.27908460927589707,856.2887525407975,2192.57371990331,1689.1565547084185,2191.718195679368,296.875,1743.75,0.3834631515877771,510.4166666666667,0.11503894547633313,332.3863636363636,0.42180946674655484,396.3068181818182,0.8436189334931097,3460.9375,0.07669263031755542,453.125,0.03834631515877771,15.625,0.15338526063511085,2.0323547034152187,3.255208333333332,0.375,0.013181545835829839,0.5158777711204314,0.0,0.06470940683043738,0.07189934092270821,0.0,0.19113241461953265,0.08088675853804674,0.05871779508687837,0.0035949670461354103,0.8596198512345785,0.559904907311179,3.451168364289994,0.0,0.0,1.0,0.0,0.0,0.0,0.0,0.11503894547633313,0.03834631515877771,0.0,0.0,0.0,,
pilot_mirage,Papatronic05,T,5,40.84,141.59437023975417,82.88585575910743,249.14836883544922,0.09219586840091813,0.1660290742157613,0.3974751338944147,0.37796480489671,491.97569000219306,0.8079571537872992,1.8117827084927314,0.612088752869166,0.2616679418515685,2.7502587867242743,0.09793420045906656,0.07459831675592961,0.04896710022953328,0.03366488140780413,0.02142310635042081,51.897390302095296,276.5390625000001,2.105585309869931,0.685539403213466,0.37299158377964803,0.0,114.43798497319221,0.5625,0.39173680183626625,5782.208890820324,141.56900115244864,0.38722690473906063,797.8607550444594,2243.7861763467963,831.1159446800615,1027.4477299763337,171.1114501953125,1577.0089285714287,0.342769701606733,257.8125,0.2938026013771997,323.9329268292683,1.0038255547054322,277.93560606060606,0.8079571537872992,847.65625,0.19586840091813312,789.0625,0.04896710022953328,15.625,0.09793420045906656,2.791124713083397,2.4682348901098905,0.37362637362637363,0.10673297628156082,0.3435348125478194,0.011094108645753635,0.17253251721499618,0.11667941851568478,0.02486610558530987,0.0944912012241775,0.08033664881407804,0.0386381025248661,0.009946442234123947,0.7968950301463451,0.7447069486345197,4.504973221117062,0.0,0.0,0.8638102524866106,0.0,0.05929609793420046,0.0,0.04093343534812548,0.36725325172149964,0.14690130068859986,0.02448355011476664,0.0,0.0,,0.11428571428571428
pilot_mirage,Papatronic05,T,6,15.86,159.69157820464355,90.48328925184265,250.00039672851562,0.13201970443349753,0.23251231527093597,0.32807881773399017,0.45320197044334976,375.59295188108086,0.1891625615763547,0.819704433497537,0.3783251231527094,0.1477832512315271,1.933762289976253,0.06305418719211822,0.04729064039408867,0.0,0.0,0.0,47.61947096123028,336.51171875,2.5852216748768475,0.5044334975369458,0.1103448275862069,0.0,104.97869720458985,0.6,0.31527093596059114,2532.6086295398445,159.69157861137936,0.6030253596751486,637.0960365674284,1527.22722974465,825.2560609663228,,155.824462890625,2318.75,0.31527093596059114,640.625,0.06305418719211822,367.1875,0.3783251231527094,223.21428571428572,0.4413793103448276,3687.5,0.06305418719211822,,0.0,15.625,0.06305418719211822,1.3241379310344827,46.223958333333336,0.16666666666666666,0.13891625615763548,0.6108374384236454,0.012807881773399015,0.06995073891625615,0.06600985221674877,0.002955665024630542,0.019704433497536946,0.054187192118226604,0.024630541871921183,0.0,0.8873100822433215,0.5240549402007879,2.3330049261083743,0.0,0.0,0.6541871921182266,0.0,0.16551724137931034,0.0,0.0561576354679803,0.3783251231527094,0.0,0.0,0.0,0.0,,
pilot_mirage,Papatronic05,T,7,76.84,84.7962111586689,84.83462354469302,214.9994659423828,0.3582757218381456,0.36823912159414396,0.40260268401789345,0.17425782838552256,445.97822215813517,0.6376575843838959,1.3273688491256608,0.5856039040260268,0.20699471329808866,2.616051093313626,0.026026840178934526,0.013623424156161041,0.09109394062627084,0.1268808458723058,0.037210248068320455,33.46000780932225,193.17929687499975,1.23627490849939,0.36437576250508336,0.381862545750305,0.0,47.15304544993809,0.35714285714285715,0.18218788125254168,6514.799090699949,84.77981736575778,0.36476611117894675,594.4651252171702,2864.7336459865746,1363.550054010748,1665.8828480922093,100.0,684.6955128205128,0.5075233834892232,272.32142857142856,0.09109394062627084,403.7828947368421,0.741764945099634,357.9861111111111,0.5856039040260268,1347.470238095238,0.2732818218788125,1533.482142857143,0.09109394062627084,15.625,0.026026840178934526,2.316388775925173,42.3828125,0.3125,0.3348922326148841,0.15860105734038227,0.0067100447336315575,0.16937779585197235,0.11020740138267589,0.01057340382269215,0.11529076860512404,0.07848718991459944,0.0065067100447336315,0.008133387555917039,0.7927789909698415,0.5921780876232637,3.5656771045140303,0.0,0.0,1.0,0.0,0.0,0.0,0.0,0.19520130134200894,0.1041073607157381,0.0,0.0,0.0,,
pilot_mirage,Papatronic05,T,8,25.83,143.15390061365787,102.16369848460837,249.9996337890625,0.2595281306715064,0.07924984875983061,0.15668481548699334,0.47126436781609193,431.47938630809415,0.30973986690865096,1.0840895341802783,0.6969147005444646,0.294010889292196,2.6825931935105345,0.07743496672716274,0.05868118572292801,0.03871748336358137,0.014519056261343012,0.014519056261343012,32.8333166829033,196.34287109374975,0.4646098003629764,0.2323049001814882,0.2988505747126437,0.0,82.84088935852051,0.4,0.3871748336358137,3698.8789949187476,143.21128594966717,0.5613170883094837,810.1520170747634,2092.7222640479085,1113.0828271814667,1958.2223196526609,196.4599609375,1037.7604166666667,0.4646098003629764,195.3125,0.2323049001814882,498.1617647058824,0.6581972171808832,413.35227272727275,0.42589231699939506,682.2916666666666,0.1161524500907441,453.125,0.03871748336358137,15.625,0.07743496672716274,2.013309134906231,-2.232142857142854,0.39285714285714285,0.2661826981246219,0.22323049001814882,0.0102843315184513,0.13490623109497882,0.16273442226255294,0.02661826981246219,0.07078039927404718,0.09618874773139746,0.0054446460980036296,0.0006049606775559589,0.7890481724756347,0.579707177884754,3.252268602540835,0.0,0.0,0.6370235934664247,0.0,0.2958257713248639,0.0,0.26255293405928615,0.6969147005444646,0.19358741681790684,0.0,0.0,0.0,,
pilot_mirage,Papatronic05,T,9,65.3,122.80041745886987,92.20297631219297,244.9992218017578,0.19454414931801867,0.13878918401531468,0.35510887772194305,0.32256520698731755,572.8953937726603,0.964824120603015,1.7918162239770279,0.7810480976310122,0.21488394352715962,2.9165938051869382,0.10720268006700168,0.08183776022972003,0.12251734864800191,0.032782962431203634,0.024886336444125388,56.01552262221757,336.15944824218496,2.618808327351041,0.7963627662120124,0.41397463508016275,0.0,148.96398494073324,0.7142857142857143,0.21440536013400335,8018.25357201776,122.79689605387333,0.28390857989697077,838.1620479579756,2506.731981157678,949.4343092343154,1581.7167244014074,289.106689453125,671.4409722222222,0.5513280689160086,341.6666666666667,0.22972002871500358,291.3135593220339,0.9035654462790141,340.2478448275862,0.8882507776980139,823.8636363636364,0.16846135439100263,343.75,0.12251734864800191,15.625,0.10720268006700168,2.9710457047140464,-7.642663043478262,0.5217391304347826,0.22397702799712849,0.20507298396745632,0.028715003589375447,0.14381430964345537,0.07513759272553243,0.02105766929887533,0.16606843742522134,0.08925580282364202,0.023689877961234746,0.017468293850203397,0.865330834175463,0.6420568576332758,4.778176597272075,0.0,0.0,0.7949270160325437,0.0,0.1639148121560182,0.0,0.13256759990428332,0.4134960516870065,0.18377602297200288,0.0,0.0,0.0,,
pilot_mirage,Papatronic05,T,10,90.31,149.1422743380276,73.15859219508677,244.09737548828124,0.053114186851211075,0.34342560553633217,0.4621107266435986,0.37474048442906577,469.1235256189962,0.47612456747404847,1.2844290657439446,0.7418685121107267,0.4463667820069204,2.8205599838590265,0.09965397923875433,0.08114186851211072,0.11072664359861592,0.04965397923875432,0.03823529411764706,69.08430967052041,400.14169921874844,3.2,0.5314878892733564,0.48910034602076125,0.0,167.28853861490884,0.9166666666666666,0.1328719723183391,16017.414377464327,177.3554533144839,0.11115182867941847,1222.8209188901203,2477.1671947393356,2477.1671947393356,1624.0924138333253,279.453125,1139.3494897959183,0.542560553633218,383.68055555555554,0.19930795847750865,589.7606382978723,0.5204152249134948,508.25892857142856,0.7750865051903114,2584.6354166666665,0.1328719723183391,522.7272727272727,0.12179930795847752,15.625,0.09965397923875433,2.3916955017301036,17.457025039745627,0.39507154213036566,0.05795847750865052,0.23114186851211072,0.01591695501730104,0.11626297577854672,0.14965397923875431,0.033910034602076124,0.12716262975778547,0.23581314878892734,0.025086505190311418,0.005190311418685121,0.7938438648496078,0.6120813740721263,3.9197231833910036,0.0,0.0,0.8520761245674741,0.0,0.11816608996539793,0.0,0.10034602076124567,0.23252595155709344,0.011072664359861591,0.0,0.0,0.0,,
pilot_mirage,Papatronic05,T,11,61.89,160.7130586707932,90.57152369405654,250.0000457763672,0.16510982075233527,0.26659934360010096,0.19944458470083312,0.5379954556930068,343.2709063243139,0.3231507195152739,0.9694521585458218,0.6463014390305478,0.26230749810653875,2.7535844584708338,0.09694521585458217,0.07270891189093663,0.048472607927291085,0.004291845493562232,0.002777076495834385,44.92457682291667,224.09033203124886,1.858116637212825,0.4362534713456198,0.28805857106791216,0.0,133.47986769676208,0.6,0.16157535975763695,9946.812192913707,160.7159758511682,0.36214200287692405,1425.2667704711923,3785.4502735833394,929.8691966495369,1000.92631638584,246.6474609375,1428.2670454545455,0.3554657914668013,465.27777777777777,0.2908356475637465,403.6458333333333,0.3877808634183287,583.7673611111111,0.581671295127493,4125.0,0.06463014390305478,114.58333333333333,0.048472607927291085,15.625,0.09694521585458217,1.8258015652612976,55.80357142857143,0.2773109243697479,0.12522090381216863,0.35268871497096693,0.02802322645796516,0.0812926028780611,0.05276445342085332,0.020449381469325928,0.14895228477657158,0.10224690734662964,0.08634183287048725,0.0015147689977278464,0.7963735672805519,0.567500026157001,3.0537742994193384,0.0,0.0,0.6758394344862408,0.0,0.11562736682655896,0.0,0.10148952284776572,0.21004796768492806,0.0,0.016157535975763696,0.0,0.0,,0.9
pilot_mirage,Polbandana,CT,0,35.78,174.59699933872471,86.39404062742979,250.0018341064453,0.06506550218340611,0.1388646288209607,0.2794759825327511,0.5379912663755458,604.6380348844356,1.0620087336244541,1.9004366812227074,0.5589519650655022,0.2165938864628821,2.335943129911714,0.05589519650655022,0.04148471615720524,0.0,0.0,0.0,42.12458317974552,197.130078125,1.2296943231441049,0.8943231441048035,0.237117903930131,0.0,89.46872079372406,0.5,0.22358078602620088,8351.212345542112,233.39632756100224,0.2682981480409477,1203.4390432340876,2302.8504393178714,1750.1732767542626,542.3160505811229,156.2164306640625,1930.2884615384614,0.36331877729257644,220.98214285714286,0.19563318777292577,190.53819444444446,1.006113537117904,248.046875,0.8943231441048035,2484.375,0.05589519650655022,,0.0,15.625,0.05589519650655022,2.57117903930131,-7.544642857142858,0.4742857142857143,0.07467248908296943,0.5222707423580786,0.005676855895196507,0.07816593886462882,0.07554585152838428,0.021834061135371178,0.09563318777292576,0.1017467248908297,0.008296943231441048,0.0069868995633187774,0.7778120968230408,0.9512919499529913,4.359825327510917,0.7013100436681222,0.2986899563318777,0.0,0.0,0.0,0.5366812227074236,0.0,0.13973799126637554,0.02794759825327511,0.02794759825327511,0.13973799126637554,0.0,,0.8333333333333334
pilot_mirage,Polbandana,CT,1,74.0,118.89534951888679,80.60502992859024,249.99847412109375,0.11190878378378379,0.30701013513513514,0.557643581081081,0.20967060810810811,671.6409503212725,1.3918918918918919,2.1486486486486487,0.5135135135135135,0.13766891891891891,2.792218118297922,0.06756756756756757,0.04370777027027027,0.06756756756756757,0.024070945945945946,0.019636824324324325,49.78920852032735,225.28642578125,2.310810810810811,1.0945945945945945,0.46600506756756754,0.0,78.96055772569444,0.4444444444444444,0.12162162162162163,10590.68339100968,143.1173431217524,0.24767405637942833,695.227628026256,2735.388940779296,2560.2733300325945,2413.6190138503443,156.1973876953125,1076.0869565217392,0.3108108108108108,406.25,0.21621621621621623,299.86213235294116,0.918918918918919,271.1195054945055,1.2297297297297298,841.4351851851852,0.36486486486486486,481.25,0.06756756756756757,15.625,0.06756756756756757,3.175675675675676,-1.6312002872293414,0.5557887759611135,0.1311233108108108,0.24957770270270271,0.03505067567567568,0.20038006756756757,0.02808277027027027,0.022381756756756757,0.22276182432432431,0.05553209459459459,0.030405405405405407,0.0234375,0.8513991183623518,0.6943550970311606,4.972972972972973,0.21241554054054054,0.5375844594594594,0.25,0.0,0.0,0.19805743243243243,0.0,0.16216216216216217,0.05405405405405406,0.013513513513513514,0.0,0.0,,0.14285714285714285
pilot_mirage,Polbandana,CT,2,59.25,123.55902419031013,99.01305355434587,249.99846954345702,0.1339662447257384,0.2993143459915612,0.3842299578059072,0.3707805907172996,590.8285659065962,2.4472573839662446,3.2067510548523206,0.5063291139240507,0.16666666666666666,2.8412588682088202,0.11814345991561181,0.09018987341772151,0.016877637130801686,0.0,0.0,32.97436130597138,161.9169921875,1.080168776371308,0.8270042194092827,0.48945147679324896,0.0,112.14094761439732,0.42857142857142855,0.11814345991561181,7322.60332262046,123.58824173199089,0.3236949667687599,688.6542258895587,2449.6905306521585,2186.199217580749,2313.6970374183174,162.59375,990.7670454545455,0.37130801687763715,329.8611111111111,0.1518987341772152,198.48901098901098,1.5358649789029535,206.28156565656565,1.6708860759493671,1108.3984375,0.270042194092827,109.375,0.016877637130801686,15.625,0.11814345991561181,4.135021097046414,13.22180706521739,0.48478260869565215,0.13976793248945146,0.2233649789029536,0.027953586497890294,0.19435654008438819,0.055379746835443035,0.0145042194092827,0.21176160337552744,0.08517932489451477,0.007120253164556962,0.036128691983122366,0.774404419182746,0.77307588330095,6.936708860759493,0.15638185654008438,0.049578059071729956,0.7281118143459916,0.0,0.06592827004219409,0.14662447257383968,0.055379746835443035,0.270042194092827,0.016877637130801686,0.03375527426160337,0.03375527426160337,0.0,,0.7749999999999999
pilot_mirage,Polbandana,CT,3,64.77,177.09324927381786,79.86511584424233,250.003564453125,0.055006031363088057,0.14234016887816647,0.24342581423401688,0.5606755126658625,567.7628803618117,0.7411338962605549,1.4205066344993968,0.679372738238842,0.24897466827503015,2.498610957596391,0.24704463208685162,0.17249698431845598,0.030880579010856453,0.010132689987937274,0.010132689987937274,37.49541717882782,183.032080078125,0.6330518697225573,0.5712907117008444,0.35126658624849216,0.0,92.91180356343587,0.3333333333333333,0.09264173703256937,13027.676737066791,201.15110040344382,0.01494128766635019,728.803853753077,2368.36608349112,1992.4066654351182,1744.5475400126982,194.640625,991.5865384615385,0.6021712907117008,225.0,0.07720144752714113,329.98511904761904,0.6484921592279855,474.2647058823529,0.7874547647768395,1843.75,0.07720144752714113,445.3125,0.030880579010856453,15.625,0.24704463208685162,2.470446320868516,8.162715517241379,0.4913793103448276,0.05741857659831122,0.36043425814234015,0.005066344993968637,0.13244873341375152,0.06948130277442702,0.0016887816646562123,0.1864897466827503,0.16670687575392037,0.009891435464414958,0.00916767189384801,0.7802824575825441,0.7517446150910722,3.999034981905911,0.3831121833534379,0.0028950542822677927,0.5314837153196622,0.0,0.08250904704463209,0.35826296743063935,0.08106151990349819,0.44776839565741855,0.12352231604342581,0.015440289505428226,0.0,0.0,,0.6
pilot_mirage,Polbandana,CT,4,38.97,182.41817553096422,82.05219050636843,250.0017349243164,0.026463512429831595,0.12830793905372895,0.2570168404170008,0.6038492381716118,564.64496392058,0.846832397754611,1.5653568564554932,0.615878107457899,0.22453889334402566,2.6299647681110443,0.15396952686447474,0.10946271050521252,0.0,0.0,0.0,39.947012768564484,183.0322265625,0.7185244587008821,0.48757016840417,0.31595829991980756,0.0,108.629718542099,0.5,0.10264635124298316,10781.141499014688,276.6612092770409,0.08974821329858157,890.7137598217432,2542.540607894876,2070.1667629332023,1188.725882486731,163.828369140625,1478.125,0.38492381716118684,365.625,0.2566158781074579,320.94594594594594,0.9494787489975942,343.75,0.6415396952686447,625.0,0.20529270248596632,,0.0,15.625,0.15396952686447474,2.5918203688853247,2.840909090909091,0.4545454545454546,0.04731355252606255,0.39695268644747395,0.041299117882919005,0.14314354450681635,0.09983961507618284,0.050922213311948676,0.1359262229350441,0.07217321571772253,0.0016038492381716118,0.01082598235765838,0.8528354034851982,0.6462954576906184,4.259823576583801,0.4591018444266239,0.034482758620689655,0.42221331194867684,0.0,0.08420208500400962,0.4486768243785084,0.08420208500400962,0.48757016840417,0.10264635124298316,0.0,0.0,0.0,,
pilot_mirage,Polbandana,CT,5,36.84,126.07526669343515,108.01608859602578,250.0015655517578,0.19592875318066158,0.33121289228159456,0.32273112807463955,0.41306191687871074,555.2334023595241,1.8727735368956744,2.6055979643765905,0.5971162001696353,0.08439355385920272,2.542626863388501,0.13570822731128074,0.10008481764206956,0.0,0.0,0.0,27.629875354661646,179.5158203125,0.2171331636980492,0.29855810008481765,0.3189143341815098,0.0,69.53459167480469,0.4,0.13570822731128074,4643.773000451219,126.03964038544444,0.4765174297549679,694.9901507554617,2458.6252805239255,2146.580049865565,2209.085851256994,155.2012939453125,905.2734375,0.4342663273960984,314.73214285714283,0.18999151823579305,214.6045918367347,1.3299406276505512,121.01063829787235,1.275657336726039,2440.625,0.13570822731128074,,0.0,15.625,0.13570822731128074,3.5012722646310435,-6.374007936507937,0.39126984126984127,0.20653095843935537,0.3244274809160305,0.04410517387616624,0.20441051738761662,0.05046649703138253,0.015691263782866838,0.12298558100084818,0.01653944020356234,0.0,0.013146734520780322,0.773177818864061,0.8631477558371227,5.835453774385072,0.27608142493638677,0.021628498727735368,0.5920271416454622,0.0,0.1102629346904156,0.26547921967769295,0.09541984732824428,0.2714164546225615,0.02714164546225615,0.02714164546225615,0.13570822731128074,0.0,,0.5
pilot_mirage,Polbandana,CT,6,39.59,145.6734360376492,87.2459736983237,249.9993103027344,0.12273086029992107,0.1483820047355959,0.34017363851617993,0.3898973954222573,576.6647773677723,0.505130228887135,1.2375690607734806,0.6566692975532754,0.2154696132596685,2.5940907808732576,0.1515390686661405,0.1148382004735596,0.10102604577742699,0.0702446724546172,0.04696132596685083,59.95805908877813,306.232421875,2.298342541436464,0.6314127861089187,0.3764798737174428,0.0,174.18484497070312,1.0,0.10102604577742699,5768.553130757116,145.69352816434707,0.24222895912538564,406.558788620199,1528.668698866204,1430.8795079444096,784.324657983882,158.96820068359375,1096.7261904761904,0.5303867403314917,231.77083333333334,0.1515390686661405,383.75,0.6314127861089187,406.25,0.606156274664562,1468.75,0.10102604577742699,816.40625,0.10102604577742699,15.625,0.1515390686661405,2.273086029992107,64.73214285714286,0.5906593406593407,0.1250986582478295,0.38476716653512233,0.016574585635359115,0.09194948697711129,0.12036306235201263,0.01499605367008682,0.1511444356748224,0.07655880031570639,0.003551696921862668,0.01499605367008682,0.8565166682052681,0.654252301289244,3.611681136543015,0.39344909234411996,0.028018942383583267,0.46250986582478293,0.0,0.11602209944751381,0.2628255722178374,0.09116022099447514,0.47987371744277824,0.10102604577742699,0.0,0.35359116022099446,0.0,,
pilot_mirage,Polbandana,CT,7,79.02,110.24157351355014,93.27013373503517,249.9985778808594,0.19557049634170456,0.15404389954518488,0.4281194384022147,0.25667391734229783,488.5276316470194,0.7593434842792169,1.4174411706545382,0.7593434842792169,0.22028870872058534,2.9625560938108295,0.11390152264188254,0.08938105596203283,0.06327862368993474,0.030650583349812143,0.023927229582756573,24.72279889070535,105.007080078125,0.7973106584931777,0.4176389163535693,0.3500098872849515,0.35614000395491396,69.04833867152531,0.25,0.1518686968558434,8711.902204661143,110.25543624645306,0.2058756778763666,612.9621717859748,2489.323412288219,1893.5229201749453,2307.9865488490377,230.6376953125,757.6121794871794,0.493573264781491,444.9404761904762,0.26577021949772595,447.19827586206895,0.7340320348032431,320.3125,0.6834091358512953,760.7421875,0.2024915958077912,603.125,0.06327862368993474,15.625,0.11390152264188254,2.556456397073364,4.630135489510489,0.539044289044289,0.19893217322523235,0.21890448882736802,0.05299584734032035,0.16749060707929603,0.10935337156416848,0.033419023136246784,0.12932568716630413,0.04310856238876804,0.028475380660470635,0.01206248764089381,0.8263900648912322,0.7327804841012268,4.151077714059719,0.20703974688550525,0.0,0.22760529958473402,0.4775558631599763,0.08779909036978446,0.17025904686573068,0.08265770219497726,0.36701601740162154,0.03796717421396085,0.01265572473798695,0.08859007316590864,0.13921297211785644,0.7556935817805382,0.0
pilot_mirage,Polbandana,CT,8,25.27,192.2255476642407,76.31585069330175,250.00106811523438,0.039579468150896725,0.055658627087198514,0.16883116883116883,0.6592455163883735,529.9473319375661,0.8311688311688312,1.424860853432282,0.6332714904143476,0.2077922077922078,2.5902713977297323,0.11873840445269017,0.08843537414965986,0.0,0.0,0.0,31.235667615833847,140.80078125,0.3562152133580705,0.6728509585652442,0.38280766852195425,0.0,187.53405213356018,0.875,0.3166357452071738,4859.0565678374805,192.3188746701291,0.43002024945021916,698.9901047290826,2255.3764089968745,1998.6819369818527,2243.7453785072125,156.5970458984375,1677.734375,0.3166357452071738,244.79166666666666,0.3562152133580705,422.79411764705884,0.6728509585652442,351.1513157894737,0.7520098948670377,351.5625,0.1583178726035869,,0.0,15.625,0.11873840445269017,2.3747680890538034,-9.393601190476192,0.6607142857142857,0.05689548546691404,0.40630797773654914,0.004329004329004329,0.15213358070500926,0.0878169449598021,0.02844774273345702,0.15893630179344465,0.03710575139146568,0.05194805194805195,0.013605442176870748,0.8292191995415746,0.6914253011532009,3.9579468150896724,0.28324056895485467,0.137291280148423,0.3630179344465059,0.0,0.21645021645021645,0.28014842300556586,0.21273964131106987,0.4749536178107607,0.0,0.039579468150896725,0.23747680890538034,0.0,,0.8333333333333334
pilot_mirage,Polbandana,CT,9,65.3,120.95244639389507,84.25919291513853,249.998046875,0.08542713567839195,0.2689638669538167,0.5738214883943528,0.2656137832017229,658.144075971206,1.27111749222302,2.189997607083034,0.47475472601100743,0.22924144532184734,2.6776669109694935,0.0765733429050012,0.09810959559703278,0.09188801148600144,0.06389088298636038,0.04044029672170376,57.116998638702725,278.0640380859375,2.297200287150036,1.087341469251017,0.4458004307250538,0.0,69.53470264162335,0.35714285714285715,0.21440536013400335,7897.181471710717,120.94271696326535,0.27939038773925756,499.9976759467755,2389.463065672467,2133.1255157269175,1846.1327535742346,224.20928955078125,1290.5092592592594,0.4134960516870065,240.625,0.0765733429050012,254.77941176470588,1.3017468293850203,328.66379310344826,0.8882507776980139,1033.0882352941176,0.2603493658770041,846.3541666666666,0.09188801148600144,15.625,0.0765733429050012,3.1088777219430486,-0.2561475409836067,0.6497477931904161,0.08782005264417325,0.31849724814548935,0.004307250538406317,0.1541038525963149,0.13878918401531468,0.004546542234984446,0.1756401052883465,0.07250538406317301,0.00957166786312515,0.03039004546542235,0.8494148637598647,0.7157816149440033,4.992581957406078,0.208183776022972,0.008853792773390764,0.6963388370423547,0.0,0.0866235941612826,0.16511127063890882,0.07824838478104809,0.2756640344580043,0.03062933716200048,0.01531466858100024,0.12251734864800191,0.0,,0.0
pilot_mirage,Polbandana,CT,10,31.8,156.04227718516123,77.21769560706815,250.00125122070312,0.032432432432432434,0.4004914004914005,0.5425061425061425,0.3769041769041769,426.8930360585545,0.3773955773955774,1.0692874692874692,0.4402948402948403,0.20540540540540542,2.219356929633189,0.0628992628992629,0.050614250614250615,0.09434889434889435,0.06584766584766585,0.06339066339066339,40.2911975901856,179.517578125,0.9434889434889435,0.4402948402948403,0.31105651105651105,0.0,135.29623413085938,1.0,0.03144963144963145,4961.96357835932,156.05192580589508,0.5216049492135049,870.1164278611857,2834.94574534741,2058.3429256028503,2608.4344593935175,155.478515625,2808.59375,0.2515970515970516,270.0892857142857,0.22014742014742014,430.6640625,0.5031941031941032,335.9375,0.5660933660933661,1591.796875,0.2515970515970516,848.9583333333334,0.09434889434889435,15.625,0.0628992628992629,1.9498771498771499,-4.774305555555557,0.5388888888888889,0.041277641277641275,0.542997542997543,0.01769041769041769,0.11597051597051597,0.05012285012285012,0.04176904176904177,0.06781326781326781,0.11351351351351352,0.0,0.008845208845208846,0.8900566166605236,0.5558485825700399,2.924815724815725,0.43783783783783786,0.5621621621621622,0.0,0.0,0.0,0.3621621621621622,0.0,0.15724815724815724,0.0628992628992629,0.0,0.0,0.0,,
pilot_mirage,Polbandana,CT,11,28.92,193.4969837936693,64.03451834686904,250.00181579589844,0.002701242571582928,0.19286871961102106,0.277687736358725,0.6315505132360886,414.06634401215007,0.44948676391139925,1.1755807671528904,0.3457590491626148,0.25661804430037816,2.091405383503053,0.10372771474878444,0.08589951377633712,0.0,0.0,0.0,32.886345544763515,154.8855224609375,0.3457590491626148,0.41491085899513774,0.27660723933009185,0.0,64.58659362792969,1.0,0.03457590491626148,5596.232896590647,193.49481652177278,0.2386952207514826,749.1741844513011,2268.4663592247107,2130.253796170329,2088.5148709233567,164.578125,1973.0113636363637,0.3803349540788763,,0.0,417.96875,0.5532144786601837,442.7083333333333,0.6223662884927067,1394.53125,0.13830361966504592,,0.0,15.625,0.10372771474878444,1.797947055645597,27.51736111111111,0.6388888888888888,0.010804970286331712,0.4937871420853593,0.0,0.0675310642895732,0.15235008103727715,0.0,0.1615343057806591,0.10264721772015127,0.0,0.009724473257698542,0.8178029658306072,0.5749484839963188,3.0081037277147487,0.45002701242571586,0.0,0.5499729875742841,0.0,0.0,0.4435440302539168,0.0,0.10372771474878444,0.0,0.0,0.10372771474878444,0.0,,
pilot_mirage,Polbandana,T,12,28.09,175.0955839627842,73.85333109351764,249.9994903564453,0.010567296996662959,0.08954393770856507,0.31590656284760843,0.5122358175750834,700.5496480352344,0.996662958843159,1.7441601779755285,0.7119021134593994,0.25806451612903225,2.6217079325998967,0.07119021134593993,0.06229143492769744,0.0,0.0,0.0,62.60578802126808,303.4199218749994,2.3848720800889875,1.174638487208009,0.43937708565072303,0.0,168.79971163613456,0.8571428571428571,0.4983314794215795,4920.687033648119,175.1523749463179,0.4756283367527289,773.0586635238943,2510.7556588173748,1721.3260882155312,2476.7142113383356,222.02313232421875,1033.203125,0.5695216907675195,215.625,0.17797552836484984,355.9782608695652,0.8186874304783093,336.53846153846155,0.9254727474972191,1257.8125,0.07119021134593993,,0.0,15.625,0.07119021134593993,2.6340378197997776,42.90021929824561,0.48391812865497075,0.04505005561735261,0.3609566184649611,0.00778642936596218,0.16017797552836485,0.10734149054505006,0.007230255839822024,0.1546162402669633,0.11846496106785318,0.021690767519466074,0.013348164627363738,0.7705188470915546,0.6984352651608311,4.662958843159066,0.31090100111234703,0.6890989988876529,0.0,0.0,0.0,0.21968854282536152,0.0,0.14238042269187987,0.035595105672969966,0.035595105672969966,0.1067853170189099,0.0,,0.5833333333333334
pilot_mirage,Polbandana,T,13,127.7,142.1995769889097,76.16030400486189,249.99837951660157,0.06815122965863209,0.36877523553162855,0.5082589012602472,0.32411599167992167,463.47083090606736,0.5559769974305641,1.268567233573963,0.5168236877523553,0.2285574452465435,2.575801781371173,0.1331212529059097,0.08356784534442677,0.11745992903462621,0.05909702679554631,0.0318120641135446,44.42141014095387,256.9697265625,1.918512174232228,0.42285574452465435,0.4037685060565276,0.0,75.98731835683186,0.3333333333333333,0.046983971613850484,18161.58448522776,142.21722831941472,0.013782626463907223,985.42073069451,2400.588997966767,920.3204338498737,901.5083952352783,220.421142578125,1434.4951923076924,0.40719442065337086,289.5833333333333,0.11745992903462621,361.1111111111111,0.6342836167869815,481.67438271604937,0.6342836167869815,2616.3194444444443,0.14095191484155145,589.5833333333334,0.11745992903462621,15.625,0.1331212529059097,2.1847546800440476,49.171730324074076,0.3784722222222222,0.08332313715893797,0.3770953138382479,0.012480117459929035,0.11733757494188181,0.08907377951792488,0.015171907500305885,0.17386516578979566,0.11782699131285941,0.00636241282270892,0.007341245564664138,0.8085381988475544,0.4925707538366791,3.437660589746727,0.3405114401076716,0.0,0.6253517680166402,0.0,0.0,0.20127248256454178,0.0,0.18793588645540193,0.05481463354949223,0.007830661935641747,0.0,0.0,,0.7714285714285715
pilot_mirage,Polbandana,T,14,61.7,112.42860258034617,88.90617551189764,248.66894531250003,0.22081539630286148,0.2218283109648012,0.41352241073689544,0.2623448974423905,441.8453671400521,0.6806786528234996,1.4423904786021777,0.5672322106862497,0.2613319827804507,2.7487823342730793,0.09723980754621424,0.06887819701190175,0.17827298050139276,0.12712079007343632,0.052924791086350974,43.02308551204724,218.232421875,1.6044568245125348,0.5672322106862497,0.28741453532539885,0.0,92.42068926493327,0.3333333333333333,0.04861990377310712,7342.003862228467,118.98917376110963,0.39876649504569744,1092.571922701451,3012.21359940711,603.8786766331418,2266.961011317282,290.40283203125,1394.0217391304348,0.37275259559382123,311.2980769230769,0.21068624968346417,314.98579545454544,0.713091922005571,338.3152173913044,0.7455051911876425,1520.8333333333333,0.14585971131932135,846.5909090909091,0.17827298050139276,15.625,0.09723980754621424,2.4634084578374273,48.765120967741936,0.4096774193548387,0.20992656368700938,0.31045834388452775,0.013421119270701443,0.10610281083818689,0.07343631299063054,0.03443909850595087,0.09141554824006078,0.13446442137249937,0.01570017726006584,0.007343631299063054,0.7980791429978829,0.8043227229797337,3.905798936439605,0.15776145859711319,0.0,0.7915928083059002,0.0,0.05064573309698658,0.154722714611294,0.049379589769561916,0.14585971131932135,0.016206634591035704,0.0,0.0,0.0,,
pilot_mirage,Polbandana,T,15,85.97,113.29687280646891,78.37975720929548,218.75414428710965,0.15376226826608505,0.3109778262450018,0.5187204652853508,0.21065067248273356,488.8750142608815,0.8258814976372229,1.500545256270447,0.7211922937113777,0.18720465285350782,2.8759284088487744,0.10468920392584515,0.07778989458378771,0.05816066884769175,0.020174482006543076,0.020174482006543076,55.05610485593528,348.4638671875,2.896401308615049,0.7444565612504543,0.3847691748455107,0.0,29.401418050130207,0.3333333333333333,0.03489640130861505,9741.055159809091,113.30925667535112,0.24080043556489403,857.2562022406596,2811.9395544741747,1653.5376880875012,2326.7281711559126,328.0,822.7896341463414,0.47691748455107236,351.1904761904762,0.24427480916030533,383.7090163934426,0.7095601599418393,350.18382352941177,0.7909850963286078,2056.4903846153848,0.15121773900399854,465.625,0.05816066884769175,15.625,0.10468920392584515,2.5358051617593604,33.74335106382979,0.43963922294172064,0.17466375863322428,0.24718284260268994,0.043802253725917846,0.16521264994547438,0.06670301708469648,0.02544529262086514,0.1697564521992003,0.07615412577244639,0.016175936023264267,0.012177390039985459,0.8211354725779011,0.7069808256606885,4.175936023264268,0.10123591421301345,0.0005452562704471102,0.8525990548891312,0.0,0.04561977462740822,0.08433296982915303,0.03362413667757179,0.2559069429298437,0.05816066884769175,0.0,0.0,0.0,,
pilot_mirage,Polbandana,T,16,24.45,200.1720187032756,75.13138381065696,250.0005889892578,0.08498402555910543,0.0,0.05623003194888179,0.7623003194888179,468.4235975118553,0.20447284345047922,0.8996805111821087,0.44984025559105434,0.19233226837060702,2.021891083254614,0.0817891373801917,0.11629392971246007,0.04089456869009585,0.0,0.0,64.98718917339355,281.07421874999966,1.9220447284345048,0.4907348242811502,0.14249201277955273,0.0,101.0697733561198,0.3333333333333333,0.12268370607028754,7056.550395673432,288.5745848709902,0.1868824937358329,1279.3122003707408,2493.553023532,2472.547586428352,1973.9170958632305,344.015625,2069.4444444444443,0.3680511182108626,289.0625,0.0817891373801917,223.4375,0.40894568690095845,397.83653846153845,0.531629392971246,,0.0,62.5,0.04089456869009585,15.625,0.0817891373801917,1.5130990415335464,66.40625,0.5,0.10670926517571885,0.5782747603833865,0.014696485623003195,0.038977635782747606,0.04536741214057508,0.0044728434504792336,0.06645367412140575,0.1380191693290735,0.0044728434504792336,0.0025559105431309905,0.8449331425197439,0.5922296464752033,2.6172523961661343,0.49584664536741213,0.0,0.3073482428115016,0.0,0.19680511182108626,0.39233226837060703,0.19552715654952077,0.28626198083067095,0.0,0.0,0.0,0.0,,
pilot_mirage,Polbandana,T,17,37.55,169.45020675155652,82.7142996391203,249.99989318847656,0.08531002913025384,0.250936329588015,0.30378693300041615,0.5339159384103205,450.57843267738906,0.34623387432376196,0.9588014981273408,0.6125676238035789,0.20516021639617146,2.5006196595857926,0.10653349979192676,0.07906783187682064,0.02663337494798169,0.00957136912193092,0.00957136912193092,69.3916434384107,393.9026611328112,3.142738243861839,0.5326674989596338,0.2330420307948398,0.0,99.84190368652344,0.6666666666666666,0.07990012484394507,6362.365834938238,169.45127483813866,0.3940919500518598,1081.0314546477664,2510.3027940758284,1080.0935693769393,2088.387649056199,290.6431884765625,1408.0882352941176,0.45276737411568874,544.6428571428571,0.18643362463587182,454.8611111111111,0.4794007490636704,355.2631578947368,0.5060341240116522,2355.46875,0.10653349979192676,515.625,0.02663337494798169,15.625,0.10653349979192676,1.8643362463587183,63.88221153846154,0.1653846153846154,0.06949646275488972,0.47149396587598835,0.062421972534332085,0.10112359550561797,0.09654598418643362,0.01914273824386184,0.08905534748231378,0.06949646275488972,0.019975031210986267,0.0012484394506866417,0.8955178037897266,0.5235391358445807,3.089471493965876,0.3433208489388265,0.0,0.43528922180607577,0.0,0.2064086558468581,0.22679983354140656,0.17811069496462756,0.42613399916770706,0.02663337494798169,0.0,0.0,0.0,,
pilot_mirage,Polbandana,T,18,77.94,130.40084676000976,87.61247340755139,245.00038146972656,0.09763432237369687,0.18765036086607859,0.4206094627105052,0.3309943865276664,589.2124059265359,1.0008019246190858,1.7834803528468324,0.8724939855653568,0.2301523656776263,2.882956243550719,0.19246190858059342,0.12489975942261428,0.16680032076984763,0.1265036086607859,0.10465116279069768,53.31971974790706,253.44833984375,1.8861267040898155,0.5902165196471532,0.4699278267842823,0.09803528468323977,65.48222031800643,0.391304347826087,0.2951082598235766,12281.882415877155,157.58630204814312,0.05530456380613652,960.9340223570618,2922.254921709272,2918.9764849366547,1613.1205597300989,275.6551513671875,670.0,0.6415396952686447,342.0138888888889,0.2309542902967121,317.47159090909093,0.846832397754611,383.1335616438356,0.9366479550922213,2089.285714285714,0.08981555733761026,872.5961538461538,0.16680032076984763,15.625,0.19246190858059342,3.1050521251002405,-18.712482344632768,0.5806497175141243,0.11267040898155574,0.2528067361668003,0.02586206896551724,0.14855653568564556,0.07277465918203689,0.02846832397754611,0.21351242983159582,0.10364875701684041,0.022654370489174017,0.01643945469125902,0.8280768665306762,0.738777517006591,5.042502004811547,0.20529270248596632,0.009021651964715317,0.5725741780272654,0.14234161988773056,0.07076984763432237,0.17702485966319165,0.05513231756214916,0.39775461106655974,0.14113873295910184,0.02566158781074579,0.0,0.038492381716118684,0.6887323943661972,0.3
pilot_mirage,kL1o,CT,0,50.41,153.26092194801373,102.34014633270037,250.00318908691406,0.18536887786732795,0.042467451952882825,0.22473651580905146,0.4866707997520149,619.8090013963517,0.9919404835709857,1.6267823930564167,0.5356478611283323,0.15034097954122752,2.653424394185377,0.09919404835709858,0.07377557346559206,0.019838809671419714,0.008989460632362058,0.008989460632362058,24.27084514292636,148.37734374999957,0.3967761934283943,0.7935523868567886,0.28952262864228145,0.0,214.1755984624227,0.9166666666666666,0.23806571605703658,9685.453370688438,192.14786600249846,0.1602758544832051,1071.8634213525015,1976.048488955025,1817.7507456600279,840.6925446494968,164.30206298828125,1276.3157894736842,0.3769373837569746,298.6111111111111,0.17854928704277742,280.5989583333333,0.9522628642281463,270.68014705882354,0.6745195288282703,1070.3125,0.03967761934283943,453.125,0.019838809671419714,15.625,0.09919404835709858,2.3409795412275263,1.1858258928571428,0.6473214285714286,0.19187848729076257,0.3586484810911345,0.02541847489150651,0.13577185368877867,0.08958462492250464,0.016119032858028518,0.1153130812151271,0.03254804711717297,0.008989460632362058,0.02262864228146311,0.7774600404209812,0.674238597725011,4.16615003099814,0.5545567265964042,0.4454432734035958,0.0,0.0,0.0,0.4612523248605084,0.0,0.059516429014259145,0.0,0.0,0.059516429014259145,0.0,,
pilot_mirage,kL1o,CT,1,40.5,133.8403254462705,70.84698284901685,249.99802856445314,0.05439814814814815,0.6257716049382716,0.6917438271604939,0.22685185185185186,582.0706147725351,0.6172839506172839,1.4814814814814814,0.5432098765432098,0.38155864197530864,2.660459206113109,0.024691358024691357,0.0779320987654321,0.04938271604938271,0.010030864197530864,0.010030864197530864,42.594780083100154,236.97509765625,1.4814814814814814,0.4691358024691358,0.49189814814814814,0.0,254.14749654134116,1.0,0.07407407407407407,5421.811837082089,133.87189721190344,0.1788406357879273,588.4352858413599,1799.3428674932982,1796.5774351620248,1644.331179740001,167.84893798828125,1496.3235294117646,0.41975308641975306,343.75,0.14814814814814814,499.5404411764706,0.8395061728395061,391.8269230769231,0.6419753086419753,1949.5192307692307,0.32098765432098764,359.375,0.04938271604938271,15.625,0.024691358024691357,2.4444444444444446,59.971316425120776,0.4553140096618358,0.04398148148148148,0.2970679012345679,0.00038580246913580245,0.15393518518518517,0.22800925925925927,0.02507716049382716,0.11072530864197531,0.10300925925925926,0.02546296296296296,0.012345679012345678,0.7928272032695617,0.5057310004363677,3.950617283950617,0.2357253086419753,0.7642746913580247,0.0,0.0,0.0,0.1396604938271605,0.0,0.07407407407407407,0.0,0.0,0.07407407407407407,0.0,,
pilot_mirage,kL1o,CT,2,13.77,184.60722325148566,71.14667493089001,249.99838256835938,0.026106696935300794,0.20090805902383654,0.28603859250851305,0.6118047673098751,333.1780329060085,0.2905788876276958,1.0170261066969353,0.5085130533484676,0.40408626560726446,2.3676099684770606,0.07264472190692395,0.05448354143019296,0.07264472190692395,0.019296254256526674,0.012485811577752554,21.34353915127841,117.78505859374992,0.0,0.21793416572077184,0.35527809307604996,0.0,158.97407341003418,0.8333333333333334,0.4358683314415437,2542.018654659972,184.66423824998662,0.6619704173523436,626.3834032519609,1687.3079756400098,1532.059760495315,,149.1458740234375,1531.25,0.5085130533484676,250.0,0.07264472190692395,506.69642857142856,0.5085130533484676,633.9285714285714,0.5085130533484676,1382.8125,0.1452894438138479,421.875,0.07264472190692395,15.625,0.07264472190692395,1.8887627695800226,125.0,0.5833333333333333,0.036322360953461974,0.3927355278093076,0.0,0.08967082860385925,0.15891032917139614,0.0,0.07150964812712826,0.22360953461975028,0.018161180476730987,0.0056753688989784334,0.851745034397392,0.5644874879877897,3.051078320090806,0.22814982973893302,0.0,0.4449489216799092,0.0,0.32690124858115777,0.21452894438138478,0.32690124858115777,0.36322360953461974,0.0,0.0,0.21793416572077184,0.0,,
pilot_mirage,kL1o,CT,3,57.77,145.56244614057007,82.48016127127065,244.07147521972655,0.06708141736543143,0.19772788747633216,0.40816878550175817,0.4024885041925886,584.6975056904972,1.0733026778469028,1.8696240194752503,0.6405193400054098,0.22612929402218016,2.828204525516342,0.12117933459561807,0.07925344874222343,0.1384906681092778,0.030294833648904517,0.018393291858263456,19.523439349550188,116.55419921875,0.32891533675953477,0.8655666756829862,0.5309710576142819,0.0,145.54239061143664,0.6666666666666666,0.15580200162293753,8407.831785832237,145.55078017129108,0.45744667561761304,1294.6903864634749,3846.1346995810554,891.3349073765474,884.6402614104362,222.73956298828125,895.8333333333334,0.46740600486881256,322.4431818181818,0.19042466865025698,364.5833333333333,0.7270760075737084,378.7878787878788,1.1425480119015419,1631.6964285714287,0.12117933459561807,310.546875,0.1384906681092778,15.625,0.12117933459561807,2.9083040302948335,-19.44539835164835,0.7023809523809523,0.08358128212063835,0.23316202326210442,0.020827698133621855,0.1712199080335407,0.043819312956451174,0.014606437652150393,0.23099810657289693,0.14146605355693806,0.024885041925885854,0.034081687855017584,0.780860463572949,0.6383548381795269,4.8644847173383825,0.13551528266161753,0.0,0.7741411955639708,0.0,0.09034352177441168,0.09007303218826075,0.08790911549905328,0.19042466865025698,0.017311333513659724,0.03462266702731945,0.15580200162293753,0.0,,0.45
pilot_mirage,kL1o,CT,4,50.95,141.86772312930813,79.78971104464405,249.99961853027344,0.04017172646427476,0.3811714198098743,0.5584176632934683,0.33731984053971176,433.38443532256974,0.333639987733824,1.5896964121435142,0.47102115915363385,0.30144127568230605,2.829376872558428,0.07850352652560565,0.05182459368291935,0.05887764489420423,0.13707451701931922,0.12051517939282429,15.38978533598543,75.893603515625,0.01962588163140141,0.3728917509966268,0.2999080036798528,0.0,203.4782371520996,0.875,0.1570070530512113,10008.523307922384,196.4260937464068,0.2372843444412521,1001.1417459350797,3846.1346995810554,3697.295548500067,2794.0122686279074,143.31768798828125,1804.6875,0.3140141061024226,849.609375,0.1570070530512113,329.7526041666667,0.9420423183072677,377.84090909090907,0.6476540938362465,1765.625,0.2158846979454155,1875.0,0.07850352652560565,15.625,0.07850352652560565,2.433609322293775,36.53492647058823,0.5798319327731092,0.05427782888684453,0.34191965654707146,0.0567310640907697,0.12082183379331493,0.1524072370438516,0.029132168046611468,0.1180619441888991,0.07083716651333946,0.04753143207605029,0.006746396810794235,0.8251849513365378,0.647124711873558,4.023305734437289,0.2158846979454155,0.0,0.6988653787181847,0.0,0.08524992333639987,0.21036491873658386,0.07881018092609629,0.1570070530512113,0.0,0.0,0.11775528978840846,0.0,,
pilot_mirage,kL1o,CT,5,51.41,128.86398598199375,80.37205390834438,249.99573974609376,0.10243161094224924,0.3458966565349544,0.5237082066869301,0.26565349544072947,509.8904843775819,0.6419452887537994,1.3811550151975684,0.6613981762917933,0.2790273556231003,2.9010643081920824,0.07781155015197569,0.0635258358662614,0.07781155015197569,0.09544072948328268,0.019756838905775075,24.345683528428093,91.3833984375,0.505775075987842,0.4668693009118541,0.4291793313069909,0.0,184.44206946236747,0.8571428571428571,0.13617021276595745,8686.901595293402,168.98531978686253,0.03392021525311548,673.1296474824856,1627.1123836374002,1597.7621918882278,1439.8939939265056,155.440673828125,940.0,0.48632218844984804,565.9722222222222,0.17507598784194528,540.8266129032259,0.6030395136778115,350.2286585365854,0.7975683890577507,1616.4772727272727,0.21398176291793314,1339.84375,0.07781155015197569,15.625,0.07781155015197569,2.43161094224924,-22.727272727272727,0.606060606060606,0.1316109422492401,0.24285714285714285,0.03434650455927052,0.1756838905775076,0.07386018237082066,0.06231003039513678,0.12401215805471125,0.1386018237082067,0.0024316109422492403,0.012462006079027355,0.839195765149271,0.6099383975076579,3.9100303951367783,0.178419452887538,0.0,0.6930091185410334,0.0,0.12857142857142856,0.16504559270516717,0.10820668693009118,0.15562310030395138,0.0,0.0,0.019452887537993922,0.0,,
pilot_mirage,kL1o,CT,6,122.0,100.81766911278876,76.15384339159073,240.36606445312503,0.13089139344262296,0.4490266393442623,0.6830174180327869,0.16700819672131148,572.8714612826764,1.540983606557377,2.2049180327868854,0.4098360655737705,0.25025614754098363,2.9274237164297086,0.05737704918032787,0.05391905737704918,0.03278688524590164,0.056608606557377046,0.04444159836065574,23.498993666541246,130.099609375,0.6311475409836066,1.0573770491803278,0.4515881147540984,0.0,238.70914611816406,1.0,0.040983606557377046,14266.332695659117,116.93715324310752,0.07477678360562967,895.0589950245095,1929.0523118998947,1345.3313578197374,1218.7886228326113,236.07366943359375,1989.955357142857,0.22950819672131148,392.6630434782609,0.1885245901639344,320.0892857142857,1.1475409836065573,259.7355769230769,1.0655737704918034,3912.9464285714284,0.11475409836065574,1855.46875,0.03278688524590164,15.625,0.05737704918032787,2.8360655737704916,-18.45008087706686,0.8439072609633358,0.12231045081967214,0.2629354508196721,0.01754610655737705,0.17827868852459017,0.09503073770491803,0.0471311475409836,0.12231045081967214,0.09823258196721311,0.00934938524590164,0.046362704918032786,0.8582351414965149,0.572344532090399,5.147540983606557,0.20607069672131148,0.0012807377049180327,0.7676741803278688,0.0,0.02497438524590164,0.1092469262295082,0.02497438524590164,0.10655737704918032,0.01639344262295082,0.0,0.0,0.0,,
pilot_mirage,kL1o,CT,7,68.27,96.32630790751978,83.65721940929443,249.70783081054688,0.2114900434882124,0.3103685053788052,0.5838864728770886,0.19089036392767222,446.1793069930445,0.7617303730830853,1.5381094071869994,0.5420004577706569,0.35934996566720073,3.1171572237425513,0.0439459830624857,0.025635156786449988,0.1318379491874571,0.3730830853742275,0.16021972991531244,22.241124862279648,130.57597656249888,0.2050812542915999,0.2490272373540856,0.41725795376516367,0.0,178.1907961709159,0.8571428571428571,0.10254062714579995,7480.159288548957,109.57431779975583,0.16881966608675916,594.9406919026,1633.2442069930019,786.8246052155145,1456.2190112539956,156.33331298828125,1073.9182692307693,0.38086518654154267,1007.8125,0.1757839322499428,416.78779069767444,0.6298924238956283,383.06451612903226,0.908216983291371,1629.8076923076924,0.19043259327077133,2958.3333333333335,0.1318379491874571,15.625,0.0439459830624857,2.460975051499199,15.782973345588236,0.5928308823529411,0.17967498283360037,0.1689173723964294,0.05790798809796292,0.09246967269398032,0.11764705882352941,0.03547722590981918,0.12542915999084459,0.12176699473563744,0.08377203021286335,0.01625085831998169,0.8760289608370144,0.5569850172716847,3.925841153582055,0.15106431677729457,0.0,0.7793545433737697,0.0,0.06958113984893569,0.134355687800412,0.06363012130922407,0.10254062714579995,0.0,0.0,0.0,0.0,,
pilot_mirage,kL1o,CT,8,80.66,130.9136268734955,91.44203990661704,249.9994338989258,0.13076327005036809,0.44982564897326616,0.47423479271600155,0.34134056567222004,489.3220239627907,0.9546687330492057,1.8721425803951957,0.4463386284385897,0.24641611778380473,2.6490889956331216,0.06199147617202635,0.08058891902363426,0.06199147617202635,0.022084463386284385,0.012204571871367687,29.788077233397114,175.01171875,0.967067028283611,0.2851607903913212,0.30027121270825263,0.0,170.3689742088318,0.75,0.09918636187524216,10558.349845539859,130.90553857314043,0.2182610946254445,1531.5568371022678,3577.5568351346924,1642.0040427764554,1926.7856676103115,276.6815185546875,1746.09375,0.3471522665633475,388.8888888888889,0.11158465710964742,239.2314189189189,0.9174738473459899,277.5974025974026,0.9546687330492057,3628.125,0.1239829523440527,512.5,0.06199147617202635,15.625,0.06199147617202635,2.578845408756296,8.152573529411764,0.5750980392156863,0.129407206509105,0.3847345989926385,0.018403719488570322,0.09531189461449051,0.09143742735373886,0.015691592406044168,0.10945370011623402,0.12921348314606743,0.009298721425803952,0.016272762495156915,0.8350384534784457,0.6770630209095053,4.37659821774506,0.3475397132894227,0.0,0.5807826423866719,0.0,0.07167764432390546,0.21638899651297946,0.07070902750871755,0.18597442851607904,0.01239829523440527,0.0,0.14877954281286324,0.0,,
pilot_mirage,kL1o,CT,9,58.2,126.15016550952956,80.43517826851706,247.12412109375,0.10201342281879194,0.3046979865771812,0.5685906040268457,0.26926174496644295,466.4612659714686,0.6185234899328859,1.5463087248322147,0.7387919463087248,0.3938255033557047,2.9742244969717024,0.051543624161073824,0.04053691275167785,0.15463087248322147,0.16053691275167786,0.11167785234899329,26.0773934959469,159.29091796874985,0.498255033557047,0.498255033557047,0.4053691275167785,0.0,164.49367438422308,0.8888888888888888,0.15463087248322147,9131.178909078797,156.88468461236053,0.1934776966865539,904.7527507699332,3234.2327190892966,2976.0826775286623,2906.1895329672934,162.21112060546875,1031.7887931034484,0.498255033557047,516.7410714285714,0.24053691275167785,428.3854166666667,0.8246979865771812,434.8958333333333,0.7216107382550335,1043.1985294117646,0.29208053691275165,1163.1944444444443,0.15463087248322147,15.625,0.051543624161073824,2.7833557046979864,31.45903010033445,0.5133779264214047,0.09825503355704698,0.21879194630872484,0.025771812080536912,0.11919463087248322,0.19758389261744966,0.02657718120805369,0.13583892617449664,0.0963758389261745,0.07167785234899329,0.00832214765100671,0.7844061022203869,0.5954319572323056,4.278120805369127,0.1940939597315436,0.0,0.6448322147651007,0.0,0.1610738255033557,0.1814765100671141,0.11302013422818792,0.17181208053691274,0.0,0.0,0.12026845637583893,0.0,,
pilot_mirage,kL1o,CT,10,85.64,111.61822712216122,85.50879180537304,239.99942016601562,0.21693121693121692,0.33077905491698595,0.46779784710819194,0.24174420726144863,476.2326956544168,0.4787447546068236,1.331143951833607,0.5371282612661923,0.30578361612844374,2.785993328629352,0.08173690932311622,0.06349206349206349,0.10509031198686371,0.080277321656632,0.06933041415800037,34.98800191391994,207.53232421875,1.4012041598248495,0.4320379492793286,0.37328954570333883,0.0,93.66272687911987,0.3333333333333333,0.10509031198686371,9561.125803497382,111.64241040391032,0.2869652579801974,836.997550906754,3002.7757867139694,1822.9831627546814,1798.1644875686466,284.28057861328125,1329.1015625,0.37365444261995984,247.91666666666666,0.17515051997810618,415.625,0.7006020799124247,416.37731481481484,0.6305418719211823,1888.5416666666667,0.17515051997810618,883.6805555555555,0.10509031198686371,15.625,0.08173690932311622,2.2419266557197592,15.363526876267748,0.5456389452332657,0.22349936143039592,0.22842546980478015,0.0058383506659368724,0.12005108556832694,0.13008575077540596,0.029556650246305417,0.10709724502827951,0.13683634373289547,0.0071154898741105635,0.009304871373836891,0.8380001794908193,0.6902959238652727,3.619777412880861,0.1932129173508484,0.1437693851486955,0.6630176975004561,0.0,0.0,0.13574165298303228,0.0,0.10509031198686371,0.011676701331873745,0.0,0.04670680532749498,0.0,,
pilot_mirage,kL1o,CT,11,22.78,139.1987330497374,84.63397322212127,245.00200805664062,0.07407407407407407,0.252400548696845,0.4375857338820302,0.36968449931412894,462.0870859495958,0.877914951989026,1.5802469135802468,0.7901234567901234,0.28532235939643347,2.72795950687547,0.0877914951989026,0.059670781893004114,0.0438957475994513,0.07064471879286695,0.07064471879286695,24.86782625364619,119.57539062500007,0.3511659807956104,0.3950617283950617,0.4663923182441701,0.0,167.8971379597982,0.8333333333333334,0.26337448559670784,5166.7360094622145,226.7977397843496,0.2178785161022514,683.9469389461742,2615.03985613368,2079.9412661850897,1348.2907746869364,251.28643798828125,960.9375,0.5267489711934157,225.44642857142858,0.30727023319615915,223.21428571428572,0.6145404663923183,489.34659090909093,0.9657064471879286,1916.6666666666667,0.13168724279835392,1750.0,0.0438957475994513,15.625,0.0877914951989026,2.6776406035665294,-61.08630952380952,0.6904761904761905,0.12757201646090535,0.24897119341563786,0.0411522633744856,0.09190672153635117,0.013717421124828532,0.00411522633744856,0.1831275720164609,0.24142661179698216,0.0205761316872428,0.02194787379972565,0.8130408068807795,0.7733865932438087,4.652949245541838,0.10082304526748971,0.0,0.6015089163237312,0.0,0.29766803840877915,0.09259259259259259,0.2832647462277092,0.3511659807956104,0.0,0.0,0.0,0.0,,
pilot_mirage,kL1o,T,12,31.69,152.25538881455182,90.99222495536344,249.9984130859375,0.15581854043392504,0.11094674556213018,0.25493096646942803,0.45956607495069035,608.1032931324366,0.9467455621301775,1.4832347140039448,0.631163708086785,0.22386587771203156,2.725679384842565,0.0631163708086785,0.047337278106508875,0.09467455621301775,0.10404339250493097,0.0039447731755424065,81.11532013135175,517.302587890625,4.323471400394477,0.9783037475345168,0.39349112426035504,0.0,120.05853468179703,0.625,0.504930966469428,4825.379326892249,152.28021544433133,0.4937001759976542,766.976678293543,2540.004680847569,1475.5046692733706,2255.631155254103,139.828125,994.7916666666666,0.47337278106508873,143.22916666666666,0.1893491124260355,433.2386363636364,0.6942800788954635,375.0,0.7889546351084813,1757.8125,0.0631163708086785,1218.75,0.09467455621301775,15.625,0.0631163708086785,2.366863905325444,10.799632352941176,0.5996732026143792,0.15088757396449703,0.27416173570019725,0.0,0.1839250493096647,0.08530571992110454,0.009861932938856016,0.14694280078895464,0.11094674556213018,0.016272189349112426,0.02021696252465483,0.764908796719948,0.5494551596166758,4.102564102564102,0.23274161735700197,0.6296844181459567,0.0,0.0,0.0,0.17011834319526628,0.0,0.09467455621301775,0.0,0.0,0.0,0.0,,
pilot_mirage,kL1o,T,13,127.7,145.6966736191827,71.34409885653496,249.41887512207032,0.02606142175455769,0.25841184387617766,0.500917655695583,0.3292548635751866,524.6612778673747,0.8457114890493087,1.6131163587422,0.5403156735592806,0.2946286553285207,2.793616769030174,0.21925853419796892,0.1431542885109507,0.07830661935641747,0.04441453566621804,0.0370732901015539,34.062585204241614,201.34560546875,1.1276153187324116,0.6107916309800563,0.5168236877523553,0.0,65.43521591027577,0.20833333333333334,0.18793588645540193,18609.51272495935,145.7248029361799,0.03242751489143421,1150.2888445430337,2425.6796723808343,830.7118309491299,1006.0459070654888,305.160888671875,1101.4150943396226,0.4150250825890126,508.2720588235294,0.1331212529059097,477.1412037037037,0.8457114890493087,450.4145408163265,0.7674048696928912,2062.5,0.12529059097026796,701.5625,0.07830661935641747,15.625,0.21925853419796892,2.5841184387617764,2.033656234475906,0.6403378042722305,0.040621558791141564,0.2175455768995473,0.012602471552673437,0.2288021534320323,0.14719197357151598,0.007585953750152943,0.18867001101186834,0.09066438272360211,0.046372201150128474,0.017129572984216322,0.8236087706960821,0.7438172363279335,4.181573473632693,0.20041600391533096,0.0,0.787715649088462,0.0,0.011868346996207023,0.14731432766426036,0.009910681512296586,0.1644439006484767,0.039153309678208736,0.015661323871283495,0.0,0.0,,0.7428571428571429
pilot_mirage,kL1o,T,14,82.16,158.542920339137,78.50869871926145,250.00032501220704,0.06162038798022062,0.3824648155192088,0.45530620007607453,0.4379992392544694,351.6777383332193,0.26778242677824265,1.387599847850894,0.48687713959680484,0.3402434385697984,2.5225861028354557,0.08520349942944085,0.06257131989349562,0.09737542791936098,0.07379231647014074,0.03347280334728033,33.62770602738016,165.7177734375,1.217192848992012,0.26778242677824265,0.21738303537466716,0.0,237.77448527018228,1.0,0.07303157093952073,13372.967694655752,162.77480647736175,0.16723423656796005,1192.7750396578836,2627.6851681139365,1263.018306787215,2576.429949918945,290.6431884765625,1983.3333333333333,0.36515785469760365,598.4375,0.12171928489920121,367.3469387755102,0.5964244960060859,322.4431818181818,0.803347280334728,3142.1875,0.12171928489920121,875.0,0.09737542791936098,15.625,0.08520349942944085,2.190947128185622,77.38095238095238,0.3630952380952381,0.06903765690376569,0.4397109166983644,0.017116774438950173,0.06713579307721568,0.12343096234309624,0.024534043362495244,0.06447318372004565,0.1599467478128566,0.030620007607455306,0.002282236591860023,0.8273003021799696,0.6727989468497402,3.6272346899961962,0.33453784709014833,0.0,0.6338912133891214,0.0,0.03157093952073031,0.30962343096234307,0.028337771015595283,0.12171928489920121,0.012171928489920122,0.0,0.0,0.0,,
pilot_mirage,kL1o,T,15,63.41,170.31307444348013,70.74809173274062,250.0001220703125,0.007885657959586003,0.23139477575160178,0.40931493346476094,0.4923607688516511,540.976729519466,0.9620502710694924,1.8610152784622966,0.5993100049285363,0.29472646623952686,2.5787282251269943,0.14194184327254805,0.10818137013307048,0.04731394775751602,0.02094627895515032,0.02094627895515032,48.81199787789623,252.75253906249972,1.7979300147856088,0.6939379004435683,0.36471168063085263,0.0,223.18056996663412,1.0,0.09462789551503203,14037.227987700884,221.38555722347377,0.13959674529558974,1320.3941599398197,3452.1968505625787,2973.1575096750726,2720.1581493197327,331.5,1218.75,0.5204534253326762,440.1041666666667,0.09462789551503203,341.9811320754717,0.8358797437161163,340.1442307692308,1.0251355347461804,2095.9821428571427,0.11039921143420404,541.6666666666666,0.04731394775751602,15.625,0.14194184327254805,2.775751601774273,3.7822420634920633,0.6865079365079365,0.01330704780680138,0.37111877772301627,0.010103499260719566,0.15229176934450467,0.09709216362740267,0.007392804337111878,0.13257762444553967,0.16288812222769838,0.024149827501232134,0.025874815179891573,0.8323331446134584,0.7292555474859248,4.826022671266633,0.3141941843272548,0.0,0.6658452439625431,0.0,0.01996057171020207,0.23952686052242483,0.01996057171020207,0.15771315919172005,0.015771315919172007,0.0,0.14194184327254805,0.0,,
pilot_mirage,kL1o,T,16,21.56,191.0044018626645,68.57076325665705,250.0009780883789,0.016666666666666666,0.10869565217391304,0.23840579710144927,0.6420289855072464,481.71696192700375,0.5101449275362319,1.4840579710144928,0.2782608695652174,0.3492753623188406,2.16421564341864,0.0927536231884058,0.0782608695652174,0.0927536231884058,0.03188405797101449,0.02753623188405797,25.34597435301849,111.68476562499987,0.1391304347826087,0.5101449275362319,0.2492753623188406,0.0,32.85687255859375,0.0,0.0463768115942029,4118.143360234982,190.9863587355354,0.5303356326566526,939.0739316551281,2307.6516261602865,1701.7666746376756,2162.029165294006,290.6431884765625,3478.125,0.2318840579710145,359.375,0.0463768115942029,556.640625,0.3710144927536232,283.203125,1.1130434782608696,585.9375,0.1855072463768116,507.8125,0.0927536231884058,15.625,0.0927536231884058,2.1333333333333333,13.671875,0.6458333333333333,0.015942028985507246,0.47391304347826085,0.0,0.08768115942028985,0.1072463768115942,0.0,0.06159420289855073,0.22536231884057972,0.016666666666666666,0.011594202898550725,0.8801103924590369,0.5007169050844842,3.52463768115942,0.42536231884057973,0.0,0.5594202898550724,0.0,0.0,0.40144927536231884,0.0,0.1855072463768116,0.0463768115942029,0.0,0.1391304347826087,0.0,,
pilot_mirage,kL1o,T,17,37.55,150.84379725790103,76.50553379680207,250.00006103515625,0.036620890553474825,0.394923012900541,0.48148148148148145,0.38909696213067,338.4576303887036,0.3995006242197253,1.4382022471910112,0.6392009987515606,0.35122763212650854,2.388741141353274,0.07990012484394507,0.06367041198501873,0.10653349979192676,0.0599250936329588,0.046192259675405745,23.33021960865945,139.31767578124973,0.2663337494798169,0.42613399916770706,0.35788597586350396,0.0,210.26804122924804,0.8,0.13316687473990846,5664.7885906501315,150.8724385358337,0.45734746143345956,980.9601367978398,2649.882744824201,1846.789501450171,2293.872796082443,140.0,1156.9010416666667,0.6392009987515606,109.375,0.02663337494798169,371.4717741935484,0.8256346233874324,396.0597826086956,0.6125676238035789,2965.625,0.13316687473990846,710.9375,0.10653349979192676,15.625,0.07990012484394507,2.4236371202663336,20.182291666666664,0.42708333333333337,0.0686641697877653,0.3882646691635456,0.002913025384935497,0.0986267166042447,0.19891801914273824,0.0,0.08239700374531835,0.15106117353308365,0.0,0.007906783187682065,0.8304435575007407,0.6759938576015713,4.074906367041199,0.2068248023304203,0.0,0.754889721181856,0.0,0.03828547648772368,0.20183104452767375,0.03828547648772368,0.07990012484394507,0.0,0.0,0.0,0.0,,
pilot_mirage,kL1o,T,18,101.95,142.57277889998022,76.61846225995961,249.99827575683594,0.03126436781609195,0.44306513409961684,0.5474329501915709,0.3419157088122605,451.54121064120096,0.7748659003831417,1.657624521072797,0.6865900383141762,0.3299616858237548,2.922377646111049,0.1471264367816092,0.10789272030651341,0.09808429118773947,0.056704980842911874,0.05318007662835249,32.50889324513335,178.111328125,1.0887356321839081,0.5002298850574712,0.42559386973180074,0.0,225.65942764282227,1.0,0.039233716475095784,17690.691096221875,173.51788967941764,0.06385651320030716,1166.7862366463257,2815.3291699586803,2616.139663485802,2345.310945475262,227.855224609375,1070.7908163265306,0.48061302681992335,524.1477272727273,0.21578544061302682,419.2708333333333,0.8827586206896552,380.3401898734177,0.7748659003831417,3764.3229166666665,0.11770114942528735,682.8125,0.09808429118773947,15.625,0.1471264367816092,2.716934865900383,26.72961545729403,0.4661753590325019,0.04996168582375479,0.25547892720306514,0.042298850574712644,0.16168582375478927,0.15356321839080458,0.042298850574712644,0.1481992337164751,0.10544061302681992,0.028505747126436783,0.012413793103448275,0.804110685612044,0.5356450705958478,4.502068965517242,0.26881226053639845,0.0,0.7120306513409962,0.0,0.019157088122605363,0.21318007662835248,0.012567049808429119,0.19616858237547893,0.029425287356321838,0.0,0.0,0.0,,
pilot_mirage,rud,CT,12,23.03,132.57959075617822,95.22159263348644,249.99836273193358,0.1255088195386703,0.05223880597014925,0.39280868385345996,0.3487109905020353,640.8352027290574,1.0420624151967435,1.9538670284938942,1.1289009497964722,0.31886024423337855,2.8346183027341,0.08683853459972862,0.06580732700135686,0.08683853459972862,0.15671641791044777,0.0773405698778833,66.12819189419976,435.9152343749992,3.3867028493894167,0.9118046132971506,0.4185888738127544,0.0,57.86603488922119,0.4,0.21709633649932158,3053.0661422679227,132.5618949152965,0.4352137599870804,484.59807961709873,1338.0488834318144,1242.9198001720495,1337.9163919971097,227.48956298828125,573.4375,0.8683853459972863,232.14285714285714,0.3039348710990502,323.3173076923077,1.1289009497964722,355.2631578947368,0.824966078697422,601.5625,0.08683853459972862,1851.5625,0.08683853459972862,15.625,0.08683853459972862,3.3867028493894167,4.1015625,0.39375,0.09769335142469471,0.21913161465400272,0.030529172320217096,0.2198100407055631,0.11058344640434192,0.029172320217096336,0.10922659430122117,0.16824966078697423,0.0101763907734057,0.0047489823609226595,0.7240262133893183,0.5280703732309597,5.774762550881954,0.33514246947082765,0.6648575305291723,0.0,0.0,0.0,0.26594301221166894,0.0,0.3039348710990502,0.08683853459972862,0.0,0.3039348710990502,0.0,,
pilot_mirage,rud,CT,13,80.45,124.31108866899679,80.0919475998435,241.33763427734374,0.16003107399495048,0.4505729267818994,0.5270926393474461,0.2536414837832589,386.92642699400267,0.3977471353660905,1.255389395999223,0.4847543212274228,0.3315206836278889,2.833544648255395,0.06214798990095164,0.04544571761507089,0.11186638182171295,0.08525927364536803,0.07011070110701106,47.31606631216006,328.9648437499995,2.7220819576616817,0.33559914546513886,0.3144299864051272,0.0,44.488968467712404,0.13333333333333333,0.18644396970285493,10000.959567702801,124.30790684268388,0.07131629658443783,801.9068722023538,1721.8583462842216,914.9195135776013,1598.5951592799074,211.0306396484375,1721.0648148148148,0.33559914546513886,741.5865384615385,0.16158477374247426,389.8809523809524,0.5220431151679937,395.8333333333333,0.7457758788114197,1647.7272727272727,0.2734511555641872,869.7916666666666,0.11186638182171295,15.625,0.06214798990095164,2.2124684404738786,13.053183229813664,0.32298136645962733,0.13769664012429597,0.3105457370363177,0.055350553505535055,0.08312293649252282,0.09827150903087978,0.019809671780928337,0.0796271120605943,0.16857642260633132,0.044668867741308994,0.0021363371528452125,0.8021228422692409,0.454720468587192,3.4305690425325306,0.4486308020974947,0.0,0.5513691979025054,0.0,0.0,0.13886191493493882,0.0,0.2113031656632356,0.03728879394057098,0.024859195960380658,0.2113031656632356,0.0,,0.425
pilot_mirage,rud,CT,14,62.78,165.12360389926738,74.21532301270018,249.99864044189454,0.034594325535092084,0.3270283723245396,0.4380288700846192,0.4340467894474863,492.44017072769356,0.7645594823295172,1.624688899950224,0.605276256844201,0.3178198108511697,2.6793226249249744,0.1752115480338477,0.11946241911398706,0.11149825783972125,0.030612244897959183,0.030612244897959183,60.6525438274054,352.5687499999995,2.6122448979591835,0.49377799900447983,0.45594823295171727,0.0,178.23620223999023,0.75,0.06371329019412643,10366.725276912695,165.12454398268105,0.1552843774506008,803.2500074666101,3137.8648524146424,1743.0705229883183,2629.94160902954,286.31768798828125,1456.25,0.3982080637132902,179.6875,0.2229965156794425,365.02659574468083,0.7486311597809856,409.04017857142856,0.89198606271777,2053.125,0.15928322548531607,366.07142857142856,0.11149825783972125,15.625,0.1752115480338477,2.7078148332503735,46.10100619195047,0.2623839009287926,0.06396217023394724,0.29342956694873074,0.008710801393728223,0.1406172224987556,0.10900945744151319,0.019412643106022896,0.1717272274763564,0.17720258835241415,0.0116973618715779,0.0037332005973120955,0.7082132619442816,0.5398352685276832,4.221005475360876,0.41214534594325536,0.5597312095569935,0.0,0.0,0.02812344449975112,0.3043802887008462,0.02812344449975112,0.3344947735191638,0.09556993529118965,0.0,0.0,0.0,,
pilot_mirage,rud,CT,15,12.53,158.31568940541246,96.29915429412756,250.0003204345703,0.15211970074812967,0.048628428927680795,0.23940149625935161,0.5199501246882793,386.4882872026921,0.23940149625935161,1.4364089775561097,0.47880299251870323,0.22443890274314215,2.3904368661281605,0.1596009975062344,0.09476309226932668,0.23940149625935161,0.2506234413965087,0.128428927680798,74.15653041120474,453.384765625,3.6708229426433916,0.47880299251870323,0.26683291770573564,0.0,133.68797302246094,0.6666666666666666,0.23940149625935161,1983.2223337713112,158.26213137327173,0.7448606350424846,431.2298703835491,1478.6274999316602,1349.6282222992393,,163.09619140625,1631.25,0.39900249376558605,187.5,0.1596009975062344,228.515625,0.6384039900249376,312.5,0.7980049875311721,609.375,0.0798004987531172,1119.7916666666667,0.23940149625935161,15.625,0.1596009975062344,2.4738154613466334,48.4375,0.4,0.15087281795511223,0.4314214463840399,0.02493765586034913,0.04239401496259352,0.09600997506234414,0.004987531172069825,0.12344139650872818,0.12344139650872818,0.0,0.0024937655860349127,0.7765805701428505,0.5676419344135661,3.7506234413965087,0.7830423940149626,0.2169576059850374,0.0,0.0,0.0,0.4825436408977556,0.0,0.3192019950124688,0.0798004987531172,0.0,0.0,0.0,,
pilot_mirage,rud,CT,16,21.62,147.64691871139786,86.59880528783165,250.00161743164062,0.05997109826589595,0.08453757225433527,0.41329479768786126,0.3836705202312139,546.6423627826698,1.1560693641618498,2.0809248554913293,0.6473988439306358,0.26734104046242774,2.4440226608605813,0.23121387283236994,0.1596820809248555,0.2774566473988439,0.19508670520231214,0.16257225433526012,39.275381445453725,233.30078124999943,0.7861271676300579,0.5086705202312138,0.34971098265895956,0.0,153.03256352742514,1.0,0.2774566473988439,3192.4988450327646,147.63000439457872,0.5667576108315133,552.9966960695439,1849.5059750089986,1492.915592453016,1775.01928759979,267.0501708984375,941.9642857142857,0.6473988439306358,250.0,0.046242774566473986,208.125,1.1560693641618498,396.09375,0.9248554913294798,609.375,0.13872832369942195,833.3333333333334,0.2774566473988439,15.625,0.23121387283236994,3.421965317919075,30.87797619047619,0.3047619047619048,0.04552023121387283,0.3540462427745665,0.0,0.12644508670520233,0.09609826589595376,0.011560693641618497,0.20014450867052022,0.1596820809248555,0.0,0.006502890173410405,0.8286875561921653,0.5501235266164559,4.855491329479769,0.5036127167630058,0.0,0.4963872832369942,0.0,0.0,0.3432080924855491,0.0,0.046242774566473986,0.0,0.0,0.046242774566473986,0.0,,
pilot_mirage,rud,CT,17,26.3,127.81550388949228,89.16385203976641,249.99834289550782,0.1384432560903149,0.16042780748663102,0.44503862150920975,0.30421865715983365,580.596660035773,1.2549019607843137,2.3576945929887105,0.6844919786096256,0.29530600118835415,2.9051573103460564,0.07605466428995841,0.052881758764111705,0.19013666072489602,0.1081402257872846,0.08615567439096851,62.015645320860585,319.4736816406245,2.623885918003565,1.2549019607843137,0.40522875816993464,0.0,107.18141326904296,0.6,0.19013666072489602,3362.395713568555,127.8629386027258,0.5085406091351513,466.0339333566379,1807.0546547932056,1807.054215726318,1500.4348186474913,259.9375,968.75,0.4563279857397504,361.60714285714283,0.26619132501485443,230.84677419354838,1.1788472964943553,285.15625,1.2168746286393346,703.125,0.2281639928698752,687.5,0.19013666072489602,15.625,0.07605466428995841,3.6125965537730242,24.945652173913043,0.2921739130434783,0.14616755793226383,0.20974450386215093,0.033273915626856804,0.1592394533571004,0.056446821152703504,0.0481283422459893,0.15151515151515152,0.17528223410576352,0.011883541295306001,0.004753416518122401,0.7591273506097972,0.6571945905226894,5.628045157456922,0.29708853238265004,0.0,0.649435531788473,0.0,0.053475935828877004,0.22400475341651813,0.053475935828877004,0.19013666072489602,0.07605466428995841,0.0,0.038027332144979206,0.0,,
pilot_mirage,rud,CT,18,57.95,138.49358226313493,87.11154049494138,249.9901123046875,0.11593421407387436,0.25020221083850097,0.41224049609059044,0.3566999191156646,471.10216865283326,0.6902129954165543,1.6220005392289027,0.7764896198436236,0.25963871663521165,2.8022901484767213,0.15529792396872472,0.11620382852520895,0.10353194931248315,0.0860070099757347,0.08088433540037746,43.12419054346177,281.6015625,2.294958209760043,0.5866810461040711,0.39067133998382314,0.34564572661094634,94.54312380296844,0.42857142857142855,0.120787274197897,8025.980663191644,138.4909038674212,0.11857166587246311,640.8653173504274,2334.924263128042,1146.693757088986,999.137082037877,160.79150390625,822.1507352941177,0.5866810461040711,330.7291666666667,0.2070638986249663,378.3244680851064,0.8110002696144514,267.95212765957444,0.8110002696144514,1318.1818181818182,0.18980857373955243,932.2916666666666,0.10353194931248315,15.625,0.15529792396872472,2.8643839309787005,23.65451388888889,0.3611111111111111,0.18765165812887571,0.2647613912105689,0.02642221623078997,0.1623078997034241,0.11350768401186304,0.02803990293879752,0.09652197357778376,0.10407117821515233,0.013750337018064168,0.0026961445133459154,0.7583070662397798,0.5497302757235157,4.6071717444055,0.3410622809382583,0.0,0.0,0.6389862496629819,0.019951469398759775,0.22216230789970343,0.014559180372067942,0.3968724723645187,0.10353194931248315,0.01725532488541386,0.0,0.43138312213534646,0.5831223628691983,0.7
pilot_mirage,rud,T,0,51.31,162.18405644929584,94.86422103229454,250.00003051757812,0.1510353227771011,0.0,0.18605359317904993,0.5143118148599269,571.7715648809259,0.8964677222898904,1.8319123020706456,0.8574908647990256,0.30450669914738127,2.938079807999724,0.1364190012180268,0.12271619975639464,0.058465286236297195,0.10109622411693057,0.019183922046285017,48.96620284657706,277.3828125,2.0462850182704018,0.8185140073081608,0.2417783191230207,0.0,115.1395477294922,0.6,0.09744214372716199,9801.062977435628,191.00731746524974,0.3423430543073877,1452.851401942976,3355.3258351543723,1448.6190594178333,583.5823938789342,249.984375,972.9567307692307,0.5066991473812423,435.0328947368421,0.3702801461632156,250.36337209302326,0.8380024360535931,304.2279411764706,0.9939098660170523,,0.0,1864.5833333333333,0.058465286236297195,15.625,0.1364190012180268,2.9037758830694274,21.846064814814813,0.23900462962962962,0.1431181485992692,0.29963459196102316,0.049939098660170524,0.09622411693057248,0.06760048721071864,0.04110840438489647,0.103836784409257,0.12545676004872108,0.0682095006090134,0.0027405602923264312,0.7622487843025669,0.5845962410159319,5.028014616321559,0.5940925700365408,0.2323386114494519,0.0,0.0,0.08861144945188794,0.493605359317905,0.03288672350791717,0.25334957369062117,0.058465286236297195,0.0,0.0,0.0,,
pilot_mirage,rud,T,1,61.06,110.33292415118876,83.58128596354769,243.69615020751954,0.15276356192425794,0.263050153531218,0.5184237461617196,0.24385875127942683,522.5146705220243,0.9825997952917093,1.932446264073695,0.8515864892528148,0.31064483111566016,2.9999064289242217,0.06550665301944729,0.0800921187308086,0.2128966223132037,0.1425281473899693,0.11131013306038895,42.94649777242769,211.7636718749995,2.030706243602866,0.7533265097236438,0.4779938587512794,0.0,117.71333685788241,0.45454545454545453,0.18014329580348004,6739.954091602847,110.37795851140794,0.3021307930879697,792.6428122673545,2396.0983649607415,955.3117073487053,1857.7079077253977,211.6270751953125,731.5848214285714,0.458546571136131,395.625,0.4094165813715456,346.4673913043478,0.7533265097236438,328.125,1.1791197543500511,1003.90625,0.26202661207778916,823.3173076923077,0.2128966223132037,15.625,0.06550665301944729,3.3408393039918116,40.119179600886916,0.2419623059866962,0.17067553735926305,0.15429887410440124,0.03249744114636643,0.15429887410440124,0.037871033776867964,0.06345957011258956,0.17272262026612079,0.14303991811668373,0.0657625383828045,0.004861821903787103,0.7231909671266132,0.5327829084633633,5.273285568065507,0.1906345957011259,0.0015353121801432957,0.7476970317297851,0.0,0.06013306038894575,0.12717502558853633,0.0368474923234391,0.3930399181166837,0.11463664278403275,0.0,0.0,0.0,,
pilot_mirage,rud,T,2,13.5,154.33627793455014,99.75835931300298,250.00039367675782,0.14351851851851852,0.19560185185185186,0.24537037037037038,0.5162037037037037,504.68481459465005,0.8148148148148148,1.8518518518518519,0.4444444444444444,0.17824074074074073,2.496075659108154,0.07407407407407407,0.05555555555555555,0.07407407407407407,0.03356481481481482,0.03356481481481482,28.436048169539397,171.3573242187496,1.4074074074074074,0.4444444444444444,0.4212962962962963,0.0,23.765122771263123,0.25,0.2962962962962963,2083.1795401846894,154.30959556923625,0.8140157742593596,549.7130964195101,1695.7410063246966,1681.7897453667422,,99.9854736328125,1484.375,0.2962962962962963,130.20833333333334,0.2222222222222222,308.8235294117647,1.2592592592592593,216.796875,0.5925925925925926,880.2083333333334,0.2222222222222222,546.875,0.07407407407407407,15.625,0.07407407407407407,2.740740740740741,-16.40625,0.375,0.19675925925925927,0.29050925925925924,0.0,0.2361111111111111,0.12962962962962962,0.018518518518518517,0.09490740740740741,0.019675925925925927,0.009259259259259259,0.003472222222222222,0.7669283070017837,0.4575750471087864,4.37037037037037,0.4363425925925926,0.5509259259259259,0.0,0.0,0.0,0.4224537037037037,0.0,0.4444444444444444,0.14814814814814814,0.0,0.0,0.0,,
pilot_mirage,rud,T,3,24.42,103.09800277086914,103.22662697812524,249.99867248535156,0.3800383877159309,0.3621241202815099,0.22648752399232247,0.3077415227127319,452.2998991056268,0.7370441458733206,1.4740882917466411,0.491362763915547,0.1689059500959693,2.4646166349363208,0.0,0.0,0.0,0.0,0.0,11.25152079915573,45.064404296875,0.4094689699296225,0.491362763915547,0.34996801023672425,0.0,61.87764120101929,0.25,0.163787587971849,2519.64924301957,103.17181801231764,0.6189127654350057,406.46275459948623,1559.443080923461,1406.7569405251902,1508.4624631010513,100.0,1312.5,0.2456813819577735,154.01785714285714,0.2866282789507358,316.6118421052632,0.7779910428662828,233.4558823529412,0.6960972488803583,2947.9166666666665,0.12284069097888675,,0.0,,0.0,2.129238643634037,45.8984375,0.21875,0.39475367882277673,0.19513755598208574,0.0025591810620601407,0.16122840690978887,0.0563019833653231,0.027511196417146513,0.07677543186180422,0.0710172744721689,0.013435700575815739,0.0006397952655150352,0.7308105181408187,0.4534628572463813,3.439539347408829,0.2053742802303263,0.7946257197696737,0.0,0.0,0.0,0.19577735124760076,0.0,0.20473448496481125,0.0818937939859245,0.0,0.0,0.0,,
pilot_mirage,rud,T,4,18.2,169.4040988129096,90.9586334856173,249.9994659423828,0.13304721030042918,0.0,0.15107296137339055,0.5785407725321888,506.8419150308675,0.384549356223176,1.3733905579399142,0.5493562231759657,0.3278969957081545,2.6787450678733506,0.21974248927038625,0.151931330472103,0.054935622317596564,0.0034334763948497852,0.0,49.135224542257305,251.81796874999986,1.648068669527897,0.4944206008583691,0.35708154506437767,0.0,89.30278587341309,0.3333333333333333,0.1648068669527897,3084.956441620314,169.4740019430902,0.338462491775807,535.0388826382821,1044.1420442506383,973.3136721241692,,154.48284912109375,1482.142857142857,0.384549356223176,307.2916666666667,0.1648068669527897,447.4431818181818,0.6042918454935622,329.24107142857144,0.769098712446352,,0.0,250.0,0.054935622317596564,15.625,0.21974248927038625,2.1974248927038627,81.75223214285714,0.14285714285714285,0.18454935622317598,0.2772532188841202,0.015450643776824034,0.14334763948497853,0.12188841201716738,0.004291845493562232,0.050643776824034335,0.17081545064377682,0.030901287553648068,0.0008583690987124463,0.8136552426894601,0.4645435701488985,3.7356223175965666,0.47296137339055794,0.0,0.3536480686695279,0.0,0.15965665236051502,0.38626609442060084,0.06952789699570816,1.1536480686695278,0.4394849785407725,0.0,0.0,0.0,,
pilot_mirage,rud,T,5,38.78,137.23623663033334,85.47780187896124,249.99636840820312,0.1031426269137792,0.18049959709911362,0.4383561643835616,0.3485092667203868,608.0072574041138,0.9282836422240129,1.7534246575342465,0.7477840451248993,0.32836422240128926,2.8798264293688467,0.128928283642224,0.09629331184528606,0.15471394037066882,0.046736502820306204,0.04069298952457696,51.58039459265417,342.13671875,2.6559226430298146,0.6704270749395649,0.4645447219983884,0.0,86.98986780643463,0.5,0.1031426269137792,5322.789858532022,137.25163212975397,0.3082051380477741,678.6963530817097,1752.2417277481222,1075.0303349154474,1122.958414947857,166.130126953125,881.578947368421,0.48992747784045126,389.0625,0.257856567284448,432.90441176470586,0.8767123287671232,309.74264705882354,0.8767123287671232,1000.0,0.18049959709911362,390.625,0.15471394037066882,15.625,0.128928283642224,2.965350523771152,12.784090909090908,0.23951048951048953,0.1498791297340854,0.18090249798549557,0.022965350523771154,0.18976631748589848,0.17929089443996776,0.0056406124093473006,0.12369057211925866,0.0717163577759871,0.07131345688960515,0.004431909750201451,0.7949513185219413,0.530303488260805,4.538275584206286,0.34891216760676874,0.6377921031426269,0.0,0.0,0.01329572925060435,0.22602739726027396,0.0064464141821112,0.6188557614826753,0.30942788074133765,0.0,0.0,0.0,,
pilot_mirage,rud,T,6,115.0,145.10861886465497,73.69139035877573,250.0005661010742,0.024728260869565217,0.17201086956521738,0.5724184782608696,0.2870923913043478,426.9411232014754,0.4782608695652174,1.4521739130434783,0.6608695652173913,0.4104619565217391,2.5918385742338192,0.20869565217391303,0.14076086956521738,0.043478260869565216,0.01997282608695652,0.018342391304347828,57.43243498607148,312.56357421875,2.3304347826086955,0.4,0.3892663043478261,0.3612771739130435,141.06677113260542,0.7142857142857143,0.06086956521739131,16688.545085924812,145.11778335586794,0.11626813180345577,1290.534598261146,2690.5420988527617,1994.594646701932,2659.9349099321025,279.828125,1324.353448275862,0.5043478260869565,326.48026315789474,0.16521739130434782,497.1875,0.8695652173913043,393.4235074626866,0.5826086956521739,1978.125,0.08695652173913043,609.375,0.043478260869565216,15.625,0.20869565217391303,2.4608695652173913,67.40785256410257,0.2403846153846154,0.03016304347826087,0.3029891304347826,0.00842391304347826,0.1751358695652174,0.23152173913043478,0.022554347826086958,0.07119565217391305,0.13342391304347825,0.021467391304347827,0.0016304347826086956,0.8190998375925097,0.7299301595549459,4.069565217391304,0.32663043478260867,0.0,0.0,0.6646739130434782,0.0,0.2775815217391304,0.0,0.26956521739130435,0.06086956521739131,0.0,0.0,0.13043478260869565,0.544358135731807,
pilot_mirage,rud,T,7,21.56,164.72178121140038,92.22277475765318,257.6750061035156,0.11231884057971014,0.0,0.2833333333333333,0.4681159420289855,492.64124213599996,0.41739130434782606,1.76231884057971,0.41739130434782606,0.20652173913043478,2.3397816689993336,0.2782608695652174,0.20434782608695654,0.0,0.0,0.0,55.250938321473896,303.1590820312496,1.901449275362319,0.32463768115942027,0.1565217391304348,0.23768115942028986,250.00006103515625,1.0,0.0463768115942029,5221.219435029593,242.14351003035793,0.5948264308041882,1351.3689283946599,3253.13934777045,2486.496295686622,3252.8835877269466,235.51812744140625,1494.7916666666667,0.41739130434782606,437.5,0.0463768115942029,253.47222222222223,0.8347826086956521,185.26785714285714,0.9739130434782609,,0.0,,0.0,15.625,0.2782608695652174,2.550724637681159,120.3125,0.2318181818181818,0.17246376811594202,0.43768115942028984,0.0,0.08333333333333333,0.12608695652173912,0.0,0.09782608695652174,0.060144927536231886,0.020289855072463767,0.002173913043478261,0.8068081850527373,0.40292242582983695,4.266666666666667,0.6876811594202898,0.0,0.0,0.31231884057971016,0.0,0.47753623188405797,0.0,0.32463768115942027,0.0927536231884058,0.0,0.0,0.1855072463768116,0.7610208816705336,
pilot_mirage,rud,T,8,66.28,131.3863733392358,99.8988113106748,250.00009002685547,0.2182932578972183,0.2446958981612447,0.2795851013672796,0.34016973125884015,443.96130866466075,0.4827911362564828,1.372937293729373,0.7996228194247996,0.2736916548797737,2.8994428230765146,0.19613389910419612,0.13884959924563886,0.07543611504007544,0.02498821310702499,0.02215935879302216,46.780723149021455,297.091796875,2.278170674210278,0.3319189061763319,0.37741631305987744,0.4391796322489392,104.97036292155583,0.5,0.09052333804809053,8709.105862692362,131.3962223508513,0.3290731362164923,1110.5710974539093,2942.64299273369,943.0036767510145,1633.4239746687708,274.40264892578125,833.49609375,0.4827911362564828,334.82142857142856,0.31683168316831684,532.0723684210526,0.5733144743045733,275.0589622641509,0.7996228194247996,2316.964285714286,0.10561056105610561,390.625,0.07543611504007544,15.625,0.19613389910419612,2.5497406883545497,25.752314814814817,0.35185185185185186,0.2446958981612447,0.20226308345120225,0.03253182461103253,0.152993870815653,0.11103253182461104,0.03653936822253654,0.0917020273455917,0.0891089108910891,0.034653465346534656,0.0021216407355021216,0.8363964042408796,0.6628286702591478,4.103724658180104,0.32366808109382367,0.0,0.0,0.6435643564356436,0.028995756718528994,0.3026874115983027,0.02545968882602546,0.512965582272513,0.18104667609618105,0.0,0.0,0.18104667609618105,0.6923076923076923,
pilot_mirage,rud,T,9,63.59,138.8050171408006,86.62753049164843,249.99608154296874,0.12186732186732187,0.2742014742014742,0.4154791154791155,0.3538083538083538,521.9390535574263,0.7233415233415234,1.714004914004914,0.8963144963144963,0.3285012285012285,2.9955556114337,0.14152334152334153,0.11572481572481573,0.11007371007371007,0.08648648648648649,0.045454545454545456,62.131780977359305,383.8269531249999,3.0506142506142506,0.6132678132678133,0.4213759213759214,0.0,105.00056182013617,0.4444444444444444,0.14152334152334153,8826.373581778265,138.79309809184497,0.307523816648374,947.353814834911,3297.572519749416,956.0500797633566,1571.50201617127,162.510498046875,760.6907894736842,0.5975429975429976,391.40625,0.3144963144963145,345.0969827586207,0.912039312039312,358.7622549019608,0.801965601965602,1245.5357142857142,0.22014742014742014,933.0357142857143,0.11007371007371007,15.625,0.14152334152334153,3.097788697788698,38.406563283208015,0.2493734335839599,0.1520884520884521,0.21179361179361178,0.03734643734643735,0.14422604422604424,0.13292383292383292,0.033906633906633905,0.12407862407862408,0.10933660933660934,0.050614250614250615,0.0019656019656019656,0.7655695540004935,0.7349092091920081,4.984766584766585,0.284029484029484,0.0,0.6108108108108108,0.0,0.05675675675675676,0.242997542997543,0.05184275184275184,0.47174447174447176,0.1886977886977887,0.0,0.0,0.0,,
pilot_mirage,rud,T,10,85.64,161.5787426533109,104.27460537507231,250.00088500976562,0.23444626892902756,0.0071154898741105635,0.09122422915526364,0.5944170771756979,514.8827384742507,0.3269476372924649,1.0275497172048895,0.5371282612661923,0.2546980478014961,2.6137780949584384,0.2568874293012224,0.1713191023535851,0.05838350665936873,0.05874840357598978,0.019886881955847473,44.40511225122605,283.0078125,1.7515051997810618,0.3853311439518336,0.30596606458675424,0.0,213.60726483662924,1.0,0.14012041598248495,13841.0663572051,161.61799796772968,0.1472919934042804,1260.6456845204855,3410.999937651534,963.1196797252419,1255.90710564043,257.8414306640625,1340.435606060606,0.3853311439518336,253.34821428571428,0.16347381864623245,489.44256756756755,0.4320379492793286,390.9254807692308,0.6071884692574347,609.375,0.011676701331873745,1093.75,0.05838350665936873,15.625,0.2568874293012224,1.9149790184272943,76.78571428571428,0.175,0.24904214559386972,0.29866812625433314,0.004561211457763182,0.09888706440430578,0.10454296661193213,0.006933041415800037,0.09323116219667944,0.11311804415252691,0.029921547162926474,0.0009122422915526364,0.7727292792820688,0.5028672303537033,3.0125889436234266,0.7620872103630725,0.019157088122605363,0.1251596424010217,0.0,0.03083378945447911,0.5106732348111659,0.03083378945447911,0.5254515599343186,0.22185732530560118,0.0,0.0,0.0,,
pilot_mirage,rud,T,11,36.48,155.7571655446508,89.31629630106124,250.00003051757812,0.12890792291220557,0.22698072805139186,0.28993576017130623,0.4539614561027837,537.4703905491905,0.7674518201284797,1.7541755888650963,0.7400428265524626,0.24453961456102782,2.8651981502277577,0.19186295503211992,0.12077087794432548,0.08222698072805139,0.009850107066381156,0.006423982869379015,58.379451434634746,370.305029296875,2.905353319057816,0.43854389721627407,0.35802997858672375,0.0,103.45027315616608,0.625,0.21927194860813704,8185.316047503924,224.35127496370498,0.011442731044798687,863.1108953133531,2446.0967757029584,2335.0882747570413,1205.2138658403896,279.8125,889.8026315789474,0.5207708779443255,380.2083333333333,0.24668094218415418,377.40384615384613,0.7126338329764454,282.05128205128204,1.0689507494646682,1380.2083333333333,0.16445396145610278,291.6666666666667,0.08222698072805139,15.625,0.19186295503211992,2.987580299785867,0.78125,0.32999999999999996,0.12162740899357602,0.2762312633832976,0.03640256959314775,0.13832976445396145,0.0980728051391863,0.027837259100642397,0.1785867237687366,0.08907922912205568,0.029122055674518203,0.004282655246252677,0.7832624028053154,0.5967842142003821,4.632119914346895,0.3426124197002141,0.0,0.5700214132762312,0.0,0.0873661670235546,0.31862955032119916,0.06680942184154176,0.41113490364025695,0.08222698072805139,0.0,0.0,0.0,,
pilot_mirage,smekk-,CT,0,41.39,192.1674992887647,77.99255644713082,250.0019073486328,0.025670064175160438,0.020762551906379767,0.21026802567006417,0.6425066062665157,617.5168300102024,1.111362778406946,1.93280483201208,0.652321630804077,0.17969044922612307,2.366659310950676,0.120800302000755,0.09739524348810873,0.048320120800302,0.011325028312570781,0.011325028312570781,50.53281441772092,194.46113281250018,1.159682899207248,0.869762174405436,0.3103057757644394,0.0,104.91221506455365,0.5294117647058824,0.410721026802567,10206.26381348726,246.58395019372767,0.16846021168602462,1337.3452819977067,2544.4791718347165,1796.3577792531505,550.9616608823937,179.21484375,1196.7329545454545,0.531521328803322,278.6458333333333,0.144960362400906,265.625,0.918082295205738,243.09593023255815,1.038882597206493,429.6875,0.048320120800302,234.375,0.048320120800302,15.625,0.120800302000755,2.8508871272178182,21.676801108374384,0.5443349753694582,0.026802567006417515,0.4805587013967535,0.016232540581351453,0.1513778784446961,0.05889014722536806,0.013590033975084938,0.12570781426953567,0.096640241600604,0.010192525481313703,0.01963004907512269,0.7745483499473945,0.6497026195422672,4.928652321630804,0.6761041902604756,0.32389580973952437,0.0,0.0,0.0,0.5560588901472253,0.0,0.024160060400151,0.0,0.024160060400151,0.024160060400151,0.0,,0.75
pilot_mirage,smekk-,CT,1,20.17,151.49323931925062,92.43665185878437,250.00369262695312,0.14562354763749033,0.34082106893880715,0.3508907823392719,0.41673121611154146,619.6963643599084,0.19829589465530598,0.8427575522850503,0.5948876839659178,0.26723470178156467,2.652857191935151,0.19829589465530598,0.12161115414407436,0.19829589465530598,0.08133230054221534,0.08133230054221534,39.98759197856105,145.876953125,0.9419054996127033,0.39659178931061195,0.19984508133230056,0.0,110.29228846232097,0.6666666666666666,0.14872192099147946,5374.04236330115,266.4126345865791,0.3593556299119968,837.7704072867692,2133.25018912671,1797.2941480881627,1931.196740785027,259.9375,1230.9027777777778,0.44616576297443844,802.0833333333334,0.14872192099147946,604.1666666666666,0.44616576297443844,557.2916666666666,0.44616576297443844,2291.6666666666665,0.14872192099147946,425.78125,0.19829589465530598,15.625,0.19829589465530598,2.032532920216886,122.39583333333333,0.3333333333333333,0.08597986057319908,0.3841982958946553,0.017041053446940357,0.11618900077459333,0.05112316034082107,0.09682416731216112,0.12393493415956623,0.11386522075910147,0.005422153369481022,0.005422153369481022,0.8978020898343926,0.4592947425868468,2.726568551510457,0.5507358636715725,0.4492641363284276,0.0,0.0,0.0,0.43764523625096824,0.0,0.049573973663826494,0.0,0.0,0.0,0.0,,
pilot_mirage,smekk-,CT,2,59.25,106.00740559182212,81.12094111227172,241.48658752441406,0.18908227848101267,0.4686181434599156,0.5443037974683544,0.18908227848101267,568.9887192367952,1.029535864978903,1.839662447257384,0.5569620253164557,0.2233649789029536,2.958537521728927,0.08438818565400844,0.06540084388185655,0.1350210970464135,0.0535337552742616,0.05195147679324894,34.051660954810735,128.1220703125,1.248945147679325,0.6582278481012658,0.40717299578059074,0.0,137.50005594889322,0.6666666666666666,0.05063291139240506,6280.447365629794,105.99911165619906,0.15771802381169447,370.05732718661596,1521.1448500696301,1367.6261814412637,1318.8586676503844,161.318115234375,822.9166666666666,0.4050632911392405,707.8125,0.16877637130801687,256.6550925925926,0.9113924050632911,376.1363636363636,0.9282700421940928,1851.0416666666667,0.25316455696202533,521.484375,0.1350210970464135,15.625,0.08438818565400844,2.8860759493670884,22.57095673635308,0.46893147502903604,0.205168776371308,0.18618143459915612,0.043248945147679324,0.11577004219409283,0.0804324894514768,0.020042194092827006,0.2109704641350211,0.06513713080168776,0.055379746835443035,0.01529535864978903,0.8331316455319059,0.6706829557905021,4.556962025316456,0.12341772151898735,0.0,0.7842827004219409,0.0,0.09229957805907173,0.10627637130801688,0.08465189873417721,0.10126582278481013,0.0,0.0,0.05063291139240506,0.0,,
pilot_mirage,smekk-,CT,3,53.52,152.93676346511737,87.46745187093585,249.99562072753906,0.07153284671532846,0.08175182481751825,0.3264233576642336,0.44613138686131387,653.010146197467,0.8782481751824818,1.9433576642335766,0.6913868613138686,0.20583941605839415,2.79230254588844,0.14948905109489052,0.10102189781021897,0.1308029197080292,0.055182481751824816,0.0472992700729927,41.48633411443122,208.6442382812498,1.3267153284671533,0.8595620437956204,0.4545985401459854,0.0,102.25063282251358,0.375,0.29897810218978105,9509.079873717947,177.68791588845215,0.11178679177923413,496.13836426659907,1362.9970417431691,1064.6231834940443,1139.1253170193054,228.3878173828125,930.8894230769231,0.48583941605839415,275.5681818181818,0.20554744525547444,276.9886363636364,1.0277372262773723,342.8125,0.9343065693430657,729.1666666666666,0.11211678832116788,535.7142857142857,0.1308029197080292,15.625,0.14948905109489052,3.0458394160583944,39.96480451936873,0.4720229555236729,0.10832116788321168,0.27854014598540144,0.024525547445255473,0.16875912408759125,0.08116788321167884,0.018394160583941607,0.19883211678832116,0.09138686131386861,0.013722627737226278,0.015182481751824817,0.8306468209045289,0.7569387877884188,5.045255474452555,0.24204379562043796,0.021897810218978103,0.5646715328467153,0.0,0.17138686131386863,0.21313868613138687,0.16204379562043797,0.4484671532846715,0.14948905109489052,0.03737226277372263,0.3363503649635036,0.0,,0.0
pilot_mirage,smekk-,CT,4,43.95,135.7837500130626,81.76285541840944,238.95086975097655,0.07891930323498045,0.18983291859225027,0.46071809456096696,0.34696054034838253,628.9801115246544,0.7052968361180235,1.6153572698186989,0.591539281905439,0.21151795236402418,2.9271742771165776,0.06825453252755066,0.043370067543547816,0.09100604337006754,0.0945609669392108,0.08887308922858159,27.53644918818901,123.10180664062464,0.9328119445431923,0.614290792747956,0.3753999289015286,0.0,93.42294756571452,0.6666666666666666,0.20476359758265197,5967.7670215568705,135.77571609656584,0.20519735068511302,433.7351656054789,1277.3373909807135,1201.934899429854,914.7043976004614,161.2845458984375,990.953947368421,0.4322787060078208,707.03125,0.18201208674013508,284.8557692307692,0.8873089228581585,395.3598484848485,0.7507998578030572,2781.25,0.06825453252755066,1148.4375,0.09100604337006754,15.625,0.06825453252755066,2.4799146818343405,37.21064814814815,0.5527777777777778,0.12442232492001422,0.2787060078208318,0.06683256309989336,0.1308211873444721,0.08887308922858159,0.0135087095627444,0.16814788482047635,0.0607891930323498,0.048346960540348385,0.01955207963028795,0.8991400735024678,0.538442444321084,4.368290081763242,0.23000355492356914,0.0,0.5862068965517241,0.0,0.18378954852470672,0.14219694276573053,0.17561322431567722,0.3185211517952364,0.0,0.022751510842516885,0.20476359758265197,0.0,,0.35
pilot_mirage,smekk-,CT,5,51.41,144.02293818627447,82.26249317169248,249.9998321533203,0.0425531914893617,0.1498480243161094,0.4580547112462006,0.33890577507598785,624.8322449604552,0.9726443768996961,1.8869300911854103,0.739209726443769,0.2033434650455927,2.7055818679994665,0.1945288753799392,0.1437689969604863,0.05835866261398176,0.060790273556231005,0.059574468085106386,41.58295169504409,162.82597656249982,1.2838905775075988,0.8170212765957446,0.33191489361702126,0.0,83.28910717597374,0.6923076923076923,0.252887537993921,8795.208630805968,171.092204368262,0.03238016891587856,394.37520331294877,1224.2789423707507,592.6679275754307,977.2225933796813,279.8138427734375,975.6944444444445,0.5252279635258359,360.79545454545456,0.21398176291793314,265.9313725490196,0.99209726443769,285.5718085106383,0.9142857142857143,1283.8541666666667,0.11671732522796352,847.65625,0.07781155015197569,15.625,0.1945288753799392,3.0346504559270517,2.71796218487395,0.43403361344537816,0.10212765957446808,0.3641337386018237,0.022188449848024316,0.12857142857142856,0.10364741641337386,0.0182370820668693,0.16717325227963525,0.04468085106382979,0.035866261398176294,0.012462006079027355,0.8112541247542712,0.709911503604287,5.038297872340426,0.3142857142857143,0.0,0.5045592705167173,0.0,0.18115501519756838,0.2458966565349544,0.16261398176291794,0.35015197568389056,0.05835866261398176,0.019452887537993922,0.019452887537993922,0.0,,0.1
pilot_mirage,smekk-,CT,6,122.0,123.29552124856711,88.07859508816898,249.99856567382812,0.09272540983606557,0.32991803278688525,0.5539190573770492,0.2885502049180328,612.1854708068626,1.3032786885245902,2.221311475409836,0.48360655737704916,0.19287909836065573,2.819041588655434,0.10655737704918032,0.0779969262295082,0.08196721311475409,0.05699282786885246,0.04341700819672131,18.686002758441944,82.79296875,0.38524590163934425,0.9016393442622951,0.40023053278688525,0.0,130.8181868961879,0.5714285714285714,0.05737704918032787,16900.073592251454,138.52519337911028,0.0455539675324049,1262.9646996902127,2118.264812346426,1402.4634205264706,1313.3814351791566,242.9468994140625,1732.421875,0.26229508196721313,417.4107142857143,0.22950819672131148,239.31962025316454,1.2950819672131149,231.4712389380531,0.9262295081967213,2236.1111111111113,0.14754098360655737,731.25,0.08196721311475409,15.625,0.10655737704918032,3.0491803278688523,17.232142857142858,0.4002040816326531,0.13396516393442623,0.3133965163934426,0.043929303278688527,0.16278176229508196,0.09925717213114754,0.03227459016393443,0.13767930327868852,0.04175204918032787,0.019339139344262294,0.015368852459016393,0.8395892539314278,0.6495284431399097,5.090163934426229,0.27984118852459017,0.0024334016393442624,0.5375256147540983,0.012295081967213115,0.1679047131147541,0.21631659836065573,0.1599641393442623,0.23770491803278687,0.00819672131147541,0.0,0.09836065573770492,0.0,0.0,
pilot_mirage,smekk-,CT,7,80.3,99.67249408530735,77.00054082144258,243.26918029785156,0.15100214049425958,0.4810274372446001,0.6298890834792761,0.16034247908153337,542.0214296874897,1.2080171239540767,2.1794123370305507,0.7596808717649348,0.2337030550690796,3.016220694551736,0.04981513913212687,0.04183693325549718,0.06226892391515859,0.021404942595835766,0.020237400272426542,37.935932805353495,171.49609375,1.8307063631056626,0.9464876435104106,0.44716870986573265,0.0,64.31958643595378,0.3333333333333333,0.07472270869819031,10101.165532514184,125.79774159970962,0.10339184109046168,508.54336878841355,1999.4022089513542,1995.2592524535464,1070.685278814212,216.78448486328125,661.4583333333334,0.44833625218914186,457.9326923076923,0.3237984043588247,306.17559523809524,1.0461179217746643,281.25,1.1332944152558864,898.2558139534884,0.5355127456703639,493.75,0.06226892391515859,15.625,0.04981513913212687,3.5991438022961666,44.46120915374948,0.41610808546292416,0.16695855224751896,0.1628721541155867,0.04825841603424791,0.18836349484335474,0.050398910293831485,0.06440941817474216,0.1833041447752481,0.08289550496205488,0.03541545047674645,0.016540182914964,0.7659163363360438,0.6188171707980877,5.57929558279821,0.13407277680482585,0.0,0.7546215216968282,0.0,0.11130570149834598,0.10507880910683012,0.09690601284296556,0.22416812609457093,0.07472270869819031,0.0,0.024907569566063437,0.0,,
pilot_mirage,smekk-,CT,8,29.44,129.05295377488855,91.5268524977953,249.9964141845703,0.1751592356687898,0.32643312101910826,0.4171974522292994,0.309447983014862,510.70409647700427,0.3057324840764331,1.1210191082802548,0.6114649681528662,0.24575371549893843,2.769022445446852,0.06794055201698514,0.05573248407643312,0.06794055201698514,0.02335456475583864,0.021231422505307854,24.629998983503718,112.36806640625,0.5774946921443737,0.4416135881104034,0.3089171974522293,0.0,79.2026184626988,0.42857142857142855,0.23779193205944799,3799.5660345626015,129.0723069065852,0.34922449404027966,513.465624936132,1540.3765779682333,1257.17010368982,1300.137907545857,228.26080322265625,1174.4791666666667,0.40764331210191085,381.69642857142856,0.23779193205944799,387.2767857142857,0.47558386411889597,402.34375,0.6794055201698513,1201.171875,0.27176220806794055,414.0625,0.06794055201698514,15.625,0.06794055201698514,2.208067940552017,11.54513888888889,0.5277777777777778,0.22399150743099788,0.2770700636942675,0.04670912951167728,0.09766454352441614,0.04670912951167728,0.034501061571125265,0.1045647558386412,0.15392781316348195,0.009554140127388535,0.004246284501061571,0.8392581148613523,0.6001454834448078,3.464968152866242,0.1942675159235669,0.0,0.5461783439490446,0.0,0.25955414012738853,0.18789808917197454,0.19904458598726116,0.37367303609341823,0.06794055201698514,0.03397027600849257,0.16985138004246284,0.0,,0.7
pilot_mirage,smekk-,CT,9,18.92,122.7851449398833,107.89744181617573,250.00120544433594,0.35590421139554085,0.24938067712634188,0.18084227910817507,0.36416184971098264,672.7315917481671,0.3170933113129645,1.004128819157721,0.3170933113129645,0.09661436829066887,2.2724819296898224,0.10569777043765483,0.08340214698596202,0.10569777043765483,0.07514450867052024,0.07514450867052024,32.128805365444215,129.21069335937491,0.8984310487200661,0.21139554087530965,0.1370767960363336,0.0,58.90712356567383,0.5,0.10569777043765483,2324.013600390769,122.8215280140456,0.7502341558393298,550.4242185748345,1754.4969180285461,1754.494702830337,,259.9375,1552.0833333333333,0.3170933113129645,343.75,0.05284888521882741,330.7291666666667,0.3170933113129645,346.15384615384613,0.6870355078447564,4718.75,0.05284888521882741,742.1875,0.10569777043765483,15.625,0.10569777043765483,1.6383154417836499,83.33333333333334,0.16666666666666666,0.2477291494632535,0.402972749793559,0.010734929810074319,0.08175061932287365,0.01486374896779521,0.004128819157720892,0.15606936416184972,0.07431874483897605,0.0033030553261767133,0.004128819157720892,0.8627667791651049,0.5419722732088038,2.431048720066061,0.4541701073492981,0.0,0.4591246903385632,0.0,0.08670520231213873,0.36416184971098264,0.04376548307184145,0.3170933113129645,0.05284888521882741,0.0,0.26424442609413706,0.0,,
pilot_mirage,smekk-,CT,10,13.62,183.61222803537999,88.18873752090938,259.7806091308594,0.027522935779816515,0.033256880733944956,0.2717889908256881,0.6146788990825688,715.0434935133064,0.8807339449541285,1.3211009174311927,0.29357798165137616,0.11009174311926606,1.9617663171927295,0.3669724770642202,0.23509174311926606,0.14678899082568808,0.15137614678899083,0.15137614678899083,40.83845795063146,189.2392578125,0.5137614678899083,0.5137614678899083,0.17545871559633028,0.0,135.5367431640625,0.5,0.14678899082568808,2502.961558530703,183.70360062610663,0.6654181481505594,550.9471022763148,1844.8390465524014,1764.32833671221,,267.0657958984375,1775.0,0.3669724770642202,,0.0,206.59722222222223,0.6605504587155964,427.0833333333333,0.6605504587155964,453.125,0.07339449541284404,1093.75,0.14678899082568808,15.625,0.3669724770642202,2.2752293577981653,-7.8125,0.3571428571428571,0.045871559633027525,0.5412844036697247,0.0,0.0860091743119266,0.04472477064220184,0.0,0.21100917431192662,0.06536697247706422,0.0,0.005733944954128441,0.8324496527207617,0.6509837898870139,3.229357798165138,0.7144495412844036,0.2855504587155963,0.0,0.0,0.0,0.5470183486238532,0.0,0.07339449541284404,0.0,0.0,0.0,0.0,,
pilot_mirage,smekk-,CT,11,61.64,132.25950940132745,75.07565479191219,235.98524475097656,0.0641318124207858,0.2585551330798479,0.49024081115335866,0.2532319391634981,610.5568422838428,0.8273764258555133,1.703422053231939,0.7949302915082382,0.20506970849176173,2.8450635416291963,0.11356147021546262,0.08212927756653993,0.11356147021546262,0.05525982256020279,0.05272496831432193,37.19754046890847,187.269384765625,1.1680608365019012,0.8435994930291508,0.3774397972116603,0.0,104.87960739135742,0.6,0.08111533586818757,8152.849176612067,132.26421984871288,0.20083316631333883,652.0743859537188,1637.3625146140987,1485.4239339748715,1328.846744060642,266.0347900390625,739.5833333333334,0.6326996197718631,522.7272727272727,0.17845373891001268,299.1803278688525,0.9896070975918885,388.4943181818182,0.7138149556400507,1448.8636363636363,0.17845373891001268,560.2678571428571,0.11356147021546262,15.625,0.11356147021546262,2.920152091254753,8.340371621621621,0.5908783783783784,0.08821292775665399,0.29784537389100124,0.058301647655259824,0.1782002534854246,0.08086185044359949,0.01926489226869455,0.1561470215462611,0.08871989860583017,0.014702154626108998,0.016223067173637515,0.8308522976221487,0.680197755085172,4.7858048162230675,0.1761723700887199,0.007351077313054499,0.7272496831432192,0.0,0.08922686945500634,0.12522179974651457,0.08922686945500634,0.3244613434727503,0.048669201520912544,0.016223067173637515,0.12978453738910012,0.0,,0.6
pilot_mirage,smekk-,T,12,20.64,190.47048810862123,68.3762585480837,249.99911499023438,0.01514004542013626,0.0635881907645723,0.22861468584405753,0.6086298258894777,686.5009250064945,0.5813777441332324,1.259651778955337,0.6298258894776685,0.22407267221801666,2.423824542238235,0.19379258137774413,0.13626040878122633,0.24224072672218017,0.07040121120363362,0.06813020439061317,33.08108354048296,171.49658203125,0.2906888720666162,0.5813777441332324,0.4928084784254353,0.0,154.92113037109374,1.0,0.24224072672218017,3931.5442076600293,190.4760252007887,0.6359711538893104,736.1511474602811,2500.3487063123835,1646.3270200206634,2363.3117681295466,274.8125,1051.5625,0.48448145344436033,238.28125,0.19379258137774413,571.875,0.7267221801665406,502.84090909090907,0.5329295987887964,1312.5,0.04844814534443603,290.625,0.24224072672218017,15.625,0.19379258137774413,2.4224072672218018,70.74652777777777,0.5277777777777778,0.000757002271006813,0.3308099924299773,0.000757002271006813,0.2513247539742619,0.10825132475397427,0.04012112036336109,0.17638152914458743,0.07040121120363362,0.005299015897047691,0.015897047691143074,0.6912878211420376,0.4640229828197279,3.7789553368660105,0.34670704012112036,0.6532929598788796,0.0,0.0,0.0,0.3376230128690386,0.0,0.04844814534443603,0.0,0.0,0.0,0.0,,
pilot_mirage,smekk-,T,13,127.7,131.4638735252758,81.80665704485962,249.99957275390625,0.10522451976018597,0.3648599045638077,0.5668665116848158,0.27346139728373914,536.6967844165318,0.9944940658265019,1.7697295974550349,0.3602104490395204,0.16921571026550838,2.6105737450285282,0.08613728129205922,0.058852318610057505,0.039153309678208736,0.013948366572861862,0.013948366572861862,29.01926942322106,145.875439453125,0.8613728129205922,0.8457114890493087,0.3790529793221583,0.0,121.58885526657104,0.625,0.06264529548513398,16788.445053329386,131.4646376377194,0.045446146068797065,1253.46150096703,2713.433787316448,1824.5120279314638,1747.048018541445,193.5625,1858.0729166666667,0.2819038296831029,442.1875,0.07830661935641747,299.89495798319325,0.9318487703413679,273.8025700934579,0.837880827113667,2025.8152173913043,0.1801052245197602,478.125,0.039153309678208736,15.625,0.08613728129205922,2.4353358619845835,36.755087209302324,0.5284883720930232,0.12002936498225866,0.37122231738651656,0.017986051633427137,0.17092866756393002,0.07953016028386149,0.010889514254251805,0.1327541906276765,0.07280068518291936,0.005750642358986908,0.017863697540682736,0.8460252031530036,0.5914083502166633,4.103266854276275,0.39079897222562093,0.005383580080753701,0.5676006362412823,0.0,0.014437782943839472,0.2177902850850361,0.010522451976018598,0.11745992903462621,0.0,0.007830661935641747,0.015661323871283495,0.0,,0.05
pilot_mirage,smekk-,T,14,82.16,144.21546661684033,89.26142967151603,249.99869232177736,0.14777481932293648,0.22080639026245721,0.35507797641688854,0.4104222137694941,506.3268773894989,0.5477367820464055,1.3389121338912133,0.42601749714720427,0.21510079878280716,2.5778429623647816,0.060859642449600605,0.051350323316850514,0.060859642449600605,0.01901863826550019,0.009128946367440091,26.4335549252782,116.30078125,0.9859262076835299,0.5720806390262457,0.299733739064283,0.0,138.19330088297525,0.6666666666666666,0.1095473564092811,12836.452906757766,156.2443868452828,0.1358472556688178,944.7219071851341,1745.2888547885043,1162.391360099162,1055.3347772043116,210.1322021484375,1617.9956896551723,0.35298592620768354,403.6458333333333,0.07303157093952073,382.9449152542373,0.7181437809052872,315.25735294117646,0.6207683529859263,3023.4375,0.07303157093952073,434.375,0.060859642449600605,15.625,0.060859642449600605,1.9596804868771396,-5.616359447004608,0.543778801843318,0.15538227462913656,0.37352605553442375,0.01198174210726512,0.12152909851654621,0.13655382274629135,0.005325218714340053,0.1110688474705211,0.060859642449600605,0.012171928489920122,0.011411182959300114,0.8124084920282063,0.49214375670582505,3.3594522632179538,0.34195511601369344,0.0,0.4914416127805249,0.0,0.1192468619246862,0.17287942183339672,0.100038037276531,0.37732978318752375,0.1095473564092811,0.0,0.1704069988588817,0.0,,
pilot_mirage,smekk-,T,15,92.97,145.25804278373218,89.12070014845425,249.99908447265625,0.15865546218487395,0.2257142857142857,0.3450420168067227,0.3981512605042017,487.8880155868364,0.5485714285714286,1.204705882352941,0.49478991596638655,0.2426890756302521,2.594946180697431,0.13983193277310924,0.10235294117647059,0.07529411764705882,0.05781512605042017,0.03176470588235294,46.95330245235544,275.9677734375,2.0652100840336134,0.44100840336134456,0.30100840336134455,0.0,140.21490270441228,0.6363636363636364,0.11831932773109244,15344.351941060091,165.04849146686485,0.09632524225269971,1047.8476565848644,2974.543060327285,2499.8478454906376,2852.911626183999,274.05084228515625,1498.7331081081081,0.3979831932773109,371.52777777777777,0.09680672268907563,393.7026515151515,0.7099159663865546,388.9266304347826,0.49478991596638655,2098.4375,0.10756302521008404,697.265625,0.08605042016806723,15.625,0.13983193277310924,2.032941176470588,34.620098039215684,0.4919786096256684,0.14974789915966386,0.38235294117647056,0.007394957983193277,0.1146218487394958,0.12974789915966387,0.02369747899159664,0.09294117647058824,0.08319327731092437,0.004873949579831933,0.010252100840336134,0.8725569908037155,0.612922811122735,3.2699159663865545,0.4773109243697479,0.0016806722689075631,0.433109243697479,0.0,0.06252100840336135,0.25478991596638656,0.0519327731092437,0.3764705882352941,0.08605042016806723,0.0,0.30117647058823527,0.0,,
pilot_mirage,smekk-,T,16,15.31,211.97124749452485,65.12497560202388,250.00023040771484,0.022448979591836733,0.0,0.09693877551020408,0.7775510204081633,815.450269403746,0.19591836734693877,0.9795918367346939,0.32653061224489793,0.3173469387755102,1.7713751433301597,0.19591836734693877,0.21224489795918366,0.0,0.0,0.0,37.94626512225485,157.6982421875,0.32653061224489793,0.39183673469387753,0.20510204081632652,0.0,124.28969955444336,0.5,0.2612244897959184,4379.048395826535,285.97867074785535,0.16860096936344257,636.9332752579658,1801.7780223932464,1584.6273035453553,,167.34375,2634.375,0.32653061224489793,218.75,0.0653061224489796,885.4166666666666,0.39183673469387753,150.0,0.6530612244897959,,0.0,,0.0,15.625,0.19591836734693877,1.6326530612244898,-69.01041666666666,0.5,0.0,0.5571428571428572,0.0,0.11734693877551021,0.21326530612244898,0.014285714285714285,0.006122448979591836,0.08979591836734693,0.0,0.0020408163265306124,0.8867504376412516,0.3925762738635818,2.546938775510204,0.7744897959183673,0.00510204081632653,0.09285714285714286,0.0,0.12755102040816327,0.6612244897959184,0.12755102040816327,0.39183673469387753,0.0653061224489796,0.0,0.0653061224489796,0.0,,
pilot_mirage,smekk-,T,17,37.55,117.78756893844442,94.97690062484072,244.99842224121093,0.24469413233458176,0.18060757386600082,0.3091968372867249,0.3137744486059093,520.6340873497749,0.7191011235955056,1.5713691219309196,0.4794007490636704,0.22596754057428214,2.9057313185782605,0.02663337494798169,0.03245942571785269,0.13316687473990846,0.03454015813566375,0.023304203079483977,26.548350820930473,114.34462890625,0.5326674989596338,0.5859342488555972,0.4419475655430712,0.0,54.58351952689035,0.14285714285714285,0.18643362463587182,4422.002825789092,117.77285928027544,0.39092141668651326,620.5935900212229,1784.7890434655544,1197.8344478287897,1767.8299000610705,158.1614990234375,1468.75,0.21306699958385353,419.03409090909093,0.2929671244277986,494.41964285714283,0.7457344985434873,244.45564516129033,0.8256346233874324,847.65625,0.21306699958385353,406.25,0.13316687473990846,15.625,0.02663337494798169,2.4502704952143155,1.3849431818181834,0.5568181818181819,0.23345817727840198,0.1793591344153142,0.030378693300041615,0.21473158551810237,0.0928006658343737,0.04744069912609238,0.10320432792342905,0.04078235538909696,0.04411152725759467,0.012900540990428632,0.8546487479899839,0.5668274929775348,4.074906367041199,0.1831044527673741,0.0,0.6749895963379109,0.0,0.14190595089471494,0.16978776529338327,0.11610486891385768,0.2663337494798169,0.02663337494798169,0.02663337494798169,0.0,0.0,,0.03333333333333333
pilot_mirage,smekk-,T,18,55.81,129.2873136616267,84.90176598945594,247.0882064819336,0.10806270996640538,0.2992721164613662,0.4902015677491601,0.2847144456886898,628.5149566773367,0.6987681970884658,1.7917133258678613,0.6808510638297872,0.27295632698768196,2.8315190214173183,0.07166853303471445,0.072508398656215,0.07166853303471445,0.029395296752519597,0.024916013437849945,31.451182266872024,136.01025390625,1.0033594624860023,0.7704367301231803,0.2810750279955207,0.0,58.55355399449666,0.3333333333333333,0.2687569988801792,9494.992265103621,170.12304170398426,0.10742295106510524,676.0977489597955,1866.6924959660041,1777.4900041080098,864.7808396670695,188.35302734375,1296.195652173913,0.41209406494960804,358.3333333333333,0.2687569988801792,292.5531914893617,0.8421052631578947,274.4693396226415,0.9496080627099664,1193.080357142857,0.25083986562150057,519.53125,0.07166853303471445,15.625,0.07166853303471445,2.8667413213885777,63.602543290043286,0.4086580086580086,0.14837625979843225,0.32166853303471443,0.03583426651735722,0.08678611422172453,0.09518477043673013,0.051511758118701005,0.12234042553191489,0.11730123180291153,0.008118701007838746,0.012038073908174692,0.8451208768354163,0.6844214490855295,4.730123180291153,0.3580627099664054,0.005879059350503919,0.3715005599104143,0.0,0.2645576707726764,0.25867861142217247,0.20212765957446807,0.3583426651735722,0.07166853303471445,0.0,0.0,0.0,,
