demo,player,side,round,secs_alive,event,tick,technique,stop_ms,speed_before,speed_after,crouch,shot_after,shot_delay_ms,speed_at_shot,overshoot,yaw_move_deg,kind,depth_u,out_ms,total_ms,returned,peak_speed,walk_frac,yaw_swing_deg,shots,lat_ratio,shift_peek
pilot_mirage,B0Tmaks,CT,12,45.015625,stop,92001,counterstrafe,125.0,164.55816650390625,28.68309211730957,0.0,0.0,,,1.0,0.6873321533203125,,,,,,,,,,,
pilot_mirage,B0Tmaks,CT,12,45.015625,stop,92011,counterstrafe,281.25,164.55816650390625,30.177406311035156,0.0,0.0,,,1.0,3.24920654296875,,,,,,,,,,,
pilot_mirage,B0Tmaks,CT,12,45.015625,stop,92241,release,234.375,153.85806274414062,32.04237747192383,0.0,0.0,,,0.0,0.09372711181640625,,,,,,,,,,,
pilot_mirage,B0Tmaks,CT,12,45.015625,stop,92386,counterstrafe,93.75,172.2234649658203,23.52490234375,0.0,1.0,15.625,8.055002212524414,1.0,3.280120849609375,,,,,,,,,,,
pilot_mirage,B0Tmaks,CT,12,45.015625,stop,92391,counterstrafe,171.875,172.2234649658203,30.854354858398438,0.0,1.0,0.0,30.854354858398438,1.0,4.8106536865234375,,,,,,,,,,,
pilot_mirage,B0Tmaks,CT,12,45.015625,stop,92403,counterstrafe,359.375,172.2234649658203,19.376577377319336,0.0,1.0,0.0,19.376577377319336,1.0,6.9035491943359375,,,,,,,,,,,
pilot_mirage,B0Tmaks,CT,12,45.015625,stop,92446,counterstrafe,78.125,175.8603973388672,18.420040130615234,0.0,0.0,,,0.0,1.3121795654296875,,,,,,,,,,,
pilot_mirage,B0Tmaks,CT,12,45.015625,stop,92459,counterstrafe,281.25,175.8603973388672,17.87812042236328,0.0,1.0,234.375,62.19139862060547,1.0,1.3434295654296875,,,,,,,,,,,
pilot_mirage,B0Tmaks,CT,12,45.015625,stop,92465,counterstrafe,375.0,175.8603973388672,25.331552505493164,0.0,1.0,140.625,62.19139862060547,1.0,1.3434295654296875,,,,,,,,,,,
pilot_mirage,B0Tmaks,CT,12,45.015625,stop,92842,release,15.625,217.118408203125,0.0,0.0,0.0,,,0.0,0.0,,,,,,,,,,,
pilot_mirage,B0Tmaks,CT,12,45.015625,peek,92074,,,,,,,,,,,traversal,10.454225539426002,250.0,250.0,1.0,67.90728759765625,1.0,0.0,0.0,0.00024238158980739098,1.0
pilot_mirage,B0Tmaks,CT,12,45.015625,peek,92214,,,,,,,,,,,traversal,181.74183918208254,1484.375,4984.375,0.0,240.0037841796875,0.0,49.20294952392578,5.0,0.5944675572090063,0.0
pilot_mirage,B0Tmaks,CT,12,45.015625,peek,92653,,,,,,,,,,,traversal,338.9076859099765,1484.375,4984.375,0.0,250.00282287597656,0.0,0.406158447265625,0.0,0.055564948350364046,0.0
pilot_mirage,B0Tmaks,CT,13,91.71875,stop,93662,release,78.125,194.17355346679688,29.00682258605957,0.0,0.0,,,1.0,2.1557159423828125,,,,,,,,,,,
pilot_mirage,B0Tmaks,CT,13,91.71875,stop,93751,crouch_stop,234.375,242.07151794433594,29.627098083496094,1.0,0.0,,,0.0,45.9541015625,,,,,,,,,,,
pilot_mirage,B0Tmaks,CT,13,91.71875,stop,97147,release,46.875,165.23609924316406,21.48614501953125,0.0,0.0,,,1.0,51.59040832519531,,,,,,,,,,,
pilot_mirage,B0Tmaks,CT,13,91.71875,stop,99242,counterstrafe,78.125,178.181884765625,26.449190139770508,0.0,0.0,,,0.0,0.0,,,,,,,,,,,
pilot_mirage,B0Tmaks,CT,13,91.71875,stop,99297,counterstrafe,78.125,156.28521728515625,25.135984420776367,0.0,0.0,,,0.0,0.0,,,,,,,,,,,
pilot_mirage,B0Tmaks,CT,13,91.71875,stop,100106,counterstrafe,78.125,162.3500518798828,14.897273063659668,0.0,0.0,,,1.0,0.0,,,,,,,,,,,
pilot_mirage,B0Tmaks,CT,13,91.71875,stop,100166,counterstrafe,78.125,165.4765625,27.043548583984375,0.0,0.0,,,0.0,0.0,,,,,,,,,,,
pilot_mirage,B0Tmaks,CT,13,91.71875,stop,102206,counterstrafe,93.75,154.320556640625,30.04399299621582,0.0,0.0,,,1.0,0.03124237060546875,,,,,,,,,,,
pilot_mirage,B0Tmaks,CT,13,91.71875,stop,102257,counterstrafe,78.125,164.487060546875,29.255836486816406,1.0,0.0,,,0.0,0.124969482421875,,,,,,,,,,,
pilot_mirage,B0Tmaks,CT,13,91.71875,stop,102530,counterstrafe,78.125,163.68386840820312,21.523096084594727,0.0,1.0,203.125,65.75146484375,1.0,0.0,,,,,,,,,,,
pilot_mirage,B0Tmaks,CT,13,91.71875,stop,102544,counterstrafe,296.875,163.68386840820312,34.1091194152832,0.0,1.0,0.0,34.1091194152832,1.0,0.3124237060546875,,,,,,,,,,,
pilot_mirage,B0Tmaks,CT,13,91.71875,peek,93504,,,,,,,,,,,traversal,280.1144538229203,1484.375,4984.375,0.0,250.00613403320312,0.0,1.2184295654296875,0.0,0.6291952973779606,0.0
pilot_mirage,B0Tmaks,CT,13,91.71875,peek,98090,,,,,,,,,,,jiggle,53.85177915098186,984.375,2500.0,1.0,117.00188446044922,0.40625,5.404930114746094,0.0,1.0162595283566882,0.0
pilot_mirage,B0Tmaks,CT,13,91.71875,peek,99046,,,,,,,,,,,narrow,123.82600827927504,1328.125,2171.875,1.0,136.22142028808594,0.6744186046511628,163.79175567626953,0.0,2.790043314721176,1.0
pilot_mirage,B0Tmaks,CT,13,91.71875,peek,99220,,,,,,,,,,,commit,127.49515733419474,1484.375,4984.375,0.0,184.50335693359375,0.3125,20.149612426757812,0.0,7.216862420383835,0.0
pilot_mirage,B0Tmaks,CT,13,91.71875,peek,99640,,,,,,,,,,,commit,88.57550295413503,1484.375,4984.375,0.0,117.00352478027344,0.6666666666666666,156.4181137084961,0.0,1.2398832201101442,1.0
pilot_mirage,B0Tmaks,CT,13,91.71875,peek,100146,,,,,,,,,,,commit,146.21958333178176,1484.375,4984.375,0.0,170.609375,0.34375,8.403854370117188,0.0,6.908375878480489,0.0
pilot_mirage,B0Tmaks,CT,13,91.71875,peek,100648,,,,,,,,,,,commit,128.31042687209916,1359.375,4984.375,0.0,117.00151062011719,0.8295454545454546,6.935462951660156,0.0,2.692187356004501,1.0
pilot_mirage,B0Tmaks,CT,13,91.71875,peek,101010,,,,,,,,,,,jiggle,21.035144824788205,1234.375,1234.375,1.0,141.41015625,0.0,1.0309982299804688,0.0,11.334753387707591,0.0
pilot_mirage,B0Tmaks,CT,13,91.71875,peek,101444,,,,,,,,,,,jiggle,9.503032873305177,562.5,562.5,1.0,93.03401947021484,0.0,0.46863555908203125,0.0,13.444663832275406,0.0
pilot_mirage,B0Tmaks,CT,13,91.71875,peek,101641,,,,,,,,,,,commit,121.46809239880923,1484.375,4984.375,0.0,166.23629760742188,0.0,7.560310363769531,0.0,6.918924456340736,0.0
pilot_mirage,B0Tmaks,CT,13,91.71875,peek,102472,,,,,,,,,,,jiggle,31.463922636024744,890.625,890.625,1.0,166.04296875,0.6379310344827587,0.8123016357421875,0.0,4.349568836098888,1.0
pilot_mirage,B0Tmaks,CT,14,68.015625,stop,108210,counterstrafe,62.5,152.9189453125,27.271453857421875,0.0,0.0,,,1.0,0.1558685302734375,,,,,,,,,,,
pilot_mirage,B0Tmaks,CT,14,68.015625,stop,108226,counterstrafe,312.5,152.9189453125,8.944851875305176,0.0,0.0,,,1.0,0.2805023193359375,,,,,,,,,,,
pilot_mirage,B0Tmaks,CT,14,68.015625,stop,108230,counterstrafe,375.0,152.9189453125,32.887447357177734,0.0,0.0,,,1.0,0.4054718017578125,,,,,,,,,,,
pilot_mirage,B0Tmaks,CT,14,68.015625,stop,108331,counterstrafe,62.5,155.76400756835938,34.19356918334961,0.0,0.0,,,1.0,0.0,,,,,,,,,,,
pilot_mirage,B0Tmaks,CT,14,68.015625,stop,108349,counterstrafe,343.75,155.76400756835938,23.09430694580078,0.0,0.0,,,1.0,0.24993896484375,,,,,,,,,,,
pilot_mirage,B0Tmaks,CT,14,68.015625,stop,108429,counterstrafe,93.75,151.3933868408203,30.611122131347656,0.0,0.0,,,0.0,0.0,,,,,,,,,,,
pilot_mirage,B0Tmaks,CT,14,68.015625,stop,108476,counterstrafe,93.75,167.9905242919922,30.750654220581055,0.0,0.0,,,0.0,0.0,,,,,,,,,,,
pilot_mirage,B0Tmaks,CT,14,68.015625,stop,108542,counterstrafe,171.875,161.39300537109375,32.18073272705078,0.0,0.0,,,0.0,0.31243896484375,,,,,,,,,,,
pilot_mirage,B0Tmaks,CT,14,68.015625,stop,108602,counterstrafe,109.375,151.48426818847656,19.106327056884766,0.0,0.0,,,1.0,0.0937347412109375,,,,,,,,,,,
pilot_mirage,B0Tmaks,CT,14,68.015625,stop,108636,counterstrafe,78.125,160.28794860839844,32.57667922973633,0.0,0.0,,,1.0,0.0,,,,,,,,,,,
pilot_mirage,B0Tmaks,CT,14,68.015625,stop,108663,counterstrafe,78.125,165.6057586669922,23.254610061645508,0.0,0.0,,,0.0,0.0,,,,,,,,,,,
pilot_mirage,B0Tmaks,CT,14,68.015625,stop,108698,counterstrafe,125.0,159.21681213378906,29.169490814208984,0.0,0.0,,,1.0,0.0,,,,,,,,,,,
pilot_mirage,B0Tmaks,CT,14,68.015625,stop,108725,counterstrafe,78.125,163.4217529296875,19.111650466918945,0.0,0.0,,,0.0,0.0,,,,,,,,,,,
pilot_mirage,B0Tmaks,CT,14,68.015625,stop,108786,counterstrafe,78.125,150.26507568359375,29.092086791992188,0.0,0.0,,,0.0,0.0312347412109375,,,,,,,,,,,
pilot_mirage,B0Tmaks,CT,14,68.015625,stop,108843,counterstrafe,140.625,151.96417236328125,25.11611557006836,0.0,0.0,,,1.0,0.0,,,,,,,,,,,
pilot_mirage,B0Tmaks,CT,14,68.015625,stop,109029,counterstrafe,78.125,173.43865966796875,21.995479583740234,0.0,0.0,,,1.0,0.03125,,,,,,,,,,,
pilot_mirage,B0Tmaks,CT,14,68.015625,stop,109048,counterstrafe,375.0,173.43865966796875,15.99107551574707,0.0,0.0,,,1.0,0.0937347412109375,,,,,,,,,,,
pilot_mirage,B0Tmaks,CT,14,68.015625,stop,109115,counterstrafe,250.0,154.4598846435547,23.893306732177734,0.0,0.0,,,0.0,0.0312347412109375,,,,,,,,,,,
pilot_mirage,B0Tmaks,CT,14,68.015625,stop,109154,counterstrafe,62.5,154.67572021484375,32.6812629699707,0.0,0.0,,,1.0,0.0312347412109375,,,,,,,,,,,
pilot_mirage,B0Tmaks,CT,14,68.015625,stop,109189,counterstrafe,171.875,159.05145263671875,23.070646286010742,0.0,0.0,,,0.0,0.1562042236328125,,,,,,,,,,,
pilot_mirage,B0Tmaks,CT,14,68.015625,stop,109239,counterstrafe,78.125,181.138427734375,26.2275390625,0.0,0.0,,,0.0,0.0,,,,,,,,,,,
pilot_mirage,B0Tmaks,CT,14,68.015625,stop,109386,counterstrafe,93.75,172.75790405273438,31.762432098388672,0.0,0.0,,,1.0,0.0,,,,,,,,,,,
pilot_mirage,B0Tmaks,CT,14,68.015625,stop,109423,counterstrafe,140.625,150.2472381591797,32.95423889160156,0.0,0.0,,,1.0,0.24993896484375,,,,,,,,,,,
pilot_mirage,B0Tmaks,CT,14,68.015625,stop,109454,counterstrafe,78.125,170.81942749023438,20.9642276763916,0.0,0.0,,,1.0,0.0,,,,,,,,,,,
pilot_mirage,B0Tmaks,CT,14,68.015625,stop,109515,counterstrafe,78.125,159.13107299804688,29.815292358398438,0.0,0.0,,,1.0,0.0,,,,,,,,,,,
pilot_mirage,B0Tmaks,CT,14,68.015625,stop,109588,counterstrafe,78.125,152.81002807617188,21.51824378967285,0.0,0.0,,,1.0,0.0,,,,,,,,,,,
pilot_mirage,B0Tmaks,CT,14,68.015625,stop,109613,counterstrafe,109.375,151.00491333007812,33.74744415283203,0.0,0.0,,,1.0,0.0,,,,,,,,,,,
pilot_mirage,B0Tmaks,CT,14,68.015625,stop,109642,counterstrafe,62.5,155.86216735839844,34.00713348388672,0.0,0.0,,,0.0,0.0,,,,,,,,,,,
pilot_mirage,B0Tmaks,CT,14,68.015625,stop,109691,counterstrafe,156.25,161.268310546875,28.7823486328125,1.0,0.0,,,0.0,0.0312347412109375,,,,,,,,,,,
pilot_mirage,B0Tmaks,CT,14,68.015625,stop,109764,counterstrafe,62.5,154.15330505371094,34.38761901855469,0.0,0.0,,,1.0,0.0,,,,,,,,,,,
pilot_mirage,B0Tmaks,CT,14,68.015625,stop,109802,counterstrafe,171.875,158.54730224609375,31.410953521728516,0.0,0.0,,,1.0,0.03125,,,,,,,,,,,
pilot_mirage,B0Tmaks,CT,14,68.015625,stop,109832,counterstrafe,62.5,154.22779846191406,32.64060592651367,0.0,0.0,,,0.0,0.0,,,,,,,,,,,
pilot_mirage,B0Tmaks,CT,14,68.015625,stop,109849,counterstrafe,328.125,154.22779846191406,33.72233581542969,0.0,0.0,,,1.0,0.5620269775390625,,,,,,,,,,,
pilot_mirage,B0Tmaks,CT,14,68.015625,stop,111238,counterstrafe,93.75,156.42161560058594,29.871797561645508,0.0,0.0,,,0.0,0.0624847412109375,,,,,,,,,,,
pilot_mirage,B0Tmaks,CT,14,68.015625,stop,111253,counterstrafe,328.125,156.42161560058594,20.30077362060547,0.0,1.0,140.625,0.0,1.0,6.3727569580078125,,,,,,,,,,,
pilot_mirage,B0Tmaks,CT,14,68.015625,stop,111321,counterstrafe,93.75,180.09413146972656,28.979825973510742,0.0,0.0,,,0.0,0.1562042236328125,,,,,,,,,,,
pilot_mirage,B0Tmaks,CT,14,68.015625,stop,111338,counterstrafe,359.375,180.09413146972656,21.802228927612305,0.0,0.0,,,1.0,1.6870880126953125,,,,,,,,,,,
pilot_mirage,B0Tmaks,CT,14,68.015625,peek,107758,,,,,,,,,,,commit,162.7584506114789,1484.375,4984.375,0.0,193.78829956054688,0.8229166666666666,36.238067626953125,0.0,1.4178999436390884,1.0
pilot_mirage,B0Tmaks,CT,14,68.015625,peek,108292,,,,,,,,,,,jiggle,21.788563989002096,296.875,296.875,1.0,142.50820922851562,0.0,0.374908447265625,0.0,59.065218081824405,0.0
pilot_mirage,B0Tmaks,CT,14,68.015625,peek,108407,,,,,,,,,,,jiggle,40.18974289602168,562.5,562.5,1.0,180.9796905517578,0.0,3.561279296875,0.0,24.305491756697393,0.0
pilot_mirage,B0Tmaks,CT,14,68.015625,peek,108447,,,,,,,,,,,narrow,69.39081399560415,1078.125,1328.125,1.0,208.4604949951172,0.34285714285714286,7.809906005859375,0.0,14.201364358428327,0.0
pilot_mirage,B0Tmaks,CT,14,68.015625,peek,108582,,,,,,,,,,,jiggle,31.146852936172465,312.5,312.5,1.0,164.88246154785156,0.3333333333333333,0.6560821533203125,0.0,71.50582630108208,0.0
pilot_mirage,B0Tmaks,CT,14,68.015625,peek,108875,,,,,,,,,,,traversal,64.902080556657,1109.375,4984.375,0.0,151.48284912109375,0.6111111111111112,1.3433990478515625,0.0,0.6569881918903622,1.0
pilot_mirage,B0Tmaks,CT,14,68.015625,peek,109217,,,,,,,,,,,narrow,62.49752047892368,656.25,859.375,1.0,189.82913208007812,0.0,2.0303955078125,0.0,57.71638923513003,0.0
pilot_mirage,B0Tmaks,CT,14,68.015625,peek,109361,,,,,,,,,,,jiggle,48.79467193825381,515.625,609.375,1.0,195.32374572753906,0.0,1.37432861328125,0.0,53.95694058912699,0.0
pilot_mirage,B0Tmaks,CT,14,68.015625,peek,109496,,,,,,,,,,,jiggle,33.970510489712616,296.875,296.875,1.0,172.92042541503906,0.0,0.0937347412109375,0.0,105.81060382887881,0.0
pilot_mirage,B0Tmaks,CT,14,68.015625,peek,109569,,,,,,,,,,,jiggle,32.24470256252736,281.25,281.25,1.0,167.36094665527344,0.0,0.0624847412109375,0.0,109.92137105025698,0.0
pilot_mirage,B0Tmaks,CT,14,68.015625,peek,109670,,,,,,,,,,,jiggle,33.02541982495324,1078.125,1078.125,1.0,161.268310546875,0.0,0.24993896484375,0.0,30.518805872194687,0.0
pilot_mirage,B0Tmaks,CT,14,68.015625,peek,109743,,,,,,,,,,,jiggle,40.37785281409674,421.875,421.875,1.0,187.1897430419922,0.0,0.4686279296875,0.0,75.77396811490775,0.0
pilot_mirage,B0Tmaks,CT,14,68.015625,peek,110731,,,,,,,,,,,commit,88.58839283294583,1484.375,4984.375,0.0,93.00432586669922,0.0,208.65167236328125,0.0,1.0456380194774941,0.0
pilot_mirage,B0Tmaks,CT,15,18.734375,stop,114413,counterstrafe,78.125,164.83876037597656,15.255654335021973,0.0,0.0,,,0.0,0.03124237060546875,,,,,,,,,,,
pilot_mirage,B0Tmaks,CT,15,18.734375,stop,114435,counterstrafe,109.375,158.64437866210938,34.92587661743164,0.0,0.0,,,1.0,0.24993896484375,,,,,,,,,,,
pilot_mirage,B0Tmaks,CT,15,18.734375,stop,114702,counterstrafe,78.125,165.7476043701172,24.744855880737305,0.0,0.0,,,0.0,0.0,,,,,,,,,,,
pilot_mirage,B0Tmaks,CT,15,18.734375,stop,114752,counterstrafe,78.125,154.2341766357422,27.060428619384766,0.0,1.0,0.0,27.060428619384766,1.0,1.96826171875,,,,,,,,,,,
pilot_mirage,B0Tmaks,CT,16,22.75,stop,121301,counterstrafe,93.75,162.4887237548828,34.70987319946289,0.0,0.0,,,1.0,0.4686431884765625,,,,,,,,,,,
pilot_mirage,B0Tmaks,CT,16,22.75,stop,121308,counterstrafe,203.125,162.4887237548828,14.993836402893066,0.0,0.0,,,1.0,0.4998931884765625,,,,,,,,,,,
pilot_mirage,B0Tmaks,CT,16,22.75,stop,121316,counterstrafe,328.125,162.4887237548828,23.9731502532959,0.0,1.0,281.25,16.67672348022461,1.0,0.6248626708984375,,,,,,,,,,,
pilot_mirage,B0Tmaks,CT,16,22.75,stop,121437,counterstrafe,62.5,153.04234313964844,34.78115463256836,0.0,0.0,,,1.0,0.124969482421875,,,,,,,,,,,
pilot_mirage,B0Tmaks,CT,16,22.75,stop,121459,counterstrafe,78.125,153.366455078125,30.420259475708008,0.0,0.0,,,1.0,0.0,,,,,,,,,,,
pilot_mirage,B0Tmaks,CT,16,22.75,stop,121475,counterstrafe,328.125,153.366455078125,9.209049224853516,0.0,0.0,,,1.0,0.2811737060546875,,,,,,,,,,,
pilot_mirage,B0Tmaks,CT,16,22.75,stop,121513,counterstrafe,93.75,153.77340698242188,15.156972885131836,0.0,0.0,,,1.0,0.0,,,,,,,,,,,
pilot_mirage,B0Tmaks,CT,16,22.75,stop,121535,counterstrafe,78.125,171.47171020507812,26.603126525878906,0.0,0.0,,,1.0,0.093719482421875,,,,,,,,,,,
pilot_mirage,B0Tmaks,CT,16,22.75,stop,121555,counterstrafe,78.125,154.91970825195312,28.360576629638672,0.0,0.0,,,1.0,0.0,,,,,,,,,,,
pilot_mirage,B0Tmaks,CT,16,22.75,stop,121574,counterstrafe,375.0,154.91970825195312,11.581623077392578,0.0,0.0,,,1.0,1.4683837890625,,,,,,,,,,,
pilot_mirage,B0Tmaks,CT,16,22.75,stop,121613,counterstrafe,125.0,155.98373413085938,22.485429763793945,0.0,0.0,,,1.0,84.62940979003906,,,,,,,,,,,
pilot_mirage,B0Tmaks,CT,16,22.75,stop,121674,counterstrafe,250.0,181.06272888183594,20.796878814697266,0.0,0.0,,,1.0,2.5306243896484375,,,,,,,,,,,
pilot_mirage,B0Tmaks,CT,16,22.75,stop,121726,counterstrafe,187.5,153.63632202148438,10.033589363098145,0.0,0.0,,,1.0,0.656097412109375,,,,,,,,,,,
pilot_mirage,B0Tmaks,CT,16,22.75,stop,121730,counterstrafe,250.0,153.63632202148438,25.02870750427246,0.0,0.0,,,1.0,0.656097412109375,,,,,,,,,,,
pilot_mirage,B0Tmaks,CT,16,22.75,stop,122137,release,31.25,201.90638732910156,17.139188766479492,0.0,0.0,,,0.0,0.156219482421875,,,,,,,,,,,
pilot_mirage,B0Tmaks,CT,16,22.75,stop,122221,counterstrafe,109.375,163.11419677734375,32.80561065673828,0.0,1.0,31.25,18.943416595458984,0.0,1.187225341796875,,,,,,,,,,,
pilot_mirage,B0Tmaks,CT,16,22.75,peek,121381,,,,,,,,,,,jiggle,34.66715396691945,531.25,531.25,1.0,149.76341247558594,0.0,1.4058990478515625,0.0,60.26386868733328,0.0
pilot_mirage,B0Tmaks,CT,16,22.75,peek,121819,,,,,,,,,,,jiggle,28.95180433527347,1484.375,1484.375,1.0,60.942508697509766,0.2604166666666667,6.9979248046875,1.0,1.3693470295444943,0.0
pilot_mirage,B0Tmaks,CT,16,22.75,peek,121966,,,,,,,,,,,traversal,136.77223691944772,1484.375,4734.375,0.0,156.7576141357422,0.23958333333333334,9.371337890625,1.0,0.8805859556004625,0.0
pilot_mirage,B0Tmaks,CT,17,16.796875,stop,132359,counterstrafe,78.125,161.5174560546875,18.379995346069336,0.0,0.0,,,1.0,0.406158447265625,,,,,,,,,,,
pilot_mirage,B0Tmaks,CT,17,16.796875,stop,132421,counterstrafe,78.125,177.7970733642578,32.644439697265625,0.0,1.0,0.0,32.644439697265625,1.0,1.5926666259765625,,,,,,,,,,,
pilot_mirage,B0Tmaks,CT,18,56.484375,stop,136122,release,218.75,189.29014587402344,29.648454666137695,0.0,0.0,,,1.0,0.03155517578125,,,,,,,,,,,
pilot_mirage,B0Tmaks,CT,18,56.484375,stop,136209,counter_fwd,109.375,158.8580322265625,32.871856689453125,0.0,1.0,0.0,32.871856689453125,0.0,0.21868896484375,,,,,,,,,,,
pilot_mirage,B0Tmaks,CT,18,56.484375,stop,136252,release,156.25,153.71766662597656,10.481850624084473,0.0,0.0,,,0.0,0.156219482421875,,,,,,,,,,,
pilot_mirage,B0Tmaks,CT,18,56.484375,stop,136578,release,46.875,153.19325256347656,34.30855178833008,0.0,0.0,,,1.0,14.214248657226562,,,,,,,,,,,
pilot_mirage,B0Tmaks,CT,18,56.484375,stop,137006,counterstrafe,140.625,204.2791748046875,27.808971405029297,0.0,0.0,,,1.0,0.28118896484375,,,,,,,,,,,
pilot_mirage,B0Tmaks,CT,18,56.484375,stop,137168,counterstrafe,78.125,179.83975219726562,31.203947067260742,0.0,0.0,,,1.0,0.0625,,,,,,,,,,,
pilot_mirage,B0Tmaks,CT,18,56.484375,stop,137213,counterstrafe,78.125,192.50575256347656,34.77859115600586,0.0,0.0,,,1.0,0.0,,,,,,,,,,,
pilot_mirage,B0Tmaks,CT,18,56.484375,stop,137256,counterstrafe,78.125,162.8828582763672,13.911453247070312,0.0,0.0,,,1.0,0.0,,,,,,,,,,,
pilot_mirage,B0Tmaks,CT,18,56.484375,stop,137298,counterstrafe,78.125,179.93951416015625,28.35367202758789,0.0,1.0,125.0,95.10626220703125,1.0,0.124969482421875,,,,,,,,,,,
pilot_mirage,B0Tmaks,CT,18,56.484375,stop,137334,counterstrafe,78.125,163.28250122070312,34.2242317199707,0.0,0.0,,,0.0,0.4061431884765625,,,,,,,,,,,
pilot_mirage,B0Tmaks,CT,18,56.484375,stop,137362,counterstrafe,125.0,155.8709259033203,21.67005729675293,0.0,0.0,,,1.0,10.590133666992188,,,,,,,,,,,
pilot_mirage,B0Tmaks,CT,18,56.484375,stop,137454,counterstrafe,78.125,177.0241241455078,30.223979949951172,0.0,0.0,,,1.0,0.0937347412109375,,,,,,,,,,,
pilot_mirage,B0Tmaks,CT,18,56.484375,stop,137469,counterstrafe,312.5,177.0241241455078,10.01767635345459,0.0,0.0,,,1.0,0.187469482421875,,,,,,,,,,,
pilot_mirage,B0Tmaks,CT,18,56.484375,stop,137512,counterstrafe,78.125,159.5269317626953,17.63800048828125,0.0,1.0,140.625,23.42034339904785,1.0,0.0,,,,,,,,,,,
pilot_mirage,B0Tmaks,CT,18,56.484375,stop,137520,counterstrafe,203.125,159.5269317626953,29.912792205810547,0.0,1.0,15.625,23.42034339904785,1.0,1.0619049072265625,,,,,,,,,,,
pilot_mirage,B0Tmaks,CT,18,56.484375,stop,137553,counterstrafe,62.5,150.13055419921875,29.448101043701172,0.0,0.0,,,1.0,0.24993896484375,,,,,,,,,,,
pilot_mirage,B0Tmaks,CT,18,56.484375,stop,137593,counterstrafe,78.125,168.60792541503906,21.77581787109375,0.0,1.0,78.125,57.65293502807617,1.0,0.1874542236328125,,,,,,,,,,,
pilot_mirage,B0Tmaks,CT,18,56.484375,stop,137630,counterstrafe,78.125,156.9771728515625,13.495488166809082,0.0,0.0,,,1.0,0.0,,,,,,,,,,,
pilot_mirage,B0Tmaks,CT,18,56.484375,stop,137666,counterstrafe,78.125,171.9505615234375,33.01899337768555,0.0,1.0,125.0,19.764509201049805,1.0,0.156219482421875,,,,,,,,,,,
pilot_mirage,B0Tmaks,CT,18,56.484375,stop,138553,counterstrafe,187.5,152.82797241210938,33.593753814697266,0.0,0.0,,,1.0,0.0624847412109375,,,,,,,,,,,
pilot_mirage,B0Tmaks,CT,18,56.484375,stop,138574,counterstrafe,93.75,154.84674072265625,13.80827808380127,0.0,0.0,,,1.0,0.0,,,,,,,,,,,
pilot_mirage,B0Tmaks,CT,18,56.484375,stop,139129,counterstrafe,93.75,163.70083618164062,30.92166519165039,0.0,0.0,,,0.0,1.24969482421875,,,,,,,,,,,
pilot_mirage,B0Tmaks,CT,18,56.484375,peek,136140,,,,,,,,,,,traversal,168.64922926884745,1078.125,2640.625,1.0,219.57737731933594,0.0,108.90267944335938,1.0,0.5909247493662125,0.0
pilot_mirage,B0Tmaks,CT,18,56.484375,peek,138444,,,,,,,,,,,jiggle,16.342139774822346,250.0,250.0,1.0,103.7538833618164,0.7647058823529411,0.093719482421875,0.0,65.75606474202412,1.0
pilot_mirage,B0Tmaks,CT,18,56.484375,peek,138503,,,,,,,,,,,jiggle,25.717397978232665,796.875,796.875,1.0,152.82797241210938,0.17307692307692307,1.031005859375,0.0,43.718951263295764,0.0
pilot_mirage,B0Tmaks,CT,18,56.484375,peek,138708,,,,,,,,,,,traversal,169.2814988379527,1484.375,4984.375,0.0,119.60206604003906,0.96875,34.2701416015625,0.0,0.7876357420205268,1.0
pilot_mirage,B0Tmaks,T,0,39.015625,stop,1891,release,15.625,240.0357666015625,16.7451171875,0.0,0.0,,,1.0,0.062469482421875,,,,,,,,,,,
pilot_mirage,B0Tmaks,T,0,39.015625,stop,1959,counterstrafe,15.625,155.328125,19.300945281982422,0.0,0.0,,,1.0,0.3436737060546875,,,,,,,,,,,
pilot_mirage,B0Tmaks,T,0,39.015625,stop,1985,counterstrafe,78.125,156.8382110595703,32.6660041809082,0.0,0.0,,,1.0,3.717498779296875,,,,,,,,,,,
pilot_mirage,B0Tmaks,T,0,39.015625,stop,2120,counterstrafe,218.75,158.86874389648438,3.476702928543091,0.0,0.0,,,1.0,7.3409423828125,,,,,,,,,,,
pilot_mirage,B0Tmaks,T,0,39.015625,stop,5535,counterstrafe,62.5,155.72552490234375,33.94929504394531,0.0,1.0,46.875,33.733253479003906,1.0,1.0309906005859375,,,,,,,,,,,
pilot_mirage,B0Tmaks,T,0,39.015625,stop,5552,counterstrafe,328.125,155.72552490234375,17.318506240844727,0.0,1.0,0.0,17.318506240844727,1.0,2.5306243896484375,,,,,,,,,,,
pilot_mirage,B0Tmaks,T,0,39.015625,stop,5647,counterstrafe,93.75,152.55780029296875,31.22884178161621,0.0,0.0,,,1.0,24.0233154296875,,,,,,,,,,,
pilot_mirage,B0Tmaks,T,0,39.015625,stop,5792,counterstrafe,62.5,157.06033325195312,33.80927276611328,0.0,0.0,,,1.0,0.124969482421875,,,,,,,,,,,
pilot_mirage,B0Tmaks,T,0,39.015625,stop,5872,counterstrafe,125.0,240.00515747070312,29.46924591064453,0.0,1.0,62.5,40.36235427856445,1.0,1.843292236328125,,,,,,,,,,,
pilot_mirage,B0Tmaks,T,0,39.015625,stop,5877,counterstrafe,203.125,240.00515747070312,32.720462799072266,0.0,1.0,0.0,32.720462799072266,1.0,3.280426025390625,,,,,,,,,,,
pilot_mirage,B0Tmaks,T,0,39.015625,peek,1909,,,,,,,,,,,jiggle,26.792375599065377,546.875,546.875,1.0,102.14064025878906,0.0,1.9366912841796875,0.0,7.020408016652125,0.0
pilot_mirage,B0Tmaks,T,2,59.25,stop,17889,counterstrafe,78.125,150.8285369873047,16.243043899536133,0.0,0.0,,,1.0,0.124969482421875,,,,,,,,,,,
pilot_mirage,B0Tmaks,T,2,59.25,stop,17897,counterstrafe,203.125,150.8285369873047,21.68602180480957,0.0,0.0,,,1.0,0.2811737060546875,,,,,,,,,,,
pilot_mirage,B0Tmaks,T,2,59.25,stop,17963,counterstrafe,78.125,168.8681640625,20.777070999145508,0.0,0.0,,,0.0,0.2811737060546875,,,,,,,,,,,
pilot_mirage,B0Tmaks,T,2,59.25,stop,17978,counterstrafe,312.5,168.8681640625,27.09794044494629,0.0,0.0,,,1.0,0.68731689453125,,,,,,,,,,,
pilot_mirage,B0Tmaks,T,2,59.25,stop,18396,counterstrafe,78.125,157.43133544921875,16.765705108642578,0.0,0.0,,,0.0,0.1562042236328125,,,,,,,,,,,
pilot_mirage,B0Tmaks,T,2,59.25,stop,18432,counterstrafe,78.125,166.34469604492188,28.26791000366211,0.0,0.0,,,1.0,0.0,,,,,,,,,,,
pilot_mirage,B0Tmaks,T,2,59.25,stop,18878,counterstrafe,62.5,154.15480041503906,33.489463806152344,0.0,0.0,,,0.0,0.0,,,,,,,,,,,
pilot_mirage,B0Tmaks,T,2,59.25,stop,19140,counterstrafe,78.125,174.04969787597656,24.28855323791504,0.0,0.0,,,1.0,0.31207275390625,,,,,,,,,,,
pilot_mirage,B0Tmaks,T,2,59.25,stop,19189,counterstrafe,78.125,157.9007568359375,26.81381607055664,0.0,0.0,,,0.0,0.093719482421875,,,,,,,,,,,
pilot_mirage,B0Tmaks,T,2,59.25,stop,20122,counterstrafe,78.125,159.29371643066406,12.885098457336426,0.0,1.0,93.75,71.94672393798828,1.0,0.0,,,,,,,,,,,
pilot_mirage,B0Tmaks,T,2,59.25,stop,20131,counterstrafe,218.75,159.29371643066406,7.033194065093994,1.0,1.0,0.0,7.033194065093994,1.0,1.967926025390625,,,,,,,,,,,
pilot_mirage,B0Tmaks,T,2,59.25,peek,18167,,,,,,,,,,,jiggle,20.664196252299867,1312.5,1312.5,1.0,93.23438262939453,0.25882352941176473,0.999755859375,0.0,11.91599540888344,0.0
pilot_mirage,B0Tmaks,T,2,59.25,peek,18371,,,,,,,,,,,narrow,87.93172986706084,1015.625,1406.25,1.0,192.61375427246094,0.0,4.43572998046875,0.0,57.341615404997945,0.0
pilot_mirage,B0Tmaks,T,2,59.25,peek,18856,,,,,,,,,,,narrow,63.60259695030259,750.0,984.375,1.0,184.73101806640625,0.1836734693877551,1.4683837890625,0.0,5.810830533729345,0.0
pilot_mirage,B0Tmaks,T,2,59.25,peek,19013,,,,,,,,,,,traversal,109.66098713120965,1484.375,4984.375,0.0,139.34231567382812,0.6875,21.024093627929688,0.0,0.7277710033400074,1.0
pilot_mirage,B0Tmaks,T,2,59.25,peek,19959,,,,,,,,,,,jiggle,22.040607377709442,1140.625,1140.625,1.0,107.99942016601562,0.7972972972972973,24.3038330078125,0.0,2.8612976830590657,1.0
pilot_mirage,B0Tmaks,T,2,59.25,peek,20038,,,,,,,,,,,traversal,26.096562359992973,718.75,718.75,1.0,98.73880004882812,1.0,10.371444702148438,0.0,0.45777047321719744,1.0
pilot_mirage,B0Tmaks,T,3,45.859375,stop,31151,counterstrafe,78.125,158.40036010742188,24.381858825683594,0.0,0.0,,,1.0,0.09375,,,,,,,,,,,
pilot_mirage,B0Tmaks,T,3,45.859375,stop,31166,counterstrafe,312.5,158.40036010742188,22.365135192871094,0.0,0.0,,,1.0,0.312469482421875,,,,,,,,,,,
pilot_mirage,B0Tmaks,T,3,45.859375,stop,31335,counterstrafe,140.625,150.39852905273438,16.43366241455078,0.0,0.0,,,1.0,0.37457275390625,,,,,,,,,,,
pilot_mirage,B0Tmaks,T,3,45.859375,stop,31366,counterstrafe,78.125,159.03350830078125,8.858634948730469,0.0,0.0,,,1.0,0.156219482421875,,,,,,,,,,,
pilot_mirage,B0Tmaks,T,3,45.859375,stop,31382,counterstrafe,328.125,159.03350830078125,24.65087890625,0.0,0.0,,,1.0,0.5311279296875,,,,,,,,,,,
pilot_mirage,B0Tmaks,T,3,45.859375,stop,31441,counterstrafe,250.0,155.11105346679688,33.628211975097656,0.0,0.0,,,0.0,0.0,,,,,,,,,,,
pilot_mirage,B0Tmaks,T,3,45.859375,stop,31789,counter_fwd,109.375,151.469970703125,30.421890258789062,0.0,0.0,,,1.0,0.03124237060546875,,,,,,,,,,,
pilot_mirage,B0Tmaks,T,3,45.859375,stop,32077,release,93.75,192.2842559814453,23.96095848083496,0.0,0.0,,,1.0,5.2796173095703125,,,,,,,,,,,
pilot_mirage,B0Tmaks,T,3,45.859375,stop,32271,counter_fwd,140.625,161.66197204589844,29.894176483154297,0.0,0.0,,,0.0,0.749786376953125,,,,,,,,,,,
pilot_mirage,B0Tmaks,T,3,45.859375,stop,32276,counter_fwd,218.75,161.66197204589844,31.05862808227539,0.0,0.0,,,0.0,0.999725341796875,,,,,,,,,,,
pilot_mirage,B0Tmaks,T,3,45.859375,stop,32444,counterstrafe,78.125,161.9031219482422,12.548815727233887,0.0,0.0,,,1.0,4.93560791015625,,,,,,,,,,,
pilot_mirage,B0Tmaks,T,3,45.859375,stop,33072,counterstrafe,93.75,182.87185668945312,29.820138931274414,0.0,0.0,,,0.0,0.1562042236328125,,,,,,,,,,,
pilot_mirage,B0Tmaks,T,3,45.859375,stop,33151,counterstrafe,78.125,175.17727661132812,17.73113250732422,0.0,0.0,,,0.0,0.03125,,,,,,,,,,,
pilot_mirage,B0Tmaks,T,3,45.859375,stop,33331,counterstrafe,78.125,162.7712860107422,31.977758407592773,0.0,1.0,0.0,31.977758407592773,0.0,0.0937347412109375,,,,,,,,,,,
pilot_mirage,B0Tmaks,T,3,45.859375,peek,31135,,,,,,,,,,,jiggle,24.516229869210726,234.375,234.375,1.0,159.97415161132812,0.0,0.280853271484375,0.0,12.663660040542021,0.0
pilot_mirage,B0Tmaks,T,3,45.859375,peek,31188,,,,,,,,,,,jiggle,30.26534495878961,1484.375,1484.375,1.0,127.26014709472656,0.0,0.812286376953125,1.0,1.4044804822925512,0.0
pilot_mirage,B0Tmaks,T,3,45.859375,peek,31461,,,,,,,,,,,traversal,296.26990026892776,1484.375,4984.375,0.0,268.9837646484375,0.0,247.1085968017578,0.0,0.44305141090109584,0.0
pilot_mirage,B0Tmaks,T,3,45.859375,peek,31969,,,,,,,,,,,traversal,219.90650941653385,1484.375,4984.375,0.0,239.99990844726562,0.0,286.68827056884766,0.0,0.6888599301593664,0.0
pilot_mirage,B0Tmaks,T,3,45.859375,peek,32310,,,,,,,,,,,traversal,317.4232856570579,1484.375,4984.375,0.0,249.99964904785156,0.0,183.9097671508789,0.0,0.4648753281612325,0.0
pilot_mirage,B0Tmaks,T,3,45.859375,peek,33232,,,,,,,,,,,commit,146.50781645546246,1187.5,1750.0,0.0,223.8686065673828,0.12987012987012986,29.333526611328125,3.0,18.44388613177551,0.0
pilot_mirage,B0Tmaks,T,4,33.3125,stop,36695,counterstrafe,218.75,159.05441284179688,28.323331832885742,0.0,0.0,,,1.0,1.405548095703125,,,,,,,,,,,
pilot_mirage,B0Tmaks,T,4,33.3125,stop,36716,counterstrafe,62.5,156.95741271972656,29.602046966552734,0.0,1.0,62.5,0.0,0.0,0.34368896484375,,,,,,,,,,,
pilot_mirage,B0Tmaks,T,4,33.3125,peek,36512,,,,,,,,,,,traversal,78.46570389806556,1484.375,4984.375,0.0,125.69432830810547,0.3229166666666667,3.061065673828125,1.0,0.4927437354096784,0.0
pilot_mirage,B0Tmaks,T,4,33.3125,peek,37426,,,,,,,,,,,traversal,123.17240120945813,1484.375,4984.375,0.0,175.34544372558594,0.5625,38.112945556640625,0.0,0.22455530682506053,1.0
pilot_mirage,B0Tmaks,T,4,33.3125,peek,37844,,,,,,,,,,,commit,47.69888550050189,1375.0,1906.25,0.0,111.78125762939453,0.38202247191011235,92.0015869140625,2.0,4.1382181529887845,0.0
pilot_mirage,B0Tmaks,T,5,22.1875,stop,41301,counterstrafe,78.125,151.55992126464844,34.2994499206543,0.0,0.0,,,1.0,0.030914306640625,,,,,,,,,,,
pilot_mirage,B0Tmaks,T,5,22.1875,stop,41333,counterstrafe,156.25,156.11651611328125,34.40645217895508,0.0,0.0,,,1.0,0.15618896484375,,,,,,,,,,,
pilot_mirage,B0Tmaks,T,5,22.1875,stop,41361,counterstrafe,78.125,158.72259521484375,32.916725158691406,0.0,0.0,,,0.0,0.374908447265625,,,,,,,,,,,
pilot_mirage,B0Tmaks,T,5,22.1875,stop,41378,counterstrafe,343.75,158.72259521484375,24.707408905029297,0.0,0.0,,,1.0,2.1553955078125,,,,,,,,,,,
pilot_mirage,B0Tmaks,T,5,22.1875,stop,41406,counterstrafe,78.125,152.60205078125,11.86201000213623,0.0,0.0,,,1.0,0.062469482421875,,,,,,,,,,,
pilot_mirage,B0Tmaks,T,5,22.1875,stop,41430,counterstrafe,78.125,162.61123657226562,26.77239227294922,0.0,0.0,,,1.0,0.03125,,,,,,,,,,,
pilot_mirage,B0Tmaks,T,5,22.1875,stop,41485,counterstrafe,78.125,152.60609436035156,22.79436683654785,0.0,0.0,,,0.0,0.0,,,,,,,,,,,
pilot_mirage,B0Tmaks,T,5,22.1875,stop,41502,counterstrafe,343.75,152.60609436035156,28.86170196533203,0.0,0.0,,,0.0,0.4998779296875,,,,,,,,,,,
pilot_mirage,B0Tmaks,T,5,22.1875,stop,41767,counterstrafe,78.125,158.986328125,18.87447166442871,0.0,1.0,31.25,24.39874839782715,1.0,1.84332275390625,,,,,,,,,,,
pilot_mirage,B0Tmaks,T,5,22.1875,peek,41243,,,,,,,,,,,jiggle,21.047759010799247,218.75,218.75,1.0,143.57879638671875,0.0,0.124969482421875,0.0,86.69274984282856,0.0
pilot_mirage,B0Tmaks,T,5,22.1875,peek,41281,,,,,,,,,,,jiggle,34.40932589018514,390.625,390.625,1.0,171.1754913330078,0.0,1.061920166015625,0.0,54.15797525317437,0.0
pilot_mirage,B0Tmaks,T,5,22.1875,peek,41535,,,,,,,,,,,traversal,150.5687573468078,1484.375,4062.5,0.0,193.65762329101562,0.3229166666666667,6.528961181640625,1.0,0.6357096493517975,0.0
pilot_mirage,B0Tmaks,T,6,26.75,stop,45675,release,15.625,224.39308166503906,28.785173416137695,0.0,0.0,,,1.0,2.1241378784179688,,,,,,,,,,,
pilot_mirage,B0Tmaks,T,6,26.75,stop,45963,crouch_stop,31.25,206.15455627441406,12.87984848022461,1.0,0.0,,,0.0,0.0,,,,,,,,,,,
pilot_mirage,B0Tmaks,T,6,26.75,stop,46033,counterstrafe,93.75,159.6041259765625,26.464689254760742,0.0,1.0,93.75,0.0,1.0,0.374908447265625,,,,,,,,,,,
pilot_mirage,B0Tmaks,T,6,26.75,stop,46098,counterstrafe,78.125,176.33816528320312,27.90479278564453,0.0,0.0,,,0.0,0.0,,,,,,,,,,,
pilot_mirage,B0Tmaks,T,6,26.75,stop,46113,counterstrafe,312.5,176.33816528320312,15.055337905883789,0.0,0.0,,,1.0,0.78106689453125,,,,,,,,,,,
pilot_mirage,B0Tmaks,T,6,26.75,stop,46166,counterstrafe,93.75,154.6328125,13.47724723815918,0.0,0.0,,,1.0,0.0,,,,,,,,,,,
pilot_mirage,B0Tmaks,T,6,26.75,stop,46184,counterstrafe,375.0,154.6328125,19.67833709716797,0.0,0.0,,,1.0,1.24932861328125,,,,,,,,,,,
pilot_mirage,B0Tmaks,T,6,26.75,stop,46220,counterstrafe,78.125,151.43118286132812,28.703027725219727,0.0,0.0,,,1.0,0.03125,,,,,,,,,,,
pilot_mirage,B0Tmaks,T,6,26.75,stop,46242,counterstrafe,78.125,156.36309814453125,33.279884338378906,0.0,0.0,,,1.0,0.124969482421875,,,,,,,,,,,
pilot_mirage,B0Tmaks,T,6,26.75,peek,45997,,,,,,,,,,,jiggle,39.61565056851257,546.875,546.875,1.0,159.6041259765625,0.0,15.494873046875,0.0,2.804993236476452,0.0
pilot_mirage,B0Tmaks,T,6,26.75,peek,46051,,,,,,,,,,,commit,73.26978128381617,953.125,4984.375,0.0,200.20401000976562,0.0,19.86810302734375,2.0,6.16701273926666,0.0
pilot_mirage,B0Tmaks,T,6,26.75,peek,46389,,,,,,,,,,,traversal,165.60242751042512,1484.375,4187.5,0.0,245.9973602294922,0.0,128.0830078125,0.0,0.4373110806122237,0.0
pilot_mirage,B0Tmaks,T,7,113.578125,stop,54677,counterstrafe,78.125,173.75848388671875,28.133813858032227,0.0,0.0,,,1.0,0.03125,,,,,,,,,,,
pilot_mirage,B0Tmaks,T,7,113.578125,stop,54695,counterstrafe,359.375,173.75848388671875,16.15515899658203,0.0,0.0,,,1.0,0.187469482421875,,,,,,,,,,,
pilot_mirage,B0Tmaks,T,7,113.578125,stop,54720,counterstrafe,78.125,162.70101928710938,24.594018936157227,0.0,0.0,,,1.0,0.093719482421875,,,,,,,,,,,
pilot_mirage,B0Tmaks,T,7,113.578125,stop,54750,counterstrafe,78.125,150.49839782714844,30.857295989990234,0.0,0.0,,,0.0,0.03125,,,,,,,,,,,
pilot_mirage,B0Tmaks,T,7,113.578125,stop,54827,counterstrafe,78.125,167.58436584472656,17.391891479492188,0.0,0.0,,,1.0,0.0,,,,,,,,,,,
pilot_mirage,B0Tmaks,T,7,113.578125,stop,54846,counterstrafe,93.75,150.1508026123047,23.13193702697754,0.0,0.0,,,0.0,0.0,,,,,,,,,,,
pilot_mirage,B0Tmaks,T,7,113.578125,stop,54922,counterstrafe,62.5,156.59310913085938,34.151451110839844,0.0,0.0,,,0.0,0.03125,,,,,,,,,,,
pilot_mirage,B0Tmaks,T,7,113.578125,stop,56406,crouch_stop,203.125,192.06280517578125,34.00246047973633,1.0,0.0,,,0.0,0.250274658203125,,,,,,,,,,,
pilot_mirage,B0Tmaks,T,7,113.578125,stop,57012,release,250.0,164.821044921875,29.640628814697266,0.0,0.0,,,0.0,0.53045654296875,,,,,,,,,,,
pilot_mirage,B0Tmaks,T,7,113.578125,stop,57133,crouch_stop,171.875,150.81549072265625,33.99855422973633,1.0,0.0,,,0.0,0.22247314453125,,,,,,,,,,,
pilot_mirage,B0Tmaks,T,7,113.578125,stop,58299,release,15.625,244.10890197753906,0.0,0.0,0.0,,,0.0,3.874053955078125,,,,,,,,,,,
pilot_mirage,B0Tmaks,T,7,113.578125,stop,59195,counterstrafe,375.0,151.44078063964844,29.541200637817383,0.0,0.0,,,1.0,14.620391845703125,,,,,,,,,,,
pilot_mirage,B0Tmaks,T,7,113.578125,stop,59231,crouch_stop,218.75,154.59288024902344,33.9984016418457,1.0,0.0,,,0.0,0.3903656005859375,,,,,,,,,,,
pilot_mirage,B0Tmaks,T,7,113.578125,stop,61004,crouch_stop,15.625,245.8380889892578,0.0,1.0,1.0,0.0,0.0,0.0,0.0,,,,,,,,,,,
pilot_mirage,B0Tmaks,T,7,113.578125,peek,54659,,,,,,,,,,,jiggle,30.634015546863374,281.25,281.25,1.0,173.75848388671875,0.0,0.5311279296875,0.0,75.42347963835023,0.0
pilot_mirage,B0Tmaks,T,7,113.578125,peek,54807,,,,,,,,,,,jiggle,34.279477985701966,296.875,296.875,1.0,177.33074951171875,0.0,0.6560821533203125,0.0,79.56601166621547,0.0
pilot_mirage,B0Tmaks,T,7,113.578125,peek,54900,,,,,,,,,,,commit,151.69666408367598,1484.375,4984.375,0.0,190.60911560058594,0.5416666666666666,4.685333251953125,0.0,1.0371549557580118,1.0
pilot_mirage,B0Tmaks,T,7,113.578125,peek,55304,,,,,,,,,,,traversal,47.64791643360037,1484.375,4984.375,0.0,118.49319458007812,0.0,1.575836181640625,0.0,0.7700605712025306,0.0
pilot_mirage,B0Tmaks,T,7,113.578125,peek,56437,,,,,,,,,,,commit,97.03059728623371,1484.375,4984.375,0.0,100.00106811523438,0.0,15.995086669921875,0.0,4.586718787627759,0.0
pilot_mirage,B0Tmaks,T,7,113.578125,peek,56774,,,,,,,,,,,commit,115.85154284386645,1484.375,4984.375,0.0,100.00274658203125,0.14583333333333334,31.658172607421875,0.0,20.392428540670863,0.0
pilot_mirage,B0Tmaks,T,7,113.578125,peek,57726,,,,,,,,,,,narrow,75.6102346453257,1484.375,4234.375,1.0,93.9240951538086,0.0,5.651092529296875,0.0,2.427135735745735,0.0
pilot_mirage,B0Tmaks,T,7,113.578125,peek,58463,,,,,,,,,,,traversal,24.01008517281455,1328.125,1328.125,1.0,52.49861526489258,0.8604651162790697,0.069366455078125,0.0,0.29594759603524834,1.0
pilot_mirage,B0Tmaks,T,7,113.578125,peek,58566,,,,,,,,,,,traversal,155.84347012517702,1484.375,4984.375,0.0,230.0023651123047,0.0,223.08529663085938,3.0,0.7421880645793386,0.0
pilot_mirage,B0Tmaks,T,7,113.578125,peek,59094,,,,,,,,,,,traversal,28.33817938893405,750.0,750.0,1.0,117.42854309082031,0.1836734693877551,207.02776336669922,0.0,0.7739190705368063,0.0
pilot_mirage,B0Tmaks,T,7,113.578125,peek,59147,,,,,,,,,,,jiggle,53.1979652324048,468.75,625.0,1.0,164.1994171142578,0.0,40.61199951171875,0.0,6.910643440104286,0.0
pilot_mirage,B0Tmaks,T,7,113.578125,peek,59274,,,,,,,,,,,commit,71.13345063002906,1484.375,4984.375,0.0,91.14673614501953,0.0,19.856414794921875,0.0,20.522587388932788,0.0
pilot_mirage,B0Tmaks,T,7,113.578125,peek,59788,,,,,,,,,,,commit,163.44728009806838,1484.375,4984.375,0.0,119.60375213623047,0.9791666666666666,19.834442138671875,0.0,3.4956788420310687,1.0
pilot_mirage,B0Tmaks,T,7,113.578125,peek,61213,,,,,,,,,,,jiggle,51.71644923012019,765.625,1078.125,1.0,97.03716278076172,0.0,74.69500732421875,0.0,1.7486357834058293,0.0
pilot_mirage,B0Tmaks,T,8,65.796875,stop,63033,release,15.625,249.99754333496094,21.485631942749023,0.0,0.0,,,0.0,0.0,,,,,,,,,,,
pilot_mirage,B0Tmaks,T,8,65.796875,stop,63727,crouch_stop,31.25,212.06640625,11.516658782958984,1.0,0.0,,,1.0,0.0,,,,,,,,,,,
pilot_mirage,B0Tmaks,T,8,65.796875,stop,64047,counterstrafe,78.125,160.7919464111328,21.022571563720703,0.0,0.0,,,0.0,0.062469482421875,,,,,,,,,,,
pilot_mirage,B0Tmaks,T,8,65.796875,stop,64059,counterstrafe,265.625,160.7919464111328,16.526885986328125,0.0,0.0,,,1.0,0.15618896484375,,,,,,,,,,,
pilot_mirage,B0Tmaks,T,8,65.796875,stop,64216,release,265.625,196.2578582763672,30.216114044189453,0.0,0.0,,,1.0,4.154541015625,,,,,,,,,,,
pilot_mirage,B0Tmaks,T,8,65.796875,stop,64389,counter_fwd,109.375,160.16465759277344,17.10890007019043,0.0,0.0,,,0.0,0.15618896484375,,,,,,,,,,,
pilot_mirage,B0Tmaks,T,8,65.796875,stop,64732,counterstrafe,78.125,168.32052612304688,29.786041259765625,0.0,0.0,,,1.0,0.0,,,,,,,,,,,
pilot_mirage,B0Tmaks,T,8,65.796875,stop,64784,counterstrafe,78.125,152.1484375,30.29974937438965,0.0,0.0,,,0.0,0.624847412109375,,,,,,,,,,,
pilot_mirage,B0Tmaks,T,8,65.796875,stop,64802,counterstrafe,359.375,152.1484375,8.95056438446045,0.0,0.0,,,1.0,2.8118133544921875,,,,,,,,,,,
pilot_mirage,B0Tmaks,T,8,65.796875,stop,66248,release,234.375,151.73583984375,31.48846435546875,0.0,0.0,,,0.0,0.187469482421875,,,,,,,,,,,
pilot_mirage,B0Tmaks,T,8,65.796875,stop,66494,release,46.875,165.1287384033203,0.0,0.0,1.0,0.0,0.0,0.0,0.0624847412109375,,,,,,,,,,,
pilot_mirage,B0Tmaks,T,8,65.796875,stop,66786,release,31.25,231.6217498779297,17.66604232788086,0.0,0.0,,,0.0,0.0,,,,,,,,,,,
pilot_mirage,B0Tmaks,T,8,65.796875,peek,61321,,,,,,,,,,,traversal,185.89153133965618,1484.375,4984.375,0.0,227.4352569580078,0.0,246.32720947265625,0.0,0.7820982965965819,0.0
pilot_mirage,B0Tmaks,T,8,65.796875,peek,63987,,,,,,,,,,,commit,133.84634795552165,1109.375,4984.375,0.0,215.00160217285156,0.0,10.465179443359375,0.0,6.6374192210612755,0.0
pilot_mirage,B0Tmaks,T,8,65.796875,peek,64954,,,,,,,,,,,commit,301.0583760067442,1484.375,4984.375,0.0,230.6276092529297,0.0,96.87570190429688,0.0,1.3719179236438408,0.0
pilot_mirage,B0Tmaks,T,8,65.796875,peek,66283,,,,,,,,,,,traversal,298.12070796437234,1484.375,4984.375,0.0,241.2057647705078,0.0,166.41472625732422,1.0,0.5925373793420747,0.0
pilot_mirage,B0Tmaks,T,8,65.796875,peek,66726,,,,,,,,,,,commit,160.5409306443461,906.25,1046.875,0.0,231.62271118164062,0.0,24.273605346679688,0.0,1.8948990020619643,0.0
pilot_mirage,B0Tmaks,T,9,35.96875,stop,70210,release,140.625,186.94992065429688,29.91670036315918,0.0,1.0,0.0,29.91670036315918,1.0,1.34307861328125,,,,,,,,,,,
pilot_mirage,B0Tmaks,T,9,35.96875,stop,70762,counterstrafe,93.75,152.89183044433594,14.697589874267578,0.0,1.0,234.375,32.75246047973633,1.0,0.0,,,,,,,,,,,
pilot_mirage,B0Tmaks,T,9,35.96875,stop,70772,counterstrafe,250.0,152.89183044433594,17.817487716674805,0.0,1.0,78.125,32.75246047973633,1.0,0.2495880126953125,,,,,,,,,,,
pilot_mirage,B0Tmaks,T,9,35.96875,stop,70777,counterstrafe,328.125,152.89183044433594,32.75246047973633,0.0,1.0,0.0,32.75246047973633,1.0,0.31207275390625,,,,,,,,,,,
pilot_mirage,B0Tmaks,T,9,35.96875,stop,70844,counterstrafe,78.125,156.30577087402344,22.54305076599121,0.0,0.0,,,1.0,0.0,,,,,,,,,,,
pilot_mirage,B0Tmaks,T,9,35.96875,stop,71620,counterstrafe,171.875,153.2228546142578,30.484296798706055,1.0,0.0,,,1.0,0.0624847412109375,,,,,,,,,,,
pilot_mirage,B0Tmaks,T,9,35.96875,peek,69941,,,,,,,,,,,traversal,332.71951687259383,1484.375,4984.375,0.0,250.00169372558594,0.0,153.16932678222656,1.0,1.5093431452030242,0.0
pilot_mirage,B0Tmaks,T,9,35.96875,peek,70715,,,,,,,,,,,jiggle,47.53580750440228,875.0,984.375,1.0,152.89183044433594,0.0,1.4992828369140625,1.0,4.79663175607756,0.0
pilot_mirage,B0Tmaks,T,9,35.96875,peek,70798,,,,,,,,,,,jiggle,26.17563670681631,703.125,703.125,1.0,156.30577087402344,0.0,1.155609130859375,1.0,50.13833980699912,0.0
pilot_mirage,B0Tmaks,T,9,35.96875,peek,70961,,,,,,,,,,,jiggle,17.33647365533912,1296.875,1296.875,1.0,108.53363800048828,0.0,0.5936126708984375,0.0,35.39974694747219,0.0
pilot_mirage,B0Tmaks,T,9,35.96875,peek,71540,,,,,,,,,,,commit,113.73893518197985,1265.625,4984.375,0.0,182.89300537109375,0.4024390243902439,15.2764892578125,0.0,2.8005642866740335,0.0
pilot_mirage,B0Tmaks,T,10,85.640625,stop,76600,counterstrafe,140.625,157.59762573242188,27.571748733520508,1.0,1.0,0.0,27.571748733520508,1.0,1.3433990478515625,,,,,,,,,,,
pilot_mirage,B0Tmaks,T,10,85.640625,stop,76828,counterstrafe,78.125,153.75973510742188,29.748043060302734,0.0,0.0,,,0.0,6.653938293457031,,,,,,,,,,,
pilot_mirage,B0Tmaks,T,10,85.640625,stop,76864,counterstrafe,78.125,161.79234313964844,27.079315185546875,0.0,0.0,,,1.0,0.8435440063476562,,,,,,,,,,,
pilot_mirage,B0Tmaks,T,10,85.640625,stop,76897,counterstrafe,125.0,158.047119140625,29.238651275634766,0.0,0.0,,,0.0,0.03124237060546875,,,,,,,,,,,
pilot_mirage,B0Tmaks,T,10,85.640625,stop,77044,counterstrafe,171.875,161.03466796875,26.779508590698242,0.0,0.0,,,1.0,0.3124237060546875,,,,,,,,,,,
pilot_mirage,B0Tmaks,T,10,85.640625,stop,77131,counterstrafe,78.125,156.64572143554688,15.29159927368164,0.0,0.0,,,1.0,0.0,,,,,,,,,,,
pilot_mirage,B0Tmaks,T,10,85.640625,stop,77718,counterstrafe,140.625,160.9957275390625,28.709928512573242,0.0,1.0,0.0,28.709928512573242,0.0,0.0,,,,,,,,,,,
pilot_mirage,B0Tmaks,T,10,85.640625,stop,77746,counter_fwd,125.0,151.10275268554688,17.860639572143555,0.0,0.0,,,0.0,0.18743896484375,,,,,,,,,,,
pilot_mirage,B0Tmaks,T,10,85.640625,stop,79296,counterstrafe,78.125,153.9287567138672,18.002933502197266,0.0,0.0,,,1.0,10.652969360351562,,,,,,,,,,,
pilot_mirage,B0Tmaks,T,10,85.640625,stop,79349,release,265.625,151.52108764648438,33.45956802368164,0.0,0.0,,,0.0,0.15621185302734375,,,,,,,,,,,
pilot_mirage,B0Tmaks,T,10,85.640625,stop,79356,release,375.0,151.52108764648438,30.18437957763672,0.0,0.0,,,0.0,0.15621185302734375,,,,,,,,,,,
pilot_mirage,B0Tmaks,T,10,85.640625,stop,79474,counterstrafe,78.125,162.7520751953125,34.39841842651367,0.0,0.0,,,1.0,0.0,,,,,,,,,,,
pilot_mirage,B0Tmaks,T,10,85.640625,stop,79493,counterstrafe,375.0,162.7520751953125,22.025312423706055,0.0,0.0,,,1.0,2.9367828369140625,,,,,,,,,,,
pilot_mirage,B0Tmaks,T,10,85.640625,stop,79552,counterstrafe,93.75,150.18972778320312,16.671720504760742,0.0,0.0,,,1.0,0.03124237060546875,,,,,,,,,,,
pilot_mirage,B0Tmaks,T,10,85.640625,stop,79576,counterstrafe,78.125,161.39376831054688,19.653013229370117,0.0,0.0,,,1.0,0.0,,,,,,,,,,,
pilot_mirage,B0Tmaks,T,10,85.640625,stop,79597,counterstrafe,78.125,153.40077209472656,30.27234649658203,0.0,0.0,,,1.0,0.0,,,,,,,,,,,
pilot_mirage,B0Tmaks,T,10,85.640625,stop,79791,counter_fwd,78.125,163.14599609375,20.18024444580078,0.0,0.0,,,0.0,1.9370269775390625,,,,,,,,,,,
pilot_mirage,B0Tmaks,T,10,85.640625,stop,79832,counter_fwd,312.5,154.78831481933594,29.24980926513672,1.0,0.0,,,0.0,5.1230621337890625,,,,,,,,,,,
pilot_mirage,B0Tmaks,T,10,85.640625,peek,76639,,,,,,,,,,,traversal,317.74887116502475,1484.375,4984.375,0.0,247.97288513183594,0.0,25.39697265625,2.0,0.3683105466679784,0.0
pilot_mirage,B0Tmaks,T,10,85.640625,peek,77013,,,,,,,,,,,jiggle,53.84969078000531,593.75,750.0,1.0,175.2791748046875,0.41025641025641024,3.6865997314453125,0.0,2.6888891419125294,0.0
pilot_mirage,B0Tmaks,T,10,85.640625,peek,77236,,,,,,,,,,,traversal,118.6482804470771,1484.375,4984.375,0.0,166.21322631835938,0.0,103.74800872802734,0.0,0.6871802171517984,0.0
pilot_mirage,B0Tmaks,T,10,85.640625,peek,77648,,,,,,,,,,,traversal,58.21323574423338,1109.375,1281.25,1.0,179.33412170410156,0.0,0.37493896484375,1.0,0.6362487314961504,0.0
pilot_mirage,B0Tmaks,T,10,85.640625,peek,78591,,,,,,,,,,,commit,85.81080624806111,812.5,4984.375,0.0,191.04849243164062,0.0,3.279754638671875,0.0,39.025986352283326,0.0
pilot_mirage,B0Tmaks,T,10,85.640625,peek,79850,,,,,,,,,,,traversal,29.224712730346816,312.5,312.5,1.0,144.34719848632812,0.0,0.3124237060546875,0.0,0.15231164822015952,0.0
pilot_mirage,B0Tmaks,T,11,81.921875,stop,83039,release,15.625,246.05499267578125,21.485137939453125,0.0,0.0,,,1.0,0.0,,,,,,,,,,,
pilot_mirage,B0Tmaks,T,11,81.921875,stop,83839,counterstrafe,78.125,172.99754333496094,28.67200469970703,0.0,0.0,,,0.0,0.312408447265625,,,,,,,,,,,
pilot_mirage,B0Tmaks,T,11,81.921875,stop,83852,counterstrafe,281.25,172.99754333496094,16.325119018554688,0.0,0.0,,,1.0,1.593017578125,,,,,,,,,,,
pilot_mirage,B0Tmaks,T,11,81.921875,stop,83961,counterstrafe,78.125,159.90896606445312,19.030088424682617,0.0,0.0,,,1.0,0.0624847412109375,,,,,,,,,,,
pilot_mirage,B0Tmaks,T,11,81.921875,stop,83968,counterstrafe,187.5,159.90896606445312,27.609834671020508,0.0,0.0,,,1.0,0.124969482421875,,,,,,,,,,,
pilot_mirage,B0Tmaks,T,11,81.921875,stop,84120,counter_fwd,93.75,157.24449157714844,25.828426361083984,0.0,0.0,,,0.0,0.03125,,,,,,,,,,,
pilot_mirage,B0Tmaks,T,11,81.921875,stop,84138,counter_fwd,375.0,157.24449157714844,4.4239726066589355,0.0,0.0,,,0.0,1.4996337890625,,,,,,,,,,,
pilot_mirage,B0Tmaks,T,11,81.921875,stop,84182,counterstrafe,78.125,153.71832275390625,14.113295555114746,0.0,0.0,,,1.0,0.156219482421875,,,,,,,,,,,
pilot_mirage,B0Tmaks,T,11,81.921875,stop,84200,counterstrafe,359.375,153.71832275390625,33.487548828125,0.0,0.0,,,1.0,1.686737060546875,,,,,,,,,,,
pilot_mirage,B0Tmaks,T,11,81.921875,stop,85996,counterstrafe,203.125,164.96893310546875,29.700796127319336,0.0,1.0,0.0,29.700796127319336,0.0,0.4373931884765625,,,,,,,,,,,
pilot_mirage,B0Tmaks,T,11,81.921875,stop,86086,release,31.25,247.27667236328125,33.111759185791016,0.0,0.0,,,0.0,5.717010498046875,,,,,,,,,,,
pilot_mirage,B0Tmaks,T,11,81.921875,stop,86143,release,31.25,232.35263061523438,0.0,0.0,1.0,0.0,0.0,0.0,0.0,,,,,,,,,,,
pilot_mirage,B0Tmaks,T,11,81.921875,stop,86383,counterstrafe,62.5,160.4224853515625,33.18009567260742,0.0,0.0,,,1.0,0.0,,,,,,,,,,,
pilot_mirage,B0Tmaks,T,11,81.921875,stop,86388,counterstrafe,140.625,160.4224853515625,27.18614387512207,0.0,0.0,,,1.0,0.21869659423828125,,,,,,,,,,,
pilot_mirage,B0Tmaks,T,11,81.921875,stop,86748,counterstrafe,78.125,151.73251342773438,28.286956787109375,0.0,0.0,,,0.0,0.03124237060546875,,,,,,,,,,,
pilot_mirage,B0Tmaks,T,11,81.921875,stop,87038,counterstrafe,281.25,160.40760803222656,25.29620933532715,0.0,0.0,,,1.0,1.030975341796875,,,,,,,,,,,
pilot_mirage,B0Tmaks,T,11,81.921875,stop,87062,counterstrafe,109.375,153.10084533691406,10.69416618347168,0.0,0.0,,,1.0,0.1874542236328125,,,,,,,,,,,
pilot_mirage,B0Tmaks,T,11,81.921875,stop,87079,counterstrafe,375.0,153.10084533691406,23.45840072631836,0.0,0.0,,,1.0,1.468048095703125,,,,,,,,,,,
pilot_mirage,B0Tmaks,T,11,81.921875,peek,81353,,,,,,,,,,,traversal,156.48532166045885,1484.375,4984.375,0.0,193.11546325683594,0.6458333333333334,32.14668273925781,0.0,0.8331359532275989,1.0
pilot_mirage,B0Tmaks,T,11,81.921875,peek,84158,,,,,,,,,,,jiggle,43.90012692192038,359.375,359.375,1.0,183.31349182128906,0.0,15.526092529296875,0.0,10.72841493077818,0.0
pilot_mirage,B0Tmaks,T,11,81.921875,peek,86106,,,,,,,,,,,traversal,90.50105456870952,546.875,4984.375,0.0,232.35263061523438,0.0,9.653205871582031,2.0,0.8818253127549321,0.0
pilot_mirage,B0Tmaks,T,11,81.921875,peek,86452,,,,,,,,,,,traversal,64.44483938759132,890.625,4984.375,0.0,169.31260681152344,0.0,4.34234619140625,1.0,0.741446823423911,0.0
pilot_mirage,B0Tmaks,T,11,81.921875,peek,86911,,,,,,,,,,,commit,118.49900076140702,1484.375,4984.375,0.0,195.4810028076172,0.5833333333333334,31.27155303955078,0.0,1.2772742883646937,1.0
pilot_mirage,B0Tmaks,T,11,81.921875,peek,87231,,,,,,,,,,,jiggle,16.664914889009932,375.0,375.0,1.0,123.59748077392578,0.0,19.056121826171875,0.0,14.967451095766837,0.0
pilot_mirage,B0Tmaks,T,11,81.921875,peek,87443,,,,,,,,,,,commit,152.14815796421212,1484.375,4984.375,0.0,112.84953308105469,0.9166666666666666,33.23982238769531,0.0,2.7129752100713302,1.0
pilot_mirage,Br4tkO,CT,0,74.296875,stop,1917,release,78.125,192.2891082763672,11.937541007995605,0.0,0.0,,,1.0,1.032379150390625,,,,,,,,,,,
pilot_mirage,Br4tkO,CT,0,74.296875,stop,1931,counter_fwd,296.875,192.2891082763672,30.296876907348633,0.0,0.0,,,1.0,1.773284912109375,,,,,,,,,,,
pilot_mirage,Br4tkO,CT,0,74.296875,stop,2031,counterstrafe,140.625,263.29180908203125,23.993139266967773,0.0,1.0,15.625,12.623281478881836,0.0,18.625259399414062,,,,,,,,,,,
pilot_mirage,Br4tkO,CT,0,74.296875,stop,2099,counterstrafe,78.125,161.3056640625,15.337287902832031,0.0,0.0,,,1.0,2.76031494140625,,,,,,,,,,,
pilot_mirage,Br4tkO,CT,0,74.296875,stop,2121,release,31.25,202.17156982421875,23.052425384521484,0.0,0.0,,,1.0,3.4558868408203125,,,,,,,,,,,
pilot_mirage,Br4tkO,CT,0,74.296875,stop,2134,release,234.375,202.17156982421875,11.601604461669922,0.0,0.0,,,0.0,11.6915283203125,,,,,,,,,,,
pilot_mirage,Br4tkO,CT,0,74.296875,stop,2141,release,343.75,202.17156982421875,20.210962295532227,0.0,0.0,,,0.0,11.736160278320312,,,,,,,,,,,
pilot_mirage,Br4tkO,CT,0,74.296875,stop,2191,counterstrafe,93.75,180.56399536132812,25.72601318359375,0.0,0.0,,,1.0,2.51312255859375,,,,,,,,,,,
pilot_mirage,Br4tkO,CT,0,74.296875,stop,2220,release,78.125,166.06446838378906,32.02348327636719,0.0,0.0,,,1.0,5.8794097900390625,,,,,,,,,,,
pilot_mirage,Br4tkO,CT,0,74.296875,stop,2259,counterstrafe,78.125,164.21444702148438,32.200096130371094,0.0,0.0,,,1.0,0.0,,,,,,,,,,,
pilot_mirage,Br4tkO,CT,0,74.296875,stop,2321,counter_fwd,93.75,161.31121826171875,20.997093200683594,0.0,0.0,,,1.0,1.4360809326171875,,,,,,,,,,,
pilot_mirage,Br4tkO,CT,0,74.296875,stop,5630,counterstrafe,78.125,164.94728088378906,20.21097755432129,0.0,0.0,,,1.0,0.0,,,,,,,,,,,
pilot_mirage,Br4tkO,CT,0,74.296875,stop,6053,counterstrafe,78.125,155.967529296875,18.070768356323242,0.0,1.0,0.0,18.070768356323242,1.0,0.156890869140625,,,,,,,,,,,
pilot_mirage,Br4tkO,CT,0,74.296875,stop,6069,counterstrafe,328.125,155.967529296875,28.067913055419922,1.0,1.0,0.0,28.067913055419922,1.0,1.1888427734375,,,,,,,,,,,
pilot_mirage,Br4tkO,CT,0,74.296875,stop,6337,counterstrafe,78.125,159.04995727539062,19.132770538330078,0.0,0.0,,,1.0,0.0,,,,,,,,,,,
pilot_mirage,Br4tkO,CT,0,74.296875,stop,6342,counterstrafe,156.25,159.04995727539062,32.68643569946289,0.0,0.0,,,1.0,0.022674560546875,,,,,,,,,,,
pilot_mirage,Br4tkO,CT,0,74.296875,stop,6356,counterstrafe,375.0,159.04995727539062,20.395959854125977,0.0,0.0,,,1.0,0.3367919921875,,,,,,,,,,,
pilot_mirage,Br4tkO,CT,0,74.296875,stop,6433,counterstrafe,78.125,180.61093139648438,23.602205276489258,0.0,0.0,,,1.0,0.0223388671875,,,,,,,,,,,
pilot_mirage,Br4tkO,CT,0,74.296875,stop,6650,counterstrafe,78.125,160.583251953125,13.298906326293945,0.0,0.0,,,1.0,0.044647216796875,,,,,,,,,,,
pilot_mirage,Br4tkO,CT,0,74.296875,stop,6660,counterstrafe,234.375,160.583251953125,15.414259910583496,0.0,1.0,234.375,74.72467803955078,1.0,0.358795166015625,,,,,,,,,,,
pilot_mirage,Br4tkO,CT,0,74.296875,stop,6665,counterstrafe,312.5,160.583251953125,26.9296875,0.0,1.0,156.25,74.72467803955078,1.0,0.358795166015625,,,,,,,,,,,
pilot_mirage,Br4tkO,CT,0,74.296875,stop,6698,counterstrafe,78.125,163.762451171875,15.161140441894531,0.0,0.0,,,1.0,0.38177490234375,,,,,,,,,,,
pilot_mirage,Br4tkO,CT,0,74.296875,stop,6751,counterstrafe,78.125,184.7246856689453,25.595693588256836,0.0,1.0,0.0,25.595693588256836,1.0,0.7405548095703125,,,,,,,,,,,
pilot_mirage,Br4tkO,CT,0,74.296875,stop,6877,counterstrafe,140.625,159.54966735839844,28.41455841064453,1.0,1.0,0.0,28.41455841064453,1.0,2.131744384765625,,,,,,,,,,,
pilot_mirage,Br4tkO,CT,0,74.296875,stop,7070,release,15.625,180.68704223632812,1.0855168104171753,0.0,0.0,,,0.0,0.3587646484375,,,,,,,,,,,
pilot_mirage,Br4tkO,CT,0,74.296875,stop,7290,counterstrafe,78.125,171.3624725341797,18.82799530029297,0.0,0.0,,,1.0,0.1572265625,,,,,,,,,,,
pilot_mirage,Br4tkO,CT,0,74.296875,stop,7878,counterstrafe,78.125,177.3272705078125,34.82642364501953,0.0,1.0,0.0,34.82642364501953,1.0,1.458740234375,,,,,,,,,,,
pilot_mirage,Br4tkO,CT,0,74.296875,peek,5228,,,,,,,,,,,traversal,183.14434786440884,1484.375,4984.375,0.0,174.678955078125,0.5,103.91964721679688,0.0,0.4086163903289598,0.0
pilot_mirage,Br4tkO,CT,0,74.296875,peek,6089,,,,,,,,,,,jiggle,41.79755750559088,1484.375,1484.375,1.0,105.17765808105469,0.0,13.957672119140625,5.0,31.797556497222878,0.0
pilot_mirage,Br4tkO,CT,0,74.296875,peek,6215,,,,,,,,,,,traversal,94.755654408847,1078.125,4984.375,0.0,203.13714599609375,0.0,202.3875274658203,1.0,0.2990324784667496,0.0
pilot_mirage,Br4tkO,CT,0,74.296875,peek,6781,,,,,,,,,,,commit,289.2575867088323,1484.375,4984.375,0.0,240.00106811523438,0.0,25.357498168945312,1.0,3.5384599145675453,0.0
pilot_mirage,Br4tkO,CT,0,74.296875,peek,7265,,,,,,,,,,,jiggle,51.932019530736845,375.0,531.25,1.0,208.562744140625,0.0,4.353668212890625,0.0,28.833409794874886,0.0
pilot_mirage,Br4tkO,CT,0,74.296875,peek,7521,,,,,,,,,,,traversal,67.75968630736065,1484.375,4984.375,0.0,117.61923217773438,0.0,1.8402099609375,1.0,0.5595826458379386,0.0
pilot_mirage,Br4tkO,CT,1,72.28125,stop,10778,counterstrafe,78.125,152.0096435546875,22.99858856201172,0.0,0.0,,,1.0,0.471038818359375,,,,,,,,,,,
pilot_mirage,Br4tkO,CT,1,72.28125,stop,10795,counterstrafe,343.75,152.0096435546875,18.671188354492188,0.0,0.0,,,1.0,0.605621337890625,,,,,,,,,,,
pilot_mirage,Br4tkO,CT,1,72.28125,stop,10988,counterstrafe,62.5,150.6079559326172,32.45018768310547,0.0,0.0,,,1.0,0.0,,,,,,,,,,,
pilot_mirage,Br4tkO,CT,1,72.28125,stop,11144,counterstrafe,125.0,151.42526245117188,27.244121551513672,1.0,0.0,,,1.0,0.29180908203125,,,,,,,,,,,
pilot_mirage,Br4tkO,CT,1,72.28125,stop,11372,counterstrafe,78.125,151.6907196044922,10.736096382141113,0.0,0.0,,,0.0,0.1572265625,,,,,,,,,,,
pilot_mirage,Br4tkO,CT,1,72.28125,stop,11934,counterstrafe,78.125,169.41903686523438,23.206491470336914,0.0,0.0,,,1.0,0.0,,,,,,,,,,,
pilot_mirage,Br4tkO,CT,1,72.28125,stop,11941,counterstrafe,187.5,169.41903686523438,34.08905029296875,0.0,0.0,,,1.0,0.089935302734375,,,,,,,,,,,
pilot_mirage,Br4tkO,CT,1,72.28125,stop,11947,counterstrafe,281.25,169.41903686523438,23.138261795043945,0.0,0.0,,,1.0,0.1122589111328125,,,,,,,,,,,
pilot_mirage,Br4tkO,CT,1,72.28125,stop,11952,counterstrafe,359.375,169.41903686523438,22.990407943725586,0.0,0.0,,,1.0,0.1795501708984375,,,,,,,,,,,
pilot_mirage,Br4tkO,CT,1,72.28125,stop,13867,counterstrafe,140.625,152.71458435058594,25.86716079711914,1.0,1.0,62.5,8.1229887008667,1.0,4.420623779296875,,,,,,,,,,,
pilot_mirage,Br4tkO,CT,1,72.28125,stop,13955,counter_fwd,93.75,162.1666717529297,17.843782424926758,0.0,0.0,,,0.0,3.3436203002929688,,,,,,,,,,,
pilot_mirage,Br4tkO,CT,1,72.28125,stop,13983,counter_fwd,78.125,157.155517578125,15.504996299743652,0.0,0.0,,,0.0,0.718231201171875,,,,,,,,,,,
pilot_mirage,Br4tkO,CT,1,72.28125,stop,14558,counterstrafe,78.125,162.6604766845703,34.98405838012695,0.0,1.0,140.625,48.7492790222168,1.0,0.1795501708984375,,,,,,,,,,,
pilot_mirage,Br4tkO,CT,1,72.28125,stop,14563,counterstrafe,156.25,162.6604766845703,13.289138793945312,0.0,1.0,62.5,48.7492790222168,1.0,0.3814239501953125,,,,,,,,,,,
pilot_mirage,Br4tkO,CT,1,72.28125,stop,14570,counterstrafe,265.625,162.6604766845703,22.167634963989258,1.0,1.0,0.0,22.167634963989258,1.0,0.5832977294921875,,,,,,,,,,,
pilot_mirage,Br4tkO,CT,1,72.28125,peek,10753,,,,,,,,,,,jiggle,48.56133389653164,375.0,4406.25,1.0,186.457763671875,0.0,1.8175506591796875,0.0,5.491096537506551,0.0
pilot_mirage,Br4tkO,CT,1,72.28125,peek,11300,,,,,,,,,,,commit,147.95768468703116,1484.375,4984.375,0.0,186.60337829589844,0.4791666666666667,35.903656005859375,0.0,2.577491518282331,0.0
pilot_mirage,Br4tkO,CT,1,72.28125,peek,11642,,,,,,,,,,,narrow,120.37632083768544,1484.375,4171.875,1.0,179.38897705078125,0.2916666666666667,22.014190673828125,0.0,1.7712343015113288,0.0
pilot_mirage,Br4tkO,CT,1,72.28125,peek,12018,,,,,,,,,,,narrow,93.57316093525696,1484.375,4312.5,1.0,162.97116088867188,0.8020833333333334,17.122161865234375,0.0,1.2585560780767742,1.0
pilot_mirage,Br4tkO,CT,1,72.28125,peek,12363,,,,,,,,,,,commit,62.83060093402814,1375.0,4984.375,0.0,91.2389907836914,1.0,7.22625732421875,0.0,4.378675708186217,1.0
pilot_mirage,Br4tkO,CT,1,72.28125,peek,12875,,,,,,,,,,,traversal,179.919429032781,1484.375,4984.375,0.0,228.7294464111328,0.14583333333333334,23.360015869140625,0.0,0.4339901367863599,0.0
pilot_mirage,Br4tkO,CT,1,72.28125,peek,13802,,,,,,,,,,,commit,141.53145311623024,1031.25,4984.375,0.0,228.72792053222656,0.0,62.15892791748047,2.0,4.478957921674874,0.0
pilot_mirage,Br4tkO,CT,1,72.28125,peek,14159,,,,,,,,,,,commit,305.863126763724,1484.375,4984.375,0.0,242.4803924560547,0.0,79.213134765625,0.0,3.7559004272031733,0.0
pilot_mirage,Br4tkO,CT,2,59.25,stop,17203,counter_fwd,109.375,160.37014770507812,14.076985359191895,0.0,1.0,0.0,14.076985359191895,0.0,0.1572265625,,,,,,,,,,,
pilot_mirage,Br4tkO,CT,2,59.25,stop,17298,counterstrafe,78.125,154.140625,28.40094566345215,1.0,0.0,,,0.0,0.0223236083984375,,,,,,,,,,,
pilot_mirage,Br4tkO,CT,2,59.25,stop,17534,counterstrafe,78.125,157.58551025390625,15.289374351501465,0.0,0.0,,,1.0,0.13458251953125,,,,,,,,,,,
pilot_mirage,Br4tkO,CT,2,59.25,stop,17544,counterstrafe,234.375,157.58551025390625,13.049269676208496,0.0,0.0,,,1.0,0.65093994140625,,,,,,,,,,,
pilot_mirage,Br4tkO,CT,2,59.25,stop,17579,counterstrafe,62.5,151.8480682373047,33.27573013305664,0.0,0.0,,,1.0,0.0,,,,,,,,,,,
pilot_mirage,Br4tkO,CT,2,59.25,stop,17812,counter_fwd,234.375,166.2926788330078,14.32485294342041,0.0,1.0,0.0,14.32485294342041,0.0,0.628265380859375,,,,,,,,,,,
pilot_mirage,Br4tkO,CT,2,59.25,stop,18077,counterstrafe,78.125,182.9872589111328,32.8679084777832,0.0,0.0,,,1.0,0.13458251953125,,,,,,,,,,,
pilot_mirage,Br4tkO,CT,2,59.25,stop,18157,counterstrafe,78.125,160.73892211914062,13.172038078308105,0.0,0.0,,,1.0,0.0223236083984375,,,,,,,,,,,
pilot_mirage,Br4tkO,CT,2,59.25,stop,18171,counterstrafe,296.875,160.73892211914062,15.036343574523926,0.0,0.0,,,1.0,1.301544189453125,,,,,,,,,,,
pilot_mirage,Br4tkO,CT,2,59.25,stop,18193,counterstrafe,78.125,165.98597717285156,22.291574478149414,0.0,0.0,,,1.0,0.067291259765625,,,,,,,,,,,
pilot_mirage,Br4tkO,CT,2,59.25,stop,18204,counterstrafe,250.0,165.98597717285156,12.000248908996582,0.0,0.0,,,1.0,0.067291259765625,,,,,,,,,,,
pilot_mirage,Br4tkO,CT,2,59.25,peek,18528,,,,,,,,,,,commit,168.1578202869153,1484.375,4984.375,0.0,162.66464233398438,0.8541666666666666,8.16796875,0.0,3.851356045090261,1.0
pilot_mirage,Br4tkO,CT,3,64.765625,stop,20280,crouch_stop,46.875,163.38185119628906,33.826419830322266,1.0,0.0,,,0.0,10.142791748046875,,,,,,,,,,,
pilot_mirage,Br4tkO,CT,3,64.765625,stop,20572,release,250.0,160.5432891845703,29.39735221862793,0.0,0.0,,,0.0,0.0,,,,,,,,,,,
pilot_mirage,Br4tkO,CT,3,64.765625,stop,31233,release,62.5,154.40719604492188,33.27391815185547,0.0,0.0,,,1.0,0.83013916015625,,,,,,,,,,,
pilot_mirage,Br4tkO,CT,3,64.765625,stop,31288,counter_fwd,93.75,160.44485473632812,31.4306583404541,0.0,1.0,0.0,31.4306583404541,0.0,0.1572418212890625,,,,,,,,,,,
pilot_mirage,Br4tkO,CT,3,64.765625,stop,31481,release,343.75,160.32142639160156,18.202383041381836,0.0,0.0,,,0.0,49.74955749511719,,,,,,,,,,,
pilot_mirage,Br4tkO,CT,3,64.765625,stop,31597,counterstrafe,78.125,173.15724182128906,34.67486572265625,0.0,0.0,,,0.0,0.3141326904296875,,,,,,,,,,,
pilot_mirage,Br4tkO,CT,3,64.765625,stop,31769,counterstrafe,78.125,159.9229736328125,11.90708065032959,0.0,0.0,,,1.0,0.0449676513671875,,,,,,,,,,,
pilot_mirage,Br4tkO,CT,3,64.765625,stop,32032,counterstrafe,78.125,170.4444580078125,20.299209594726562,0.0,0.0,,,1.0,0.3587799072265625,,,,,,,,,,,
pilot_mirage,Br4tkO,CT,3,64.765625,stop,32170,counterstrafe,62.5,152.01780700683594,32.949825286865234,0.0,0.0,,,1.0,0.2691650390625,,,,,,,,,,,
pilot_mirage,Br4tkO,CT,3,64.765625,stop,32333,counterstrafe,187.5,154.91549682617188,34.920265197753906,1.0,0.0,,,1.0,0.8751220703125,,,,,,,,,,,
pilot_mirage,Br4tkO,CT,3,64.765625,stop,32905,counterstrafe,78.125,179.83880615234375,28.87333869934082,0.0,0.0,,,0.0,0.38177490234375,,,,,,,,,,,
pilot_mirage,Br4tkO,CT,3,64.765625,stop,32922,counterstrafe,343.75,179.83880615234375,16.637699127197266,0.0,0.0,,,1.0,0.9427642822265625,,,,,,,,,,,
pilot_mirage,Br4tkO,CT,3,64.765625,stop,33167,counterstrafe,78.125,168.27154541015625,21.36406707763672,0.0,0.0,,,1.0,0.13458251953125,,,,,,,,,,,
pilot_mirage,Br4tkO,CT,3,64.765625,stop,33174,counterstrafe,187.5,168.27154541015625,29.634841918945312,0.0,0.0,,,1.0,0.13458251953125,,,,,,,,,,,
pilot_mirage,Br4tkO,CT,3,64.765625,peek,20166,,,,,,,,,,,traversal,231.47863026113544,1484.375,4984.375,0.0,243.2774658203125,0.0,95.61746215820312,0.0,0.09487208014556821,0.0
pilot_mirage,Br4tkO,CT,3,64.765625,peek,31252,,,,,,,,,,,traversal,88.45088264018689,546.875,953.125,1.0,226.99212646484375,0.0,1.301177978515625,1.0,0.21996794403910883,0.0
pilot_mirage,Br4tkO,CT,3,64.765625,peek,31499,,,,,,,,,,,traversal,164.90202978448326,1484.375,4984.375,0.0,208.62078857421875,0.0,105.78181457519531,0.0,0.6202773044883284,0.0
pilot_mirage,Br4tkO,CT,3,64.765625,peek,32010,,,,,,,,,,,jiggle,39.50899194334877,328.125,328.125,1.0,183.3715362548828,0.0,0.538665771484375,0.0,95.8758071313796,0.0
pilot_mirage,Br4tkO,CT,3,64.765625,peek,32147,,,,,,,,,,,jiggle,44.39067794202657,406.25,406.25,1.0,187.68844604492188,0.0,1.45843505859375,0.0,55.42519576107483,0.0
pilot_mirage,Br4tkO,CT,3,64.765625,peek,32310,,,,,,,,,,,jiggle,38.21256135915192,375.0,375.0,1.0,154.91549682617188,0.0,1.3238525390625,0.0,55.79313580721907,0.0
pilot_mirage,Br4tkO,CT,3,64.765625,peek,32349,,,,,,,,,,,jiggle,36.27381505431813,1046.875,1046.875,1.0,117.00179290771484,0.75,0.74053955078125,0.0,23.011872742118804,1.0
pilot_mirage,Br4tkO,CT,3,64.765625,peek,32442,,,,,,,,,,,traversal,37.13277632657181,750.0,750.0,1.0,109.65625762939453,1.0,30.74317169189453,0.0,0.9149831432151723,1.0
pilot_mirage,Br4tkO,CT,3,64.765625,peek,32827,,,,,,,,,,,traversal,57.03681573285051,546.875,2078.125,1.0,117.00262451171875,0.8333333333333334,19.949111938476562,0.0,0.44079224675259737,1.0
pilot_mirage,Br4tkO,CT,3,64.765625,peek,33028,,,,,,,,,,,traversal,80.38319072556547,1359.375,3015.625,1.0,117.04688262939453,0.6477272727272727,46.405914306640625,0.0,0.5627043962270449,1.0
pilot_mirage,Br4tkO,CT,3,64.765625,peek,33309,,,,,,,,,,,traversal,69.97977763493992,1484.375,4984.375,0.0,160.36654663085938,0.5625,36.93603515625,0.0,0.775751442457539,1.0
pilot_mirage,Br4tkO,CT,4,50.953125,stop,35837,release,15.625,222.3224334716797,20.622297286987305,0.0,0.0,,,1.0,0.022308349609375,,,,,,,,,,,
pilot_mirage,Br4tkO,CT,4,50.953125,stop,36651,release,31.25,223.98092651367188,24.791696548461914,0.0,0.0,,,1.0,0.0,,,,,,,,,,,
pilot_mirage,Br4tkO,CT,4,50.953125,stop,36738,counter_fwd,140.625,158.70008850097656,20.762592315673828,0.0,0.0,,,1.0,24.459671020507812,,,,,,,,,,,
pilot_mirage,Br4tkO,CT,4,50.953125,peek,38030,,,,,,,,,,,traversal,223.22394944018404,1484.375,4984.375,0.0,250.2159423828125,0.0,96.8736572265625,0.0,0.08310230146650316,0.0
pilot_mirage,Br4tkO,CT,5,51.40625,stop,40378,release,15.625,249.99754333496094,20.628387451171875,0.0,0.0,,,0.0,0.0,,,,,,,,,,,
pilot_mirage,Br4tkO,CT,5,51.40625,stop,41181,counter_fwd,187.5,150.5674591064453,20.080320358276367,0.0,0.0,,,1.0,0.0,,,,,,,,,,,
pilot_mirage,Br4tkO,CT,5,51.40625,stop,41305,release,78.125,169.83132934570312,8.00341796875,0.0,0.0,,,1.0,0.2691650390625,,,,,,,,,,,
pilot_mirage,Br4tkO,CT,5,51.40625,stop,41592,crouch_stop,296.875,154.96238708496094,33.0576171875,1.0,1.0,0.0,33.0576171875,0.0,1.503753662109375,,,,,,,,,,,
pilot_mirage,Br4tkO,CT,5,51.40625,stop,41725,counterstrafe,78.125,159.55677795410156,18.409412384033203,0.0,0.0,,,1.0,0.089599609375,,,,,,,,,,,
pilot_mirage,Br4tkO,CT,5,51.40625,stop,41739,counterstrafe,296.875,159.55677795410156,13.393302917480469,0.0,0.0,,,1.0,0.5836181640625,,,,,,,,,,,
pilot_mirage,Br4tkO,CT,5,51.40625,stop,42048,release,234.375,158.14947509765625,31.524084091186523,0.0,0.0,,,1.0,0.3364715576171875,,,,,,,,,,,
pilot_mirage,Br4tkO,CT,5,51.40625,stop,42214,release,203.125,160.6297607421875,29.896896362304688,0.0,1.0,0.0,29.896896362304688,0.0,0.35877227783203125,,,,,,,,,,,
pilot_mirage,Br4tkO,CT,5,51.40625,stop,42699,counterstrafe,78.125,168.96014404296875,28.039365768432617,0.0,1.0,109.375,75.2138671875,1.0,0.7625198364257812,,,,,,,,,,,
pilot_mirage,Br4tkO,CT,5,51.40625,stop,42709,counterstrafe,234.375,168.96014404296875,32.3843994140625,0.0,1.0,0.0,32.3843994140625,1.0,1.278533935546875,,,,,,,,,,,
pilot_mirage,Br4tkO,CT,5,51.40625,stop,42717,counterstrafe,359.375,168.96014404296875,33.86644744873047,0.0,1.0,0.0,33.86644744873047,1.0,1.7049407958984375,,,,,,,,,,,
pilot_mirage,Br4tkO,CT,5,51.40625,stop,42739,counterstrafe,78.125,162.15777587890625,33.57573318481445,0.0,0.0,,,1.0,0.02231597900390625,,,,,,,,,,,
pilot_mirage,Br4tkO,CT,5,51.40625,stop,42753,counterstrafe,296.875,162.15777587890625,23.68744468688965,0.0,0.0,,,1.0,0.20221710205078125,,,,,,,,,,,
pilot_mirage,Br4tkO,CT,5,51.40625,stop,42950,release,125.0,192.91482543945312,34.49610900878906,0.0,1.0,250.0,49.49697494506836,1.0,0.9424209594726562,,,,,,,,,,,
pilot_mirage,Br4tkO,CT,5,51.40625,peek,41616,,,,,,,,,,,traversal,137.0560163953636,1484.375,4984.375,0.0,205.59341430664062,0.0,9.761703491210938,1.0,0.28741785436726897,0.0
pilot_mirage,Br4tkO,CT,5,51.40625,peek,42268,,,,,,,,,,,traversal,316.3497549485782,1484.375,4984.375,0.0,272.10736083984375,0.0,108.27301025390625,1.0,0.3808673947665288,0.0
pilot_mirage,Br4tkO,CT,5,51.40625,peek,42671,,,,,,,,,,,jiggle,57.2169376032346,437.5,875.0,1.0,197.05450439453125,0.0,4.8470306396484375,1.0,34.229537441690525,0.0
pilot_mirage,Br4tkO,CT,5,51.40625,peek,42882,,,,,,,,,,,commit,175.0657760093835,1093.75,4984.375,0.0,214.99856567382812,0.0,39.741668701171875,1.0,2.7584337263704444,0.0
pilot_mirage,Br4tkO,CT,6,122.0,stop,43453,crouch_stop,109.375,160.26422119140625,19.761857986450195,1.0,0.0,,,0.0,0.9424285888671875,,,,,,,,,,,
pilot_mirage,Br4tkO,CT,6,122.0,stop,44948,release,15.625,201.12034606933594,21.48676300048828,0.0,0.0,,,0.0,0.0,,,,,,,,,,,
pilot_mirage,Br4tkO,CT,6,122.0,stop,45675,counter_fwd,78.125,153.11312866210938,15.714167594909668,0.0,0.0,,,0.0,0.022308349609375,,,,,,,,,,,
pilot_mirage,Br4tkO,CT,6,122.0,stop,45900,counter_fwd,125.0,157.18545532226562,18.671485900878906,0.0,0.0,,,0.0,0.359130859375,,,,,,,,,,,
pilot_mirage,Br4tkO,CT,6,122.0,stop,46079,counterstrafe,78.125,158.2567138671875,24.43478775024414,0.0,1.0,0.0,24.43478775024414,1.0,0.2691650390625,,,,,,,,,,,
pilot_mirage,Br4tkO,CT,6,122.0,stop,47064,counterstrafe,78.125,155.5059356689453,16.05248260498047,0.0,1.0,0.0,16.05248260498047,0.0,1.0770111083984375,,,,,,,,,,,
pilot_mirage,Br4tkO,CT,6,122.0,stop,47163,release,125.0,157.3947296142578,13.518058776855469,0.0,0.0,,,1.0,0.9647216796875,,,,,,,,,,,
pilot_mirage,Br4tkO,CT,6,122.0,stop,47174,release,296.875,157.3947296142578,12.643331527709961,0.0,0.0,,,1.0,0.9647216796875,,,,,,,,,,,
pilot_mirage,Br4tkO,CT,6,122.0,stop,47251,counterstrafe,78.125,161.77615356445312,34.761775970458984,0.0,0.0,,,1.0,0.0,,,,,,,,,,,
pilot_mirage,Br4tkO,CT,6,122.0,stop,50139,counterstrafe,62.5,172.32070922851562,18.701171875,0.0,0.0,,,1.0,0.291473388671875,,,,,,,,,,,
pilot_mirage,Br4tkO,CT,6,122.0,stop,50153,counterstrafe,281.25,172.32070922851562,22.970373153686523,0.0,0.0,,,1.0,1.682952880859375,,,,,,,,,,,
pilot_mirage,Br4tkO,CT,6,122.0,stop,50717,counterstrafe,78.125,154.5186767578125,18.926054000854492,0.0,0.0,,,1.0,0.9650802612304688,,,,,,,,,,,
pilot_mirage,Br4tkO,CT,6,122.0,stop,50730,counterstrafe,281.25,154.5186767578125,10.416090965270996,0.0,0.0,,,1.0,2.962188720703125,,,,,,,,,,,
pilot_mirage,Br4tkO,CT,6,122.0,stop,51067,counterstrafe,78.125,167.00714111328125,28.601139068603516,0.0,0.0,,,1.0,0.0446319580078125,,,,,,,,,,,
pilot_mirage,Br4tkO,CT,6,122.0,stop,51145,counterstrafe,93.75,174.50820922851562,11.605358123779297,0.0,0.0,,,1.0,0.8304977416992188,,,,,,,,,,,
pilot_mirage,Br4tkO,CT,6,122.0,stop,51161,counterstrafe,343.75,174.50820922851562,31.2855281829834,0.0,0.0,,,1.0,1.3018798828125,,,,,,,,,,,
pilot_mirage,Br4tkO,CT,6,122.0,stop,51186,counterstrafe,78.125,150.71060180664062,31.365415573120117,0.0,0.0,,,1.0,0.2245330810546875,,,,,,,,,,,
pilot_mirage,Br4tkO,CT,6,122.0,stop,51281,counterstrafe,78.125,150.57701110839844,12.718683242797852,0.0,0.0,,,1.0,0.5609893798828125,,,,,,,,,,,
pilot_mirage,Br4tkO,CT,6,122.0,stop,51297,counterstrafe,328.125,150.57701110839844,24.644149780273438,0.0,0.0,,,1.0,2.0194244384765625,,,,,,,,,,,
pilot_mirage,Br4tkO,CT,6,122.0,stop,51342,counterstrafe,78.125,150.1727752685547,13.95438003540039,0.0,0.0,,,1.0,0.20221710205078125,,,,,,,,,,,
pilot_mirage,Br4tkO,CT,6,122.0,stop,51360,counterstrafe,359.375,150.1727752685547,29.641521453857422,0.0,0.0,,,1.0,2.9848480224609375,,,,,,,,,,,
pilot_mirage,Br4tkO,CT,6,122.0,stop,51459,counterstrafe,78.125,167.74822998046875,27.162721633911133,0.0,0.0,,,1.0,1.16693115234375,,,,,,,,,,,
pilot_mirage,Br4tkO,CT,6,122.0,stop,51688,counterstrafe,78.125,153.68336486816406,26.306310653686523,0.0,0.0,,,1.0,0.3591156005859375,,,,,,,,,,,
pilot_mirage,Br4tkO,CT,6,122.0,stop,51763,counterstrafe,78.125,159.6499481201172,20.004348754882812,0.0,0.0,,,0.0,0.0899505615234375,,,,,,,,,,,
pilot_mirage,Br4tkO,CT,6,122.0,stop,51912,counterstrafe,78.125,151.06239318847656,10.676701545715332,0.0,1.0,281.25,114.07051086425781,1.0,0.20221710205078125,,,,,,,,,,,
pilot_mirage,Br4tkO,CT,6,122.0,peek,43243,,,,,,,,,,,traversal,257.1001934542382,1484.375,4984.375,0.0,249.99868774414062,0.0,64.87391662597656,1.0,0.1109026766567342,0.0
pilot_mirage,Br4tkO,CT,6,122.0,peek,47098,,,,,,,,,,,narrow,95.51190847684418,1000.0,4593.75,1.0,201.04364013671875,0.0,27.735992431640625,0.0,4.503185783321442,0.0
pilot_mirage,Br4tkO,CT,6,122.0,peek,47441,,,,,,,,,,,traversal,110.78087954918254,1265.625,1765.625,1.0,123.2577896118164,0.8048780487804879,7.18060302734375,0.0,0.9978554704716089,1.0
pilot_mirage,Br4tkO,CT,6,122.0,peek,51710,,,,,,,,,,,jiggle,32.19561400708557,484.375,484.375,1.0,145.8470001220703,0.0625,1.70562744140625,0.0,44.626180551092666,0.0
pilot_mirage,Br4tkO,CT,6,122.0,peek,51809,,,,,,,,,,,jiggle,26.497389785459735,296.875,296.875,1.0,140.69937133789062,0.45,0.6732559204101562,0.0,60.29064623704532,0.0
pilot_mirage,Br4tkO,CT,6,122.0,peek,51894,,,,,,,,,,,jiggle,26.805958323941393,265.625,265.625,1.0,155.40577697753906,0.0,1.5264129638671875,0.0,51.78291342664638,0.0
pilot_mirage,Br4tkO,CT,7,120.578125,stop,52445,counterstrafe,62.5,176.2820281982422,10.165484428405762,0.0,1.0,0.0,10.165484428405762,1.0,0.0,,,,,,,,,,,
pilot_mirage,Br4tkO,CT,7,120.578125,stop,54036,release,15.625,208.863525390625,21.482051849365234,0.0,1.0,31.25,51.45099639892578,0.0,0.0,,,,,,,,,,,
pilot_mirage,Br4tkO,CT,7,120.578125,stop,54706,counter_fwd,78.125,164.28318786621094,16.067882537841797,0.0,0.0,,,0.0,0.0,,,,,,,,,,,
pilot_mirage,Br4tkO,CT,7,120.578125,stop,54754,counter_fwd,234.375,154.38803100585938,30.252138137817383,0.0,1.0,0.0,30.252138137817383,0.0,0.0,,,,,,,,,,,
pilot_mirage,Br4tkO,CT,7,120.578125,stop,54960,release,250.0,158.68655395507812,30.19317054748535,0.0,0.0,,,0.0,0.516357421875,,,,,,,,,,,
pilot_mirage,Br4tkO,CT,7,120.578125,stop,55205,release,125.0,267.48260498046875,30.722227096557617,0.0,0.0,,,1.0,0.3587799072265625,,,,,,,,,,,
pilot_mirage,Br4tkO,CT,7,120.578125,stop,55400,counterstrafe,93.75,193.1809844970703,15.023391723632812,0.0,0.0,,,1.0,0.13458251953125,,,,,,,,,,,
pilot_mirage,Br4tkO,CT,7,120.578125,stop,55406,counterstrafe,187.5,193.1809844970703,31.522253036499023,0.0,0.0,,,1.0,0.224517822265625,,,,,,,,,,,
pilot_mirage,Br4tkO,CT,7,120.578125,stop,55441,counterstrafe,62.5,155.0022735595703,28.444028854370117,0.0,0.0,,,1.0,0.0,,,,,,,,,,,
pilot_mirage,Br4tkO,CT,7,120.578125,stop,55458,counterstrafe,78.125,150.90806579589844,23.63753318786621,0.0,0.0,,,1.0,0.0,,,,,,,,,,,
pilot_mirage,Br4tkO,CT,7,120.578125,stop,55473,counterstrafe,312.5,150.90806579589844,14.185848236083984,0.0,0.0,,,1.0,0.0,,,,,,,,,,,
pilot_mirage,Br4tkO,CT,7,120.578125,stop,55504,counterstrafe,78.125,154.94151306152344,32.87777328491211,0.0,0.0,,,1.0,0.80816650390625,,,,,,,,,,,
pilot_mirage,Br4tkO,CT,7,120.578125,stop,55533,release,15.625,176.52816772460938,31.132823944091797,0.0,0.0,,,0.0,0.0,,,,,,,,,,,
pilot_mirage,Br4tkO,CT,7,120.578125,stop,55546,release,218.75,176.52816772460938,24.044418334960938,0.0,0.0,,,0.0,0.0,,,,,,,,,,,
pilot_mirage,Br4tkO,CT,7,120.578125,stop,55595,counterstrafe,78.125,158.25274658203125,16.50921058654785,0.0,0.0,,,1.0,0.1792144775390625,,,,,,,,,,,
pilot_mirage,Br4tkO,CT,7,120.578125,stop,55613,counterstrafe,359.375,158.25274658203125,12.865178108215332,0.0,0.0,,,1.0,0.67291259765625,,,,,,,,,,,
pilot_mirage,Br4tkO,CT,7,120.578125,stop,55633,counterstrafe,78.125,153.3001251220703,15.511159896850586,0.0,0.0,,,1.0,0.0,,,,,,,,,,,
pilot_mirage,Br4tkO,CT,7,120.578125,stop,55644,counterstrafe,250.0,153.3001251220703,18.674863815307617,0.0,0.0,,,1.0,0.022674560546875,,,,,,,,,,,
pilot_mirage,Br4tkO,CT,7,120.578125,stop,55871,counter_fwd,265.625,157.6942901611328,30.30156135559082,0.0,1.0,0.0,30.30156135559082,0.0,0.13458251953125,,,,,,,,,,,
pilot_mirage,Br4tkO,CT,7,120.578125,stop,58480,counterstrafe,78.125,180.1740264892578,23.337539672851562,0.0,0.0,,,1.0,0.04497528076171875,,,,,,,,,,,
pilot_mirage,Br4tkO,CT,7,120.578125,stop,59003,counterstrafe,78.125,151.30718994140625,15.25348949432373,0.0,0.0,,,1.0,0.2691650390625,,,,,,,,,,,
pilot_mirage,Br4tkO,CT,7,120.578125,peek,55023,,,,,,,,,,,traversal,60.91931361157586,1484.375,4984.375,0.0,132.9225616455078,0.2708333333333333,0.359100341796875,0.0,0.20764623284937436,0.0
pilot_mirage,Br4tkO,CT,7,120.578125,peek,55574,,,,,,,,,,,jiggle,34.833952158332046,312.5,312.5,1.0,170.64968872070312,0.0,0.4487152099609375,0.0,87.54975873605102,0.0
pilot_mirage,Br4tkO,CT,7,120.578125,peek,55748,,,,,,,,,,,traversal,111.33797034816266,1203.125,3562.5,1.0,134.15184020996094,0.6666666666666666,50.75927734375,1.0,0.269521164862799,1.0
pilot_mirage,Br4tkO,CT,7,120.578125,peek,56632,,,,,,,,,,,traversal,10.764261780205258,250.0,250.0,1.0,69.65208435058594,1.0,0.0,0.0,0.0006003994097169462,1.0
pilot_mirage,Br4tkO,CT,7,120.578125,peek,56744,,,,,,,,,,,traversal,21.110126033753005,406.25,406.25,1.0,93.18168640136719,0.8148148148148148,0.1572418212890625,0.0,0.0007259767727034506,1.0
pilot_mirage,Br4tkO,CT,7,120.578125,peek,56815,,,,,,,,,,,traversal,14.277471479165479,1062.5,1062.5,1.0,102.18688201904297,0.43478260869565216,21.654739379882812,0.0,0.10809464757535285,0.0
pilot_mirage,Br4tkO,CT,7,120.578125,peek,56924,,,,,,,,,,,traversal,38.417685187204306,953.125,953.125,1.0,111.80393981933594,0.3870967741935484,19.2535400390625,0.0,0.11377872912766557,0.0
pilot_mirage,Br4tkO,CT,7,120.578125,peek,56999,,,,,,,,,,,traversal,34.61186955893138,1171.875,1171.875,1.0,73.10344696044922,0.0,2.041748046875,0.0,0.09373480611816695,0.0
pilot_mirage,Br4tkO,CT,7,120.578125,peek,57453,,,,,,,,,,,traversal,5.727197886368216,171.875,171.875,1.0,78.59073638916016,0.0,0.1122589111328125,0.0,0.19719861752232123,0.0
pilot_mirage,Br4tkO,CT,7,120.578125,peek,57511,,,,,,,,,,,jiggle,2.6349724341315537,703.125,703.125,1.0,37.8906364440918,1.0,0.0676422119140625,0.0,6.38733304732623,1.0
pilot_mirage,Br4tkO,CT,7,120.578125,peek,57640,,,,,,,,,,,jiggle,5.897114955344106,265.625,265.625,1.0,82.15345001220703,0.0,0.0,0.0,40.67637779389222,0.0
pilot_mirage,Br4tkO,CT,7,120.578125,peek,58979,,,,,,,,,,,jiggle,43.83916365401776,359.375,359.375,1.0,184.55776977539062,0.0,4.9819488525390625,0.0,16.472206217306294,0.0
pilot_mirage,Br4tkO,CT,7,120.578125,peek,60144,,,,,,,,,,,traversal,79.82876193264643,1484.375,4984.375,0.0,135.78152465820312,0.7291666666666666,191.18888092041016,0.0,0.9471546436053064,1.0
pilot_mirage,Br4tkO,CT,8,42.484375,stop,63950,release,78.125,174.5548553466797,27.207008361816406,0.0,0.0,,,0.0,0.44873046875,,,,,,,,,,,
pilot_mirage,Br4tkO,CT,8,42.484375,peek,64949,,,,,,,,,,,traversal,168.59426005503295,1484.375,4984.375,0.0,157.5658416748047,0.8645833333333334,90.63583374023438,0.0,0.8330417879120007,1.0
pilot_mirage,Br4tkO,CT,8,42.484375,peek,65618,,,,,,,,,,,commit,122.47374797243882,1484.375,2046.875,0.0,131.58421325683594,0.53125,20.779281616210938,1.0,2.4899220797190216,1.0
pilot_mirage,Br4tkO,CT,9,41.578125,stop,70569,counterstrafe,156.25,171.58975219726562,31.643152236938477,0.0,1.0,0.0,31.643152236938477,0.0,0.2241973876953125,,,,,,,,,,,
pilot_mirage,Br4tkO,CT,9,41.578125,stop,70595,counter_fwd,93.75,161.0095672607422,14.571343421936035,0.0,0.0,,,0.0,0.0,,,,,,,,,,,
pilot_mirage,Br4tkO,CT,9,41.578125,stop,70928,counterstrafe,78.125,159.0530548095703,12.861696243286133,0.0,1.0,0.0,12.861696243286133,1.0,0.381439208984375,,,,,,,,,,,
pilot_mirage,Br4tkO,CT,9,41.578125,stop,70932,counterstrafe,140.625,159.0530548095703,26.967870712280273,0.0,1.0,0.0,26.967870712280273,1.0,0.381439208984375,,,,,,,,,,,
pilot_mirage,Br4tkO,CT,9,41.578125,stop,70939,counterstrafe,250.0,159.0530548095703,16.722736358642578,0.0,1.0,0.0,16.722736358642578,1.0,0.381439208984375,,,,,,,,,,,
pilot_mirage,Br4tkO,CT,9,41.578125,stop,70943,counterstrafe,312.5,159.0530548095703,29.681673049926758,0.0,1.0,0.0,29.681673049926758,1.0,0.4267578125,,,,,,,,,,,
pilot_mirage,Br4tkO,CT,9,41.578125,stop,71117,counterstrafe,93.75,175.37551879882812,18.4053897857666,0.0,0.0,,,1.0,0.3814239501953125,,,,,,,,,,,
pilot_mirage,Br4tkO,CT,9,41.578125,stop,71161,counterstrafe,171.875,163.82431030273438,31.285171508789062,0.0,0.0,,,1.0,0.0,,,,,,,,,,,
pilot_mirage,Br4tkO,CT,9,41.578125,stop,71219,counter_fwd,93.75,153.8951873779297,25.513525009155273,0.0,1.0,0.0,25.513525009155273,0.0,0.359100341796875,,,,,,,,,,,
pilot_mirage,Br4tkO,CT,9,41.578125,stop,71399,counterstrafe,46.875,150.5743865966797,24.19308853149414,0.0,0.0,,,1.0,1.593353271484375,,,,,,,,,,,
pilot_mirage,Br4tkO,CT,9,41.578125,stop,71417,counterstrafe,328.125,150.5743865966797,13.656285285949707,0.0,0.0,,,1.0,8.549774169921875,,,,,,,,,,,
pilot_mirage,Br4tkO,CT,9,41.578125,stop,71419,counterstrafe,359.375,150.5743865966797,21.264970779418945,0.0,0.0,,,1.0,8.549774169921875,,,,,,,,,,,
pilot_mirage,Br4tkO,CT,9,41.578125,stop,71465,counterstrafe,78.125,158.8638458251953,24.914949417114258,0.0,0.0,,,1.0,0.0,,,,,,,,,,,
pilot_mirage,Br4tkO,CT,9,41.578125,stop,71771,counterstrafe,78.125,214.48928833007812,8.400893211364746,0.0,0.0,,,0.0,0.0,,,,,,,,,,,
pilot_mirage,Br4tkO,CT,9,41.578125,stop,72048,counterstrafe,93.75,172.64105224609375,8.908130645751953,0.0,0.0,,,1.0,0.0,,,,,,,,,,,
pilot_mirage,Br4tkO,CT,9,41.578125,stop,72308,counterstrafe,78.125,151.7068634033203,22.657451629638672,0.0,0.0,,,1.0,0.44873046875,,,,,,,,,,,
pilot_mirage,Br4tkO,CT,9,41.578125,stop,72320,counterstrafe,265.625,151.7068634033203,8.504023551940918,0.0,0.0,,,1.0,0.673248291015625,,,,,,,,,,,
pilot_mirage,Br4tkO,CT,9,41.578125,stop,72494,counterstrafe,62.5,152.309326171875,32.5726318359375,0.0,0.0,,,1.0,0.1572265625,,,,,,,,,,,
pilot_mirage,Br4tkO,CT,9,41.578125,stop,72510,counterstrafe,312.5,152.309326171875,23.4405574798584,0.0,0.0,,,0.0,14.87786865234375,,,,,,,,,,,
pilot_mirage,Br4tkO,CT,9,41.578125,peek,72470,,,,,,,,,,,commit,72.17789463716962,796.875,1734.375,0.0,193.68917846679688,0.0,31.28082275390625,1.0,22.00999810949218,0.0
pilot_mirage,Br4tkO,CT,10,12.140625,stop,76595,crouch_stop,31.25,250.91238403320312,25.02778434753418,1.0,0.0,,,0.0,0.8751220703125,,,,,,,,,,,
pilot_mirage,Br4tkO,CT,11,83.171875,stop,84255,counterstrafe,78.125,180.92333984375,32.65704345703125,0.0,0.0,,,1.0,0.3814239501953125,,,,,,,,,,,
pilot_mirage,Br4tkO,CT,11,83.171875,stop,84260,counterstrafe,156.25,180.92333984375,31.353179931640625,0.0,0.0,,,1.0,0.5160064697265625,,,,,,,,,,,
pilot_mirage,Br4tkO,CT,11,83.171875,stop,84272,counterstrafe,343.75,180.92333984375,34.015811920166016,0.0,0.0,,,1.0,1.18927001953125,,,,,,,,,,,
pilot_mirage,Br4tkO,CT,11,83.171875,stop,84518,counterstrafe,78.125,170.30267333984375,23.37140655517578,0.0,1.0,0.0,23.37140655517578,1.0,0.1572418212890625,,,,,,,,,,,
pilot_mirage,Br4tkO,CT,11,83.171875,stop,84533,counterstrafe,312.5,170.30267333984375,22.424030303955078,1.0,1.0,0.0,22.424030303955078,1.0,1.1442947387695312,,,,,,,,,,,
pilot_mirage,Br4tkO,CT,11,83.171875,stop,84852,counterstrafe,93.75,182.400146484375,13.134381294250488,0.0,0.0,,,1.0,0.0899658203125,,,,,,,,,,,
pilot_mirage,Br4tkO,CT,11,83.171875,stop,85061,release,46.875,150.3046875,0.0,0.0,0.0,,,1.0,0.0,,,,,,,,,,,
pilot_mirage,Br4tkO,CT,11,83.171875,stop,85085,counterstrafe,78.125,167.13197326660156,31.33078384399414,0.0,0.0,,,1.0,0.2918243408203125,,,,,,,,,,,
pilot_mirage,Br4tkO,CT,11,83.171875,stop,85325,counterstrafe,93.75,173.88619995117188,28.391645431518555,0.0,0.0,,,1.0,0.8751220703125,,,,,,,,,,,
pilot_mirage,Br4tkO,CT,11,83.171875,stop,86423,counterstrafe,78.125,174.1849822998047,24.915748596191406,0.0,0.0,,,1.0,0.224212646484375,,,,,,,,,,,
pilot_mirage,Br4tkO,CT,11,83.171875,stop,86440,counterstrafe,343.75,174.1849822998047,32.768890380859375,0.0,0.0,,,1.0,0.246856689453125,,,,,,,,,,,
pilot_mirage,Br4tkO,CT,11,83.171875,stop,86524,counterstrafe,78.125,172.06031799316406,31.912593841552734,0.0,0.0,,,1.0,0.42608642578125,,,,,,,,,,,
pilot_mirage,Br4tkO,CT,11,83.171875,stop,86536,counterstrafe,265.625,172.06031799316406,14.651594161987305,0.0,0.0,,,1.0,0.942108154296875,,,,,,,,,,,
pilot_mirage,Br4tkO,CT,11,83.171875,stop,86572,counterstrafe,78.125,165.60426330566406,19.854053497314453,0.0,0.0,,,1.0,0.179534912109375,,,,,,,,,,,
pilot_mirage,Br4tkO,CT,11,83.171875,stop,86578,counterstrafe,171.875,165.60426330566406,31.41596794128418,0.0,0.0,,,1.0,0.179534912109375,,,,,,,,,,,
pilot_mirage,Br4tkO,CT,11,83.171875,stop,86586,counterstrafe,296.875,165.60426330566406,25.48296356201172,0.0,0.0,,,1.0,0.179534912109375,,,,,,,,,,,
pilot_mirage,Br4tkO,CT,11,83.171875,stop,86812,release,15.625,178.2340545654297,0.0,0.0,0.0,,,1.0,0.224517822265625,,,,,,,,,,,
pilot_mirage,Br4tkO,CT,11,83.171875,stop,86848,counterstrafe,78.125,168.77772521972656,29.006973266601562,0.0,0.0,,,1.0,0.067291259765625,,,,,,,,,,,
pilot_mirage,Br4tkO,CT,11,83.171875,stop,86957,counterstrafe,93.75,158.53419494628906,33.95431137084961,0.0,1.0,250.0,16.778181076049805,1.0,0.246856689453125,,,,,,,,,,,
pilot_mirage,Br4tkO,CT,11,83.171875,stop,86972,counterstrafe,328.125,158.53419494628906,14.284643173217773,0.0,1.0,15.625,16.778181076049805,1.0,13.351806640625,,,,,,,,,,,
pilot_mirage,Br4tkO,CT,11,83.171875,stop,87040,counterstrafe,78.125,159.7425079345703,19.798709869384766,0.0,0.0,,,1.0,1.301544189453125,,,,,,,,,,,
pilot_mirage,Br4tkO,CT,11,83.171875,stop,87059,counterstrafe,78.125,152.40122985839844,25.232215881347656,0.0,0.0,,,1.0,0.0,,,,,,,,,,,
pilot_mirage,Br4tkO,CT,11,83.171875,stop,87074,counterstrafe,312.5,152.40122985839844,20.51805877685547,0.0,0.0,,,1.0,1.2791748046875,,,,,,,,,,,
pilot_mirage,Br4tkO,CT,11,83.171875,stop,88041,release,15.625,176.02061462402344,0.0,0.0,0.0,,,0.0,0.0,,,,,,,,,,,
pilot_mirage,Br4tkO,CT,11,83.171875,peek,84563,,,,,,,,,,,traversal,91.41174084989073,1484.375,4984.375,0.0,143.72232055664062,0.0,132.30697631835938,1.0,0.7194770422731527,0.0
pilot_mirage,Br4tkO,CT,11,83.171875,peek,86989,,,,,,,,,,,jiggle,34.233415731225186,781.25,781.25,1.0,162.30712890625,0.0,25.738555908203125,0.0,26.37759742741993,0.0
pilot_mirage,Br4tkO,CT,11,83.171875,peek,87513,,,,,,,,,,,commit,137.71631294330254,1484.375,4984.375,0.0,171.6785888671875,0.5520833333333334,85.49627685546875,1.0,1.6170344706368467,1.0
pilot_mirage,Br4tkO,CT,11,83.171875,peek,87850,,,,,,,,,,,traversal,301.7676773984225,1484.375,4984.375,0.0,281.5619812011719,0.0,106.343505859375,1.0,0.18356406319839488,0.0
pilot_mirage,Br4tkO,T,12,18.328125,stop,91493,counterstrafe,78.125,169.95297241210938,19.73056411743164,0.0,1.0,62.5,4.1041436195373535,1.0,0.717864990234375,,,,,,,,,,,
pilot_mirage,Br4tkO,T,12,18.328125,stop,91548,counterstrafe,78.125,182.0416259765625,31.744470596313477,0.0,1.0,31.25,22.483816146850586,1.0,0.0,,,,,,,,,,,
pilot_mirage,Br4tkO,T,12,18.328125,stop,91585,counterstrafe,78.125,168.79983520507812,27.867755889892578,0.0,1.0,15.625,15.041491508483887,1.0,0.089599609375,,,,,,,,,,,
pilot_mirage,Br4tkO,T,12,18.328125,stop,91630,counterstrafe,93.75,179.72567749023438,26.56670379638672,0.0,1.0,0.0,26.56670379638672,1.0,0.1572265625,,,,,,,,,,,
pilot_mirage,Br4tkO,T,12,18.328125,stop,91697,counterstrafe,78.125,184.28895568847656,31.026092529296875,0.0,1.0,171.875,139.21771240234375,1.0,0.31378173828125,,,,,,,,,,,
pilot_mirage,Br4tkO,T,12,18.328125,stop,91724,counterstrafe,78.125,161.46250915527344,10.706170082092285,0.0,1.0,203.125,46.04821014404297,1.0,0.201873779296875,,,,,,,,,,,
pilot_mirage,Br4tkO,T,12,18.328125,stop,91733,counterstrafe,218.75,161.46250915527344,23.508394241333008,0.0,1.0,62.5,46.04821014404297,1.0,0.762847900390625,,,,,,,,,,,
pilot_mirage,Br4tkO,T,12,18.328125,stop,91767,counterstrafe,78.125,150.63035583496094,20.787912368774414,0.0,1.0,0.0,20.787912368774414,1.0,0.33648681640625,,,,,,,,,,,
pilot_mirage,Br4tkO,T,13,127.703125,stop,97668,counterstrafe,78.125,164.04222106933594,20.852293014526367,0.0,1.0,0.0,20.852293014526367,1.0,0.605987548828125,,,,,,,,,,,
pilot_mirage,Br4tkO,T,13,127.703125,stop,97713,counterstrafe,78.125,156.6163330078125,18.568622589111328,0.0,1.0,15.625,0.0,0.0,0.04498291015625,,,,,,,,,,,
pilot_mirage,Br4tkO,T,13,127.703125,stop,97956,counterstrafe,296.875,163.18173217773438,19.225252151489258,0.0,0.0,,,1.0,0.49371337890625,,,,,,,,,,,
pilot_mirage,Br4tkO,T,13,127.703125,stop,98045,counterstrafe,78.125,165.3560333251953,21.527429580688477,0.0,0.0,,,1.0,0.0,,,,,,,,,,,
pilot_mirage,Br4tkO,T,13,127.703125,stop,98119,counterstrafe,78.125,159.4632568359375,34.41035461425781,0.0,0.0,,,1.0,0.02264404296875,,,,,,,,,,,
pilot_mirage,Br4tkO,T,13,127.703125,stop,100183,counterstrafe,78.125,165.01719665527344,26.317174911499023,0.0,0.0,,,1.0,0.134918212890625,,,,,,,,,,,
pilot_mirage,Br4tkO,T,13,127.703125,stop,100196,counterstrafe,281.25,165.01719665527344,21.83259391784668,0.0,0.0,,,1.0,23.921356201171875,,,,,,,,,,,
pilot_mirage,Br4tkO,T,13,127.703125,stop,100225,counterstrafe,78.125,168.98828125,33.363525390625,0.0,0.0,,,1.0,0.202239990234375,,,,,,,,,,,
pilot_mirage,Br4tkO,T,13,127.703125,stop,101877,counterstrafe,78.125,162.44187927246094,19.9613037109375,0.0,0.0,,,1.0,0.0,,,,,,,,,,,
pilot_mirage,Br4tkO,T,13,127.703125,stop,101892,counterstrafe,312.5,162.44187927246094,28.192974090576172,0.0,0.0,,,1.0,7.966461181640625,,,,,,,,,,,
pilot_mirage,Br4tkO,T,13,127.703125,stop,101922,counterstrafe,78.125,161.16038513183594,18.726125717163086,0.0,0.0,,,1.0,0.516021728515625,,,,,,,,,,,
pilot_mirage,Br4tkO,T,13,127.703125,stop,104161,counterstrafe,93.75,171.0731964111328,33.408077239990234,0.0,0.0,,,1.0,0.0,,,,,,,,,,,
pilot_mirage,Br4tkO,T,13,127.703125,stop,104165,counterstrafe,156.25,171.0731964111328,30.956701278686523,0.0,0.0,,,1.0,0.02264404296875,,,,,,,,,,,
pilot_mirage,Br4tkO,T,13,127.703125,stop,105001,counterstrafe,343.75,189.06687927246094,32.078128814697266,0.0,0.0,,,1.0,13.351821899414062,,,,,,,,,,,
pilot_mirage,Br4tkO,T,13,127.703125,stop,105152,release,234.375,220.1072235107422,30.390628814697266,0.0,0.0,,,0.0,0.0,,,,,,,,,,,
pilot_mirage,Br4tkO,T,13,127.703125,peek,98025,,,,,,,,,,,jiggle,34.0301579680944,296.875,296.875,1.0,169.4617156982422,0.0,0.31414794921875,0.0,88.2778662375168,0.0
pilot_mirage,Br4tkO,T,13,127.703125,peek,98102,,,,,,,,,,,jiggle,27.74464228424343,265.625,265.625,1.0,159.4632568359375,0.0,0.628631591796875,0.0,67.78512030595569,0.0
pilot_mirage,Br4tkO,T,13,127.703125,peek,100163,,,,,,,,,,,jiggle,33.14385989632966,312.5,312.5,1.0,165.63087463378906,0.0,2.917572021484375,0.0,34.22003678072924,0.0
pilot_mirage,Br4tkO,T,13,127.703125,peek,101858,,,,,,,,,,,jiggle,30.585030818401282,281.25,281.25,1.0,162.44187927246094,0.0,0.4267578125,0.0,76.33236373950139,0.0
pilot_mirage,Br4tkO,T,13,127.703125,peek,102231,,,,,,,,,,,commit,162.29242351917762,1484.375,4984.375,0.0,166.3687744140625,0.8020833333333334,31.14794921875,0.0,1.0616553995491214,1.0
pilot_mirage,Br4tkO,T,13,127.703125,peek,102627,,,,,,,,,,,traversal,46.114923714716696,609.375,703.125,1.0,144.97091674804688,0.25,1.5487060546875,0.0,0.4448263877369565,0.0
pilot_mirage,Br4tkO,T,13,127.703125,peek,105058,,,,,,,,,,,traversal,140.75990134409457,1484.375,4046.875,0.0,246.9645233154297,0.0,78.158447265625,0.0,0.6560248700039005,0.0
pilot_mirage,Br4tkO,T,14,82.15625,stop,105401,release,281.25,152.84002685546875,32.55470275878906,0.0,0.0,,,1.0,39.89823913574219,,,,,,,,,,,
pilot_mirage,Br4tkO,T,14,82.15625,stop,107048,release,15.625,218.589111328125,21.052919387817383,0.0,0.0,,,1.0,0.0,,,,,,,,,,,
pilot_mirage,Br4tkO,T,14,82.15625,stop,107661,counterstrafe,78.125,180.5326385498047,34.1336555480957,0.0,0.0,,,0.0,0.3367919921875,,,,,,,,,,,
pilot_mirage,Br4tkO,T,14,82.15625,stop,107826,counterstrafe,78.125,154.30860900878906,32.67189025878906,0.0,1.0,281.25,0.0,0.0,0.022674560546875,,,,,,,,,,,
pilot_mirage,Br4tkO,T,14,82.15625,stop,107880,counter_fwd,78.125,158.28225708007812,9.543437004089355,0.0,0.0,,,0.0,2.82763671875,,,,,,,,,,,
pilot_mirage,Br4tkO,T,14,82.15625,stop,107944,counterstrafe,78.125,180.59727478027344,29.417566299438477,0.0,0.0,,,1.0,0.31414794921875,,,,,,,,,,,
pilot_mirage,Br4tkO,T,14,82.15625,stop,107995,counterstrafe,78.125,168.5242156982422,21.28420639038086,0.0,0.0,,,1.0,0.089935302734375,,,,,,,,,,,
pilot_mirage,Br4tkO,T,14,82.15625,stop,108003,counterstrafe,203.125,168.5242156982422,19.077255249023438,0.0,0.0,,,1.0,0.1572265625,,,,,,,,,,,
pilot_mirage,Br4tkO,T,14,82.15625,stop,108061,counterstrafe,296.875,172.8006591796875,14.532411575317383,0.0,0.0,,,1.0,0.022308349609375,,,,,,,,,,,
pilot_mirage,Br4tkO,T,14,82.15625,stop,108082,counterstrafe,78.125,155.4211883544922,9.814298629760742,0.0,0.0,,,1.0,0.089599609375,,,,,,,,,,,
pilot_mirage,Br4tkO,T,14,82.15625,stop,108090,counterstrafe,203.125,155.4211883544922,27.678260803222656,0.0,0.0,,,1.0,0.13458251953125,,,,,,,,,,,
pilot_mirage,Br4tkO,T,14,82.15625,stop,108236,counterstrafe,62.5,150.54705810546875,33.87419509887695,0.0,0.0,,,1.0,0.089599609375,,,,,,,,,,,
pilot_mirage,Br4tkO,T,14,82.15625,stop,108306,release,218.75,209.4037628173828,3.9667253494262695,0.0,0.0,,,0.0,0.0,,,,,,,,,,,
pilot_mirage,Br4tkO,T,14,82.15625,stop,108457,counterstrafe,78.125,165.9335479736328,17.809179306030273,0.0,0.0,,,1.0,0.067626953125,,,,,,,,,,,
pilot_mirage,Br4tkO,T,14,82.15625,stop,108548,counterstrafe,78.125,176.71754455566406,26.75021743774414,0.0,0.0,,,1.0,0.0,,,,,,,,,,,
pilot_mirage,Br4tkO,T,14,82.15625,stop,108649,counterstrafe,78.125,162.23207092285156,28.191024780273438,0.0,0.0,,,1.0,0.0,,,,,,,,,,,
pilot_mirage,Br4tkO,T,14,82.15625,stop,108701,counterstrafe,78.125,163.42230224609375,28.544578552246094,0.0,0.0,,,1.0,0.1119384765625,,,,,,,,,,,
pilot_mirage,Br4tkO,T,14,82.15625,stop,108751,counterstrafe,78.125,161.88058471679688,15.611299514770508,0.0,0.0,,,1.0,0.0,,,,,,,,,,,
pilot_mirage,Br4tkO,T,14,82.15625,stop,108762,counterstrafe,250.0,161.88058471679688,23.448686599731445,0.0,0.0,,,1.0,0.0,,,,,,,,,,,
pilot_mirage,Br4tkO,T,14,82.15625,stop,108936,counterstrafe,234.375,157.98342895507812,17.988832473754883,0.0,0.0,,,1.0,0.718231201171875,,,,,,,,,,,
pilot_mirage,Br4tkO,T,14,82.15625,stop,109127,counterstrafe,78.125,165.96554565429688,17.724597930908203,0.0,0.0,,,1.0,0.02264404296875,,,,,,,,,,,
pilot_mirage,Br4tkO,T,14,82.15625,stop,109145,counterstrafe,359.375,165.96554565429688,25.490938186645508,0.0,0.0,,,1.0,1.189605712890625,,,,,,,,,,,
pilot_mirage,Br4tkO,T,14,82.15625,stop,109172,counterstrafe,78.125,168.4619903564453,26.627330780029297,0.0,0.0,,,1.0,0.0,,,,,,,,,,,
pilot_mirage,Br4tkO,T,14,82.15625,stop,109192,counterstrafe,93.75,152.53970336914062,32.93337631225586,0.0,0.0,,,1.0,0.0,,,,,,,,,,,
pilot_mirage,Br4tkO,T,14,82.15625,stop,109216,counterstrafe,78.125,157.22128295898438,17.38722801208496,0.0,0.0,,,1.0,0.0,,,,,,,,,,,
pilot_mirage,Br4tkO,T,14,82.15625,stop,109230,counterstrafe,296.875,157.22128295898438,19.800588607788086,0.0,0.0,,,1.0,0.0,,,,,,,,,,,
pilot_mirage,Br4tkO,T,14,82.15625,stop,109269,counterstrafe,93.75,175.96551513671875,29.978538513183594,0.0,0.0,,,1.0,0.0,,,,,,,,,,,
pilot_mirage,Br4tkO,T,14,82.15625,stop,110262,counter_fwd,203.125,160.44834899902344,30.774394989013672,0.0,0.0,,,0.0,0.1795654296875,,,,,,,,,,,
pilot_mirage,Br4tkO,T,14,82.15625,stop,110484,counterstrafe,140.625,152.2578125,19.039087295532227,0.0,1.0,296.875,167.1078338623047,1.0,0.02231597900390625,,,,,,,,,,,
pilot_mirage,Br4tkO,T,14,82.15625,stop,110513,counterstrafe,156.25,167.1078338623047,29.79319953918457,0.0,1.0,0.0,29.79319953918457,1.0,0.35877227783203125,,,,,,,,,,,
pilot_mirage,Br4tkO,T,14,82.15625,stop,110551,counterstrafe,31.25,162.95361328125,25.1953182220459,0.0,0.0,,,1.0,0.0,,,,,,,,,,,
pilot_mirage,Br4tkO,T,14,82.15625,stop,110618,release,187.5,168.9431610107422,23.75783348083496,0.0,0.0,,,1.0,2.6703643798828125,,,,,,,,,,,
pilot_mirage,Br4tkO,T,14,82.15625,stop,110813,counterstrafe,78.125,154.88290405273438,25.177349090576172,0.0,0.0,,,1.0,0.381439208984375,,,,,,,,,,,
pilot_mirage,Br4tkO,T,14,82.15625,stop,110827,counterstrafe,296.875,154.88290405273438,21.927534103393555,0.0,0.0,,,1.0,1.7502593994140625,,,,,,,,,,,
pilot_mirage,Br4tkO,T,14,82.15625,stop,110869,counterstrafe,78.125,156.37393188476562,10.660725593566895,0.0,0.0,,,1.0,0.0,,,,,,,,,,,
pilot_mirage,Br4tkO,T,14,82.15625,stop,110888,counterstrafe,78.125,156.04840087890625,13.502972602844238,0.0,0.0,,,1.0,0.022308349609375,,,,,,,,,,,
pilot_mirage,Br4tkO,T,14,82.15625,stop,111348,counterstrafe,78.125,153.41900634765625,26.2067813873291,1.0,1.0,218.75,11.696128845214844,1.0,0.8974456787109375,,,,,,,,,,,
pilot_mirage,Br4tkO,T,14,82.15625,stop,111820,counterstrafe,93.75,183.4706573486328,23.733552932739258,0.0,1.0,0.0,23.733552932739258,1.0,0.8081817626953125,,,,,,,,,,,
pilot_mirage,Br4tkO,T,14,82.15625,stop,111824,counterstrafe,156.25,183.4706573486328,26.1187801361084,1.0,1.0,93.75,3.861999273300171,1.0,1.503753662109375,,,,,,,,,,,
pilot_mirage,Br4tkO,T,14,82.15625,peek,105366,,,,,,,,,,,traversal,50.113917954023556,562.5,687.5,1.0,174.60292053222656,0.0,55.22483825683594,0.0,0.46103621561708985,0.0
pilot_mirage,Br4tkO,T,14,82.15625,peek,105645,,,,,,,,,,,traversal,22.434309593870644,343.75,343.75,1.0,86.47266387939453,0.0,122.72415161132812,0.0,0.33981623776561987,0.0
pilot_mirage,Br4tkO,T,14,82.15625,peek,107848,,,,,,,,,,,traversal,76.97328714689557,484.375,828.125,1.0,231.84547424316406,0.0,2.0421142578125,0.0,0.0011904613385968522,0.0
pilot_mirage,Br4tkO,T,14,82.15625,peek,108220,,,,,,,,,,,jiggle,25.28243402119463,250.0,250.0,1.0,157.00013732910156,0.0,0.987396240234375,0.0,56.793098566460024,0.0
pilot_mirage,Br4tkO,T,14,82.15625,peek,108437,,,,,,,,,,,jiggle,34.50961558427203,296.875,296.875,1.0,175.77769470214844,0.0,0.56134033203125,0.0,80.98819481867623,0.0
pilot_mirage,Br4tkO,T,14,82.15625,peek,108528,,,,,,,,,,,jiggle,35.70361544905556,312.5,312.5,1.0,176.71754455566406,0.0,0.628631591796875,0.0,76.21383308281719,0.0
pilot_mirage,Br4tkO,T,14,82.15625,peek,108632,,,,,,,,,,,jiggle,26.907741620760188,265.625,265.625,1.0,162.23207092285156,0.0,0.942779541015625,0.0,55.45620149429329,0.0
pilot_mirage,Br4tkO,T,14,82.15625,peek,109107,,,,,,,,,,,jiggle,34.024206849391426,296.875,296.875,1.0,174.35299682617188,0.0,0.022308349609375,0.0,109.43651861443146,0.0
pilot_mirage,Br4tkO,T,14,82.15625,peek,111370,,,,,,,,,,,traversal,77.9359567364617,1484.375,4984.375,0.0,200.13961791992188,0.10416666666666667,17.750457763671875,0.0,0.40270917714615073,0.0
pilot_mirage,Br4tkO,T,15,92.96875,stop,113586,release,15.625,239.9925537109375,21.48526954650879,0.0,0.0,,,1.0,0.0,,,,,,,,,,,
pilot_mirage,Br4tkO,T,15,92.96875,stop,114055,counter_fwd,234.375,153.89454650878906,29.015628814697266,0.0,0.0,,,1.0,0.24684906005859375,,,,,,,,,,,
pilot_mirage,Br4tkO,T,15,92.96875,stop,114438,counterstrafe,78.125,171.1009521484375,24.568347930908203,0.0,0.0,,,1.0,0.449066162109375,,,,,,,,,,,
pilot_mirage,Br4tkO,T,15,92.96875,stop,114477,counterstrafe,312.5,162.1881103515625,33.20600509643555,0.0,0.0,,,1.0,0.22454833984375,,,,,,,,,,,
pilot_mirage,Br4tkO,T,15,92.96875,stop,114706,counterstrafe,93.75,172.70257568359375,28.819591522216797,0.0,0.0,,,1.0,0.22418212890625,,,,,,,,,,,
pilot_mirage,Br4tkO,T,15,92.96875,stop,114955,counterstrafe,203.125,165.76455688476562,27.561935424804688,0.0,0.0,,,1.0,0.2018585205078125,,,,,,,,,,,
pilot_mirage,Br4tkO,T,15,92.96875,stop,115453,release,125.0,159.26171875,18.75783920288086,0.0,0.0,,,1.0,1.9521484375,,,,,,,,,,,
pilot_mirage,Br4tkO,T,15,92.96875,stop,116399,counterstrafe,78.125,159.4578094482422,19.988433837890625,0.0,1.0,0.0,19.988433837890625,1.0,0.6505889892578125,,,,,,,,,,,
pilot_mirage,Br4tkO,T,15,92.96875,stop,116491,release,31.25,195.09036254882812,15.390656471252441,0.0,1.0,0.0,15.390656471252441,1.0,0.0,,,,,,,,,,,
pilot_mirage,Br4tkO,T,15,92.96875,stop,116781,counterstrafe,78.125,169.42738342285156,22.36785316467285,0.0,1.0,31.25,4.490992069244385,1.0,0.7855224609375,,,,,,,,,,,
pilot_mirage,Br4tkO,T,15,92.96875,stop,117154,counterstrafe,93.75,180.12094116210938,32.20314025878906,0.0,0.0,,,1.0,0.0223236083984375,,,,,,,,,,,
pilot_mirage,Br4tkO,T,15,92.96875,stop,117222,release,250.0,154.13604736328125,32.43314743041992,0.0,0.0,,,1.0,0.0,,,,,,,,,,,
pilot_mirage,Br4tkO,T,15,92.96875,stop,117347,counterstrafe,78.125,185.81622314453125,33.808650970458984,0.0,0.0,,,1.0,0.4264068603515625,,,,,,,,,,,
pilot_mirage,Br4tkO,T,15,92.96875,stop,117730,counterstrafe,62.5,153.6666717529297,34.35893249511719,0.0,0.0,,,0.0,0.2245330810546875,,,,,,,,,,,
pilot_mirage,Br4tkO,T,15,92.96875,stop,117753,counterstrafe,78.125,164.46705627441406,26.064693450927734,0.0,0.0,,,0.0,0.06763458251953125,,,,,,,,,,,
pilot_mirage,Br4tkO,T,15,92.96875,stop,117777,counterstrafe,78.125,187.37576293945312,29.27837371826172,0.0,0.0,,,1.0,0.0,,,,,,,,,,,
pilot_mirage,Br4tkO,T,15,92.96875,stop,118176,counterstrafe,78.125,167.69754028320312,21.146535873413086,0.0,0.0,,,1.0,0.0,,,,,,,,,,,
pilot_mirage,Br4tkO,T,15,92.96875,stop,118187,counterstrafe,250.0,167.69754028320312,10.982343673706055,0.0,0.0,,,1.0,0.112274169921875,,,,,,,,,,,
pilot_mirage,Br4tkO,T,15,92.96875,stop,118206,counterstrafe,78.125,157.21405029296875,24.250930786132812,0.0,0.0,,,1.0,0.0,,,,,,,,,,,
pilot_mirage,Br4tkO,T,15,92.96875,stop,118223,counterstrafe,343.75,157.21405029296875,30.876361846923828,0.0,0.0,,,1.0,0.067291259765625,,,,,,,,,,,
pilot_mirage,Br4tkO,T,15,92.96875,stop,118504,counterstrafe,78.125,152.62107849121094,21.21320152282715,0.0,0.0,,,1.0,0.1795501708984375,,,,,,,,,,,
pilot_mirage,Br4tkO,T,15,92.96875,stop,118520,counterstrafe,328.125,152.62107849121094,22.803836822509766,0.0,0.0,,,1.0,0.2468414306640625,,,,,,,,,,,
pilot_mirage,Br4tkO,T,15,92.96875,stop,118663,counterstrafe,78.125,178.7923126220703,33.12700653076172,0.0,0.0,,,1.0,1.6156768798828125,,,,,,,,,,,
pilot_mirage,Br4tkO,T,15,92.96875,stop,118729,counterstrafe,93.75,181.3946990966797,9.482824325561523,0.0,0.0,,,1.0,0.0226593017578125,,,,,,,,,,,
pilot_mirage,Br4tkO,T,15,92.96875,stop,118969,counterstrafe,234.375,152.98806762695312,25.05316162109375,0.0,0.0,,,1.0,2.8948974609375,,,,,,,,,,,
pilot_mirage,Br4tkO,T,15,92.96875,peek,111900,,,,,,,,,,,traversal,299.56071613844836,1484.375,4984.375,0.0,249.99905395507812,0.0,0.13458251953125,0.0,0.00040753529648695526,0.0
pilot_mirage,Br4tkO,T,15,92.96875,peek,114673,,,,,,,,,,,commit,146.87113075600328,1265.625,4984.375,0.0,199.96315002441406,0.3048780487804878,9.493255615234375,1.0,1.026481728067098,0.0
pilot_mirage,Br4tkO,T,15,92.96875,peek,116423,,,,,,,,,,,traversal,203.15121599392134,1031.25,4984.375,0.0,247.44903564453125,0.0,61.57527160644531,1.0,0.658191422131143,0.0
pilot_mirage,Br4tkO,T,15,92.96875,peek,116815,,,,,,,,,,,traversal,268.9583167925116,1484.375,4984.375,0.0,235.49745178222656,0.0,133.78807067871094,0.0,0.14431940917772162,0.0
pilot_mirage,Br4tkO,T,15,92.96875,peek,117177,,,,,,,,,,,narrow,83.34311972189995,750.0,1093.75,1.0,191.20193481445312,0.0,4.0391845703125,0.0,8.909009903326895,0.0
pilot_mirage,Br4tkO,T,15,92.96875,peek,117471,,,,,,,,,,,traversal,278.16130162489964,1484.375,4984.375,0.0,225.00392150878906,0.0,71.51585388183594,0.0,0.88016578821939,0.0
pilot_mirage,Br4tkO,T,16,145.765625,stop,119448,release,234.375,156.25733947753906,33.87892532348633,0.0,0.0,,,0.0,0.0,,,,,,,,,,,
pilot_mirage,Br4tkO,T,16,145.765625,stop,120816,release,15.625,250.00888061523438,21.484195709228516,0.0,1.0,0.0,21.484195709228516,0.0,0.33648681640625,,,,,,,,,,,
pilot_mirage,Br4tkO,T,16,145.765625,stop,122191,counterstrafe,109.375,175.8329620361328,21.63987159729004,1.0,1.0,0.0,21.63987159729004,1.0,2.221954345703125,,,,,,,,,,,
pilot_mirage,Br4tkO,T,16,145.765625,stop,122240,counterstrafe,109.375,169.03903198242188,32.438289642333984,1.0,1.0,0.0,32.438289642333984,1.0,0.2691650390625,,,,,,,,,,,
pilot_mirage,Br4tkO,T,16,145.765625,stop,122471,counterstrafe,125.0,200.00050354003906,31.148000717163086,0.0,0.0,,,1.0,0.7563323974609375,,,,,,,,,,,
pilot_mirage,Br4tkO,T,16,145.765625,stop,122850,counterstrafe,62.5,184.1322021484375,34.11951446533203,0.0,0.0,,,1.0,0.0,,,,,,,,,,,
pilot_mirage,Br4tkO,T,16,145.765625,stop,122862,counterstrafe,250.0,184.1322021484375,32.69957733154297,0.0,0.0,,,1.0,59.93694305419922,,,,,,,,,,,
pilot_mirage,Br4tkO,T,16,145.765625,stop,124631,counterstrafe,78.125,161.8085479736328,28.864215850830078,0.0,0.0,,,1.0,0.0449676513671875,,,,,,,,,,,
pilot_mirage,Br4tkO,T,16,145.765625,stop,124777,counter_fwd,78.125,182.8919219970703,31.658727645874023,0.0,0.0,,,0.0,3.23101806640625,,,,,,,,,,,
pilot_mirage,Br4tkO,T,16,145.765625,stop,124802,counterstrafe,62.5,156.60714721679688,34.855735778808594,0.0,0.0,,,1.0,0.022308349609375,,,,,,,,,,,
pilot_mirage,Br4tkO,T,16,145.765625,stop,124830,counter_fwd,78.125,165.870849609375,17.194732666015625,0.0,0.0,,,0.0,2.401214599609375,,,,,,,,,,,
pilot_mirage,Br4tkO,T,16,145.765625,stop,124887,counterstrafe,78.125,155.07476806640625,17.794004440307617,0.0,0.0,,,0.0,0.38177490234375,,,,,,,,,,,
pilot_mirage,Br4tkO,T,16,145.765625,stop,125636,crouch_stop,62.5,252.4081268310547,34.40483474731445,1.0,0.0,,,0.0,4.577850341796875,,,,,,,,,,,
pilot_mirage,Br4tkO,T,16,145.765625,stop,127324,release,140.625,157.6554412841797,31.358827590942383,0.0,0.0,,,1.0,0.0,,,,,,,,,,,
pilot_mirage,Br4tkO,T,16,145.765625,stop,127491,crouch_stop,15.625,198.51023864746094,0.0,1.0,1.0,0.0,0.0,0.0,0.0,,,,,,,,,,,
pilot_mirage,Br4tkO,T,16,145.765625,stop,128279,counterstrafe,78.125,161.33697509765625,15.233830451965332,0.0,0.0,,,1.0,0.044952392578125,,,,,,,,,,,
pilot_mirage,Br4tkO,T,16,145.765625,peek,119483,,,,,,,,,,,traversal,3666.6843294842492,1484.375,4984.375,0.0,250.00888061523438,0.0,244.7461929321289,1.0,0.9357990391007245,0.0
pilot_mirage,Br4tkO,T,16,145.765625,peek,122150,,,,,,,,,,,narrow,144.52805626332076,1421.875,2984.375,1.0,224.41371154785156,0.0,19.029632568359375,2.0,18.26454036289602,0.0
pilot_mirage,Br4tkO,T,16,145.765625,peek,122497,,,,,,,,,,,traversal,286.16050077718734,1484.375,4984.375,0.0,256.92401123046875,0.0,196.57220458984375,2.0,0.15585844759377665,0.0
pilot_mirage,Br4tkO,T,16,145.765625,peek,123155,,,,,,,,,,,traversal,4.658568554665684,1078.125,1078.125,1.0,39.353172302246094,1.0,0.06282806396484375,0.0,0.17913281589895877,1.0
pilot_mirage,Br4tkO,T,16,145.765625,peek,123305,,,,,,,,,,,traversal,2.3258939339976776,109.375,109.375,1.0,40.77936553955078,1.0,0.0,0.0,0.0008827207447292885,1.0
pilot_mirage,Br4tkO,T,16,145.765625,peek,123457,,,,,,,,,,,traversal,247.1443112385268,1484.375,4984.375,0.0,269.3922119140625,0.0,70.68567657470703,0.0,0.45333581454258415,0.0
pilot_mirage,Br4tkO,T,16,145.765625,peek,123840,,,,,,,,,,,traversal,65.83341838716053,1000.0,4984.375,0.0,95.36756896972656,0.0,14.157928466796875,0.0,0.9962520319043838,0.0
pilot_mirage,Br4tkO,T,16,145.765625,peek,127699,,,,,,,,,,,traversal,118.10741748971614,1484.375,4984.375,0.0,94.39103698730469,0.17708333333333334,8.68499755859375,2.0,0.042613863578332585,0.0
pilot_mirage,Br4tkO,T,16,145.765625,peek,129106,,,,,,,,,,,jiggle,17.919491177821897,265.625,265.625,1.0,94.30023193359375,0.8888888888888888,4.734771728515625,0.0,4.493729022100693,1.0
pilot_mirage,Br4tkO,T,16,145.765625,peek,129390,,,,,,,,,,,jiggle,41.691534948029734,1484.375,1484.375,1.0,116.99818420410156,0.3125,47.64015197753906,0.0,1.5568380908339483,0.0
pilot_mirage,Br4tkO,T,16,145.765625,peek,129489,,,,,,,,,,,jiggle,24.62549390273332,484.375,484.375,1.0,134.40103149414062,0.4375,22.036163330078125,0.0,2.0955169536475764,0.0
pilot_mirage,Br4tkO,T,16,145.765625,peek,129589,,,,,,,,,,,traversal,36.222706437937454,1437.5,1437.5,1.0,136.859375,0.2903225806451613,10.816383361816406,0.0,0.6873566246474135,0.0
pilot_mirage,Br4tkO,T,17,24.40625,stop,132027,counterstrafe,93.75,159.64373779296875,27.748310089111328,1.0,1.0,0.0,27.748310089111328,1.0,0.04498291015625,,,,,,,,,,,
pilot_mirage,Br4tkO,T,17,24.40625,stop,132350,counterstrafe,78.125,157.92721557617188,19.726181030273438,0.0,0.0,,,1.0,1.27923583984375,,,,,,,,,,,
pilot_mirage,Br4tkO,T,17,24.40625,stop,132365,counterstrafe,312.5,157.92721557617188,28.469947814941406,0.0,0.0,,,1.0,2.176666259765625,,,,,,,,,,,
pilot_mirage,Br4tkO,T,17,24.40625,stop,132518,counterstrafe,93.75,166.41693115234375,30.296890258789062,0.0,0.0,,,0.0,0.2691650390625,,,,,,,,,,,
pilot_mirage,Br4tkO,T,17,24.40625,peek,129749,,,,,,,,,,,traversal,143.58271156291215,1484.375,4984.375,0.0,186.73837280273438,0.7916666666666666,154.3870849609375,0.0,0.4569399851339042,1.0
pilot_mirage,Br4tkO,T,17,24.40625,peek,130120,,,,,,,,,,,traversal,3166.7384556077077,531.25,4984.375,0.0,38.2812614440918,0.05714285714285714,155.45962524414062,2.0,0.97870178869817,0.0
pilot_mirage,Br4tkO,T,17,24.40625,peek,132061,,,,,,,,,,,commit,303.21152541054795,1484.375,4984.375,0.0,226.79473876953125,0.0,38.08067321777344,0.0,4.869877282168302,0.0
pilot_mirage,Br4tkO,T,17,24.40625,peek,132460,,,,,,,,,,,commit,80.18072965829037,1078.125,1187.5,0.0,195.60931396484375,0.0,9.985260009765625,1.0,1.0353722529945704,0.0
pilot_mirage,Br4tkO,T,18,94.953125,stop,136629,counterstrafe,78.125,166.7191925048828,30.73991584777832,0.0,1.0,78.125,57.05458068847656,1.0,0.852813720703125,,,,,,,,,,,
pilot_mirage,Br4tkO,T,18,94.953125,stop,136640,counterstrafe,250.0,166.7191925048828,29.699308395385742,1.0,1.0,0.0,29.699308395385742,1.0,13.755569458007812,,,,,,,,,,,
pilot_mirage,Br4tkO,T,18,94.953125,stop,136847,counterstrafe,78.125,157.07928466796875,30.22625160217285,0.0,0.0,,,1.0,0.314117431640625,,,,,,,,,,,
pilot_mirage,Br4tkO,T,18,94.953125,stop,136852,counterstrafe,156.25,157.07928466796875,20.78584098815918,0.0,0.0,,,1.0,0.314117431640625,,,,,,,,,,,
pilot_mirage,Br4tkO,T,18,94.953125,stop,136860,counterstrafe,281.25,157.07928466796875,33.77899169921875,0.0,0.0,,,1.0,0.314117431640625,,,,,,,,,,,
pilot_mirage,Br4tkO,T,18,94.953125,stop,136915,counterstrafe,93.75,151.1958465576172,30.470033645629883,0.0,1.0,0.0,30.470033645629883,1.0,0.067291259765625,,,,,,,,,,,
pilot_mirage,Br4tkO,T,18,94.953125,stop,136951,counter_fwd,62.5,153.60296630859375,33.38666534423828,0.0,0.0,,,0.0,0.67327880859375,,,,,,,,,,,
pilot_mirage,Br4tkO,T,18,94.953125,stop,137064,counterstrafe,187.5,172.26565551757812,30.865962982177734,0.0,0.0,,,1.0,0.13458251953125,,,,,,,,,,,
pilot_mirage,Br4tkO,T,18,94.953125,stop,137704,release,78.125,167.12631225585938,33.91798400878906,0.0,1.0,0.0,33.91798400878906,0.0,0.067291259765625,,,,,,,,,,,
pilot_mirage,Br4tkO,T,18,94.953125,stop,138064,counterstrafe,78.125,158.05859375,30.19980239868164,0.0,0.0,,,1.0,0.0226593017578125,,,,,,,,,,,
pilot_mirage,Br4tkO,T,18,94.953125,stop,138241,counterstrafe,78.125,169.50595092773438,26.226924896240234,0.0,0.0,,,1.0,0.0,,,,,,,,,,,
pilot_mirage,Br4tkO,T,18,94.953125,stop,138249,counterstrafe,203.125,169.50595092773438,31.008670806884766,0.0,0.0,,,1.0,0.359100341796875,,,,,,,,,,,
pilot_mirage,Br4tkO,T,18,94.953125,stop,138259,counterstrafe,359.375,169.50595092773438,13.947602272033691,0.0,0.0,,,1.0,0.673248291015625,,,,,,,,,,,
pilot_mirage,Br4tkO,T,18,94.953125,stop,138750,counter_fwd,218.75,156.02047729492188,13.906408309936523,0.0,0.0,,,0.0,0.0,,,,,,,,,,,
pilot_mirage,Br4tkO,T,18,94.953125,stop,138940,release,328.125,151.296875,33.921878814697266,0.0,0.0,,,0.0,0.516357421875,,,,,,,,,,,
pilot_mirage,Br4tkO,T,18,94.953125,stop,139388,counterstrafe,78.125,161.74513244628906,19.56171417236328,0.0,0.0,,,1.0,0.40374755859375,,,,,,,,,,,
pilot_mirage,Br4tkO,T,18,94.953125,stop,139393,counterstrafe,156.25,161.74513244628906,21.21860122680664,0.0,0.0,,,1.0,0.628265380859375,,,,,,,,,,,
pilot_mirage,Br4tkO,T,18,94.953125,stop,139415,counterstrafe,78.125,162.7925567626953,27.31287956237793,0.0,0.0,,,1.0,0.067291259765625,,,,,,,,,,,
pilot_mirage,Br4tkO,T,18,94.953125,stop,139615,release,15.625,249.99705505371094,34.363643646240234,0.0,0.0,,,0.0,0.02231597900390625,,,,,,,,,,,
pilot_mirage,Br4tkO,T,18,94.953125,stop,139849,crouch_stop,15.625,170.04818725585938,0.0,1.0,1.0,0.0,0.0,0.0,0.0,,,,,,,,,,,
pilot_mirage,Br4tkO,T,18,94.953125,stop,141476,counterstrafe,78.125,159.4306640625,26.842863082885742,0.0,0.0,,,0.0,10.434616088867188,,,,,,,,,,,
pilot_mirage,Br4tkO,T,18,94.953125,stop,141491,counterstrafe,312.5,159.4306640625,24.660140991210938,0.0,0.0,,,1.0,17.996978759765625,,,,,,,,,,,
pilot_mirage,Br4tkO,T,18,94.953125,peek,135572,,,,,,,,,,,traversal,329.5777373156608,1484.375,4984.375,0.0,250.00082397460938,0.0,61.261505126953125,1.0,0.17023845651068223,0.0
pilot_mirage,Br4tkO,T,18,94.953125,peek,136462,,,,,,,,,,,traversal,128.5211344300535,1484.375,4578.125,1.0,160.24298095703125,0.7916666666666666,114.08511352539062,2.0,0.5123008968325039,1.0
pilot_mirage,Br4tkO,T,18,94.953125,peek,137757,,,,,,,,,,,traversal,275.96619453849735,1484.375,4984.375,0.0,215.0027618408203,0.0,17.368698120117188,0.0,0.2204935040846089,0.0
pilot_mirage,Br4tkO,T,18,94.953125,peek,138568,,,,,,,,,,,traversal,26.90417481161076,1484.375,1484.375,1.0,90.60938262939453,0.13541666666666666,34.220703125,0.0,0.15211925084793312,0.0
pilot_mirage,Br4tkO,T,18,94.953125,peek,138665,,,,,,,,,,,traversal,22.04766859904656,515.625,515.625,1.0,117.63298797607422,0.0,5.58758544921875,0.0,0.02737004757710694,0.0
pilot_mirage,Br4tkO,T,18,94.953125,peek,138702,,,,,,,,,,,traversal,43.5928961333958,734.375,734.375,1.0,156.02047729492188,0.22916666666666666,0.0,0.0,0.00366654531946401,0.0
pilot_mirage,Br4tkO,T,18,94.953125,peek,138800,,,,,,,,,,,traversal,17.19616755370521,296.875,296.875,1.0,99.7578125,0.0,0.0,0.0,0.0038426258950871464,0.0
pilot_mirage,Br4tkO,T,18,94.953125,peek,138865,,,,,,,,,,,traversal,20.723084192414436,515.625,515.625,1.0,113.93029022216797,0.0,44.745269775390625,0.0,0.155638945847009,0.0
pilot_mirage,Br4tkO,T,18,94.953125,peek,138903,,,,,,,,,,,traversal,62.21978761947999,687.5,4984.375,0.0,162.62109375,0.4444444444444444,55.13523864746094,0.0,0.34214957487721676,0.0
pilot_mirage,Br4tkO,T,18,94.953125,peek,140057,,,,,,,,,,,traversal,268.9350776012793,1484.375,4984.375,0.0,215.003173828125,0.0,125.59674072265625,0.0,0.3675060383623156,0.0
pilot_mirage,Br4tkO,T,18,94.953125,peek,140480,,,,,,,,,,,jiggle,23.28244399274863,281.25,281.25,1.0,117.13267517089844,0.7894736842105263,0.0,0.0,46.40907890178566,1.0
pilot_mirage,Br4tkO,T,18,94.953125,peek,141349,,,,,,,,,,,jiggle,16.5177919568613,1234.375,1234.375,1.0,141.02163696289062,0.5125,133.58480834960938,0.0,2.684274198051386,1.0
pilot_mirage,Br4tkO,T,18,94.953125,peek,141447,,,,,,,,,,,narrow,72.1638963110376,687.5,984.375,1.0,193.2674102783203,0.0,22.305679321289062,0.0,5.965164118908757,0.0
pilot_mirage,Br4tkO,T,18,94.953125,peek,141600,,,,,,,,,,,commit,54.58640356398563,359.375,468.75,0.0,197.6089630126953,0.0,10.232742309570312,0.0,9.304742260837688,0.0
pilot_mirage,Brens,CT,12,45.015625,stop,91445,counterstrafe,78.125,173.46388244628906,20.481855392456055,0.0,0.0,,,1.0,0.0,,,,,,,,,,,
pilot_mirage,Brens,CT,12,45.015625,stop,91650,counterstrafe,93.75,184.8814697265625,24.922494888305664,0.0,0.0,,,1.0,0.1053924560546875,,,,,,,,,,,
pilot_mirage,Brens,CT,12,45.015625,stop,93167,release,250.0,162.3144073486328,30.221982955932617,0.0,0.0,,,0.0,0.5987548828125,,,,,,,,,,,
pilot_mirage,Brens,CT,12,45.015625,peek,93201,,,,,,,,,,,traversal,331.0298790804339,1484.375,4359.375,0.0,250.0039825439453,0.0,132.95034790039062,1.0,0.10661190405982025,0.0
pilot_mirage,Brens,CT,13,134.703125,stop,93760,release,62.5,221.74868774414062,17.183345794677734,0.0,0.0,,,1.0,1.936004638671875,,,,,,,,,,,
pilot_mirage,Brens,CT,13,134.703125,stop,93781,release,31.25,184.0791473388672,2.5193231105804443,0.0,0.0,,,1.0,3.62548828125,,,,,,,,,,,
pilot_mirage,Brens,CT,13,134.703125,stop,97147,release,15.625,170.921875,0.0,0.0,0.0,,,0.0,0.0,,,,,,,,,,,
pilot_mirage,Brens,CT,13,134.703125,stop,99543,counterstrafe,46.875,155.35821533203125,20.35627555847168,0.0,0.0,,,1.0,0.105743408203125,,,,,,,,,,,
pilot_mirage,Brens,CT,13,134.703125,stop,99769,counter_fwd,109.375,152.2125701904297,32.30980682373047,0.0,1.0,0.0,32.30980682373047,0.0,0.5280303955078125,,,,,,,,,,,
pilot_mirage,Brens,CT,13,134.703125,stop,99775,counter_fwd,203.125,152.2125701904297,33.52448272705078,0.0,0.0,,,0.0,1.3729400634765625,,,,,,,,,,,
pilot_mirage,Brens,CT,13,134.703125,stop,99872,counter_fwd,218.75,160.1770782470703,19.58698272705078,0.0,0.0,,,0.0,0.0703887939453125,,,,,,,,,,,
pilot_mirage,Brens,CT,13,134.703125,stop,100083,counterstrafe,78.125,174.86878967285156,23.78560447692871,0.0,0.0,,,1.0,0.0,,,,,,,,,,,
pilot_mirage,Brens,CT,13,134.703125,stop,100099,counterstrafe,328.125,174.86878967285156,29.159456253051758,0.0,0.0,,,1.0,0.914947509765625,,,,,,,,,,,
pilot_mirage,Brens,CT,13,134.703125,stop,100749,counterstrafe,281.25,152.74737548828125,29.072166442871094,0.0,0.0,,,1.0,13.6927490234375,,,,,,,,,,,
pilot_mirage,Brens,CT,13,134.703125,stop,100796,counterstrafe,78.125,177.29185485839844,27.855607986450195,0.0,0.0,,,1.0,0.528045654296875,,,,,,,,,,,
pilot_mirage,Brens,CT,13,134.703125,stop,100809,counterstrafe,281.25,177.29185485839844,26.268470764160156,0.0,0.0,,,1.0,1.443328857421875,,,,,,,,,,,
pilot_mirage,Brens,CT,13,134.703125,stop,100815,counterstrafe,375.0,177.29185485839844,29.101125717163086,0.0,0.0,,,0.0,1.443328857421875,,,,,,,,,,,
pilot_mirage,Brens,CT,13,134.703125,stop,103736,counterstrafe,78.125,158.26930236816406,23.379131317138672,0.0,0.0,,,1.0,3.097808837890625,,,,,,,,,,,
pilot_mirage,Brens,CT,13,134.703125,stop,103742,counterstrafe,171.875,158.26930236816406,31.669597625732422,0.0,0.0,,,1.0,4.1888885498046875,,,,,,,,,,,
pilot_mirage,Brens,CT,13,134.703125,stop,103771,counterstrafe,78.125,156.54798889160156,19.637495040893555,0.0,0.0,,,1.0,4.681549072265625,,,,,,,,,,,
pilot_mirage,Brens,CT,13,134.703125,peek,97573,,,,,,,,,,,traversal,321.51165590324223,1484.375,4984.375,0.0,250.00372314453125,0.0,26.928146362304688,0.0,0.1791251141231229,0.0
pilot_mirage,Brens,CT,13,134.703125,peek,98136,,,,,,,,,,,traversal,291.30405727099185,1484.375,4984.375,0.0,224.91168212890625,0.0,90.49920654296875,0.0,0.6705959030672837,0.0
pilot_mirage,Brens,CT,13,134.703125,peek,98548,,,,,,,,,,,narrow,75.77064696885482,1031.25,1468.75,1.0,127.4013442993164,0.8059701492537313,10.80609130859375,0.0,1.0269635927700396,1.0
pilot_mirage,Brens,CT,13,134.703125,peek,98703,,,,,,,,,,,traversal,141.16922656200882,1484.375,4984.375,0.0,176.0666046142578,0.0,44.562957763671875,0.0,0.926029597684388,0.0
pilot_mirage,Brens,CT,13,134.703125,peek,99936,,,,,,,,,,,traversal,53.36023570385161,1484.375,4984.375,0.0,117.00599670410156,0.6770833333333334,5.949432373046875,0.0,0.14365029188481077,1.0
pilot_mirage,Brens,CT,13,134.703125,peek,100624,,,,,,,,,,,traversal,125.34955031247155,1140.625,1656.25,1.0,127.40642547607422,0.7702702702702703,19.6414794921875,1.0,0.07271408179295163,1.0
pilot_mirage,Brens,CT,13,134.703125,peek,100770,,,,,,,,,,,jiggle,51.039727371997195,406.25,531.25,1.0,193.66123962402344,0.0,8.236648559570312,0.0,2.5457759018580823,0.0
pilot_mirage,Brens,CT,13,134.703125,peek,100978,,,,,,,,,,,commit,147.7905344355137,1484.375,4984.375,0.0,117.00391387939453,1.0,38.121551513671875,0.0,1.3131713392835538,1.0
pilot_mirage,Brens,CT,13,134.703125,peek,102250,,,,,,,,,,,commit,276.59134362834465,1484.375,4984.375,0.0,225.0027618408203,0.0,159.2097625732422,1.0,1.999422849222318,0.0
pilot_mirage,Brens,CT,13,134.703125,peek,103618,,,,,,,,,,,traversal,128.388416735305,1484.375,4984.375,0.0,117.00305938720703,0.625,24.393447875976562,0.0,0.6226800891598894,1.0
pilot_mirage,Brens,CT,13,134.703125,peek,104031,,,,,,,,,,,narrow,96.29865100605623,1484.375,4640.625,1.0,117.00407409667969,0.6354166666666666,103.5584716796875,0.0,1.5150015508314778,1.0
pilot_mirage,Brens,CT,13,134.703125,peek,105283,,,,,,,,,,,jiggle,22.913085138889706,250.0,250.0,1.0,145.7734375,0.0,1.2321929931640625,0.0,2.6222514800326695,0.0
pilot_mirage,Brens,CT,14,82.15625,stop,105677,counterstrafe,78.125,156.1424560546875,10.273660659790039,0.0,0.0,,,1.0,0.3168792724609375,,,,,,,,,,,
pilot_mirage,Brens,CT,14,82.15625,stop,105693,counterstrafe,328.125,156.1424560546875,15.303817749023438,0.0,0.0,,,1.0,0.3872528076171875,,,,,,,,,,,
pilot_mirage,Brens,CT,14,82.15625,stop,111483,counterstrafe,125.0,160.45469665527344,34.16219711303711,0.0,1.0,0.0,34.16219711303711,1.0,1.372955322265625,,,,,,,,,,,
pilot_mirage,Brens,CT,14,82.15625,stop,111604,counter_fwd,250.0,159.8586883544922,29.162145614624023,0.0,0.0,,,0.0,0.105743408203125,,,,,,,,,,,
pilot_mirage,Brens,CT,14,82.15625,stop,111634,counter_fwd,62.5,152.89654541015625,27.58411407470703,0.0,0.0,,,0.0,0.70416259765625,,,,,,,,,,,
pilot_mirage,Brens,CT,14,82.15625,peek,105365,,,,,,,,,,,commit,139.27539729678816,1484.375,4984.375,0.0,160.7906951904297,0.84375,152.8390350341797,0.0,3.162717411781565,1.0
pilot_mirage,Brens,CT,14,82.15625,peek,105747,,,,,,,,,,,traversal,866.0997308239489,296.875,4984.375,0.0,108.3303451538086,0.95,16.97491455078125,1.0,0.03451327191316846,1.0
pilot_mirage,Brens,CT,14,82.15625,peek,108620,,,,,,,,,,,traversal,26.22967359381766,734.375,734.375,1.0,98.42645263671875,0.6666666666666666,0.774200439453125,0.0,0.5302455618899746,1.0
pilot_mirage,Brens,CT,14,82.15625,peek,110356,,,,,,,,,,,traversal,1.7705463802795645,93.75,93.75,1.0,37.9809684753418,1.0,0.24615478515625,0.0,0.6995902133063788,1.0
pilot_mirage,Brens,CT,14,82.15625,peek,110453,,,,,,,,,,,traversal,23.835363106503426,453.125,453.125,1.0,120.216064453125,0.8,0.0350341796875,0.0,0.000245375156491539,1.0
pilot_mirage,Brens,CT,14,82.15625,peek,110490,,,,,,,,,,,traversal,24.718336109907927,406.25,406.25,1.0,98.77945709228516,1.0,0.070709228515625,0.0,0.033380544704714,1.0
pilot_mirage,Brens,CT,14,82.15625,peek,110654,,,,,,,,,,,traversal,282.52206401122316,1484.375,4984.375,0.0,250.0028533935547,0.0,129.18374633789062,0.0,0.35411584176697236,0.0
pilot_mirage,Brens,CT,15,22.03125,stop,114451,counterstrafe,78.125,164.89895629882812,28.276805877685547,0.0,0.0,,,1.0,0.211151123046875,,,,,,,,,,,
pilot_mirage,Brens,CT,15,22.03125,stop,114545,counterstrafe,125.0,156.28590393066406,30.255495071411133,0.0,0.0,,,0.0,0.0,,,,,,,,,,,
pilot_mirage,Brens,CT,16,41.234375,stop,121502,counterstrafe,78.125,169.22862243652344,19.08999252319336,0.0,1.0,0.0,19.08999252319336,1.0,0.8799285888671875,,,,,,,,,,,
pilot_mirage,Brens,CT,16,41.234375,stop,121546,counter_fwd,109.375,152.44277954101562,14.758285522460938,0.0,0.0,,,0.0,0.0,,,,,,,,,,,
pilot_mirage,Brens,CT,16,41.234375,stop,121588,release,218.75,157.69927978515625,28.23086166381836,0.0,1.0,0.0,28.23086166381836,0.0,0.0353546142578125,,,,,,,,,,,
pilot_mirage,Brens,CT,16,41.234375,stop,121625,counter_fwd,125.0,150.5738983154297,24.46758460998535,0.0,0.0,,,0.0,0.0,,,,,,,,,,,
pilot_mirage,Brens,CT,16,41.234375,stop,122734,counterstrafe,78.125,176.36326599121094,24.816591262817383,0.0,0.0,,,1.0,0.9152984619140625,,,,,,,,,,,
pilot_mirage,Brens,CT,16,41.234375,stop,122758,counterstrafe,78.125,161.21499633789062,12.281416893005371,0.0,0.0,,,1.0,0.3168792724609375,,,,,,,,,,,
pilot_mirage,Brens,CT,16,41.234375,stop,122832,counterstrafe,62.5,154.78897094726562,33.548858642578125,0.0,0.0,,,1.0,0.2465057373046875,,,,,,,,,,,
pilot_mirage,Brens,CT,16,41.234375,stop,122896,counterstrafe,62.5,151.14349365234375,33.12946319580078,0.0,0.0,,,1.0,0.0,,,,,,,,,,,
pilot_mirage,Brens,CT,16,41.234375,stop,123408,counterstrafe,62.5,150.18519592285156,34.914119720458984,0.0,0.0,,,1.0,0.0,,,,,,,,,,,
pilot_mirage,Brens,CT,16,41.234375,stop,123424,counterstrafe,312.5,150.18519592285156,10.040538787841797,0.0,0.0,,,1.0,0.3875885009765625,,,,,,,,,,,
pilot_mirage,Brens,CT,16,41.234375,stop,123449,counterstrafe,78.125,159.28221130371094,14.287311553955078,0.0,0.0,,,1.0,0.0,,,,,,,,,,,
pilot_mirage,Brens,CT,16,41.234375,peek,121608,,,,,,,,,,,traversal,26.37004875037476,250.0,250.0,1.0,150.5738983154297,0.0,0.0,0.0,9.33940378912304e-05,0.0
pilot_mirage,Brens,CT,16,41.234375,peek,121946,,,,,,,,,,,jiggle,45.182494005499464,1421.875,1453.125,1.0,143.55419921875,0.31521739130434784,15.558685302734375,0.0,1.8258659651411013,0.0
pilot_mirage,Brens,CT,16,41.234375,peek,122072,,,,,,,,,,,traversal,5.398695070257753,515.625,515.625,1.0,52.15617370605469,1.0,0.24652099609375,0.0,0.2657278999516325,1.0
pilot_mirage,Brens,CT,16,41.234375,peek,122227,,,,,,,,,,,traversal,62.72333704712381,1015.625,1234.375,1.0,125.44550323486328,0.5757575757575758,108.06393432617188,1.0,0.4096234514809784,1.0
pilot_mirage,Brens,CT,16,41.234375,peek,122848,,,,,,,,,,,commit,131.93784655920368,859.375,4984.375,0.0,225.0029296875,0.0,9.222320556640625,0.0,21.911772961275823,0.0
pilot_mirage,Brens,CT,17,37.546875,stop,132085,counterstrafe,78.125,177.50445556640625,29.75055694580078,0.0,1.0,0.0,29.75055694580078,1.0,0.3168792724609375,,,,,,,,,,,
pilot_mirage,Brens,CT,17,37.546875,stop,132132,counter_fwd,109.375,162.95469665527344,11.125409126281738,0.0,0.0,,,0.0,0.0,,,,,,,,,,,
pilot_mirage,Brens,CT,17,37.546875,stop,132342,release,203.125,179.4250030517578,34.27958679199219,0.0,0.0,,,1.0,0.07037353515625,,,,,,,,,,,
pilot_mirage,Brens,CT,17,37.546875,stop,133066,counterstrafe,78.125,155.2772674560547,23.720674514770508,0.0,0.0,,,1.0,0.07037353515625,,,,,,,,,,,
pilot_mirage,Brens,CT,17,37.546875,peek,132218,,,,,,,,,,,commit,314.55866351978443,1484.375,4984.375,0.0,245.00082397460938,0.0,79.6927490234375,1.0,1.509518431494693,0.0
pilot_mirage,Brens,CT,17,37.546875,peek,132607,,,,,,,,,,,traversal,18.71389026939923,375.0,375.0,1.0,80.28779602050781,0.68,31.04669189453125,0.0,0.13796914042777605,1.0
pilot_mirage,Brens,CT,17,37.546875,peek,132688,,,,,,,,,,,commit,79.9915441669691,1218.75,4984.375,0.0,117.00323486328125,0.6835443037974683,85.43070983886719,0.0,1.8396978101798003,1.0
pilot_mirage,Brens,CT,17,37.546875,peek,133546,,,,,,,,,,,traversal,14.719306771895228,640.625,640.625,1.0,72.53516387939453,1.0,6.969451904296875,0.0,0.6081148352135833,1.0
pilot_mirage,Brens,CT,17,37.546875,peek,133625,,,,,,,,,,,jiggle,40.07429920567361,453.125,453.125,1.0,116.97416687011719,0.9333333333333333,3.62548828125,0.0,1.802732047876483,1.0
pilot_mirage,Brens,CT,17,37.546875,peek,133694,,,,,,,,,,,traversal,117.24194518978592,1484.375,2046.875,0.0,117.00331115722656,0.8125,43.92987823486328,0.0,0.7793072273467451,1.0
pilot_mirage,Brens,CT,18,94.953125,stop,136239,counterstrafe,343.75,154.99058532714844,18.849477767944336,0.0,1.0,234.375,0.0,0.0,3.1328125,,,,,,,,,,,
pilot_mirage,Brens,CT,18,94.953125,stop,136299,counter_fwd,93.75,153.8479461669922,25.69082260131836,0.0,0.0,,,0.0,0.0,,,,,,,,,,,
pilot_mirage,Brens,CT,18,94.953125,stop,136539,counterstrafe,93.75,156.966064453125,15.499576568603516,0.0,0.0,,,1.0,0.211151123046875,,,,,,,,,,,
pilot_mirage,Brens,CT,18,94.953125,stop,136605,counterstrafe,78.125,158.59722900390625,30.3796329498291,0.0,1.0,140.625,0.0,1.0,0.0703887939453125,,,,,,,,,,,
pilot_mirage,Brens,CT,18,94.953125,stop,136643,counterstrafe,78.125,171.2010498046875,19.953887939453125,0.0,0.0,,,1.0,0.035369873046875,,,,,,,,,,,
pilot_mirage,Brens,CT,18,94.953125,stop,137581,release,234.375,154.44854736328125,32.22157669067383,0.0,0.0,,,0.0,0.739166259765625,,,,,,,,,,,
pilot_mirage,Brens,CT,18,94.953125,stop,137617,counterstrafe,78.125,153.59060668945312,8.989456176757812,0.0,0.0,,,1.0,0.0703887939453125,,,,,,,,,,,
pilot_mirage,Brens,CT,18,94.953125,stop,137621,counterstrafe,140.625,153.59060668945312,30.891767501831055,0.0,0.0,,,1.0,0.1053924560546875,,,,,,,,,,,
pilot_mirage,Brens,CT,18,94.953125,stop,137672,counterstrafe,62.5,153.57656860351562,32.35344314575195,0.0,1.0,203.125,0.0,0.0,0.7041473388671875,,,,,,,,,,,
pilot_mirage,Brens,CT,18,94.953125,stop,137809,counterstrafe,78.125,160.3983917236328,23.606975555419922,0.0,0.0,,,1.0,0.105743408203125,,,,,,,,,,,
pilot_mirage,Brens,CT,18,94.953125,stop,138526,counterstrafe,265.625,155.77076721191406,28.97913932800293,1.0,0.0,,,0.0,1.2672042846679688,,,,,,,,,,,
pilot_mirage,Brens,CT,18,94.953125,stop,138594,counterstrafe,78.125,157.78273010253906,25.036136627197266,0.0,0.0,,,0.0,0.0350189208984375,,,,,,,,,,,
pilot_mirage,Brens,CT,18,94.953125,stop,138671,counterstrafe,78.125,152.553955078125,18.316448211669922,0.0,1.0,125.0,0.0,1.0,0.35190582275390625,,,,,,,,,,,
pilot_mirage,Brens,CT,18,94.953125,stop,138867,counterstrafe,93.75,155.2003936767578,10.5026273727417,0.0,0.0,,,1.0,0.07038116455078125,,,,,,,,,,,
pilot_mirage,Brens,CT,18,94.953125,stop,138873,counterstrafe,187.5,155.2003936767578,29.468730926513672,0.0,0.0,,,1.0,0.49266815185546875,,,,,,,,,,,
pilot_mirage,Brens,CT,18,94.953125,stop,138949,counterstrafe,93.75,156.9964141845703,22.040115356445312,0.0,0.0,,,1.0,0.17578125,,,,,,,,,,,
pilot_mirage,Brens,CT,18,94.953125,stop,139011,counterstrafe,109.375,165.49700927734375,22.613683700561523,0.0,0.0,,,1.0,0.35190582275390625,,,,,,,,,,,
pilot_mirage,Brens,CT,18,94.953125,stop,139038,counterstrafe,93.75,151.7920379638672,15.001029968261719,0.0,0.0,,,0.0,0.03536224365234375,,,,,,,,,,,
pilot_mirage,Brens,CT,18,94.953125,stop,139059,counterstrafe,93.75,152.19981384277344,25.36851692199707,0.0,0.0,,,0.0,0.7038116455078125,,,,,,,,,,,
pilot_mirage,Brens,CT,18,94.953125,stop,139075,counterstrafe,343.75,152.19981384277344,10.433900833129883,0.0,0.0,,,1.0,0.880279541015625,,,,,,,,,,,
pilot_mirage,Brens,CT,18,94.953125,stop,139366,release,265.625,245.73789978027344,29.41015625,0.0,0.0,,,0.0,4.646186828613281,,,,,,,,,,,
pilot_mirage,Brens,CT,18,94.953125,stop,139579,counterstrafe,78.125,152.01866149902344,30.010669708251953,0.0,0.0,,,1.0,1.9713592529296875,,,,,,,,,,,
pilot_mirage,Brens,CT,18,94.953125,stop,139609,counterstrafe,78.125,153.92417907714844,24.062604904174805,0.0,0.0,,,1.0,0.07038116455078125,,,,,,,,,,,
pilot_mirage,Brens,CT,18,94.953125,stop,140095,counterstrafe,218.75,183.82754516601562,32.210018157958984,1.0,1.0,0.0,32.210018157958984,1.0,83.74087524414062,,,,,,,,,,,
pilot_mirage,Brens,CT,18,94.953125,stop,140248,counterstrafe,93.75,176.24256896972656,22.183088302612305,0.0,0.0,,,1.0,0.24615478515625,,,,,,,,,,,
pilot_mirage,Brens,CT,18,94.953125,stop,140316,counterstrafe,78.125,173.45094299316406,31.651729583740234,0.0,0.0,,,1.0,0.105377197265625,,,,,,,,,,,
pilot_mirage,Brens,CT,18,94.953125,stop,140342,counterstrafe,93.75,160.2172088623047,19.91481590270996,0.0,0.0,,,1.0,0.035003662109375,,,,,,,,,,,
pilot_mirage,Brens,CT,18,94.953125,stop,140471,counterstrafe,78.125,164.88320922851562,28.89584732055664,0.0,0.0,,,1.0,0.140777587890625,,,,,,,,,,,
pilot_mirage,Brens,CT,18,94.953125,stop,140492,counterstrafe,93.75,153.23031616210938,12.110295295715332,0.0,0.0,,,1.0,0.07037353515625,,,,,,,,,,,
pilot_mirage,Brens,CT,18,94.953125,stop,140533,counterstrafe,78.125,163.3055419921875,27.826372146606445,0.0,0.0,,,1.0,0.0,,,,,,,,,,,
pilot_mirage,Brens,CT,18,94.953125,stop,140558,counterstrafe,78.125,165.10874938964844,33.47709274291992,0.0,0.0,,,1.0,0.7745361328125,,,,,,,,,,,
pilot_mirage,Brens,CT,18,94.953125,stop,140658,counterstrafe,78.125,161.123046875,28.62094497680664,0.0,0.0,,,1.0,0.21114349365234375,,,,,,,,,,,
pilot_mirage,Brens,CT,18,94.953125,stop,140666,counterstrafe,203.125,161.123046875,8.41929817199707,0.0,0.0,,,1.0,1.1968231201171875,,,,,,,,,,,
pilot_mirage,Brens,CT,18,94.953125,stop,140719,counterstrafe,93.75,160.25088500976562,33.371612548828125,0.0,0.0,,,1.0,0.070037841796875,,,,,,,,,,,
pilot_mirage,Brens,CT,18,94.953125,stop,140787,counterstrafe,78.125,175.21824645996094,29.513416290283203,0.0,0.0,,,1.0,0.1407623291015625,,,,,,,,,,,
pilot_mirage,Brens,CT,18,94.953125,stop,140834,counterstrafe,78.125,155.28118896484375,31.20734977722168,0.0,0.0,,,0.0,0.03536224365234375,,,,,,,,,,,
pilot_mirage,Brens,CT,18,94.953125,stop,140879,counterstrafe,78.125,167.3331298828125,33.24617385864258,0.0,0.0,,,1.0,0.0350189208984375,,,,,,,,,,,
pilot_mirage,Brens,CT,18,94.953125,stop,140887,counterstrafe,203.125,167.3331298828125,32.51906967163086,0.0,0.0,,,1.0,3.062103271484375,,,,,,,,,,,
pilot_mirage,Brens,CT,18,94.953125,stop,140929,counterstrafe,93.75,168.39292907714844,12.077539443969727,0.0,0.0,,,1.0,0.31688690185546875,,,,,,,,,,,
pilot_mirage,Brens,CT,18,94.953125,stop,141035,counterstrafe,93.75,165.63668823242188,29.973207473754883,0.0,0.0,,,1.0,1.056060791015625,,,,,,,,,,,
pilot_mirage,Brens,CT,18,94.953125,stop,141149,counterstrafe,46.875,153.46331787109375,33.16503143310547,0.0,0.0,,,1.0,0.0,,,,,,,,,,,
pilot_mirage,Brens,CT,18,94.953125,stop,141160,counterstrafe,218.75,153.46331787109375,29.832866668701172,0.0,0.0,,,1.0,4.329643249511719,,,,,,,,,,,
pilot_mirage,Brens,CT,18,94.953125,stop,141205,counterstrafe,78.125,156.34605407714844,17.734710693359375,0.0,0.0,,,1.0,0.8449172973632812,,,,,,,,,,,
pilot_mirage,Brens,CT,18,94.953125,stop,141226,counterstrafe,78.125,152.22218322753906,33.583316802978516,0.0,0.0,,,1.0,0.31688690185546875,,,,,,,,,,,
pilot_mirage,Brens,CT,18,94.953125,stop,141617,counterstrafe,78.125,167.7584686279297,31.94277572631836,0.0,0.0,,,1.0,6.019134521484375,,,,,,,,,,,
pilot_mirage,Brens,CT,18,94.953125,stop,141626,counterstrafe,218.75,167.7584686279297,28.67597198486328,0.0,0.0,,,1.0,159.59667205810547,,,,,,,,,,,
pilot_mirage,Brens,CT,18,94.953125,peek,136267,,,,,,,,,,,traversal,74.80506679598112,484.375,765.625,1.0,221.78964233398438,0.0,0.1053924560546875,0.0,0.0004369816521559895,0.0
pilot_mirage,Brens,CT,18,94.953125,peek,136581,,,,,,,,,,,jiggle,48.78149435338312,500.0,593.75,1.0,191.43759155273438,0.0,2.74591064453125,1.0,47.79061478864977,0.0
pilot_mirage,Brens,CT,18,94.953125,peek,137443,,,,,,,,,,,commit,124.95513755516684,1359.375,4984.375,0.0,119.60276794433594,0.9772727272727273,21.930084228515625,1.0,1.9781352675565589,1.0
pilot_mirage,Brens,CT,18,94.953125,peek,138251,,,,,,,,,,,traversal,36.295451152342096,468.75,468.75,1.0,118.59033203125,0.4838709677419355,12.742767333984375,0.0,0.9767414675938968,0.0
pilot_mirage,Brens,CT,18,94.953125,peek,139466,,,,,,,,,,,commit,92.95851314548268,1093.75,4984.375,0.0,111.80301666259766,1.0,49.94898223876953,0.0,2.347754712030932,1.0
pilot_mirage,Brens,CT,18,94.953125,peek,140123,,,,,,,,,,,commit,245.68291106756578,1484.375,4984.375,0.0,215.00421142578125,0.0,119.5037841796875,0.0,1.0446864626320125,0.0
pilot_mirage,Brens,CT,18,94.953125,peek,141421,,,,,,,,,,,traversal,23.733149192665024,875.0,875.0,1.0,101.14015197753906,0.8947368421052632,0.7041549682617188,1.0,0.237534007302733,1.0
pilot_mirage,Brens,CT,18,94.953125,peek,141480,,,,,,,,,,,commit,153.49572493381072,1484.375,2343.75,0.0,212.59765625,0.3125,128.19843292236328,0.0,2.4210578998899814,0.0
pilot_mirage,Brens,T,0,29.140625,stop,1941,release,31.25,155.11451721191406,2.92204213142395,0.0,0.0,,,1.0,0.0,,,,,,,,,,,
pilot_mirage,Brens,T,0,29.140625,stop,1991,release,156.25,161.67251586914062,25.99857521057129,0.0,0.0,,,0.0,3.167816162109375,,,,,,,,,,,
pilot_mirage,Brens,T,0,29.140625,stop,2001,counterstrafe,312.5,161.67251586914062,12.700206756591797,0.0,0.0,,,0.0,48.39991760253906,,,,,,,,,,,
pilot_mirage,Brens,T,0,29.140625,stop,2030,counter_fwd,218.75,150.45123291015625,31.586835861206055,0.0,0.0,,,1.0,15.171432495117188,,,,,,,,,,,
pilot_mirage,Brens,T,0,29.140625,stop,2144,counter_fwd,109.375,150.5372314453125,10.197866439819336,0.0,0.0,,,0.0,6.054473876953125,,,,,,,,,,,
pilot_mirage,Brens,T,0,29.140625,stop,4513,counter_fwd,15.625,151.9293212890625,21.484634399414062,0.0,0.0,,,1.0,0.0,,,,,,,,,,,
pilot_mirage,Brens,T,1,23.59375,stop,10941,counterstrafe,109.375,157.48739624023438,27.857097625732422,0.0,1.0,0.0,27.857097625732422,0.0,1.02069091796875,,,,,,,,,,,
pilot_mirage,Brens,T,1,23.59375,stop,11324,counterstrafe,93.75,167.545166015625,11.53246784210205,0.0,0.0,,,1.0,0.6334228515625,,,,,,,,,,,
pilot_mirage,Brens,T,1,23.59375,stop,11420,counterstrafe,78.125,168.3711395263672,26.48848533630371,0.0,0.0,,,1.0,0.38726806640625,,,,,,,,,,,
pilot_mirage,Brens,T,1,23.59375,stop,11438,counterstrafe,359.375,168.3711395263672,18.405841827392578,0.0,0.0,,,1.0,3.168182373046875,,,,,,,,,,,
pilot_mirage,Brens,T,1,23.59375,peek,10004,,,,,,,,,,,traversal,287.22938283445774,1484.375,4984.375,0.0,250.00074768066406,0.0,30.518280029296875,1.0,0.16578853729575477,0.0
pilot_mirage,Brens,T,1,23.59375,peek,10984,,,,,,,,,,,traversal,227.90280760283443,1484.375,4984.375,0.0,215.00189208984375,0.0,9.25738525390625,0.0,0.5070000739489813,0.0
pilot_mirage,Brens,T,1,23.59375,peek,11386,,,,,,,,,,,commit,69.38384207842842,531.25,1156.25,0.0,200.60006713867188,0.0,18.339630126953125,0.0,5.372881982018859,0.0
pilot_mirage,Brens,T,2,50.34375,stop,17206,counterstrafe,78.125,162.48126220703125,18.12771224975586,0.0,0.0,,,1.0,0.0,,,,,,,,,,,
pilot_mirage,Brens,T,2,50.34375,stop,17380,counterstrafe,218.75,153.74818420410156,32.394290924072266,0.0,0.0,,,1.0,2.6751708984375,,,,,,,,,,,
pilot_mirage,Brens,T,2,50.34375,stop,17455,counterstrafe,78.125,166.27740478515625,25.424304962158203,0.0,0.0,,,1.0,0.24652099609375,,,,,,,,,,,
pilot_mirage,Brens,T,2,50.34375,stop,18160,counterstrafe,78.125,150.74667358398438,27.247426986694336,0.0,0.0,,,1.0,0.1407470703125,,,,,,,,,,,
pilot_mirage,Brens,T,2,50.34375,stop,18172,counterstrafe,265.625,150.74667358398438,29.22248649597168,0.0,0.0,,,1.0,0.633758544921875,,,,,,,,,,,
pilot_mirage,Brens,T,2,50.34375,stop,18319,counterstrafe,78.125,166.52793884277344,17.837976455688477,0.0,0.0,,,1.0,0.176116943359375,,,,,,,,,,,
pilot_mirage,Brens,T,2,50.34375,stop,18411,counterstrafe,93.75,150.38392639160156,23.210264205932617,0.0,0.0,,,1.0,0.070404052734375,,,,,,,,,,,
pilot_mirage,Brens,T,2,50.34375,stop,18436,counterstrafe,78.125,168.3761749267578,17.512889862060547,0.0,0.0,,,1.0,0.10540771484375,,,,,,,,,,,
pilot_mirage,Brens,T,2,50.34375,stop,18448,counterstrafe,265.625,168.3761749267578,29.19838523864746,0.0,0.0,,,1.0,0.6334228515625,,,,,,,,,,,
pilot_mirage,Brens,T,2,50.34375,stop,18626,counterstrafe,78.125,164.52090454101562,24.571653366088867,0.0,0.0,,,0.0,0.351898193359375,,,,,,,,,,,
pilot_mirage,Brens,T,2,50.34375,stop,18925,counterstrafe,140.625,164.52374267578125,28.793359756469727,0.0,0.0,,,1.0,0.07037353515625,,,,,,,,,,,
pilot_mirage,Brens,T,2,50.34375,stop,19048,counterstrafe,78.125,161.06687927246094,17.55251693725586,0.0,0.0,,,0.0,0.0,,,,,,,,,,,
pilot_mirage,Brens,T,2,50.34375,stop,19091,counterstrafe,218.75,151.09048461914062,22.023283004760742,1.0,0.0,,,1.0,1.02032470703125,,,,,,,,,,,
pilot_mirage,Brens,T,2,50.34375,stop,19561,counterstrafe,78.125,215.41131591796875,29.724185943603516,0.0,0.0,,,0.0,1.16180419921875,,,,,,,,,,,
pilot_mirage,Brens,T,2,50.34375,peek,16395,,,,,,,,,,,traversal,281.53458745605343,1484.375,4984.375,0.0,250.0016632080078,0.0,79.164794921875,2.0,0.44399634471038113,0.0
pilot_mirage,Brens,T,2,50.34375,peek,17089,,,,,,,,,,,commit,63.45300044108967,1203.125,4984.375,0.0,119.25847625732422,0.782051282051282,11.827117919921875,0.0,2.1746824692813336,1.0
pilot_mirage,Brens,T,2,50.34375,peek,17837,,,,,,,,,,,jiggle,26.503028252451127,1093.75,1093.75,1.0,147.43673706054688,0.0,4.998138427734375,0.0,1.9029130493574884,0.0
pilot_mirage,Brens,T,2,50.34375,peek,19324,,,,,,,,,,,traversal,301.01951195607927,1484.375,3718.75,0.0,230.0015411376953,0.0,56.2149658203125,0.0,0.7151277690336408,0.0
pilot_mirage,Brens,T,3,21.6875,stop,31014,counterstrafe,78.125,155.22975158691406,26.86173439025879,0.0,0.0,,,1.0,0.0,,,,,,,,,,,
pilot_mirage,Brens,T,3,21.6875,stop,31240,counterstrafe,78.125,152.90841674804688,11.61538028717041,0.0,0.0,,,1.0,0.0703887939453125,,,,,,,,,,,
pilot_mirage,Brens,T,3,21.6875,stop,31245,counterstrafe,156.25,152.90841674804688,24.050872802734375,0.0,0.0,,,1.0,0.38726806640625,,,,,,,,,,,
pilot_mirage,Brens,T,3,21.6875,stop,31502,counterstrafe,93.75,195.58067321777344,27.603885650634766,0.0,1.0,125.0,0.0,1.0,0.77490234375,,,,,,,,,,,
pilot_mirage,Brens,T,3,21.6875,stop,31579,release,234.375,155.31069946289062,33.31265640258789,0.0,0.0,,,0.0,0.07037353515625,,,,,,,,,,,
pilot_mirage,Brens,T,3,21.6875,stop,31612,counterstrafe,93.75,152.97137451171875,10.224790573120117,0.0,0.0,,,1.0,0.0,,,,,,,,,,,
pilot_mirage,Brens,T,3,21.6875,stop,31629,counterstrafe,359.375,152.97137451171875,20.95013999938965,0.0,0.0,,,1.0,1.231842041015625,,,,,,,,,,,
pilot_mirage,Brens,T,3,21.6875,stop,31729,counterstrafe,78.125,158.7491912841797,23.178003311157227,0.0,1.0,109.375,0.0,1.0,0.211151123046875,,,,,,,,,,,
pilot_mirage,Brens,T,3,21.6875,peek,30998,,,,,,,,,,,jiggle,24.78753002882289,250.0,250.0,1.0,155.22975158691406,0.0,3.5904541015625,0.0,32.959674844301844,0.0
pilot_mirage,Brens,T,4,43.953125,stop,36247,counterstrafe,78.125,161.9553680419922,27.978673934936523,0.0,0.0,,,1.0,0.0,,,,,,,,,,,
pilot_mirage,Brens,T,4,43.953125,stop,36331,counterstrafe,109.375,160.07260131835938,11.034645080566406,0.0,0.0,,,1.0,0.035369873046875,,,,,,,,,,,
pilot_mirage,Brens,T,4,43.953125,stop,36348,counterstrafe,375.0,160.07260131835938,28.942554473876953,0.0,0.0,,,1.0,0.14111328125,,,,,,,,,,,
pilot_mirage,Brens,T,4,43.953125,stop,36618,counterstrafe,78.125,162.11314392089844,29.34001350402832,0.0,0.0,,,1.0,0.0,,,,,,,,,,,
pilot_mirage,Brens,T,4,43.953125,stop,37758,counterstrafe,78.125,174.87631225585938,28.247600555419922,0.0,0.0,,,1.0,0.2111358642578125,,,,,,,,,,,
pilot_mirage,Brens,T,4,43.953125,stop,37818,counterstrafe,78.125,167.04476928710938,27.7962646484375,0.0,0.0,,,1.0,0.17578125,,,,,,,,,,,
pilot_mirage,Brens,T,4,43.953125,stop,37872,counterstrafe,78.125,162.44810485839844,23.642019271850586,0.0,0.0,,,1.0,0.35223388671875,,,,,,,,,,,
pilot_mirage,Brens,T,4,43.953125,stop,37963,counterstrafe,265.625,165.270263671875,34.10266876220703,1.0,1.0,0.0,34.10266876220703,0.0,1.232208251953125,,,,,,,,,,,
pilot_mirage,Brens,T,4,43.953125,stop,38262,counterstrafe,234.375,153.5958709716797,31.373537063598633,1.0,0.0,,,0.0,0.246856689453125,,,,,,,,,,,
pilot_mirage,Brens,T,4,43.953125,stop,38359,counterstrafe,78.125,159.15948486328125,30.695451736450195,0.0,0.0,,,1.0,0.035369873046875,,,,,,,,,,,
pilot_mirage,Brens,T,4,43.953125,stop,38371,counterstrafe,265.625,159.15948486328125,8.754667282104492,0.0,0.0,,,1.0,0.38763427734375,,,,,,,,,,,
pilot_mirage,Brens,T,4,43.953125,stop,38590,counterstrafe,125.0,153.92340087890625,32.300113677978516,0.0,1.0,0.0,32.300113677978516,1.0,1.61944580078125,,,,,,,,,,,
pilot_mirage,Brens,T,4,43.953125,stop,38643,counterstrafe,187.5,201.77845764160156,22.313833236694336,1.0,1.0,15.625,8.723684310913086,1.0,1.9717254638671875,,,,,,,,,,,
pilot_mirage,Brens,T,4,43.953125,peek,38012,,,,,,,,,,,jiggle,22.260330108439852,234.375,234.375,1.0,147.57830810546875,0.0,1.548736572265625,0.0,72.46571322083318,0.0
pilot_mirage,Brens,T,4,43.953125,peek,38079,,,,,,,,,,,commit,274.0364099182862,1484.375,4984.375,0.0,215.0020294189453,0.0,21.753936767578125,0.0,2.483123577469456,0.0
pilot_mirage,Brens,T,5,44.40625,stop,41517,release,15.625,192.20294189453125,24.843769073486328,0.0,0.0,,,0.0,0.17578125,,,,,,,,,,,
pilot_mirage,Brens,T,5,44.40625,stop,41566,counterstrafe,78.125,171.31271362304688,16.260629653930664,0.0,0.0,,,1.0,0.211151123046875,,,,,,,,,,,
pilot_mirage,Brens,T,5,44.40625,stop,41603,counterstrafe,125.0,152.1640625,30.968751907348633,0.0,0.0,,,0.0,0.52801513671875,,,,,,,,,,,
pilot_mirage,Brens,T,5,44.40625,stop,41680,counterstrafe,78.125,155.98138427734375,28.90601348876953,0.0,0.0,,,1.0,0.1761322021484375,,,,,,,,,,,
pilot_mirage,Brens,T,5,44.40625,stop,41719,counterstrafe,78.125,152.2634735107422,17.23246955871582,0.0,0.0,,,1.0,0.035369873046875,,,,,,,,,,,
pilot_mirage,Brens,T,5,44.40625,stop,42683,crouch_stop,218.75,153.1484375,0.021035799756646156,1.0,0.0,,,1.0,2.3936309814453125,,,,,,,,,,,
pilot_mirage,Brens,T,5,44.40625,stop,42729,counterstrafe,78.125,160.74700927734375,17.43947410583496,0.0,1.0,0.0,17.43947410583496,1.0,0.07000732421875,,,,,,,,,,,
pilot_mirage,Brens,T,5,44.40625,stop,42795,counter_fwd,125.0,151.1407012939453,20.960960388183594,0.0,0.0,,,0.0,0.0,,,,,,,,,,,
pilot_mirage,Brens,T,5,44.40625,stop,42891,release,250.0,161.546875,29.828128814697266,0.0,0.0,,,0.0,1.5841064453125,,,,,,,,,,,
pilot_mirage,Brens,T,5,44.40625,stop,43090,release,31.25,174.90476989746094,29.445329666137695,0.0,0.0,,,0.0,1.231842041015625,,,,,,,,,,,
pilot_mirage,Brens,T,5,44.40625,stop,43128,crouch_stop,171.875,150.06640625,18.976564407348633,1.0,0.0,,,0.0,0.4929962158203125,,,,,,,,,,,
pilot_mirage,Brens,T,5,44.40625,stop,43204,counterstrafe,78.125,179.10546875,34.89130401611328,0.0,1.0,78.125,0.0,0.0,0.492645263671875,,,,,,,,,,,
pilot_mirage,Brens,T,5,44.40625,peek,41621,,,,,,,,,,,commit,122.04350709343139,1062.5,4984.375,0.0,223.2095947265625,0.0,23.4788818359375,0.0,4.599131404984405,0.0
pilot_mirage,Brens,T,5,44.40625,peek,41990,,,,,,,,,,,jiggle,13.416474642157505,578.125,578.125,1.0,146.5469970703125,0.0,3.66015625,0.0,8.044844889254469,0.0
pilot_mirage,Brens,T,5,44.40625,peek,42076,,,,,,,,,,,commit,176.9034325393506,1484.375,4984.375,0.0,124.8017807006836,0.9375,113.55537414550781,0.0,1.172795872869454,1.0
pilot_mirage,Brens,T,5,44.40625,peek,43037,,,,,,,,,,,commit,152.84099517797492,1406.25,2812.5,0.0,215.0009765625,0.0,95.46295166015625,1.0,1.7395849764158344,0.0
pilot_mirage,Brens,T,6,16.40625,stop,45462,release,125.0,155.05535888671875,31.744781494140625,0.0,0.0,,,1.0,0.211151123046875,,,,,,,,,,,
pilot_mirage,Brens,T,6,16.40625,stop,45972,counterstrafe,93.75,178.13772583007812,23.813425064086914,0.0,0.0,,,1.0,0.1407623291015625,,,,,,,,,,,
pilot_mirage,Brens,T,6,16.40625,stop,45987,counterstrafe,328.125,178.13772583007812,17.065311431884766,0.0,0.0,,,1.0,0.35190582275390625,,,,,,,,,,,
pilot_mirage,Brens,T,6,16.40625,peek,45625,,,,,,,,,,,traversal,299.1602197122951,1484.375,4984.375,0.0,245.00144958496094,0.0,44.91520690917969,1.0,0.6919815366960334,0.0
pilot_mirage,Brens,T,7,69.25,stop,54138,release,62.5,180.19590759277344,0.0,0.0,1.0,0.0,0.0,0.0,1.3726043701171875,,,,,,,,,,,
pilot_mirage,Brens,T,7,69.25,stop,54719,counter_fwd,78.125,159.4418182373047,25.548137664794922,0.0,0.0,,,0.0,0.07037353515625,,,,,,,,,,,
pilot_mirage,Brens,T,7,69.25,stop,55082,counterstrafe,62.5,154.5942840576172,27.47744369506836,0.0,0.0,,,1.0,0.1407623291015625,,,,,,,,,,,
pilot_mirage,Brens,T,7,69.25,stop,55191,counter_fwd,78.125,154.9768524169922,25.96672248840332,0.0,0.0,,,0.0,0.17612457275390625,,,,,,,,,,,
pilot_mirage,Brens,T,7,69.25,stop,55557,release,109.375,154.84178161621094,7.257879734039307,0.0,0.0,,,0.0,0.281524658203125,,,,,,,,,,,
pilot_mirage,Brens,T,7,69.25,stop,55803,counterstrafe,62.5,161.4124755859375,34.52093505859375,0.0,0.0,,,1.0,0.0,,,,,,,,,,,
pilot_mirage,Brens,T,7,69.25,stop,55822,counterstrafe,78.125,155.44009399414062,25.67217445373535,0.0,0.0,,,1.0,0.1053924560546875,,,,,,,,,,,
pilot_mirage,Brens,T,7,69.25,stop,55885,counterstrafe,78.125,152.9087677001953,15.786906242370605,0.0,0.0,,,1.0,0.0,,,,,,,,,,,
pilot_mirage,Brens,T,7,69.25,stop,55912,counterstrafe,218.75,158.82199096679688,30.292333602905273,0.0,0.0,,,0.0,1.0910797119140625,,,,,,,,,,,
pilot_mirage,Brens,T,7,69.25,stop,56343,release,62.5,154.16796875,19.238306045532227,0.0,0.0,,,1.0,15.523330688476562,,,,,,,,,,,
pilot_mirage,Brens,T,7,69.25,stop,57674,counterstrafe,78.125,165.88967895507812,12.4202241897583,0.0,0.0,,,1.0,0.0,,,,,,,,,,,
pilot_mirage,Brens,T,7,69.25,stop,58109,counterstrafe,78.125,158.94664001464844,21.95016860961914,0.0,0.0,,,1.0,0.0,,,,,,,,,,,
pilot_mirage,Brens,T,7,69.25,stop,58168,counterstrafe,78.125,172.54446411132812,28.888011932373047,0.0,0.0,,,1.0,0.8799362182617188,,,,,,,,,,,
pilot_mirage,Brens,T,7,69.25,stop,58256,counterstrafe,93.75,158.3108673095703,33.34299087524414,0.0,0.0,,,1.0,0.211151123046875,,,,,,,,,,,
pilot_mirage,Brens,T,7,69.25,peek,54184,,,,,,,,,,,traversal,257.42765993755046,1484.375,4984.375,0.0,250.00201416015625,0.0,69.06179809570312,0.0,0.46745810221306205,0.0
pilot_mirage,Brens,T,7,69.25,peek,55067,,,,,,,,,,,jiggle,23.769039752403366,218.75,218.75,1.0,162.50692749023438,0.0,2.2525405883789062,0.0,36.800624131927485,0.0
pilot_mirage,Brens,T,7,69.25,peek,55639,,,,,,,,,,,jiggle,19.859457032329132,328.125,328.125,1.0,85.60550689697266,1.0,0.2818756103515625,0.0,1.5573286377255726,1.0
pilot_mirage,Brens,T,7,69.25,peek,55751,,,,,,,,,,,jiggle,32.297923233414906,437.5,437.5,1.0,146.4176788330078,0.41379310344827586,1.407958984375,0.0,1.320834555623858,0.0
pilot_mirage,Brens,T,7,69.25,peek,55952,,,,,,,,,,,traversal,171.0219134781853,1484.375,4984.375,0.0,145.9248809814453,0.9166666666666666,208.52462768554688,0.0,0.22320890269665883,1.0
pilot_mirage,Brens,T,7,69.25,peek,56475,,,,,,,,,,,traversal,22.03871876863705,562.5,562.5,1.0,93.5248794555664,0.43243243243243246,0.0,0.0,0.00029714825246033845,0.0
pilot_mirage,Brens,T,7,69.25,peek,56514,,,,,,,,,,,traversal,73.68624162635861,750.0,1046.875,1.0,130.7843017578125,0.5918367346938775,0.0,0.0,0.0001186195159588448,1.0
pilot_mirage,Brens,T,7,69.25,peek,57417,,,,,,,,,,,commit,151.83154345946363,1484.375,4984.375,0.0,124.80225372314453,0.9895833333333334,138.3714141845703,0.0,1.3487697755039807,1.0
pilot_mirage,Brens,T,8,75.09375,stop,64216,counter_fwd,234.375,156.1855926513672,32.53529357910156,0.0,1.0,0.0,32.53529357910156,0.0,0.527679443359375,,,,,,,,,,,
pilot_mirage,Brens,T,8,75.09375,stop,64268,counterstrafe,265.625,157.18368530273438,30.957046508789062,0.0,0.0,,,0.0,126.93123626708984,,,,,,,,,,,
pilot_mirage,Brens,T,8,75.09375,stop,64353,counterstrafe,156.25,160.40081787109375,26.205453872680664,0.0,1.0,0.0,26.205453872680664,1.0,2.851654052734375,,,,,,,,,,,
pilot_mirage,Brens,T,8,75.09375,stop,64428,crouch_stop,109.375,160.80078125,1.3675446510314941,1.0,0.0,,,1.0,5.420745849609375,,,,,,,,,,,
pilot_mirage,Brens,T,8,75.09375,stop,64479,counterstrafe,93.75,166.26953125,20.785179138183594,0.0,0.0,,,1.0,1.05572509765625,,,,,,,,,,,
pilot_mirage,Brens,T,8,75.09375,stop,64491,counterstrafe,281.25,166.26953125,27.769058227539062,0.0,0.0,,,1.0,1.548736572265625,,,,,,,,,,,
pilot_mirage,Brens,T,8,75.09375,stop,64652,counterstrafe,78.125,155.8828125,23.839452743530273,0.0,0.0,,,1.0,0.0,,,,,,,,,,,
pilot_mirage,Brens,T,8,75.09375,stop,64742,counterstrafe,171.875,169.3399658203125,29.241846084594727,0.0,0.0,,,1.0,0.0,,,,,,,,,,,
pilot_mirage,Brens,T,8,75.09375,stop,64882,counterstrafe,78.125,169.1970672607422,13.911100387573242,0.0,1.0,0.0,13.911100387573242,1.0,1.4783401489257812,,,,,,,,,,,
pilot_mirage,Brens,T,8,75.09375,peek,64379,,,,,,,,,,,commit,106.34831627986861,750.0,4984.375,0.0,195.65794372558594,0.0,35.833343505859375,0.0,2.0107093426054585,0.0
pilot_mirage,Brens,T,8,75.09375,peek,64762,,,,,,,,,,,narrow,152.63339028955923,1484.375,2906.25,1.0,222.9217987060547,0.3645833333333333,29.708755493164062,1.0,1.0106379463278214,0.0
pilot_mirage,Brens,T,8,75.09375,peek,66885,,,,,,,,,,,jiggle,20.67984908942964,1281.25,1281.25,1.0,115.3952407836914,0.0,3.6965789794921875,0.0,25.332685841774474,0.0
pilot_mirage,Brens,T,8,75.09375,peek,67748,,,,,,,,,,,commit,95.04212501532855,1140.625,1375.0,0.0,143.37918090820312,0.44594594594594594,45.05596923828125,1.0,2.4286508210564675,0.0
pilot_mirage,Brens,T,9,65.296875,stop,70746,counterstrafe,265.625,153.960693359375,29.147884368896484,1.0,1.0,0.0,29.147884368896484,1.0,2.9216766357421875,,,,,,,,,,,
pilot_mirage,Brens,T,9,65.296875,stop,70991,counterstrafe,78.125,168.87017822265625,25.327625274658203,0.0,0.0,,,1.0,0.7395172119140625,,,,,,,,,,,
pilot_mirage,Brens,T,9,65.296875,stop,71029,counterstrafe,93.75,190.23892211914062,15.795275688171387,0.0,0.0,,,0.0,0.17612457275390625,,,,,,,,,,,
pilot_mirage,Brens,T,9,65.296875,stop,71076,counterstrafe,78.125,151.83761596679688,14.100943565368652,0.0,0.0,,,1.0,0.3522491455078125,,,,,,,,,,,
pilot_mirage,Brens,T,9,65.296875,stop,71096,counterstrafe,78.125,151.6993865966797,25.286767959594727,0.0,1.0,281.25,14.690722465515137,1.0,0.07038116455078125,,,,,,,,,,,
pilot_mirage,Brens,T,9,65.296875,stop,71114,counterstrafe,359.375,151.6993865966797,14.690722465515137,0.0,1.0,0.0,14.690722465515137,1.0,1.6541290283203125,,,,,,,,,,,
pilot_mirage,Brens,T,9,65.296875,stop,71404,counterstrafe,234.375,173.61659240722656,23.697696685791016,0.0,0.0,,,1.0,0.4923095703125,,,,,,,,,,,
pilot_mirage,Brens,T,9,65.296875,stop,71767,counterstrafe,93.75,173.33090209960938,26.553070068359375,0.0,0.0,,,1.0,0.035003662109375,,,,,,,,,,,
pilot_mirage,Brens,T,9,65.296875,stop,71839,counterstrafe,78.125,164.07394409179688,20.724565505981445,0.0,0.0,,,0.0,0.1407470703125,,,,,,,,,,,
pilot_mirage,Brens,T,9,65.296875,stop,71955,counterstrafe,78.125,177.97024536132812,34.262237548828125,0.0,0.0,,,1.0,0.3168792724609375,,,,,,,,,,,
pilot_mirage,Brens,T,9,65.296875,stop,72025,counterstrafe,156.25,179.89920043945312,28.82940101623535,0.0,0.0,,,1.0,0.07037353515625,,,,,,,,,,,
pilot_mirage,Brens,T,9,65.296875,stop,72089,counterstrafe,93.75,158.22361755371094,18.01563835144043,0.0,0.0,,,1.0,0.105743408203125,,,,,,,,,,,
pilot_mirage,Brens,T,9,65.296875,stop,72105,counterstrafe,343.75,158.22361755371094,26.17533302307129,0.0,0.0,,,1.0,15.417922973632812,,,,,,,,,,,
pilot_mirage,Brens,T,9,65.296875,stop,72157,counterstrafe,93.75,164.76219177246094,26.40625,0.0,0.0,,,1.0,0.0350189208984375,,,,,,,,,,,
pilot_mirage,Brens,T,9,65.296875,stop,72170,counterstrafe,296.875,164.76219177246094,23.425186157226562,0.0,0.0,,,1.0,2.0060272216796875,,,,,,,,,,,
pilot_mirage,Brens,T,9,65.296875,stop,72200,counterstrafe,78.125,162.92431640625,25.226621627807617,0.0,0.0,,,1.0,0.8095550537109375,,,,,,,,,,,
pilot_mirage,Brens,T,9,65.296875,stop,72208,counterstrafe,203.125,162.92431640625,19.995515823364258,0.0,0.0,,,1.0,3.06243896484375,,,,,,,,,,,
pilot_mirage,Brens,T,9,65.296875,stop,72344,counterstrafe,93.75,179.75721740722656,11.73916244506836,0.0,0.0,,,1.0,0.281524658203125,,,,,,,,,,,
pilot_mirage,Brens,T,9,65.296875,stop,72564,counterstrafe,125.0,214.9978790283203,18.369857788085938,0.0,1.0,0.0,18.369857788085938,1.0,3.6605072021484375,,,,,,,,,,,
pilot_mirage,Brens,T,9,65.296875,stop,72576,counterstrafe,312.5,214.9978790283203,31.29720687866211,1.0,1.0,0.0,31.29720687866211,1.0,7.6732635498046875,,,,,,,,,,,
pilot_mirage,Brens,T,9,65.296875,stop,72702,counterstrafe,78.125,164.98497009277344,26.655311584472656,0.0,0.0,,,1.0,0.07037353515625,,,,,,,,,,,
pilot_mirage,Brens,T,9,65.296875,stop,72798,counterstrafe,78.125,155.5550079345703,19.289770126342773,0.0,0.0,,,1.0,0.5280303955078125,,,,,,,,,,,
pilot_mirage,Brens,T,9,65.296875,stop,72807,counterstrafe,218.75,155.5550079345703,33.87607192993164,0.0,0.0,,,1.0,0.668426513671875,,,,,,,,,,,
pilot_mirage,Brens,T,9,65.296875,stop,73398,counterstrafe,187.5,171.3249053955078,25.20806884765625,0.0,0.0,,,1.0,0.4222869873046875,,,,,,,,,,,
pilot_mirage,Brens,T,9,65.296875,stop,73471,counterstrafe,93.75,191.31875610351562,17.8356990814209,0.0,0.0,,,1.0,0.0,,,,,,,,,,,
pilot_mirage,Brens,T,9,65.296875,stop,73502,counterstrafe,78.125,158.32240295410156,18.322612762451172,0.0,0.0,,,1.0,0.0,,,,,,,,,,,
pilot_mirage,Brens,T,9,65.296875,peek,70779,,,,,,,,,,,commit,205.7096375338267,1484.375,4984.375,0.0,215.0017852783203,0.3125,44.42218780517578,0.0,1.3133605516844633,0.0
pilot_mirage,Brens,T,9,65.296875,peek,72621,,,,,,,,,,,traversal,173.92033608589128,1265.625,4984.375,0.0,197.42135620117188,0.0,20.802978515625,0.0,0.9790248814012631,0.0
pilot_mirage,Brens,T,10,83.390625,stop,75830,release,15.625,253.02725219726562,21.485206604003906,0.0,0.0,,,1.0,0.0,,,,,,,,,,,
pilot_mirage,Brens,T,10,83.390625,stop,76435,counterstrafe,78.125,157.5691375732422,26.880054473876953,0.0,0.0,,,1.0,0.0350189208984375,,,,,,,,,,,
pilot_mirage,Brens,T,10,83.390625,stop,76535,counterstrafe,93.75,155.5487823486328,16.1760311126709,0.0,0.0,,,1.0,0.035369873046875,,,,,,,,,,,
pilot_mirage,Brens,T,10,83.390625,stop,76604,counterstrafe,78.125,155.77076721191406,14.389512062072754,0.0,0.0,,,1.0,0.0,,,,,,,,,,,
pilot_mirage,Brens,T,10,83.390625,stop,76622,counterstrafe,359.375,155.77076721191406,30.63531494140625,0.0,0.0,,,1.0,1.548736572265625,,,,,,,,,,,
pilot_mirage,Brens,T,10,83.390625,stop,76775,counterstrafe,109.375,152.59417724609375,16.471426010131836,0.0,0.0,,,1.0,0.3519134521484375,,,,,,,,,,,
pilot_mirage,Brens,T,10,83.390625,stop,78806,counterstrafe,93.75,184.21360778808594,24.881572723388672,0.0,0.0,,,1.0,0.2461395263671875,,,,,,,,,,,
pilot_mirage,Brens,T,10,83.390625,stop,79788,counterstrafe,78.125,172.7959442138672,26.789865493774414,0.0,0.0,,,1.0,2.1471405029296875,,,,,,,,,,,
pilot_mirage,Brens,T,10,83.390625,stop,79805,counterstrafe,343.75,172.7959442138672,29.636690139770508,0.0,0.0,,,1.0,5.420379638671875,,,,,,,,,,,
pilot_mirage,Brens,T,10,83.390625,stop,79957,counterstrafe,125.0,161.5535125732422,29.75217056274414,0.0,0.0,,,1.0,0.28186798095703125,,,,,,,,,,,
pilot_mirage,Brens,T,10,83.390625,peek,77251,,,,,,,,,,,jiggle,17.16028580726854,1484.375,1484.375,1.0,128.9456024169922,0.052083333333333336,5.1745452880859375,0.0,3.6056685790256444,0.0
pilot_mirage,Brens,T,10,83.390625,peek,77638,,,,,,,,,,,traversal,266.9504170460596,1484.375,4984.375,0.0,250.00169372558594,0.0,27.526931762695312,1.0,0.4155479925679205,0.0
pilot_mirage,Brens,T,11,23.96875,stop,83465,counterstrafe,375.0,162.8735809326172,16.308631896972656,0.0,0.0,,,1.0,1.126434326171875,,,,,,,,,,,
pilot_mirage,Brens,T,11,23.96875,stop,84030,counterstrafe,78.125,166.88766479492188,30.9482364654541,0.0,1.0,187.5,89.73094177246094,1.0,3.2385635375976562,,,,,,,,,,,
pilot_mirage,Brens,T,11,23.96875,stop,84048,counterstrafe,359.375,166.88766479492188,24.719358444213867,0.0,1.0,0.0,24.719358444213867,1.0,5.3153228759765625,,,,,,,,,,,
pilot_mirage,Brens,T,11,23.96875,stop,84199,counterstrafe,78.125,179.42750549316406,32.58793640136719,0.0,1.0,46.875,14.980945587158203,1.0,0.140777587890625,,,,,,,,,,,
pilot_mirage,Brens,T,11,23.96875,stop,84330,counterstrafe,78.125,166.794677734375,26.289363861083984,0.0,0.0,,,1.0,0.17578125,,,,,,,,,,,
pilot_mirage,Brens,T,11,23.96875,stop,84411,counterstrafe,78.125,172.09201049804688,28.448453903198242,0.0,1.0,15.625,8.278079986572266,0.0,1.7598876953125,,,,,,,,,,,
pilot_mirage,Brens,T,11,23.96875,stop,84520,counterstrafe,171.875,154.81655883789062,31.200578689575195,1.0,1.0,0.0,31.200578689575195,1.0,2.74554443359375,,,,,,,,,,,
pilot_mirage,Brens,T,11,23.96875,peek,83575,,,,,,,,,,,jiggle,20.11714035556417,218.75,218.75,1.0,141.71534729003906,0.0,0.4576416015625,0.0,66.97239428330573,0.0
pilot_mirage,Brens,T,11,23.96875,peek,84083,,,,,,,,,,,traversal,279.72695435726774,1484.375,4984.375,0.0,215.00291442871094,0.0,28.371505737304688,1.0,0.9992784153986897,0.0
pilot_mirage,MAHAR_-,CT,12,20.890625,stop,91217,counterstrafe,187.5,192.39834594726562,26.735004425048828,0.0,0.0,,,0.0,0.74774169921875,,,,,,,,,,,
pilot_mirage,MAHAR_-,CT,12,20.890625,stop,91222,counterstrafe,265.625,192.39834594726562,31.104108810424805,0.0,0.0,,,0.0,1.047119140625,,,,,,,,,,,
pilot_mirage,MAHAR_-,CT,12,20.890625,stop,91528,counterstrafe,109.375,152.94863891601562,32.81201171875,0.0,0.0,,,1.0,2.4684906005859375,,,,,,,,,,,
pilot_mirage,MAHAR_-,CT,12,20.890625,stop,91551,counter_fwd,171.875,156.07373046875,33.0734748840332,0.0,0.0,,,0.0,0.0,,,,,,,,,,,
pilot_mirage,MAHAR_-,CT,12,20.890625,stop,91555,counter_fwd,234.375,156.07373046875,27.488372802734375,0.0,0.0,,,0.0,0.0,,,,,,,,,,,
pilot_mirage,MAHAR_-,CT,12,20.890625,stop,91797,counterstrafe,125.0,152.33203125,27.335954666137695,0.0,0.0,,,1.0,39.71867370605469,,,,,,,,,,,
pilot_mirage,MAHAR_-,CT,12,20.890625,stop,91837,counterstrafe,78.125,168.33901977539062,24.055225372314453,0.0,0.0,,,1.0,0.9348678588867188,,,,,,,,,,,
pilot_mirage,MAHAR_-,CT,12,20.890625,stop,91847,counterstrafe,234.375,168.33901977539062,17.909948348999023,0.0,0.0,,,1.0,6.694450378417969,,,,,,,,,,,
pilot_mirage,MAHAR_-,CT,12,20.890625,stop,91904,counterstrafe,78.125,169.7515869140625,16.240076065063477,0.0,1.0,93.75,81.7103042602539,1.0,0.149688720703125,,,,,,,,,,,
pilot_mirage,MAHAR_-,CT,12,20.890625,peek,91388,,,,,,,,,,,traversal,320.70440949056734,1484.375,4984.375,0.0,241.7811737060547,0.0,121.77487182617188,1.0,0.1996848653242639,0.0
pilot_mirage,MAHAR_-,CT,13,79.296875,stop,97622,counterstrafe,78.125,150.43357849121094,13.52298641204834,0.0,0.0,,,1.0,0.0,,,,,,,,,,,
pilot_mirage,MAHAR_-,CT,13,79.296875,stop,97635,counterstrafe,281.25,150.43357849121094,25.420001983642578,0.0,0.0,,,1.0,0.1122589111328125,,,,,,,,,,,
pilot_mirage,MAHAR_-,CT,13,79.296875,stop,98203,counterstrafe,78.125,160.03343200683594,13.578161239624023,0.0,0.0,,,1.0,0.6732635498046875,,,,,,,,,,,
pilot_mirage,MAHAR_-,CT,13,79.296875,stop,98550,counterstrafe,78.125,155.62892150878906,11.783824920654297,0.0,0.0,,,1.0,0.336456298828125,,,,,,,,,,,
pilot_mirage,MAHAR_-,CT,13,79.296875,stop,98568,counterstrafe,359.375,155.62892150878906,12.355635643005371,0.0,0.0,,,1.0,4.225616455078125,,,,,,,,,,,
pilot_mirage,MAHAR_-,CT,13,79.296875,stop,99400,counterstrafe,78.125,150.67967224121094,28.742496490478516,0.0,0.0,,,1.0,0.0,,,,,,,,,,,
pilot_mirage,MAHAR_-,CT,13,79.296875,stop,99607,counterstrafe,343.75,151.2655487060547,26.54266929626465,0.0,0.0,,,0.0,45.328857421875,,,,,,,,,,,
pilot_mirage,MAHAR_-,CT,13,79.296875,stop,100191,counterstrafe,78.125,150.39608764648438,19.3853702545166,0.0,0.0,,,0.0,1.8697357177734375,,,,,,,,,,,
pilot_mirage,MAHAR_-,CT,13,79.296875,stop,100245,counterstrafe,78.125,165.69049072265625,29.447513580322266,0.0,0.0,,,1.0,0.0,,,,,,,,,,,
pilot_mirage,MAHAR_-,CT,13,79.296875,stop,100257,counterstrafe,265.625,165.69049072265625,19.722766876220703,0.0,0.0,,,1.0,7.068328857421875,,,,,,,,,,,
pilot_mirage,MAHAR_-,CT,13,79.296875,stop,100283,counterstrafe,62.5,151.54920959472656,33.14961242675781,0.0,0.0,,,1.0,0.0,,,,,,,,,,,
pilot_mirage,MAHAR_-,CT,13,79.296875,stop,100481,counterstrafe,375.0,153.41830444335938,21.3314208984375,1.0,0.0,,,1.0,2.2813720703125,,,,,,,,,,,
pilot_mirage,MAHAR_-,CT,13,79.296875,stop,100845,counterstrafe,78.125,150.9497528076172,26.36774444580078,0.0,0.0,,,1.0,0.261627197265625,,,,,,,,,,,
pilot_mirage,MAHAR_-,CT,13,79.296875,stop,100863,counterstrafe,359.375,150.9497528076172,26.58056640625,0.0,0.0,,,1.0,2.0568695068359375,,,,,,,,,,,
pilot_mirage,MAHAR_-,CT,13,79.296875,stop,101240,counterstrafe,78.125,155.755859375,21.767955780029297,0.0,0.0,,,1.0,0.03741455078125,,,,,,,,,,,
pilot_mirage,MAHAR_-,CT,13,79.296875,stop,101258,counterstrafe,359.375,155.755859375,32.29258728027344,0.0,0.0,,,1.0,1.00970458984375,,,,,,,,,,,
pilot_mirage,MAHAR_-,CT,13,79.296875,stop,101287,counterstrafe,78.125,155.68450927734375,29.057376861572266,0.0,0.0,,,1.0,0.1122589111328125,,,,,,,,,,,
pilot_mirage,MAHAR_-,CT,13,79.296875,stop,101307,counterstrafe,93.75,150.89064025878906,10.250815391540527,0.0,0.0,,,1.0,0.22454833984375,,,,,,,,,,,
pilot_mirage,MAHAR_-,CT,13,79.296875,stop,101316,counterstrafe,234.375,150.89064025878906,20.662561416625977,0.0,0.0,,,1.0,0.22454833984375,,,,,,,,,,,
pilot_mirage,MAHAR_-,CT,13,79.296875,stop,101336,counterstrafe,78.125,155.33912658691406,14.389846801757812,0.0,0.0,,,1.0,0.112274169921875,,,,,,,,,,,
pilot_mirage,MAHAR_-,CT,13,79.296875,stop,101354,counterstrafe,359.375,155.33912658691406,32.87408447265625,0.0,0.0,,,1.0,0.6732635498046875,,,,,,,,,,,
pilot_mirage,MAHAR_-,CT,13,79.296875,stop,101381,counterstrafe,78.125,156.89683532714844,31.065011978149414,0.0,0.0,,,1.0,0.1119384765625,,,,,,,,,,,
pilot_mirage,MAHAR_-,CT,13,79.296875,stop,101399,counterstrafe,359.375,156.89683532714844,20.22785758972168,0.0,0.0,,,1.0,0.8974609375,,,,,,,,,,,
pilot_mirage,MAHAR_-,CT,13,79.296875,stop,101431,counterstrafe,78.125,153.75828552246094,12.341200828552246,0.0,0.0,,,1.0,0.22454833984375,,,,,,,,,,,
pilot_mirage,MAHAR_-,CT,13,79.296875,stop,101447,counterstrafe,328.125,153.75828552246094,34.16080093383789,0.0,0.0,,,1.0,0.785552978515625,,,,,,,,,,,
pilot_mirage,MAHAR_-,CT,13,79.296875,stop,102095,release,15.625,215.625,29.890642166137695,0.0,0.0,,,1.0,0.0748443603515625,,,,,,,,,,,
pilot_mirage,MAHAR_-,CT,13,79.296875,stop,102141,counterstrafe,78.125,184.00689697265625,32.954463958740234,0.0,1.0,328.125,119.06456756591797,1.0,2.1691131591796875,,,,,,,,,,,
pilot_mirage,MAHAR_-,CT,13,79.296875,stop,102152,counterstrafe,250.0,184.00689697265625,18.36416244506836,0.0,1.0,156.25,119.06456756591797,1.0,4.6001739501953125,,,,,,,,,,,
pilot_mirage,MAHAR_-,CT,13,79.296875,peek,97961,,,,,,,,,,,jiggle,4.379296308392712,437.5,437.5,1.0,74.73979187011719,0.4827586206896552,1.0845947265625,0.0,17.412747598939404,0.0
pilot_mirage,MAHAR_-,CT,13,79.296875,peek,98066,,,,,,,,,,,traversal,163.60933612290995,1484.375,4984.375,0.0,167.20516967773438,0.8541666666666666,135.91151428222656,0.0,0.9392504166745845,1.0
pilot_mirage,MAHAR_-,CT,13,79.296875,peek,99571,,,,,,,,,,,commit,200.5815892566342,1484.375,4984.375,0.0,225.00144958496094,0.3645833333333333,89.08676147460938,0.0,4.234397846408676,0.0
pilot_mirage,MAHAR_-,CT,13,79.296875,peek,101204,,,,,,,,,,,jiggle,22.888204221995913,546.875,546.875,1.0,155.755859375,0.0,1.496185302734375,0.0,27.238366840164403,0.0
pilot_mirage,MAHAR_-,CT,13,79.296875,peek,101705,,,,,,,,,,,jiggle,9.367688456733804,609.375,609.375,1.0,120.05626678466797,0.0,1.4580841064453125,0.0,40.88526093345893,0.0
pilot_mirage,MAHAR_-,CT,13,79.296875,peek,101956,,,,,,,,,,,commit,225.0596405318127,1484.375,4109.375,0.0,225.00390625,0.4166666666666667,87.51571655273438,2.0,1.2526508766054956,0.0
pilot_mirage,MAHAR_-,CT,14,42.3125,stop,107710,counterstrafe,78.125,159.46267700195312,16.284461975097656,0.0,0.0,,,1.0,0.5609893798828125,,,,,,,,,,,
pilot_mirage,MAHAR_-,CT,14,42.3125,stop,107724,counterstrafe,296.875,159.46267700195312,5.9870781898498535,0.0,0.0,,,1.0,3.21624755859375,,,,,,,,,,,
pilot_mirage,MAHAR_-,CT,14,42.3125,stop,107935,counterstrafe,78.125,163.77928161621094,18.76102066040039,0.0,1.0,296.875,49.59189987182617,1.0,1.45843505859375,,,,,,,,,,,
pilot_mirage,MAHAR_-,CT,14,42.3125,stop,108264,counterstrafe,78.125,153.39942932128906,32.42969512939453,0.0,0.0,,,1.0,0.0,,,,,,,,,,,
pilot_mirage,MAHAR_-,CT,14,42.3125,stop,108286,counterstrafe,78.125,160.41156005859375,29.386751174926758,0.0,0.0,,,1.0,1.0471343994140625,,,,,,,,,,,
pilot_mirage,MAHAR_-,CT,14,42.3125,stop,108303,counterstrafe,343.75,160.41156005859375,18.456796646118164,0.0,0.0,,,1.0,1.6829833984375,,,,,,,,,,,
pilot_mirage,MAHAR_-,CT,14,42.3125,stop,108351,counterstrafe,78.125,173.00241088867188,26.991884231567383,0.0,0.0,,,1.0,1.421356201171875,,,,,,,,,,,
pilot_mirage,MAHAR_-,CT,14,42.3125,stop,108518,counterstrafe,78.125,166.60232543945312,17.336322784423828,0.0,0.0,,,1.0,0.673248291015625,,,,,,,,,,,
pilot_mirage,MAHAR_-,CT,14,42.3125,stop,109474,counterstrafe,62.5,155.0102996826172,32.57450485229492,0.0,0.0,,,1.0,1.720733642578125,,,,,,,,,,,
pilot_mirage,MAHAR_-,CT,14,42.3125,stop,109493,counterstrafe,359.375,155.0102996826172,27.610843658447266,0.0,0.0,,,1.0,30.518646240234375,,,,,,,,,,,
pilot_mirage,MAHAR_-,CT,14,42.3125,stop,109516,counterstrafe,62.5,150.44802856445312,32.113487243652344,0.0,0.0,,,1.0,0.187103271484375,,,,,,,,,,,
pilot_mirage,MAHAR_-,CT,14,42.3125,peek,109221,,,,,,,,,,,jiggle,14.51586915910277,1046.875,1046.875,1.0,39.02783203125,1.0,18.28851318359375,0.0,2.0510884501609215,1.0
pilot_mirage,MAHAR_-,CT,15,85.96875,stop,114187,release,31.25,162.41712951660156,5.9707183837890625,0.0,0.0,,,0.0,0.0748443603515625,,,,,,,,,,,
pilot_mirage,MAHAR_-,CT,15,85.96875,stop,114985,counterstrafe,78.125,162.5651092529297,19.01459503173828,0.0,0.0,,,0.0,0.0,,,,,,,,,,,
pilot_mirage,MAHAR_-,CT,15,85.96875,stop,115005,counterstrafe,78.125,166.9501190185547,25.39899253845215,0.0,0.0,,,1.0,0.149688720703125,,,,,,,,,,,
pilot_mirage,MAHAR_-,CT,15,85.96875,stop,115193,release,46.875,154.7693634033203,31.198490142822266,0.0,0.0,,,0.0,0.224517822265625,,,,,,,,,,,
pilot_mirage,MAHAR_-,CT,15,85.96875,stop,115199,release,140.625,154.7693634033203,19.76654624938965,0.0,0.0,,,0.0,0.5987548828125,,,,,,,,,,,
pilot_mirage,MAHAR_-,CT,15,85.96875,stop,115719,crouch_stop,46.875,213.80335998535156,28.988298416137695,1.0,0.0,,,0.0,0.0,,,,,,,,,,,
pilot_mirage,MAHAR_-,CT,15,85.96875,stop,119071,counterstrafe,62.5,158.2823028564453,33.132320404052734,0.0,1.0,203.125,37.6463508605957,1.0,0.299041748046875,,,,,,,,,,,
pilot_mirage,MAHAR_-,CT,15,85.96875,stop,119076,counterstrafe,140.625,158.2823028564453,31.557649612426758,0.0,1.0,125.0,37.6463508605957,1.0,1.00970458984375,,,,,,,,,,,
pilot_mirage,MAHAR_-,CT,15,85.96875,stop,119085,counterstrafe,281.25,158.2823028564453,25.096540451049805,0.0,1.0,0.0,25.096540451049805,0.0,2.804931640625,,,,,,,,,,,
pilot_mirage,MAHAR_-,CT,15,85.96875,peek,114177,,,,,,,,,,,traversal,124.13720639766618,1484.375,4984.375,0.0,208.0419464111328,0.8229166666666666,31.37866973876953,0.0,0.7699076281089862,1.0
pilot_mirage,MAHAR_-,CT,15,85.96875,peek,115307,,,,,,,,,,,traversal,136.93809728730758,1484.375,4984.375,0.0,184.9654083251953,0.7916666666666666,135.53695678710938,0.0,0.7929315855578096,1.0
pilot_mirage,MAHAR_-,CT,15,85.96875,peek,115815,,,,,,,,,,,commit,178.08821789389543,1484.375,4984.375,0.0,165.61569213867188,0.8541666666666666,62.71992492675781,0.0,2.1953231220322977,1.0
pilot_mirage,MAHAR_-,CT,15,85.96875,peek,117510,,,,,,,,,,,jiggle,35.177358267052085,312.5,312.5,1.0,171.9603729248047,0.0,11.518829345703125,0.0,1.9558038567409624,0.0
pilot_mirage,MAHAR_-,CT,15,85.96875,peek,117765,,,,,,,,,,,commit,111.39500801057505,1484.375,4984.375,0.0,124.8036880493164,0.5520833333333334,15.595458984375,0.0,1.8780047391788801,1.0
pilot_mirage,MAHAR_-,CT,15,85.96875,peek,119026,,,,,,,,,,,commit,51.62287632913054,703.125,921.875,0.0,188.6824493408203,0.0,5.535064697265625,1.0,9.24132252498832,0.0
pilot_mirage,MAHAR_-,CT,16,111.640625,stop,121373,release,31.25,220.30931091308594,5.484380722045898,0.0,0.0,,,0.0,0.0,,,,,,,,,,,
pilot_mirage,MAHAR_-,CT,16,111.640625,stop,121453,counterstrafe,78.125,155.26475524902344,27.531925201416016,0.0,0.0,,,1.0,0.03741455078125,,,,,,,,,,,
pilot_mirage,MAHAR_-,CT,16,111.640625,stop,121647,counterstrafe,31.25,187.35279846191406,33.0064811706543,0.0,0.0,,,1.0,0.186767578125,,,,,,,,,,,
pilot_mirage,MAHAR_-,CT,16,111.640625,stop,121653,counterstrafe,125.0,187.35279846191406,24.54376792907715,0.0,0.0,,,1.0,0.2241973876953125,,,,,,,,,,,
pilot_mirage,MAHAR_-,CT,16,111.640625,stop,121658,counterstrafe,203.125,187.35279846191406,28.438884735107422,0.0,0.0,,,1.0,0.2241973876953125,,,,,,,,,,,
pilot_mirage,MAHAR_-,CT,16,111.640625,stop,121669,counterstrafe,375.0,187.35279846191406,9.286322593688965,0.0,0.0,,,1.0,0.5606536865234375,,,,,,,,,,,
pilot_mirage,MAHAR_-,CT,16,111.640625,stop,121692,counterstrafe,78.125,153.93003845214844,34.52986526489258,0.0,0.0,,,1.0,0.261962890625,,,,,,,,,,,
pilot_mirage,MAHAR_-,CT,16,111.640625,stop,121701,counterstrafe,218.75,153.93003845214844,5.265004634857178,0.0,0.0,,,1.0,0.336822509765625,,,,,,,,,,,
pilot_mirage,MAHAR_-,CT,16,111.640625,stop,121711,counterstrafe,375.0,153.93003845214844,19.842336654663086,0.0,0.0,,,1.0,0.561370849609375,,,,,,,,,,,
pilot_mirage,MAHAR_-,CT,16,111.640625,stop,122546,counterstrafe,78.125,155.922607421875,32.72751998901367,0.0,0.0,,,1.0,0.48614501953125,,,,,,,,,,,
pilot_mirage,MAHAR_-,CT,16,111.640625,stop,122556,counterstrafe,234.375,155.922607421875,20.054988861083984,0.0,0.0,,,1.0,1.8700714111328125,,,,,,,,,,,
pilot_mirage,MAHAR_-,CT,16,111.640625,stop,122762,counterstrafe,125.0,150.62818908691406,30.398963928222656,1.0,0.0,,,1.0,0.673248291015625,,,,,,,,,,,
pilot_mirage,MAHAR_-,CT,16,111.640625,stop,122835,counterstrafe,62.5,150.8914031982422,32.009300231933594,0.0,0.0,,,1.0,0.0,,,,,,,,,,,
pilot_mirage,MAHAR_-,CT,16,111.640625,stop,123334,release,31.25,150.54156494140625,7.1208600997924805,0.0,0.0,,,0.0,0.5235671997070312,,,,,,,,,,,
pilot_mirage,MAHAR_-,CT,16,111.640625,stop,123341,release,140.625,150.54156494140625,7.4878034591674805,0.0,0.0,,,0.0,0.5235671997070312,,,,,,,,,,,
pilot_mirage,MAHAR_-,CT,16,111.640625,stop,127463,counter_fwd,125.0,163.199951171875,30.267513275146484,0.0,0.0,,,1.0,1.45843505859375,,,,,,,,,,,
pilot_mirage,MAHAR_-,CT,16,111.640625,stop,127725,counterstrafe,78.125,157.6206512451172,11.711501121520996,0.0,1.0,0.0,11.711501121520996,0.0,0.7855224609375,,,,,,,,,,,
pilot_mirage,MAHAR_-,CT,16,111.640625,peek,121784,,,,,,,,,,,traversal,135.73149879323375,1484.375,4984.375,0.0,139.9779052734375,0.7708333333333334,1.72039794921875,0.0,0.13474582541593005,1.0
pilot_mirage,MAHAR_-,CT,16,111.640625,peek,122227,,,,,,,,,,,traversal,228.20952639757775,1484.375,4984.375,0.0,238.4779815673828,0.0,34.482635498046875,0.0,0.18676402537525505,0.0
pilot_mirage,MAHAR_-,CT,16,111.640625,peek,122740,,,,,,,,,,,jiggle,36.81009381143405,359.375,359.375,1.0,163.3198699951172,0.0,4.78729248046875,0.0,23.727088178180836,0.0
pilot_mirage,MAHAR_-,CT,16,111.640625,peek,122800,,,,,,,,,,,jiggle,22.52865931059793,234.375,234.375,1.0,140.55380249023438,0.0,0.5984039306640625,0.0,63.56008802111749,0.0
pilot_mirage,MAHAR_-,CT,16,111.640625,peek,123357,,,,,,,,,,,traversal,129.86859789967892,1484.375,4984.375,0.0,130.0065155029297,1.0,12.267265319824219,0.0,0.5716182009860646,1.0
pilot_mirage,MAHAR_-,CT,16,111.640625,peek,126992,,,,,,,,,,,traversal,104.83823451963966,1484.375,4984.375,0.0,148.98312377929688,0.6979166666666666,39.12025451660156,0.0,0.7146795094022266,1.0
pilot_mirage,MAHAR_-,CT,16,111.640625,peek,127359,,,,,,,,,,,traversal,29.758466569928636,406.25,406.25,1.0,139.6183319091797,0.25925925925925924,1.7578125,0.0,0.7270476730068347,0.0
pilot_mirage,MAHAR_-,CT,16,111.640625,peek,127401,,,,,,,,,,,jiggle,36.62254934673305,937.5,937.5,1.0,163.199951171875,0.09836065573770492,8.602294921875,1.0,1.5593146547636296,0.0
pilot_mirage,MAHAR_-,CT,16,111.640625,peek,127702,,,,,,,,,,,jiggle,41.334847663042666,1140.625,1140.625,1.0,183.01622009277344,0.0,7.70416259765625,1.0,16.735767854451698,0.0
pilot_mirage,MAHAR_-,CT,16,111.640625,peek,127779,,,,,,,,,,,traversal,62.138561380124145,1000.0,2703.125,1.0,92.37838745117188,0.0,7.405128479003906,0.0,0.7494060663845938,0.0
pilot_mirage,MAHAR_-,CT,17,18.09375,stop,132078,counterstrafe,78.125,161.25425720214844,19.975603103637695,0.0,1.0,0.0,19.975603103637695,1.0,0.48614501953125,,,,,,,,,,,
pilot_mirage,MAHAR_-,CT,17,18.09375,stop,132350,release,343.75,157.23387145996094,34.37611770629883,0.0,0.0,,,0.0,2.3188018798828125,,,,,,,,,,,
pilot_mirage,MAHAR_-,CT,17,18.09375,stop,132524,counterstrafe,78.125,153.00120544433594,34.365169525146484,1.0,1.0,0.0,34.365169525146484,1.0,2.5059051513671875,,,,,,,,,,,
pilot_mirage,MAHAR_-,CT,17,18.09375,peek,132208,,,,,,,,,,,commit,177.70876545937497,1203.125,4984.375,0.0,220.1792755126953,0.0,38.222442626953125,1.0,1.8047471272897182,0.0
pilot_mirage,MAHAR_-,CT,18,17.0625,stop,136571,counterstrafe,78.125,153.0628204345703,26.749866485595703,0.0,0.0,,,0.0,18.475570678710938,,,,,,,,,,,
pilot_mirage,MAHAR_-,CT,18,17.0625,stop,136627,counterstrafe,78.125,176.7029571533203,22.89463996887207,0.0,1.0,15.625,10.936193466186523,1.0,1.34649658203125,,,,,,,,,,,
pilot_mirage,MAHAR_-,CT,18,17.0625,stop,136631,counterstrafe,140.625,176.7029571533203,27.51310157775879,0.0,1.0,0.0,27.51310157775879,1.0,6.88189697265625,,,,,,,,,,,
pilot_mirage,MAHAR_-,CT,18,17.0625,peek,136355,,,,,,,,,,,traversal,20.936630107152094,656.25,656.25,1.0,113.17056274414062,0.46511627906976744,0.37420654296875,0.0,0.29043619238319107,0.0
pilot_mirage,MAHAR_-,CT,18,17.0625,peek,136427,,,,,,,,,,,jiggle,32.534756873274645,765.625,765.625,1.0,122.55144500732422,0.38,3.776885986328125,0.0,1.5495868510065947,0.0
pilot_mirage,MAHAR_-,CT,18,17.0625,peek,136596,,,,,,,,,,,commit,72.0057878236234,468.75,765.625,0.0,224.1071319580078,0.0,92.67720031738281,1.0,7.384343534336638,0.0
pilot_mirage,MAHAR_-,T,0,30.78125,stop,1887,release,31.25,183.24986267089844,9.992236137390137,0.0,0.0,,,0.0,0.0,,,,,,,,,,,
pilot_mirage,MAHAR_-,T,0,30.78125,stop,1933,counterstrafe,78.125,161.0703125,10.640670776367188,0.0,0.0,,,1.0,3.440765380859375,,,,,,,,,,,
pilot_mirage,MAHAR_-,T,0,30.78125,stop,1990,counterstrafe,328.125,161.5418701171875,32.864227294921875,0.0,0.0,,,1.0,9.499420166015625,,,,,,,,,,,
pilot_mirage,MAHAR_-,T,0,30.78125,stop,2041,counter_fwd,93.75,152.4462127685547,33.2227668762207,0.0,0.0,,,0.0,0.29937744140625,,,,,,,,,,,
pilot_mirage,MAHAR_-,T,0,30.78125,stop,2049,counter_fwd,218.75,152.4462127685547,15.851593017578125,0.0,0.0,,,0.0,0.3368072509765625,,,,,,,,,,,
pilot_mirage,MAHAR_-,T,0,30.78125,stop,2131,counterstrafe,78.125,152.1986846923828,32.13092041015625,0.0,0.0,,,1.0,3.74017333984375,,,,,,,,,,,
pilot_mirage,MAHAR_-,T,0,30.78125,stop,2207,release,31.25,190.443359375,0.0,0.0,0.0,,,1.0,6.4702606201171875,,,,,,,,,,,
pilot_mirage,MAHAR_-,T,0,30.78125,stop,5417,release,46.875,159.39871215820312,19.335962295532227,0.0,0.0,,,0.0,0.0,,,,,,,,,,,
pilot_mirage,MAHAR_-,T,0,30.78125,stop,5549,counterstrafe,78.125,158.9960479736328,15.957286834716797,0.0,1.0,31.25,28.457651138305664,1.0,1.2716827392578125,,,,,,,,,,,
pilot_mirage,MAHAR_-,T,0,30.78125,peek,2065,,,,,,,,,,,traversal,52.905572613493824,453.125,593.75,1.0,185.89256286621094,0.0,12.790496826171875,0.0,0.88533712172152,0.0
pilot_mirage,MAHAR_-,T,1,70.671875,stop,11157,counterstrafe,78.125,160.78135681152344,29.335247039794922,0.0,0.0,,,1.0,0.29901123046875,,,,,,,,,,,
pilot_mirage,MAHAR_-,T,1,70.671875,stop,11169,counterstrafe,265.625,160.78135681152344,5.569458961486816,0.0,0.0,,,1.0,1.5706787109375,,,,,,,,,,,
pilot_mirage,MAHAR_-,T,1,70.671875,stop,11173,counterstrafe,328.125,160.78135681152344,28.978654861450195,0.0,0.0,,,1.0,1.5706787109375,,,,,,,,,,,
pilot_mirage,MAHAR_-,T,1,70.671875,stop,12697,counterstrafe,187.5,171.38299560546875,20.940574645996094,0.0,0.0,,,0.0,0.449066162109375,,,,,,,,,,,
pilot_mirage,MAHAR_-,T,1,70.671875,stop,12770,counterstrafe,78.125,153.39483642578125,18.496965408325195,0.0,1.0,0.0,18.496965408325195,0.0,0.03741455078125,,,,,,,,,,,
pilot_mirage,MAHAR_-,T,1,70.671875,stop,13195,counterstrafe,78.125,170.845947265625,26.745454788208008,0.0,0.0,,,1.0,0.5987548828125,,,,,,,,,,,
pilot_mirage,MAHAR_-,T,1,70.671875,stop,13242,counterstrafe,125.0,150.04034423828125,22.24429702758789,0.0,0.0,,,1.0,0.074859619140625,,,,,,,,,,,
pilot_mirage,MAHAR_-,T,1,70.671875,stop,13307,counterstrafe,125.0,161.97056579589844,31.364681243896484,0.0,0.0,,,1.0,0.82293701171875,,,,,,,,,,,
pilot_mirage,MAHAR_-,T,1,70.671875,stop,13323,counterstrafe,375.0,161.97056579589844,32.07162857055664,0.0,0.0,,,1.0,0.82293701171875,,,,,,,,,,,
pilot_mirage,MAHAR_-,T,1,70.671875,stop,13355,counterstrafe,78.125,177.0919647216797,31.723573684692383,0.0,0.0,,,1.0,0.0,,,,,,,,,,,
pilot_mirage,MAHAR_-,T,1,70.671875,stop,13360,counterstrafe,156.25,177.0919647216797,33.67233657836914,0.0,0.0,,,1.0,0.187103271484375,,,,,,,,,,,
pilot_mirage,MAHAR_-,T,1,70.671875,stop,13521,counterstrafe,78.125,182.650634765625,33.81892395019531,0.0,0.0,,,0.0,0.22454833984375,,,,,,,,,,,
pilot_mirage,MAHAR_-,T,1,70.671875,stop,13535,counterstrafe,296.875,182.650634765625,22.786331176757812,0.0,0.0,,,1.0,2.5804443359375,,,,,,,,,,,
pilot_mirage,MAHAR_-,T,1,70.671875,stop,13626,counterstrafe,78.125,158.11221313476562,16.025907516479492,0.0,0.0,,,1.0,0.29937744140625,,,,,,,,,,,
pilot_mirage,MAHAR_-,T,1,70.671875,stop,13663,counterstrafe,78.125,159.7926025390625,17.801937103271484,0.0,0.0,,,0.0,0.0748291015625,,,,,,,,,,,
pilot_mirage,MAHAR_-,T,1,70.671875,stop,13702,counterstrafe,78.125,153.49749755859375,14.449252128601074,0.0,0.0,,,1.0,0.112274169921875,,,,,,,,,,,
pilot_mirage,MAHAR_-,T,1,70.671875,stop,13787,counterstrafe,234.375,153.73001098632812,34.734378814697266,0.0,0.0,,,1.0,0.261932373046875,,,,,,,,,,,
pilot_mirage,MAHAR_-,T,1,70.671875,stop,13812,counterstrafe,78.125,161.4368896484375,33.954288482666016,0.0,0.0,,,1.0,0.373870849609375,,,,,,,,,,,
pilot_mirage,MAHAR_-,T,1,70.671875,stop,13905,counterstrafe,78.125,155.02963256835938,24.350008010864258,0.0,0.0,,,0.0,0.336456298828125,,,,,,,,,,,
pilot_mirage,MAHAR_-,T,1,70.671875,stop,14068,counter_fwd,140.625,165.51171875,17.578153610229492,0.0,0.0,,,0.0,2.9168701171875,,,,,,,,,,,
pilot_mirage,MAHAR_-,T,1,70.671875,stop,14420,counterstrafe,78.125,158.3450469970703,20.469472885131836,0.0,1.0,0.0,20.469472885131836,1.0,1.047454833984375,,,,,,,,,,,
pilot_mirage,MAHAR_-,T,1,70.671875,stop,14439,counterstrafe,375.0,158.3450469970703,21.95988655090332,0.0,0.0,,,1.0,22.66473388671875,,,,,,,,,,,
pilot_mirage,MAHAR_-,T,1,70.671875,peek,11033,,,,,,,,,,,traversal,118.48418104646863,1484.375,4984.375,0.0,197.72206115722656,0.0,174.2839813232422,2.0,0.6798127270582708,0.0
pilot_mirage,MAHAR_-,T,1,70.671875,peek,11420,,,,,,,,,,,traversal,155.41538251150766,1484.375,2671.875,1.0,132.23477172851562,0.6770833333333334,275.3386535644531,0.0,0.8765075941767612,1.0
pilot_mirage,MAHAR_-,T,1,70.671875,peek,11679,,,,,,,,,,,commit,135.4476533068135,1484.375,4984.375,0.0,111.8032455444336,0.8645833333333334,28.536300659179688,0.0,5.166081307031109,1.0
pilot_mirage,MAHAR_-,T,1,70.671875,peek,12392,,,,,,,,,,,narrow,77.60953093260215,921.875,1843.75,1.0,121.02344512939453,0.8333333333333334,82.91554260253906,0.0,2.0128786742908202,1.0
pilot_mirage,MAHAR_-,T,1,70.671875,peek,12563,,,,,,,,,,,commit,262.9407245243826,1484.375,4984.375,0.0,215.0033721923828,0.0,62.79472351074219,2.0,1.3738644098084944,0.0
pilot_mirage,MAHAR_-,T,1,70.671875,peek,13268,,,,,,,,,,,narrow,64.21619685601699,609.375,1171.875,1.0,191.87977600097656,0.15,4.78729248046875,0.0,10.80767129490593,0.0
pilot_mirage,MAHAR_-,T,1,70.671875,peek,13599,,,,,,,,,,,jiggle,53.763618062513096,515.625,671.875,1.0,192.60255432128906,0.0,3.627899169921875,0.0,32.42823810453689,0.0
pilot_mirage,MAHAR_-,T,1,70.671875,peek,13679,,,,,,,,,,,jiggle,41.187928470192205,343.75,343.75,1.0,181.3563232421875,0.0,1.944915771484375,0.0,46.40472821122086,0.0
pilot_mirage,MAHAR_-,T,2,23.9375,stop,16866,counterstrafe,78.125,171.349365234375,30.16677474975586,0.0,0.0,,,1.0,0.187103271484375,,,,,,,,,,,
pilot_mirage,MAHAR_-,T,2,23.9375,stop,16875,counterstrafe,218.75,171.349365234375,12.063026428222656,0.0,0.0,,,1.0,0.224517822265625,,,,,,,,,,,
pilot_mirage,MAHAR_-,T,2,23.9375,stop,16883,counterstrafe,343.75,171.349365234375,25.316181182861328,0.0,0.0,,,1.0,0.41162109375,,,,,,,,,,,
pilot_mirage,MAHAR_-,T,2,23.9375,stop,16973,counterstrafe,62.5,153.01551818847656,32.17654037475586,0.0,0.0,,,1.0,0.224212646484375,,,,,,,,,,,
pilot_mirage,MAHAR_-,T,2,23.9375,stop,16981,counterstrafe,187.5,153.01551818847656,34.5182991027832,0.0,0.0,,,1.0,0.261627197265625,,,,,,,,,,,
pilot_mirage,MAHAR_-,T,2,23.9375,stop,17040,counterstrafe,78.125,157.42626953125,19.09001922607422,0.0,0.0,,,1.0,0.112274169921875,,,,,,,,,,,
pilot_mirage,MAHAR_-,T,2,23.9375,stop,17099,release,62.5,160.9482879638672,26.26662826538086,0.0,0.0,,,0.0,0.03741455078125,,,,,,,,,,,
pilot_mirage,MAHAR_-,T,2,23.9375,stop,17216,counterstrafe,62.5,154.67529296875,33.587982177734375,0.0,1.0,109.375,0.0,1.0,1.00970458984375,,,,,,,,,,,
pilot_mirage,MAHAR_-,T,2,23.9375,stop,17308,counterstrafe,78.125,153.80886840820312,21.442684173583984,0.0,0.0,,,1.0,0.186767578125,,,,,,,,,,,
pilot_mirage,MAHAR_-,T,2,23.9375,stop,17353,counterstrafe,78.125,167.8577880859375,22.437692642211914,0.0,1.0,78.125,64.11793518066406,1.0,0.3367919921875,,,,,,,,,,,
pilot_mirage,MAHAR_-,T,2,23.9375,stop,17462,counterstrafe,78.125,179.86129760742188,30.456058502197266,0.0,1.0,109.375,86.282958984375,1.0,0.3364715576171875,,,,,,,,,,,
pilot_mirage,MAHAR_-,T,2,23.9375,stop,17645,counterstrafe,93.75,183.21812438964844,19.107160568237305,0.0,0.0,,,1.0,1.79522705078125,,,,,,,,,,,
pilot_mirage,MAHAR_-,T,2,23.9375,stop,17815,counterstrafe,78.125,165.5548553466797,25.599910736083984,0.0,0.0,,,1.0,0.261962890625,,,,,,,,,,,
pilot_mirage,MAHAR_-,T,2,23.9375,peek,16372,,,,,,,,,,,traversal,333.45965910626114,1484.375,4984.375,0.0,252.224853515625,0.0,138.8287353515625,1.0,0.31452500705710795,0.0
pilot_mirage,MAHAR_-,T,2,23.9375,peek,17115,,,,,,,,,,,traversal,209.7446858919531,1265.625,4984.375,0.0,226.95091247558594,0.0,13.613800048828125,3.0,0.36803289902698694,0.0
pilot_mirage,MAHAR_-,T,3,15.59375,stop,31255,counterstrafe,78.125,164.32887268066406,20.38564682006836,0.0,0.0,,,1.0,0.6358642578125,,,,,,,,,,,
pilot_mirage,MAHAR_-,T,3,15.59375,stop,31267,counterstrafe,265.625,164.32887268066406,21.25537109375,0.0,0.0,,,1.0,5.871856689453125,,,,,,,,,,,
pilot_mirage,MAHAR_-,T,3,15.59375,stop,31293,counterstrafe,78.125,156.0811767578125,15.172460556030273,0.0,0.0,,,1.0,0.44873046875,,,,,,,,,,,
pilot_mirage,MAHAR_-,T,3,15.59375,stop,31403,counterstrafe,78.125,161.78355407714844,12.255148887634277,0.0,1.0,15.625,14.15611457824707,1.0,1.5332794189453125,,,,,,,,,,,
pilot_mirage,MAHAR_-,T,3,15.59375,peek,31170,,,,,,,,,,,commit,106.49353543994621,1312.5,3703.125,0.0,168.99423217773438,0.4470588235294118,55.987701416015625,2.0,3.4760524425306643,0.0
pilot_mirage,MAHAR_-,T,4,16.328125,stop,36340,counterstrafe,78.125,164.87619018554688,22.116302490234375,0.0,0.0,,,1.0,0.224517822265625,,,,,,,,,,,
pilot_mirage,MAHAR_-,T,4,16.328125,stop,36357,counterstrafe,343.75,164.87619018554688,16.802745819091797,0.0,0.0,,,1.0,0.9351806640625,,,,,,,,,,,
pilot_mirage,MAHAR_-,T,4,16.328125,stop,36406,counterstrafe,93.75,160.86309814453125,33.39107894897461,0.0,0.0,,,1.0,0.112274169921875,,,,,,,,,,,
pilot_mirage,MAHAR_-,T,4,16.328125,stop,36438,counterstrafe,78.125,160.74708557128906,17.294710159301758,0.0,0.0,,,1.0,0.3742218017578125,,,,,,,,,,,
pilot_mirage,MAHAR_-,T,4,16.328125,stop,36458,counterstrafe,78.125,150.85122680664062,13.457067489624023,0.0,0.0,,,1.0,0.149688720703125,,,,,,,,,,,
pilot_mirage,MAHAR_-,T,4,16.328125,stop,36469,counterstrafe,250.0,150.85122680664062,27.111913681030273,0.0,0.0,,,1.0,0.261962890625,,,,,,,,,,,
pilot_mirage,MAHAR_-,T,4,16.328125,stop,36508,counterstrafe,78.125,162.5372314453125,31.649627685546875,0.0,0.0,,,1.0,0.0,,,,,,,,,,,
pilot_mirage,MAHAR_-,T,4,16.328125,stop,36531,counterstrafe,78.125,165.34933471679688,29.86631965637207,0.0,0.0,,,1.0,5.347930908203125,,,,,,,,,,,
pilot_mirage,MAHAR_-,T,4,16.328125,stop,36592,counterstrafe,78.125,163.5106964111328,27.843612670898438,0.0,0.0,,,1.0,0.0374298095703125,,,,,,,,,,,
pilot_mirage,MAHAR_-,T,4,16.328125,stop,36600,counterstrafe,203.125,163.5106964111328,20.74172019958496,0.0,0.0,,,1.0,0.074859619140625,,,,,,,,,,,
pilot_mirage,MAHAR_-,T,4,16.328125,stop,36628,counterstrafe,78.125,152.59974670410156,13.488755226135254,0.0,0.0,,,1.0,0.22454833984375,,,,,,,,,,,
pilot_mirage,MAHAR_-,T,4,16.328125,stop,36639,counterstrafe,250.0,152.59974670410156,30.219491958618164,0.0,0.0,,,1.0,0.22454833984375,,,,,,,,,,,
pilot_mirage,MAHAR_-,T,4,16.328125,stop,36669,counterstrafe,78.125,155.4709014892578,15.143675804138184,0.0,0.0,,,1.0,0.261627197265625,,,,,,,,,,,
pilot_mirage,MAHAR_-,T,4,16.328125,stop,36682,counterstrafe,281.25,155.4709014892578,15.195913314819336,0.0,0.0,,,1.0,1.3461761474609375,,,,,,,,,,,
pilot_mirage,MAHAR_-,T,4,16.328125,stop,36741,counterstrafe,78.125,166.6073455810547,23.25054359436035,0.0,0.0,,,1.0,0.0,,,,,,,,,,,
pilot_mirage,MAHAR_-,T,4,16.328125,stop,36756,counterstrafe,312.5,166.6073455810547,17.70353889465332,0.0,0.0,,,1.0,0.822601318359375,,,,,,,,,,,
pilot_mirage,MAHAR_-,T,4,16.328125,stop,36787,counterstrafe,78.125,175.4425048828125,33.17079162597656,0.0,0.0,,,1.0,0.03741455078125,,,,,,,,,,,
pilot_mirage,MAHAR_-,T,4,16.328125,stop,36826,counterstrafe,78.125,168.5590057373047,27.93752670288086,0.0,0.0,,,1.0,0.0,,,,,,,,,,,
pilot_mirage,MAHAR_-,T,5,43.09375,stop,40884,release,31.25,158.3687286376953,9.63286304473877,0.0,0.0,,,0.0,0.0748443603515625,,,,,,,,,,,
pilot_mirage,MAHAR_-,T,5,43.09375,stop,40893,release,171.875,158.3687286376953,28.234376907348633,0.0,0.0,,,0.0,1.1594009399414062,,,,,,,,,,,
pilot_mirage,MAHAR_-,T,5,43.09375,stop,41087,counterstrafe,78.125,183.93724060058594,31.99653434753418,0.0,1.0,0.0,31.99653434753418,1.0,0.486480712890625,,,,,,,,,,,
pilot_mirage,MAHAR_-,T,5,43.09375,stop,41094,counterstrafe,187.5,183.93724060058594,16.2945613861084,0.0,1.0,140.625,30.078861236572266,1.0,0.5613250732421875,,,,,,,,,,,
pilot_mirage,MAHAR_-,T,5,43.09375,stop,41103,counterstrafe,328.125,183.93724060058594,30.078861236572266,0.0,1.0,0.0,30.078861236572266,0.0,0.5987548828125,,,,,,,,,,,
pilot_mirage,MAHAR_-,T,5,43.09375,stop,41128,counterstrafe,78.125,153.98936462402344,13.902120590209961,0.0,1.0,218.75,11.486745834350586,1.0,0.299041748046875,,,,,,,,,,,
pilot_mirage,MAHAR_-,T,5,43.09375,stop,41142,counterstrafe,296.875,153.98936462402344,11.486745834350586,0.0,1.0,0.0,11.486745834350586,1.0,2.131683349609375,,,,,,,,,,,
pilot_mirage,MAHAR_-,T,5,43.09375,stop,41255,counterstrafe,78.125,167.96798706054688,17.3992919921875,0.0,0.0,,,1.0,0.0,,,,,,,,,,,
pilot_mirage,MAHAR_-,T,5,43.09375,stop,41276,counterstrafe,78.125,157.94651794433594,8.919371604919434,0.0,0.0,,,1.0,2.16912841796875,,,,,,,,,,,
pilot_mirage,MAHAR_-,T,5,43.09375,stop,41305,counterstrafe,78.125,161.72171020507812,12.109923362731934,0.0,0.0,,,1.0,0.0,,,,,,,,,,,
pilot_mirage,MAHAR_-,T,5,43.09375,stop,41387,counterstrafe,78.125,158.8119659423828,19.033618927001953,0.0,0.0,,,1.0,0.41131591796875,,,,,,,,,,,
pilot_mirage,MAHAR_-,T,5,43.09375,stop,42364,release,46.875,157.66407775878906,0.0,0.0,0.0,,,0.0,0.0,,,,,,,,,,,
pilot_mirage,MAHAR_-,T,5,43.09375,stop,42721,counterstrafe,78.125,156.09629821777344,15.892163276672363,0.0,0.0,,,0.0,0.48614501953125,,,,,,,,,,,
pilot_mirage,MAHAR_-,T,5,43.09375,stop,43131,crouch_stop,109.375,156.2572479248047,22.62117576599121,1.0,1.0,0.0,22.62117576599121,0.0,0.3742218017578125,,,,,,,,,,,
pilot_mirage,MAHAR_-,T,5,43.09375,peek,40933,,,,,,,,,,,commit,224.98495190423102,1484.375,4984.375,0.0,230.0014190673828,0.0,12.715644836425781,4.0,11.765564180814133,0.0
pilot_mirage,MAHAR_-,T,5,43.09375,peek,42297,,,,,,,,,,,jiggle,26.70390250312632,1218.75,1218.75,1.0,185.58718872070312,0.0,0.48651123046875,0.0,3.2689485213855183,0.0
pilot_mirage,MAHAR_-,T,5,43.09375,peek,42524,,,,,,,,,,,traversal,279.2348977553859,1484.375,4984.375,0.0,230.00047302246094,0.0,87.10409545898438,1.0,0.63990692641114,0.0
pilot_mirage,MAHAR_-,T,6,35.96875,stop,45832,counterstrafe,78.125,179.12535095214844,32.233821868896484,0.0,0.0,,,1.0,0.0,,,,,,,,,,,
pilot_mirage,MAHAR_-,T,6,35.96875,stop,45851,counterstrafe,375.0,179.12535095214844,22.64800262451172,0.0,0.0,,,1.0,0.59844970703125,,,,,,,,,,,
pilot_mirage,MAHAR_-,T,6,35.96875,stop,45879,counterstrafe,78.125,169.11473083496094,33.62885284423828,0.0,0.0,,,1.0,0.0,,,,,,,,,,,
pilot_mirage,MAHAR_-,T,6,35.96875,stop,45936,release,187.5,167.3686065673828,9.515629768371582,0.0,0.0,,,0.0,1.53363037109375,,,,,,,,,,,
pilot_mirage,MAHAR_-,T,6,35.96875,stop,45961,counterstrafe,78.125,167.1875457763672,28.301424026489258,0.0,0.0,,,1.0,0.074859619140625,,,,,,,,,,,
pilot_mirage,MAHAR_-,T,6,35.96875,stop,45969,counterstrafe,203.125,167.1875457763672,18.90512466430664,0.0,0.0,,,1.0,1.309112548828125,,,,,,,,,,,
pilot_mirage,MAHAR_-,T,6,35.96875,stop,46373,counterstrafe,78.125,170.38174438476562,24.714218139648438,0.0,1.0,0.0,24.714218139648438,0.0,0.1122589111328125,,,,,,,,,,,
pilot_mirage,MAHAR_-,T,6,35.96875,stop,47240,counterstrafe,218.75,150.93826293945312,33.15023422241211,0.0,1.0,0.0,33.15023422241211,0.0,8.67645263671875,,,,,,,,,,,
pilot_mirage,MAHAR_-,T,6,35.96875,peek,46096,,,,,,,,,,,commit,256.6698106903407,1484.375,4984.375,0.0,215.00070190429688,0.0,8.34033203125,3.0,1.9197016266337499,0.0
pilot_mirage,MAHAR_-,T,6,35.96875,peek,46746,,,,,,,,,,,jiggle,55.84220689047513,625.0,812.5,1.0,118.74227905273438,0.2682926829268293,104.49575805664062,0.0,1.9267158094971222,0.0
pilot_mirage,MAHAR_-,T,6,35.96875,peek,47139,,,,,,,,,,,commit,109.66010445475106,1484.375,1687.5,0.0,200.51361083984375,0.0,126.11138916015625,1.0,1.2789937448402997,0.0
pilot_mirage,MAHAR_-,T,7,28.375,stop,55362,counterstrafe,234.375,151.3744659423828,13.693799018859863,0.0,1.0,15.625,11.706531524658203,1.0,1.757843017578125,,,,,,,,,,,
pilot_mirage,MAHAR_-,T,7,28.375,stop,55696,counterstrafe,78.125,154.62588500976562,12.988986015319824,0.0,0.0,,,1.0,1.8326416015625,,,,,,,,,,,
pilot_mirage,MAHAR_-,T,7,28.375,stop,55734,counterstrafe,78.125,151.91873168945312,31.852113723754883,0.0,0.0,,,0.0,0.29901123046875,,,,,,,,,,,
pilot_mirage,MAHAR_-,T,7,28.375,stop,55747,counterstrafe,281.25,151.91873168945312,34.216224670410156,1.0,0.0,,,1.0,1.08453369140625,,,,,,,,,,,
pilot_mirage,MAHAR_-,T,7,28.375,stop,55829,counterstrafe,78.125,153.1907958984375,12.127788543701172,0.0,1.0,0.0,12.127788543701172,1.0,1.645538330078125,,,,,,,,,,,
pilot_mirage,MAHAR_-,T,7,28.375,stop,55847,counterstrafe,359.375,153.1907958984375,31.25521469116211,1.0,1.0,31.25,1.0771621465682983,1.0,4.45050048828125,,,,,,,,,,,
pilot_mirage,MAHAR_-,T,7,28.375,peek,54725,,,,,,,,,,,traversal,25.075713750676066,718.75,718.75,1.0,100.7698974609375,0.3404255319148936,0.18711090087890625,0.0,0.0015706184971966207,0.0
pilot_mirage,MAHAR_-,T,7,28.375,peek,54800,,,,,,,,,,,traversal,12.189395280527174,453.125,453.125,1.0,47.50230407714844,0.9333333333333333,0.03742218017578125,0.0,0.008047438868069308,1.0
pilot_mirage,MAHAR_-,T,7,28.375,peek,54837,,,,,,,,,,,traversal,20.67477312347322,281.25,281.25,1.0,102.70494842529297,0.0,0.03742218017578125,0.0,0.00019850973113419017,0.0
pilot_mirage,MAHAR_-,T,7,28.375,peek,54887,,,,,,,,,,,traversal,14.288873314265004,375.0,375.0,1.0,95.61731719970703,0.0,0.0748443603515625,0.0,0.00029270176247812163,0.0
pilot_mirage,MAHAR_-,T,7,28.375,peek,54994,,,,,,,,,,,traversal,152.74677392814547,1484.375,4984.375,0.0,187.39456176757812,0.3541666666666667,82.01808166503906,0.0,0.8564438624427461,0.0
pilot_mirage,MAHAR_-,T,7,28.375,peek,55383,,,,,,,,,,,traversal,148.10918484595715,1484.375,4984.375,0.0,164.214599609375,0.3020833333333333,56.922271728515625,0.0,0.917624961520678,0.0
pilot_mirage,MAHAR_-,T,7,28.375,peek,55810,,,,,,,,,,,jiggle,29.137080136241874,281.25,281.25,1.0,160.3190460205078,0.0,5.34796142578125,1.0,25.314048729775802,0.0
pilot_mirage,MAHAR_-,T,8,13.15625,stop,63784,counterstrafe,78.125,154.24815368652344,22.78044319152832,0.0,0.0,,,1.0,0.03742218017578125,,,,,,,,,,,
pilot_mirage,MAHAR_-,T,8,13.15625,stop,63863,counterstrafe,93.75,186.0142822265625,18.654190063476562,0.0,1.0,0.0,18.654190063476562,0.0,1.3461685180664062,,,,,,,,,,,
pilot_mirage,MAHAR_-,T,9,32.390625,stop,70525,counterstrafe,78.125,209.17626953125,29.344331741333008,0.0,0.0,,,1.0,0.0,,,,,,,,,,,
pilot_mirage,MAHAR_-,T,9,32.390625,stop,70532,counterstrafe,187.5,209.17626953125,30.384868621826172,0.0,1.0,265.625,122.35405731201172,1.0,0.2245330810546875,,,,,,,,,,,
pilot_mirage,MAHAR_-,T,9,32.390625,stop,70570,counterstrafe,125.0,155.86244201660156,26.819599151611328,1.0,1.0,0.0,26.819599151611328,1.0,1.121978759765625,,,,,,,,,,,
pilot_mirage,MAHAR_-,T,9,32.390625,stop,70911,release,93.75,205.65234375,22.47267723083496,0.0,0.0,,,1.0,0.6732635498046875,,,,,,,,,,,
pilot_mirage,MAHAR_-,T,9,32.390625,stop,70923,counterstrafe,281.25,205.65234375,19.981266021728516,0.0,0.0,,,1.0,1.2716827392578125,,,,,,,,,,,
pilot_mirage,MAHAR_-,T,9,32.390625,stop,70929,counterstrafe,375.0,205.65234375,23.53122901916504,0.0,0.0,,,1.0,1.533294677734375,,,,,,,,,,,
pilot_mirage,MAHAR_-,T,9,32.390625,stop,71064,counterstrafe,78.125,172.6019287109375,29.814987182617188,0.0,0.0,,,1.0,0.7855224609375,,,,,,,,,,,
pilot_mirage,MAHAR_-,T,9,32.390625,stop,71077,counterstrafe,281.25,172.6019287109375,17.037145614624023,0.0,0.0,,,1.0,2.0197677612304688,,,,,,,,,,,
pilot_mirage,MAHAR_-,T,9,32.390625,stop,71146,counterstrafe,78.125,161.0258026123047,26.558029174804688,0.0,0.0,,,1.0,0.18711090087890625,,,,,,,,,,,
pilot_mirage,MAHAR_-,T,9,32.390625,stop,71166,counterstrafe,78.125,150.60873413085938,29.143678665161133,0.0,0.0,,,1.0,0.44872283935546875,,,,,,,,,,,
pilot_mirage,MAHAR_-,T,9,32.390625,stop,71898,counterstrafe,78.125,181.18751525878906,32.886497497558594,0.0,1.0,0.0,32.886497497558594,1.0,0.822601318359375,,,,,,,,,,,
pilot_mirage,MAHAR_-,T,9,32.390625,stop,71904,counterstrafe,171.875,181.18751525878906,26.554744720458984,0.0,1.0,234.375,149.85403442382812,1.0,1.047149658203125,,,,,,,,,,,
pilot_mirage,MAHAR_-,T,9,32.390625,peek,70591,,,,,,,,,,,commit,95.53287134689579,625.0,4984.375,0.0,231.10491943359375,0.0,6.956390380859375,2.0,2.3641059449291992,0.0
pilot_mirage,MAHAR_-,T,9,32.390625,peek,71372,,,,,,,,,,,traversal,234.21340203902784,1484.375,4984.375,0.0,233.15957641601562,0.14583333333333334,132.50643920898438,0.0,0.22702578357080758,0.0
pilot_mirage,MAHAR_-,T,10,20.84375,stop,77112,counterstrafe,93.75,174.71519470214844,32.46574401855469,0.0,0.0,,,1.0,2.61785888671875,,,,,,,,,,,
pilot_mirage,MAHAR_-,T,10,20.84375,stop,77117,counterstrafe,171.875,174.71519470214844,32.68680191040039,0.0,0.0,,,1.0,4.562774658203125,,,,,,,,,,,
pilot_mirage,MAHAR_-,T,10,20.84375,stop,77159,counterstrafe,359.375,173.15216064453125,32.422245025634766,0.0,1.0,0.0,32.422245025634766,1.0,97.39004516601562,,,,,,,,,,,
pilot_mirage,MAHAR_-,T,10,20.84375,peek,75873,,,,,,,,,,,traversal,288.2439767131391,1484.375,4984.375,0.0,250.00392150878906,0.0,110.21792602539062,0.0,0.08181489795212701,0.0
pilot_mirage,MAHAR_-,T,10,20.84375,peek,76981,,,,,,,,,,,commit,171.96163908874001,1484.375,2812.5,0.0,215.0042724609375,0.0,117.69757080078125,1.0,1.9841527766010656,0.0
pilot_mirage,MAHAR_-,T,11,18.328125,stop,84200,counterstrafe,78.125,157.80291748046875,28.798574447631836,0.0,1.0,0.0,28.798574447631836,0.0,0.03741455078125,,,,,,,,,,,
pilot_mirage,MAHAR_-,T,11,18.328125,peek,83178,,,,,,,,,,,traversal,256.37319703319054,1296.875,4984.375,0.0,250.00216674804688,0.0,68.21755981445312,1.0,0.3780966706213266,0.0
pilot_mirage,MAHAR_-,T,11,18.328125,peek,83797,,,,,,,,,,,commit,137.7197106492808,1484.375,4984.375,0.0,157.3163299560547,0.6354166666666666,15.109283447265625,0.0,1.7282238788869877,1.0
pilot_mirage,NaYz,CT,0,39.21875,stop,1970,counter_fwd,171.875,150.85403442382812,23.32124137878418,0.0,0.0,,,1.0,2.30029296875,,,,,,,,,,,
pilot_mirage,NaYz,CT,0,39.21875,stop,2117,counterstrafe,312.5,186.75537109375,15.507843971252441,0.0,0.0,,,1.0,68.05584716796875,,,,,,,,,,,
pilot_mirage,NaYz,CT,0,39.21875,stop,2166,release,15.625,211.299560546875,32.62501525878906,0.0,0.0,,,1.0,1.668548583984375,,,,,,,,,,,
pilot_mirage,NaYz,CT,0,39.21875,stop,2242,release,31.25,185.62478637695312,25.61487579345703,0.0,0.0,,,0.0,0.0,,,,,,,,,,,
pilot_mirage,NaYz,CT,0,39.21875,stop,2246,counterstrafe,93.75,185.62478637695312,23.2853946685791,0.0,0.0,,,0.0,0.045318603515625,,,,,,,,,,,
pilot_mirage,NaYz,CT,0,39.21875,stop,4513,release,15.625,209.16720581054688,21.481836318969727,0.0,0.0,,,1.0,0.0,,,,,,,,,,,
pilot_mirage,NaYz,CT,0,39.21875,stop,4996,counterstrafe,312.5,157.7847442626953,15.506254196166992,1.0,0.0,,,1.0,3.5177001953125,,,,,,,,,,,
pilot_mirage,NaYz,CT,0,39.21875,stop,5798,counterstrafe,93.75,152.8988800048828,29.925308227539062,0.0,0.0,,,0.0,0.63134765625,,,,,,,,,,,
pilot_mirage,NaYz,CT,0,39.21875,stop,5832,counterstrafe,78.125,157.1537628173828,11.110970497131348,0.0,0.0,,,1.0,0.811614990234375,,,,,,,,,,,
pilot_mirage,NaYz,CT,0,39.21875,stop,5861,counterstrafe,93.75,153.89215087890625,30.717058181762695,0.0,1.0,31.25,55.310489654541016,0.0,6.810150146484375,,,,,,,,,,,
pilot_mirage,NaYz,CT,0,39.21875,stop,5873,counterstrafe,281.25,153.89215087890625,33.42001724243164,0.0,1.0,93.75,43.6253776550293,1.0,10.10260009765625,,,,,,,,,,,
pilot_mirage,NaYz,CT,0,39.21875,peek,5260,,,,,,,,,,,traversal,253.8800561001188,1484.375,4984.375,0.0,250.00343322753906,0.20833333333333334,269.65320587158203,0.0,0.31204507868460374,0.0
pilot_mirage,NaYz,CT,1,75.78125,stop,2417,release,31.25,203.1360626220703,32.83580017089844,0.0,0.0,,,0.0,1.2627410888671875,,,,,,,,,,,
pilot_mirage,NaYz,CT,1,75.78125,stop,2430,release,15.625,160.9209442138672,27.70406723022461,0.0,0.0,,,0.0,6.3590087890625,,,,,,,,,,,
pilot_mirage,NaYz,CT,1,75.78125,stop,9953,release,15.625,242.02774047851562,19.76584815979004,0.0,0.0,,,1.0,0.0,,,,,,,,,,,
pilot_mirage,NaYz,CT,1,75.78125,stop,10412,counterstrafe,78.125,161.68968200683594,18.622766494750977,0.0,1.0,171.875,57.48964309692383,1.0,0.2252197265625,,,,,,,,,,,
pilot_mirage,NaYz,CT,1,75.78125,stop,10747,counterstrafe,78.125,158.63417053222656,15.424095153808594,0.0,0.0,,,1.0,0.0,,,,,,,,,,,
pilot_mirage,NaYz,CT,1,75.78125,stop,10764,counterstrafe,343.75,158.63417053222656,33.423065185546875,0.0,1.0,109.375,85.43585968017578,1.0,0.2252197265625,,,,,,,,,,,
pilot_mirage,NaYz,CT,1,75.78125,stop,10802,counterstrafe,78.125,150.00033569335938,19.691946029663086,0.0,1.0,0.0,19.691946029663086,1.0,0.04498291015625,,,,,,,,,,,
pilot_mirage,NaYz,CT,1,75.78125,stop,10818,counterstrafe,328.125,150.00033569335938,29.67583465576172,0.0,1.0,156.25,3.9323890209198,1.0,0.090301513671875,,,,,,,,,,,
pilot_mirage,NaYz,CT,1,75.78125,stop,11103,counterstrafe,78.125,162.44850158691406,23.94070816040039,0.0,1.0,93.75,0.0,1.0,0.405792236328125,,,,,,,,,,,
pilot_mirage,NaYz,CT,1,75.78125,stop,11211,counterstrafe,109.375,161.3022003173828,31.96537208557129,0.0,0.0,,,0.0,0.270538330078125,,,,,,,,,,,
pilot_mirage,NaYz,CT,1,75.78125,stop,11241,counterstrafe,78.125,162.60818481445312,24.9451961517334,0.0,1.0,31.25,14.575119018554688,1.0,0.0,,,,,,,,,,,
pilot_mirage,NaYz,CT,1,75.78125,stop,11261,counterstrafe,78.125,153.645263671875,34.16419219970703,0.0,0.0,,,0.0,0.4508056640625,,,,,,,,,,,
pilot_mirage,NaYz,CT,1,75.78125,stop,12136,counterstrafe,78.125,182.59384155273438,32.24836730957031,0.0,0.0,,,0.0,0.045318603515625,,,,,,,,,,,
pilot_mirage,NaYz,CT,1,75.78125,stop,12190,release,93.75,151.5793914794922,32.68751525878906,0.0,0.0,,,0.0,1.984405517578125,,,,,,,,,,,
pilot_mirage,NaYz,CT,1,75.78125,stop,12358,release,328.125,150.90200805664062,17.169950485229492,0.0,0.0,,,0.0,0.85693359375,,,,,,,,,,,
pilot_mirage,NaYz,CT,1,75.78125,stop,12405,counterstrafe,78.125,186.2519989013672,33.74736022949219,0.0,0.0,,,1.0,0.13525390625,,,,,,,,,,,
pilot_mirage,NaYz,CT,1,75.78125,stop,12422,counterstrafe,343.75,186.2519989013672,30.794225692749023,0.0,0.0,,,1.0,0.85693359375,,,,,,,,,,,
pilot_mirage,NaYz,CT,1,75.78125,stop,12516,counterstrafe,171.875,150.50082397460938,19.483522415161133,0.0,0.0,,,1.0,0.6766815185546875,,,,,,,,,,,
pilot_mirage,NaYz,CT,1,75.78125,stop,12548,counterstrafe,62.5,151.4422149658203,34.362831115722656,0.0,0.0,,,0.0,0.1805877685546875,,,,,,,,,,,
pilot_mirage,NaYz,CT,1,75.78125,stop,12566,counterstrafe,343.75,151.4422149658203,20.45337677001953,0.0,0.0,,,1.0,0.4964447021484375,,,,,,,,,,,
pilot_mirage,NaYz,CT,1,75.78125,stop,12968,counterstrafe,78.125,166.86300659179688,24.114444732666016,0.0,0.0,,,1.0,0.0899505615234375,,,,,,,,,,,
pilot_mirage,NaYz,CT,1,75.78125,stop,14146,counterstrafe,93.75,188.82232666015625,25.46469497680664,0.0,0.0,,,1.0,0.0,,,,,,,,,,,
pilot_mirage,NaYz,CT,1,75.78125,stop,14165,counterstrafe,78.125,156.69451904296875,18.59014320373535,0.0,0.0,,,1.0,0.0899505615234375,,,,,,,,,,,
pilot_mirage,NaYz,CT,1,75.78125,stop,14609,counterstrafe,125.0,157.64056396484375,32.33408737182617,0.0,0.0,,,1.0,1.0371551513671875,,,,,,,,,,,
pilot_mirage,NaYz,CT,1,75.78125,peek,11309,,,,,,,,,,,traversal,165.9569756961553,1484.375,4984.375,0.0,131.24862670898438,0.90625,100.97811889648438,0.0,0.506072210326003,1.0
pilot_mirage,NaYz,CT,1,75.78125,peek,12377,,,,,,,,,,,narrow,62.58577266927239,562.5,1734.375,1.0,208.517578125,0.0,6.494293212890625,0.0,8.442622966561343,0.0
pilot_mirage,NaYz,CT,1,75.78125,peek,12618,,,,,,,,,,,traversal,304.4707617014687,1484.375,4984.375,0.0,286.1554870605469,0.0,167.32177734375,0.0,0.4127831006791293,0.0
pilot_mirage,NaYz,CT,1,75.78125,peek,13029,,,,,,,,,,,traversal,256.2461631676648,1484.375,4984.375,0.0,236.57899475097656,0.0,185.8577423095703,0.0,0.2534191565085276,0.0
pilot_mirage,NaYz,CT,1,75.78125,peek,13718,,,,,,,,,,,traversal,65.15252913513359,687.5,1015.625,1.0,119.60162353515625,0.8444444444444444,13.349411010742188,0.0,0.6884275855284484,1.0
pilot_mirage,NaYz,CT,1,75.78125,peek,13836,,,,,,,,,,,traversal,88.85869435535415,921.875,2328.125,1.0,183.88638305664062,0.6333333333333333,53.62391662597656,0.0,0.3757545433276784,1.0
pilot_mirage,NaYz,CT,1,75.78125,peek,14196,,,,,,,,,,,traversal,23.766868306182054,1203.125,1203.125,1.0,73.12764739990234,1.0,0.450775146484375,0.0,0.7861007747387558,1.0
pilot_mirage,NaYz,CT,1,75.78125,peek,14389,,,,,,,,,,,traversal,34.774476545800994,625.0,625.0,1.0,92.23454284667969,1.0,0.18023681640625,0.0,0.13616915951887829,1.0
pilot_mirage,NaYz,CT,1,75.78125,peek,14534,,,,,,,,,,,commit,126.35320584482083,1109.375,1218.75,0.0,216.31991577148438,0.4027777777777778,97.55138397216797,0.0,2.6936414972607543,0.0
pilot_mirage,NaYz,CT,2,66.25,stop,14644,counterstrafe,78.125,155.44146728515625,23.193008422851562,0.0,0.0,,,1.0,0.0,,,,,,,,,,,
pilot_mirage,NaYz,CT,2,66.25,stop,14740,counter_fwd,78.125,161.30125427246094,32.81248092651367,0.0,0.0,,,0.0,1.4882965087890625,,,,,,,,,,,
pilot_mirage,NaYz,CT,2,66.25,stop,16343,release,15.625,248.26119995117188,21.484397888183594,0.0,0.0,,,1.0,0.0,,,,,,,,,,,
pilot_mirage,NaYz,CT,2,66.25,stop,17067,counterstrafe,78.125,167.46054077148438,31.645082473754883,0.0,0.0,,,1.0,0.090301513671875,,,,,,,,,,,
pilot_mirage,NaYz,CT,2,66.25,stop,17100,counterstrafe,78.125,165.9071502685547,26.659969329833984,0.0,1.0,0.0,26.659969329833984,1.0,0.13525390625,,,,,,,,,,,
pilot_mirage,NaYz,CT,2,66.25,stop,17243,counterstrafe,109.375,163.34365844726562,34.48822784423828,0.0,0.0,,,1.0,0.180572509765625,,,,,,,,,,,
pilot_mirage,NaYz,CT,2,66.25,stop,17279,counterstrafe,78.125,170.0186309814453,25.81252098083496,0.0,0.0,,,1.0,0.0,,,,,,,,,,,
pilot_mirage,NaYz,CT,2,66.25,stop,17319,counterstrafe,109.375,162.5771026611328,29.68583106994629,0.0,0.0,,,1.0,0.1356048583984375,,,,,,,,,,,
pilot_mirage,NaYz,CT,2,66.25,stop,17331,counterstrafe,296.875,162.5771026611328,29.60136604309082,0.0,0.0,,,1.0,1.3083953857421875,,,,,,,,,,,
pilot_mirage,NaYz,CT,2,66.25,stop,17350,counterstrafe,78.125,153.58917236328125,22.287799835205078,0.0,1.0,156.25,29.493459701538086,1.0,0.4511260986328125,,,,,,,,,,,
pilot_mirage,NaYz,CT,2,66.25,stop,17358,counterstrafe,203.125,153.58917236328125,13.125842094421387,0.0,1.0,31.25,29.493459701538086,1.0,0.76666259765625,,,,,,,,,,,
pilot_mirage,NaYz,CT,2,66.25,stop,17368,counterstrafe,359.375,153.58917236328125,29.70859146118164,1.0,1.0,0.0,29.70859146118164,1.0,3.517730712890625,,,,,,,,,,,
pilot_mirage,NaYz,CT,2,66.25,stop,17453,counterstrafe,125.0,165.8232879638672,32.483943939208984,0.0,1.0,15.625,25.988008499145508,0.0,0.9468994140625,,,,,,,,,,,
pilot_mirage,NaYz,CT,2,66.25,stop,17544,counterstrafe,93.75,156.19595336914062,21.618610382080078,0.0,0.0,,,1.0,0.225555419921875,,,,,,,,,,,
pilot_mirage,NaYz,CT,2,66.25,stop,17623,counterstrafe,109.375,156.890625,21.910018920898438,0.0,0.0,,,0.0,1.75885009765625,,,,,,,,,,,
pilot_mirage,NaYz,CT,2,66.25,stop,17638,counterstrafe,343.75,156.890625,28.881250381469727,0.0,0.0,,,0.0,75.00126647949219,,,,,,,,,,,
pilot_mirage,NaYz,CT,2,66.25,stop,17713,counterstrafe,62.5,156.6568603515625,32.69607162475586,0.0,0.0,,,1.0,0.1356201171875,,,,,,,,,,,
pilot_mirage,NaYz,CT,2,66.25,stop,17734,counterstrafe,78.125,163.25790405273438,11.65626049041748,0.0,1.0,250.0,113.4738998413086,1.0,2.4351959228515625,,,,,,,,,,,
pilot_mirage,NaYz,CT,2,66.25,stop,17882,counterstrafe,78.125,154.1321258544922,23.547698974609375,0.0,0.0,,,1.0,0.0,,,,,,,,,,,
pilot_mirage,NaYz,CT,2,66.25,stop,17930,counterstrafe,78.125,164.84381103515625,21.46647834777832,0.0,0.0,,,1.0,0.045318603515625,,,,,,,,,,,
pilot_mirage,NaYz,CT,2,66.25,stop,17974,counterstrafe,78.125,169.01324462890625,14.523470878601074,0.0,0.0,,,1.0,0.0,,,,,,,,,,,
pilot_mirage,NaYz,CT,2,66.25,stop,18361,counterstrafe,78.125,155.18846130371094,22.89138412475586,0.0,0.0,,,1.0,0.04498291015625,,,,,,,,,,,
pilot_mirage,NaYz,CT,2,66.25,stop,18493,release,265.625,163.27410888671875,31.23070526123047,0.0,0.0,,,0.0,1.443328857421875,,,,,,,,,,,
pilot_mirage,NaYz,CT,2,66.25,stop,18544,counterstrafe,78.125,153.48654174804688,14.556010246276855,0.0,0.0,,,1.0,0.0899505615234375,,,,,,,,,,,
pilot_mirage,NaYz,CT,2,66.25,stop,18572,counterstrafe,187.5,150.86155700683594,31.314977645874023,0.0,0.0,,,0.0,0.225555419921875,,,,,,,,,,,
pilot_mirage,NaYz,CT,2,66.25,stop,18624,counterstrafe,78.125,165.27813720703125,20.93037986755371,0.0,0.0,,,1.0,0.0,,,,,,,,,,,
pilot_mirage,NaYz,CT,2,66.25,stop,18638,counterstrafe,296.875,165.27813720703125,27.094118118286133,0.0,0.0,,,1.0,0.4511260986328125,,,,,,,,,,,
pilot_mirage,NaYz,CT,2,66.25,stop,18711,counterstrafe,109.375,152.48036193847656,29.703105926513672,0.0,0.0,,,1.0,0.3155059814453125,,,,,,,,,,,
pilot_mirage,NaYz,CT,2,66.25,stop,18736,counterstrafe,140.625,151.8577117919922,22.129806518554688,0.0,0.0,,,1.0,1.082489013671875,,,,,,,,,,,
pilot_mirage,NaYz,CT,2,66.25,stop,18818,counterstrafe,78.125,175.8837432861328,26.004714965820312,0.0,0.0,,,1.0,0.4058074951171875,,,,,,,,,,,
pilot_mirage,NaYz,CT,2,66.25,stop,18838,counterstrafe,93.75,150.82154846191406,14.864660263061523,0.0,0.0,,,0.0,0.721649169921875,,,,,,,,,,,
pilot_mirage,NaYz,CT,2,66.25,stop,18870,counterstrafe,78.125,166.80496215820312,29.71877098083496,0.0,0.0,,,1.0,0.541412353515625,,,,,,,,,,,
pilot_mirage,NaYz,CT,2,66.25,stop,19560,counterstrafe,171.875,179.3178253173828,26.91405487060547,1.0,1.0,0.0,26.91405487060547,1.0,3.923492431640625,,,,,,,,,,,
pilot_mirage,NaYz,CT,2,66.25,stop,19852,counterstrafe,93.75,172.05764770507812,21.046117782592773,0.0,0.0,,,1.0,0.4511260986328125,,,,,,,,,,,
pilot_mirage,NaYz,CT,2,66.25,stop,19870,counterstrafe,375.0,172.05764770507812,3.3204596042633057,0.0,0.0,,,1.0,0.8119583129882812,,,,,,,,,,,
pilot_mirage,NaYz,CT,2,66.25,stop,19898,counterstrafe,78.125,159.32032775878906,29.585954666137695,0.0,1.0,125.0,88.8828353881836,1.0,0.0,,,,,,,,,,,
pilot_mirage,NaYz,CT,2,66.25,stop,19937,counterstrafe,140.625,154.80471801757812,22.72658348083496,0.0,0.0,,,1.0,0.0449676513671875,,,,,,,,,,,
pilot_mirage,NaYz,CT,2,66.25,stop,20011,counter_fwd,93.75,167.32041931152344,14.882844924926758,0.0,0.0,,,1.0,1.5785980224609375,,,,,,,,,,,
pilot_mirage,NaYz,CT,2,66.25,stop,20061,counterstrafe,78.125,165.59375,27.648454666137695,0.0,0.0,,,1.0,0.0899658203125,,,,,,,,,,,
pilot_mirage,NaYz,CT,2,66.25,peek,17394,,,,,,,,,,,jiggle,39.935360804950946,375.0,375.0,1.0,138.4765167236328,0.0,3.698272705078125,0.0,31.648024386505025,0.0
pilot_mirage,NaYz,CT,2,66.25,peek,17470,,,,,,,,,,,jiggle,23.678728396966644,578.125,578.125,1.0,103.9312515258789,0.0,4.193695068359375,0.0,3.4367014152213904,0.0
pilot_mirage,NaYz,CT,2,66.25,peek,17673,,,,,,,,,,,narrow,91.07973073438238,625.0,2250.0,1.0,235.08193969726562,0.0,27.420852661132812,1.0,4.166014372763732,0.0
pilot_mirage,NaYz,CT,2,66.25,peek,18325,,,,,,,,,,,jiggle,23.150386992138603,234.375,234.375,1.0,149.9810028076172,0.0,1.668548583984375,0.0,39.79271748929293,0.0
pilot_mirage,NaYz,CT,2,66.25,peek,18597,,,,,,,,,,,jiggle,52.980957853253,406.25,546.875,1.0,195.90310668945312,0.0,1.8491363525390625,0.0,6.169273298769276,0.0
pilot_mirage,NaYz,CT,2,66.25,peek,19204,,,,,,,,,,,jiggle,21.7654286616713,390.625,390.625,1.0,91.26594543457031,1.0,0.9922027587890625,0.0,1.586949812986715,1.0
pilot_mirage,NaYz,CT,2,66.25,peek,19377,,,,,,,,,,,traversal,152.6768309131216,1484.375,4984.375,0.0,117.00391387939453,0.9270833333333334,12.582077026367188,1.0,0.3412970190583894,1.0
pilot_mirage,NaYz,CT,2,66.25,peek,19978,,,,,,,,,,,traversal,67.44714356175729,500.0,765.625,1.0,192.24774169921875,0.0,28.638267517089844,0.0,0.9317597212754624,0.0
pilot_mirage,NaYz,CT,3,22.90625,stop,20438,crouch_stop,156.25,217.58978271484375,31.981521606445312,1.0,0.0,,,1.0,8.479042053222656,,,,,,,,,,,
pilot_mirage,NaYz,CT,3,22.90625,stop,20488,release,15.625,186.85267639160156,10.977583885192871,0.0,0.0,,,0.0,0.0,,,,,,,,,,,
pilot_mirage,NaYz,CT,3,22.90625,stop,30412,release,15.625,248.7806854248047,21.485837936401367,0.0,0.0,,,1.0,0.0,,,,,,,,,,,
pilot_mirage,NaYz,CT,3,22.90625,stop,31290,counterstrafe,78.125,171.71832275390625,16.820653915405273,0.0,1.0,140.625,120.54138946533203,1.0,0.089935302734375,,,,,,,,,,,
pilot_mirage,NaYz,CT,3,22.90625,stop,31352,counterstrafe,265.625,161.3349609375,32.734378814697266,0.0,1.0,171.875,129.27772521972656,1.0,15.875244140625,,,,,,,,,,,
pilot_mirage,NaYz,CT,3,22.90625,stop,31394,counterstrafe,125.0,227.25804138183594,25.928550720214844,0.0,1.0,0.0,25.928550720214844,1.0,3.3371124267578125,,,,,,,,,,,
pilot_mirage,NaYz,CT,3,22.90625,peek,20509,,,,,,,,,,,traversal,1697.9301878855515,1125.0,4984.375,0.0,248.7806854248047,0.0,164.41417694091797,0.0,0.23228705136477662,0.0
pilot_mirage,NaYz,CT,4,25.28125,stop,36610,counterstrafe,296.875,198.56723022460938,32.58799362182617,0.0,0.0,,,0.0,3.2347869873046875,,,,,,,,,,,
pilot_mirage,NaYz,CT,4,25.28125,stop,36998,counterstrafe,375.0,169.16836547851562,23.563894271850586,1.0,1.0,46.875,8.650473594665527,1.0,5.1416015625,,,,,,,,,,,
pilot_mirage,NaYz,CT,4,25.28125,stop,37044,release,156.25,168.91883850097656,30.764265060424805,0.0,0.0,,,0.0,51.865081787109375,,,,,,,,,,,
pilot_mirage,NaYz,CT,4,25.28125,peek,36630,,,,,,,,,,,traversal,56.457824545470416,1484.375,4984.375,0.0,75.35562133789062,0.0,3.68798828125,1.0,0.8436435399056861,0.0
pilot_mirage,NaYz,CT,4,25.28125,peek,37065,,,,,,,,,,,commit,76.91605684616337,1015.625,4984.375,0.0,143.21932983398438,0.5151515151515151,22.68194580078125,1.0,2.6460086359804866,1.0
pilot_mirage,NaYz,CT,4,25.28125,peek,37399,,,,,,,,,,,jiggle,32.383039748633436,718.75,718.75,1.0,57.572601318359375,0.0,15.899612426757812,0.0,1.5699516324758238,0.0
pilot_mirage,NaYz,CT,5,34.046875,stop,41258,release,15.625,178.04063415527344,17.91799545288086,0.0,0.0,,,0.0,0.135284423828125,,,,,,,,,,,
pilot_mirage,NaYz,CT,5,34.046875,stop,41476,release,125.0,233.7255859375,32.12110900878906,0.0,1.0,109.375,0.0,0.0,0.0,,,,,,,,,,,
pilot_mirage,NaYz,CT,5,34.046875,stop,41538,release,31.25,217.17782592773438,10.637874603271484,0.0,0.0,,,0.0,0.0,,,,,,,,,,,
pilot_mirage,NaYz,CT,5,34.046875,stop,41678,crouch_stop,31.25,172.96875,0.0,1.0,0.0,,,1.0,2.345245361328125,,,,,,,,,,,
pilot_mirage,NaYz,CT,5,34.046875,stop,41820,counterstrafe,46.875,162.42404174804688,29.594200134277344,0.0,0.0,,,1.0,0.85693359375,,,,,,,,,,,
pilot_mirage,NaYz,CT,5,34.046875,stop,42381,counterstrafe,359.375,177.5426483154297,34.02231979370117,0.0,0.0,,,1.0,9.803237915039062,,,,,,,,,,,
pilot_mirage,NaYz,CT,5,34.046875,stop,42469,counterstrafe,78.125,153.78672790527344,32.138427734375,0.0,0.0,,,0.0,4.9606781005859375,,,,,,,,,,,
pilot_mirage,NaYz,CT,5,34.046875,peek,40850,,,,,,,,,,,traversal,76.80851594404645,609.375,4984.375,0.0,161.23828125,0.0,40.680633544921875,1.0,0.2951005008877311,0.0
pilot_mirage,NaYz,CT,5,34.046875,peek,41282,,,,,,,,,,,traversal,135.52832733433164,1484.375,4984.375,0.0,245.00067138671875,0.4583333333333333,0.495758056640625,1.0,0.45844969518660145,0.0
pilot_mirage,NaYz,CT,5,34.046875,peek,41748,,,,,,,,,,,traversal,47.12818876863326,921.875,4984.375,0.0,118.94035339355469,0.9,4.510223388671875,0.0,0.7977526870235807,1.0
pilot_mirage,NaYz,CT,5,34.046875,peek,42091,,,,,,,,,,,traversal,124.26350557897345,1484.375,4984.375,0.0,99.9988784790039,0.020833333333333332,8.47869873046875,0.0,0.34645519737451647,0.0
pilot_mirage,NaYz,CT,5,34.046875,peek,42450,,,,,,,,,,,jiggle,30.002221745436486,437.5,437.5,1.0,153.78672790527344,0.0,12.312225341796875,0.0,38.905548761486926,0.0
pilot_mirage,NaYz,CT,6,34.546875,stop,45234,crouch_stop,15.625,219.6385040283203,22.049203872680664,1.0,0.0,,,0.0,0.0,,,,,,,,,,,
pilot_mirage,NaYz,CT,6,34.546875,stop,46092,counterstrafe,93.75,165.41798400878906,33.4286994934082,0.0,1.0,265.625,151.78048706054688,1.0,0.270538330078125,,,,,,,,,,,
pilot_mirage,NaYz,CT,6,34.546875,stop,46114,counterstrafe,78.125,151.78048706054688,26.726783752441406,0.0,1.0,0.0,26.726783752441406,1.0,0.0,,,,,,,,,,,
pilot_mirage,NaYz,CT,6,34.546875,stop,46144,counter_fwd,93.75,150.97488403320312,18.133886337280273,0.0,0.0,,,0.0,0.0,,,,,,,,,,,
pilot_mirage,NaYz,CT,6,34.546875,stop,47098,counterstrafe,187.5,200.00013732910156,27.25238800048828,0.0,1.0,31.25,3.6463561058044434,1.0,1.444000244140625,,,,,,,,,,,
pilot_mirage,NaYz,CT,6,34.546875,peek,45253,,,,,,,,,,,traversal,126.59631633070053,1484.375,4984.375,0.0,200.54452514648438,0.0,82.98452758789062,2.0,0.7531588119328387,0.0
pilot_mirage,NaYz,CT,6,34.546875,peek,45744,,,,,,,,,,,narrow,103.35266515906811,1250.0,3812.5,1.0,100.00359344482422,0.0,6.233367919921875,1.0,14.433885374581395,0.0
pilot_mirage,NaYz,CT,6,34.546875,peek,46514,,,,,,,,,,,traversal,68.55684949516973,687.5,4984.375,0.0,148.0859375,0.0,48.1671142578125,1.0,0.43098262506387847,0.0
pilot_mirage,NaYz,CT,6,34.546875,peek,46958,,,,,,,,,,,traversal,176.6100038954975,1484.375,3093.75,0.0,193.64991760253906,0.20833333333333334,119.28956604003906,1.0,0.9805691500901361,0.0
pilot_mirage,NaYz,CT,7,20.75,stop,54833,counter_fwd,171.875,157.39178466796875,8.862785339355469,0.0,0.0,,,1.0,2.2099609375,,,,,,,,,,,
pilot_mirage,NaYz,CT,7,20.75,stop,54860,counterstrafe,93.75,152.374755859375,26.472795486450195,0.0,0.0,,,1.0,0.0449676513671875,,,,,,,,,,,
pilot_mirage,NaYz,CT,7,20.75,stop,54875,counterstrafe,328.125,152.374755859375,27.55147933959961,0.0,0.0,,,1.0,4.419586181640625,,,,,,,,,,,
pilot_mirage,NaYz,CT,7,20.75,stop,55209,counter_fwd,156.25,154.41140747070312,20.180971145629883,0.0,0.0,,,1.0,1.9390716552734375,,,,,,,,,,,
pilot_mirage,NaYz,CT,7,20.75,stop,55252,counterstrafe,359.375,154.62313842773438,34.295162200927734,0.0,0.0,,,1.0,2.371002197265625,,,,,,,,,,,
pilot_mirage,NaYz,CT,7,20.75,peek,54931,,,,,,,,,,,jiggle,14.5629070046292,1484.375,1484.375,1.0,137.90399169921875,0.71875,9.4359130859375,0.0,3.645670474169555,1.0
pilot_mirage,NaYz,CT,7,20.75,peek,55297,,,,,,,,,,,jiggle,49.81294673039701,781.25,984.375,1.0,93.08736419677734,0.0,4.409637451171875,0.0,3.8264481300245636,0.0
pilot_mirage,NaYz,CT,8,69.78125,stop,63503,counterstrafe,328.125,200.0020294189453,33.28712844848633,0.0,0.0,,,1.0,2.629852294921875,,,,,,,,,,,
pilot_mirage,NaYz,CT,8,69.78125,stop,63907,counterstrafe,281.25,174.02723693847656,28.439197540283203,0.0,0.0,,,1.0,1.383941650390625,,,,,,,,,,,
pilot_mirage,NaYz,CT,8,69.78125,stop,63999,counterstrafe,78.125,167.91610717773438,13.60048770904541,0.0,0.0,,,1.0,0.0,,,,,,,,,,,
pilot_mirage,NaYz,CT,8,69.78125,stop,64028,counterstrafe,78.125,156.0384521484375,17.79241180419922,0.0,1.0,0.0,17.79241180419922,0.0,0.40582275390625,,,,,,,,,,,
pilot_mirage,NaYz,CT,8,69.78125,stop,64174,counterstrafe,312.5,174.35317993164062,27.842824935913086,0.0,0.0,,,1.0,3.256072998046875,,,,,,,,,,,
pilot_mirage,NaYz,CT,8,69.78125,stop,64402,counterstrafe,93.75,152.20907592773438,28.117755889892578,0.0,0.0,,,1.0,0.541412353515625,,,,,,,,,,,
pilot_mirage,NaYz,CT,8,69.78125,stop,64449,counterstrafe,140.625,165.07501220703125,31.086671829223633,0.0,0.0,,,1.0,0.045318603515625,,,,,,,,,,,
pilot_mirage,NaYz,CT,8,69.78125,stop,64485,counterstrafe,78.125,172.69483947753906,22.549394607543945,0.0,0.0,,,1.0,0.225555419921875,,,,,,,,,,,
pilot_mirage,NaYz,CT,8,69.78125,stop,64517,counter_fwd,93.75,161.38609313964844,20.88068962097168,0.0,0.0,,,0.0,0.225555419921875,,,,,,,,,,,
pilot_mirage,NaYz,CT,8,69.78125,stop,64566,counterstrafe,78.125,162.29930114746094,34.3250846862793,0.0,0.0,,,1.0,0.0,,,,,,,,,,,
pilot_mirage,NaYz,CT,8,69.78125,stop,64596,counterstrafe,140.625,159.15524291992188,34.524932861328125,0.0,0.0,,,1.0,0.0,,,,,,,,,,,
pilot_mirage,NaYz,CT,8,69.78125,stop,64684,release,15.625,188.45306396484375,32.961856842041016,0.0,0.0,,,0.0,18.13018798828125,,,,,,,,,,,
pilot_mirage,NaYz,CT,8,69.78125,stop,64692,release,140.625,188.45306396484375,25.0216007232666,0.0,0.0,,,0.0,119.650390625,,,,,,,,,,,
pilot_mirage,NaYz,CT,8,69.78125,stop,64855,counter_fwd,375.0,152.27317810058594,33.877403259277344,0.0,0.0,,,0.0,4.82537841796875,,,,,,,,,,,
pilot_mirage,NaYz,CT,8,69.78125,stop,65429,crouch_stop,218.75,229.8787384033203,29.572521209716797,1.0,0.0,,,0.0,67.46945190429688,,,,,,,,,,,
pilot_mirage,NaYz,CT,8,69.78125,stop,66847,counterstrafe,156.25,159.42453002929688,32.285621643066406,0.0,0.0,,,1.0,0.36083984375,,,,,,,,,,,
pilot_mirage,NaYz,CT,8,69.78125,stop,66905,counterstrafe,265.625,171.0536346435547,34.42424774169922,0.0,0.0,,,1.0,1.12579345703125,,,,,,,,,,,
pilot_mirage,NaYz,CT,8,69.78125,peek,63535,,,,,,,,,,,traversal,267.469743790665,1484.375,4984.375,0.0,240.0021514892578,0.0,92.81558227539062,1.0,0.6196237488389722,0.0
pilot_mirage,NaYz,CT,8,69.78125,peek,63870,,,,,,,,,,,narrow,60.454130506250536,578.125,1625.0,1.0,174.02723693847656,0.0,5.560455322265625,0.0,28.491710196988436,0.0
pilot_mirage,NaYz,CT,8,69.78125,peek,64135,,,,,,,,,,,narrow,63.91144098779809,609.375,3625.0,1.0,174.35317993164062,0.0,5.8045654296875,0.0,32.179423943783256,0.0
pilot_mirage,NaYz,CT,8,69.78125,peek,64912,,,,,,,,,,,commit,86.83147947894689,906.25,4984.375,0.0,149.68246459960938,0.3559322033898305,44.603759765625,0.0,1.4976852895037118,0.0
pilot_mirage,NaYz,CT,8,69.78125,peek,66498,,,,,,,,,,,jiggle,6.76760343846903,1375.0,1375.0,1.0,37.731239318847656,0.0,1.302947998046875,0.0,20.989694240288806,0.0
pilot_mirage,NaYz,CT,8,69.78125,peek,66620,,,,,,,,,,,jiggle,7.012222921421058,1203.125,1203.125,1.0,48.471763610839844,0.0,2.50555419921875,0.0,21.847803945773556,0.0
pilot_mirage,NaYz,CT,8,69.78125,peek,66715,,,,,,,,,,,jiggle,37.68978877278139,1484.375,1484.375,1.0,134.9141845703125,0.0,4.43914794921875,1.0,24.358751854093207,0.0
pilot_mirage,NaYz,CT,8,69.78125,peek,66870,,,,,,,,,,,commit,57.486548295586225,562.5,4984.375,0.0,171.0536346435547,0.0,4.323822021484375,0.0,32.90708793784385,0.0
pilot_mirage,NaYz,CT,8,69.78125,peek,67319,,,,,,,,,,,traversal,253.0531801770909,1484.375,2765.625,0.0,267.5322265625,0.0,98.97412109375,0.0,0.14139203421329244,0.0
pilot_mirage,NaYz,CT,9,28.359375,stop,70218,crouch_stop,15.625,209.10804748535156,24.15155029296875,1.0,0.0,,,0.0,0.3604888916015625,,,,,,,,,,,
pilot_mirage,NaYz,CT,9,28.359375,stop,70402,counterstrafe,78.125,164.16427612304688,19.41094970703125,0.0,1.0,0.0,19.41094970703125,1.0,0.36083984375,,,,,,,,,,,
pilot_mirage,NaYz,CT,9,28.359375,stop,70448,counterstrafe,93.75,162.745849609375,26.201154708862305,0.0,0.0,,,1.0,0.270538330078125,,,,,,,,,,,
pilot_mirage,NaYz,CT,9,28.359375,stop,70470,counterstrafe,78.125,150.78102111816406,22.062347412109375,0.0,0.0,,,1.0,0.0,,,,,,,,,,,
pilot_mirage,NaYz,CT,9,28.359375,stop,70489,counterstrafe,375.0,150.78102111816406,13.160927772521973,0.0,0.0,,,1.0,0.676666259765625,,,,,,,,,,,
pilot_mirage,NaYz,CT,9,28.359375,stop,70633,release,31.25,234.19921875,0.0,0.0,0.0,,,0.0,0.045318603515625,,,,,,,,,,,
pilot_mirage,NaYz,CT,9,28.359375,stop,70836,release,31.25,155.2449951171875,8.871149063110352,0.0,0.0,,,0.0,1.0371856689453125,,,,,,,,,,,
pilot_mirage,NaYz,CT,9,28.359375,stop,71048,release,31.25,225.896240234375,5.550868988037109,0.0,1.0,62.5,0.0,0.0,0.0,,,,,,,,,,,
pilot_mirage,NaYz,CT,9,28.359375,stop,71114,counter_fwd,46.875,168.79745483398438,21.054716110229492,0.0,0.0,,,0.0,0.045318603515625,,,,,,,,,,,
pilot_mirage,NaYz,CT,9,28.359375,peek,70236,,,,,,,,,,,traversal,143.43382911981757,1484.375,4984.375,0.0,190.02127075195312,0.0,74.36988830566406,2.0,0.6456892382796366,0.0
pilot_mirage,NaYz,CT,9,28.359375,peek,70734,,,,,,,,,,,commit,181.01979393355631,1484.375,4984.375,0.0,239.68081665039062,0.28125,169.66595458984375,1.0,1.5429458044969346,0.0
pilot_mirage,NaYz,CT,9,28.359375,peek,71070,,,,,,,,,,,traversal,125.15371456090246,656.25,4984.375,0.0,245.00088500976562,0.0,0.0902862548828125,0.0,0.00033071172724619135,0.0
pilot_mirage,NaYz,CT,10,18.0,stop,76327,counterstrafe,78.125,176.11524963378906,25.44837760925293,0.0,0.0,,,1.0,0.04498291015625,,,,,,,,,,,
pilot_mirage,NaYz,CT,10,18.0,stop,76353,counterstrafe,62.5,156.7865447998047,32.847679138183594,0.0,0.0,,,1.0,0.089935302734375,,,,,,,,,,,
pilot_mirage,NaYz,CT,10,18.0,stop,76372,counterstrafe,78.125,162.563720703125,12.838567733764648,0.0,0.0,,,1.0,0.0899658203125,,,,,,,,,,,
pilot_mirage,NaYz,CT,10,18.0,stop,76395,counterstrafe,78.125,165.58978271484375,13.106409072875977,0.0,1.0,265.625,187.21041870117188,1.0,0.0,,,,,,,,,,,
pilot_mirage,NaYz,CT,10,18.0,stop,76422,counterstrafe,93.75,152.4811248779297,31.99056625366211,0.0,1.0,187.5,146.36671447753906,1.0,0.45111083984375,,,,,,,,,,,
pilot_mirage,NaYz,CT,10,18.0,stop,76875,counterstrafe,78.125,179.0149383544922,29.028615951538086,0.0,0.0,,,1.0,0.180572509765625,,,,,,,,,,,
pilot_mirage,NaYz,CT,10,18.0,stop,76887,counterstrafe,265.625,179.0149383544922,9.222804069519043,0.0,0.0,,,1.0,1.44366455078125,,,,,,,,,,,
pilot_mirage,NaYz,CT,10,18.0,stop,76936,counterstrafe,62.5,156.78536987304688,32.216583251953125,0.0,0.0,,,1.0,0.0449676513671875,,,,,,,,,,,
pilot_mirage,NaYz,CT,11,18.40625,stop,83531,counterstrafe,78.125,170.38671875,30.98866081237793,0.0,0.0,,,1.0,0.1352691650390625,,,,,,,,,,,
pilot_mirage,NaYz,CT,11,18.40625,stop,83560,counterstrafe,78.125,170.3056640625,31.081430435180664,0.0,1.0,93.75,0.0,1.0,0.4961090087890625,,,,,,,,,,,
pilot_mirage,NaYz,CT,11,18.40625,stop,83821,release,93.75,155.84820556640625,13.198168754577637,0.0,0.0,,,0.0,75.90350341796875,,,,,,,,,,,
pilot_mirage,NaYz,CT,11,18.40625,peek,83643,,,,,,,,,,,traversal,193.23907788405936,1484.375,4984.375,0.0,245.00125122070312,0.0,94.4844970703125,0.0,0.965917649152744,0.0
pilot_mirage,NaYz,T,12,29.546875,stop,90833,release,62.5,228.6561279296875,6.89453125,0.0,0.0,,,1.0,0.4058074951171875,,,,,,,,,,,
pilot_mirage,NaYz,T,12,29.546875,stop,91636,release,15.625,174.6796875,0.0,0.0,1.0,0.0,0.0,0.0,0.089935302734375,,,,,,,,,,,
pilot_mirage,NaYz,T,12,29.546875,stop,91685,counter_fwd,93.75,150.6412811279297,13.250045776367188,0.0,0.0,,,0.0,9.9219970703125,,,,,,,,,,,
pilot_mirage,NaYz,T,12,29.546875,stop,91836,crouch_stop,140.625,184.6670684814453,20.371843338012695,1.0,0.0,,,1.0,0.4058074951171875,,,,,,,,,,,
pilot_mirage,NaYz,T,12,29.546875,stop,91842,crouch_stop,234.375,184.6670684814453,33.862911224365234,1.0,0.0,,,1.0,0.7666397094726562,,,,,,,,,,,
pilot_mirage,NaYz,T,12,29.546875,stop,92031,counter_fwd,125.0,167.11453247070312,28.304704666137695,0.0,1.0,0.0,28.304704666137695,0.0,3.337432861328125,,,,,,,,,,,
pilot_mirage,NaYz,T,12,29.546875,stop,92186,counterstrafe,125.0,166.05990600585938,29.408252716064453,0.0,0.0,,,0.0,6.629554748535156,,,,,,,,,,,
pilot_mirage,NaYz,T,12,29.546875,stop,92226,counterstrafe,62.5,157.3640594482422,31.894731521606445,0.0,0.0,,,1.0,0.045318603515625,,,,,,,,,,,
pilot_mirage,NaYz,T,12,29.546875,stop,92284,counterstrafe,78.125,173.63563537597656,21.941133499145508,0.0,0.0,,,1.0,0.9468994140625,,,,,,,,,,,
pilot_mirage,NaYz,T,12,29.546875,stop,92346,counter_fwd,78.125,152.55442810058594,29.263919830322266,0.0,0.0,,,0.0,2.2999267578125,,,,,,,,,,,
pilot_mirage,NaYz,T,12,29.546875,stop,92380,counterstrafe,78.125,168.8384552001953,18.372316360473633,0.0,1.0,15.625,9.4729585647583,1.0,1.082489013671875,,,,,,,,,,,
pilot_mirage,NaYz,T,12,29.546875,stop,92385,counterstrafe,156.25,168.8384552001953,32.65985107421875,0.0,0.0,,,1.0,1.2630767822265625,,,,,,,,,,,
pilot_mirage,NaYz,T,12,29.546875,stop,92475,counterstrafe,78.125,191.06674194335938,32.142765045166016,0.0,1.0,0.0,32.142765045166016,1.0,2.480194091796875,,,,,,,,,,,
pilot_mirage,NaYz,T,12,29.546875,peek,90869,,,,,,,,,,,commit,251.9357786689733,1484.375,4984.375,0.0,245.00027465820312,0.375,86.05107116699219,1.0,1.4705115264002895,0.0
pilot_mirage,NaYz,T,12,29.546875,peek,91225,,,,,,,,,,,traversal,326.7711439782045,1484.375,4984.375,0.0,250.0018768310547,0.0,7.3070068359375,0.0,0.11805670772544329,0.0
pilot_mirage,NaYz,T,12,29.546875,peek,91663,,,,,,,,,,,traversal,39.93786448976711,328.125,328.125,1.0,181.9079132080078,0.0,5.45709228515625,0.0,0.0034502544232010114,0.0
pilot_mirage,NaYz,T,13,127.703125,stop,97617,counterstrafe,93.75,163.29296875,28.75311851501465,0.0,1.0,62.5,68.28070068359375,1.0,0.097869873046875,,,,,,,,,,,
pilot_mirage,NaYz,T,13,127.703125,stop,97731,counterstrafe,78.125,163.08792114257812,19.834125518798828,0.0,1.0,281.25,35.513084411621094,0.0,0.127716064453125,,,,,,,,,,,
pilot_mirage,NaYz,T,13,127.703125,stop,97831,counterstrafe,93.75,155.28347778320312,34.83818435668945,0.0,0.0,,,1.0,0.339202880859375,,,,,,,,,,,
pilot_mirage,NaYz,T,13,127.703125,stop,97849,counterstrafe,78.125,158.15428161621094,23.655614852905273,0.0,0.0,,,0.0,0.2805023193359375,,,,,,,,,,,
pilot_mirage,NaYz,T,13,127.703125,stop,98509,release,328.125,162.96165466308594,28.785173416137695,0.0,0.0,,,0.0,59.983306884765625,,,,,,,,,,,
pilot_mirage,NaYz,T,13,127.703125,stop,99394,counterstrafe,78.125,156.9504852294922,15.86478328704834,0.0,0.0,,,1.0,0.10028076171875,,,,,,,,,,,
pilot_mirage,NaYz,T,13,127.703125,stop,99411,counterstrafe,343.75,156.9504852294922,23.83698844909668,0.0,0.0,,,1.0,0.6417236328125,,,,,,,,,,,
pilot_mirage,NaYz,T,13,127.703125,stop,99620,counterstrafe,78.125,153.6247100830078,11.80459213256836,0.0,0.0,,,1.0,0.039825439453125,,,,,,,,,,,
pilot_mirage,NaYz,T,13,127.703125,stop,99632,counterstrafe,265.625,153.6247100830078,32.579463958740234,0.0,0.0,,,1.0,0.12017822265625,,,,,,,,,,,
pilot_mirage,NaYz,T,13,127.703125,stop,99693,counterstrafe,78.125,158.70191955566406,27.62211036682129,0.0,1.0,281.25,41.10521697998047,0.0,0.120147705078125,,,,,,,,,,,
pilot_mirage,NaYz,T,13,127.703125,stop,101721,counterstrafe,78.125,150.6896514892578,17.746854782104492,0.0,0.0,,,0.0,1.042327880859375,,,,,,,,,,,
pilot_mirage,NaYz,T,13,127.703125,stop,101738,counterstrafe,343.75,150.6896514892578,20.93874168395996,0.0,0.0,,,1.0,3.3075714111328125,,,,,,,,,,,
pilot_mirage,NaYz,T,13,127.703125,stop,101889,counterstrafe,78.125,151.6339111328125,16.91040802001953,0.0,1.0,0.0,16.91040802001953,1.0,0.045318603515625,,,,,,,,,,,
pilot_mirage,NaYz,T,13,127.703125,stop,101912,counterstrafe,78.125,163.2926483154297,15.123663902282715,0.0,0.0,,,0.0,0.4511260986328125,,,,,,,,,,,
pilot_mirage,NaYz,T,13,127.703125,stop,101978,counterstrafe,78.125,156.42527770996094,27.939748764038086,0.0,1.0,0.0,27.939748764038086,1.0,0.0401763916015625,,,,,,,,,,,
pilot_mirage,NaYz,T,13,127.703125,stop,102154,counterstrafe,125.0,184.62640380859375,32.83211898803711,0.0,0.0,,,0.0,0.2108154296875,,,,,,,,,,,
pilot_mirage,NaYz,T,13,127.703125,stop,103347,counterstrafe,62.5,155.89944458007812,34.41912841796875,0.0,0.0,,,1.0,0.0226593017578125,,,,,,,,,,,
pilot_mirage,NaYz,T,13,127.703125,stop,103367,counterstrafe,375.0,155.89944458007812,29.371097564697266,0.0,0.0,,,1.0,0.173370361328125,,,,,,,,,,,
pilot_mirage,NaYz,T,13,127.703125,stop,104514,counterstrafe,187.5,155.66287231445312,33.24346160888672,1.0,0.0,,,1.0,0.67669677734375,,,,,,,,,,,
pilot_mirage,NaYz,T,13,127.703125,peek,97713,,,,,,,,,,,jiggle,30.028532791589324,500.0,500.0,1.0,168.5250701904297,0.0,2.01495361328125,0.0,46.81592356388737,0.0
pilot_mirage,NaYz,T,13,127.703125,peek,97749,,,,,,,,,,,commit,197.41430804391413,1265.625,4984.375,0.0,221.54974365234375,0.0,18.198822021484375,0.0,1.2749674778455906,0.0
pilot_mirage,NaYz,T,13,127.703125,peek,98147,,,,,,,,,,,jiggle,21.004356090094486,562.5,562.5,1.0,88.54297637939453,0.0,1.188934326171875,0.0,1.3506443029778237,0.0
pilot_mirage,NaYz,T,13,127.703125,peek,98236,,,,,,,,,,,traversal,144.22148328087866,1484.375,4984.375,0.0,250.0003204345703,0.0,115.68603515625,0.0,0.5610789867043715,0.0
pilot_mirage,NaYz,T,13,127.703125,peek,99602,,,,,,,,,,,jiggle,28.824020368322714,265.625,265.625,1.0,167.09432983398438,0.0,0.902252197265625,0.0,62.13720387909249,0.0
pilot_mirage,NaYz,T,13,127.703125,peek,101774,,,,,,,,,,,jiggle,52.29130100912318,1484.375,1625.0,1.0,111.88859558105469,0.14583333333333334,11.1981201171875,1.0,1.4015012654126477,0.0
pilot_mirage,NaYz,T,13,127.703125,peek,101937,,,,,,,,,,,jiggle,26.629118454647788,640.625,640.625,1.0,156.42527770996094,0.0,0.49713134765625,1.0,2.7573896317744384,0.0
pilot_mirage,NaYz,T,13,127.703125,peek,102301,,,,,,,,,,,traversal,3.518908084567234,125.0,125.0,1.0,46.134300231933594,1.0,0.0,0.0,0.0003035823754740696,1.0
pilot_mirage,NaYz,T,13,127.703125,peek,102420,,,,,,,,,,,jiggle,23.369569138077743,265.625,265.625,1.0,129.04092407226562,0.2222222222222222,1.750946044921875,0.0,1.4306053020578593,0.0
pilot_mirage,NaYz,T,13,127.703125,peek,102979,,,,,,,,,,,traversal,50.35718236968482,1484.375,4984.375,0.0,95.95316314697266,1.0,0.0528717041015625,0.0,0.0003567398984467351,1.0
pilot_mirage,NaYz,T,13,127.703125,peek,103309,,,,,,,,,,,jiggle,20.029639019414073,296.875,296.875,1.0,143.9179229736328,0.0,0.6694793701171875,0.0,48.10604495736593,0.0
pilot_mirage,NaYz,T,14,82.15625,stop,105338,release,46.875,172.35292053222656,31.730730056762695,0.0,0.0,,,0.0,0.2252197265625,,,,,,,,,,,
pilot_mirage,NaYz,T,14,82.15625,stop,105712,crouch_stop,31.25,160.09519958496094,12.516395568847656,1.0,0.0,,,0.0,0.0,,,,,,,,,,,
pilot_mirage,NaYz,T,14,82.15625,stop,105736,crouch_stop,62.5,177.93951416015625,14.923543930053711,1.0,0.0,,,1.0,16.686859130859375,,,,,,,,,,,
pilot_mirage,NaYz,T,14,82.15625,stop,107502,counterstrafe,250.0,156.23178100585938,33.76797103881836,0.0,0.0,,,0.0,0.14007568359375,,,,,,,,,,,
pilot_mirage,NaYz,T,14,82.15625,stop,107548,counterstrafe,78.125,173.1932373046875,23.394784927368164,0.0,1.0,109.375,83.24140167236328,1.0,0.045318603515625,,,,,,,,,,,
pilot_mirage,NaYz,T,14,82.15625,stop,107588,counterstrafe,78.125,165.56375122070312,17.401832580566406,0.0,0.0,,,0.0,3.47271728515625,,,,,,,,,,,
pilot_mirage,NaYz,T,14,82.15625,stop,107667,counterstrafe,78.125,152.79530334472656,26.39676284790039,0.0,0.0,,,1.0,0.233123779296875,,,,,,,,,,,
pilot_mirage,NaYz,T,14,82.15625,stop,107680,counterstrafe,281.25,152.79530334472656,30.460420608520508,0.0,0.0,,,1.0,0.548980712890625,,,,,,,,,,,
pilot_mirage,NaYz,T,14,82.15625,stop,107796,counterstrafe,125.0,157.736083984375,11.614909172058105,0.0,0.0,,,1.0,0.0,,,,,,,,,,,
pilot_mirage,NaYz,T,14,82.15625,stop,107812,counterstrafe,375.0,157.736083984375,12.080377578735352,0.0,0.0,,,1.0,0.54144287109375,,,,,,,,,,,
pilot_mirage,NaYz,T,14,82.15625,stop,107863,counterstrafe,93.75,171.10934448242188,29.816326141357422,0.0,1.0,218.75,0.0,1.0,0.03021240234375,,,,,,,,,,,
pilot_mirage,NaYz,T,14,82.15625,stop,107871,counterstrafe,218.75,171.10934448242188,28.096939086914062,0.0,1.0,93.75,0.0,1.0,0.9249114990234375,,,,,,,,,,,
pilot_mirage,NaYz,T,14,82.15625,stop,107930,counterstrafe,171.875,157.91876220703125,34.45218276977539,0.0,0.0,,,1.0,0.7666473388671875,,,,,,,,,,,
pilot_mirage,NaYz,T,14,82.15625,stop,107964,counterstrafe,140.625,177.6363983154297,21.01230239868164,0.0,1.0,156.25,27.812803268432617,1.0,0.657135009765625,,,,,,,,,,,
pilot_mirage,NaYz,T,14,82.15625,stop,107973,counterstrafe,281.25,177.6363983154297,34.32256317138672,0.0,1.0,15.625,27.812803268432617,1.0,1.6452178955078125,,,,,,,,,,,
pilot_mirage,NaYz,T,14,82.15625,stop,108029,counterstrafe,109.375,157.30531311035156,12.003277778625488,0.0,0.0,,,0.0,0.4061431884765625,,,,,,,,,,,
pilot_mirage,NaYz,T,14,82.15625,stop,108177,counterstrafe,78.125,185.334228515625,29.938217163085938,0.0,0.0,,,0.0,0.0,,,,,,,,,,,
pilot_mirage,NaYz,T,14,82.15625,stop,108256,counterstrafe,78.125,157.08059692382812,20.59117889404297,0.0,0.0,,,1.0,0.0,,,,,,,,,,,
pilot_mirage,NaYz,T,14,82.15625,stop,108377,counterstrafe,359.375,159.85498046875,32.611900329589844,0.0,0.0,,,1.0,3.473052978515625,,,,,,,,,,,
pilot_mirage,NaYz,T,14,82.15625,stop,108426,counterstrafe,93.75,190.1637725830078,17.099327087402344,0.0,0.0,,,0.0,0.12017822265625,,,,,,,,,,,
pilot_mirage,NaYz,T,14,82.15625,stop,108572,counterstrafe,62.5,153.6150360107422,34.937625885009766,0.0,1.0,0.0,34.937625885009766,1.0,0.13525390625,,,,,,,,,,,
pilot_mirage,NaYz,T,14,82.15625,stop,108795,counterstrafe,93.75,160.725341796875,34.001182556152344,0.0,0.0,,,1.0,0.0800018310546875,,,,,,,,,,,
pilot_mirage,NaYz,T,14,82.15625,stop,108818,counterstrafe,78.125,150.09335327148438,22.671968460083008,0.0,0.0,,,1.0,0.100250244140625,,,,,,,,,,,
pilot_mirage,NaYz,T,14,82.15625,stop,108938,counterstrafe,296.875,162.2028350830078,12.952482223510742,0.0,0.0,,,1.0,3.8434906005859375,,,,,,,,,,,
pilot_mirage,NaYz,T,14,82.15625,stop,109150,counterstrafe,109.375,155.40670776367188,19.852994918823242,0.0,1.0,0.0,19.852994918823242,1.0,0.0,,,,,,,,,,,
pilot_mirage,NaYz,T,14,82.15625,stop,109192,counter_fwd,78.125,162.47425842285156,29.195825576782227,0.0,0.0,,,0.0,0.0899505615234375,,,,,,,,,,,
pilot_mirage,NaYz,T,14,82.15625,stop,109305,counterstrafe,93.75,185.72743225097656,11.857909202575684,0.0,0.0,,,1.0,0.0999298095703125,,,,,,,,,,,
pilot_mirage,NaYz,T,14,82.15625,stop,109333,counterstrafe,93.75,154.1172637939453,22.3101806640625,0.0,0.0,,,1.0,0.36083984375,,,,,,,,,,,
pilot_mirage,NaYz,T,14,82.15625,stop,109393,counterstrafe,78.125,150.5819549560547,19.10953140258789,0.0,0.0,,,0.0,0.0803375244140625,,,,,,,,,,,
pilot_mirage,NaYz,T,14,82.15625,stop,109561,counterstrafe,78.125,169.8957061767578,21.321054458618164,0.0,0.0,,,1.0,0.45111083984375,,,,,,,,,,,
pilot_mirage,NaYz,T,14,82.15625,stop,109586,counterstrafe,78.125,170.94442749023438,29.547616958618164,0.0,0.0,,,1.0,0.2255706787109375,,,,,,,,,,,
pilot_mirage,NaYz,T,14,82.15625,stop,109603,counterstrafe,343.75,170.94442749023438,18.42401123046875,0.0,0.0,,,1.0,0.8123321533203125,,,,,,,,,,,
pilot_mirage,NaYz,T,14,82.15625,stop,109758,counterstrafe,156.25,182.0414276123047,29.550447463989258,0.0,0.0,,,1.0,0.0,,,,,,,,,,,
pilot_mirage,NaYz,T,14,82.15625,stop,110247,counterstrafe,78.125,168.6337127685547,17.577762603759766,0.0,0.0,,,1.0,0.240325927734375,,,,,,,,,,,
pilot_mirage,NaYz,T,14,82.15625,stop,110323,counterstrafe,93.75,193.74920654296875,18.62131118774414,0.0,0.0,,,1.0,0.24066925048828125,,,,,,,,,,,
pilot_mirage,NaYz,T,14,82.15625,stop,110345,counterstrafe,62.5,158.24864196777344,34.003204345703125,0.0,0.0,,,1.0,0.16033172607421875,,,,,,,,,,,
pilot_mirage,NaYz,T,14,82.15625,stop,110561,release,125.0,151.3205108642578,32.171878814697266,0.0,0.0,,,1.0,0.6011581420898438,,,,,,,,,,,
pilot_mirage,NaYz,T,14,82.15625,stop,110567,release,218.75,151.3205108642578,33.92690658569336,0.0,0.0,,,1.0,0.9218215942382812,,,,,,,,,,,
pilot_mirage,NaYz,T,14,82.15625,stop,110941,counterstrafe,93.75,151.28585815429688,20.4813289642334,0.0,0.0,,,1.0,0.18024444580078125,,,,,,,,,,,
pilot_mirage,NaYz,T,14,82.15625,stop,110956,counterstrafe,328.125,151.28585815429688,13.557294845581055,0.0,0.0,,,1.0,0.7010650634765625,,,,,,,,,,,
pilot_mirage,NaYz,T,14,82.15625,stop,111000,counterstrafe,78.125,150.75924682617188,26.569286346435547,0.0,0.0,,,1.0,0.20050048828125,,,,,,,,,,,
pilot_mirage,NaYz,T,14,82.15625,stop,111080,counterstrafe,187.5,154.6974639892578,29.560997009277344,0.0,0.0,,,1.0,0.07999420166015625,,,,,,,,,,,
pilot_mirage,NaYz,T,14,82.15625,stop,111417,counterstrafe,156.25,155.4124755859375,26.955589294433594,0.0,0.0,,,0.0,0.501251220703125,,,,,,,,,,,
pilot_mirage,NaYz,T,14,82.15625,stop,111503,release,140.625,160.42877197265625,29.921878814697266,0.0,0.0,,,0.0,0.9922027587890625,,,,,,,,,,,
pilot_mirage,NaYz,T,14,82.15625,stop,111572,counterstrafe,78.125,154.07351684570312,21.478626251220703,0.0,1.0,0.0,21.478626251220703,1.0,0.0075531005859375,,,,,,,,,,,
pilot_mirage,NaYz,T,14,82.15625,stop,111699,crouch_stop,140.625,152.22174072265625,21.341697692871094,1.0,0.0,,,0.0,4.9610137939453125,,,,,,,,,,,
pilot_mirage,NaYz,T,14,82.15625,stop,111714,counter_fwd,375.0,152.22174072265625,31.941686630249023,1.0,0.0,,,0.0,5.0509796142578125,,,,,,,,,,,
pilot_mirage,NaYz,T,14,82.15625,stop,111854,counterstrafe,93.75,184.238037109375,18.03375244140625,0.0,0.0,,,0.0,0.3206634521484375,,,,,,,,,,,
pilot_mirage,NaYz,T,14,82.15625,peek,107617,,,,,,,,,,,narrow,85.32571246493931,765.625,2562.5,1.0,218.42807006835938,0.0,3.731903076171875,1.0,22.316349689230545,0.0
pilot_mirage,NaYz,T,14,82.15625,peek,108055,,,,,,,,,,,commit,106.42726730205966,1484.375,4984.375,0.0,223.4376678466797,0.0,16.392654418945312,0.0,9.206001226801384,0.0
pilot_mirage,NaYz,T,14,82.15625,peek,108749,,,,,,,,,,,jiggle,26.446566931823874,781.25,781.25,1.0,160.725341796875,0.3137254901960784,0.862091064453125,0.0,3.6859170867472817,0.0
pilot_mirage,NaYz,T,14,82.15625,peek,109354,,,,,,,,,,,jiggle,33.720072033677404,1484.375,1484.375,1.0,150.5819549560547,0.23958333333333334,1.953857421875,0.0,8.57060653226577,0.0
pilot_mirage,NaYz,T,14,82.15625,peek,109536,,,,,,,,,,,jiggle,43.88764054808798,375.0,375.0,1.0,185.48004150390625,0.0,2.2103118896484375,0.0,46.800180862424654,0.0
pilot_mirage,NaYz,T,14,82.15625,peek,109694,,,,,,,,,,,commit,166.89363810294398,1000.0,4984.375,0.0,230.00234985351562,0.0,8.569671630859375,0.0,5.041353645690653,0.0
pilot_mirage,NaYz,T,14,82.15625,peek,110371,,,,,,,,,,,traversal,166.578210990309,1484.375,4984.375,0.0,229.8334503173828,0.2604166666666667,2.5718307495117188,1.0,0.16421524233611234,0.0
pilot_mirage,NaYz,T,14,82.15625,peek,110920,,,,,,,,,,,jiggle,32.226693792364685,312.5,312.5,1.0,163.06069946289062,0.0,1.3025665283203125,0.0,2.256540995350342,0.0
pilot_mirage,NaYz,T,14,82.15625,peek,111135,,,,,,,,,,,traversal,213.18287138333784,1484.375,4984.375,0.0,230.00038146972656,0.0,216.4804229736328,0.0,0.7108754860959448,0.0
pilot_mirage,NaYz,T,14,82.15625,peek,111483,,,,,,,,,,,jiggle,24.513938435404814,1078.125,1078.125,1.0,160.42877197265625,0.0,2.3459320068359375,0.0,2.9819804718006444,0.0
pilot_mirage,NaYz,T,14,82.15625,peek,111557,,,,,,,,,,,jiggle,22.83670957358343,218.75,218.75,1.0,154.07351684570312,0.0,0.0648956298828125,1.0,99.08781366399636,0.0
pilot_mirage,NaYz,T,14,82.15625,peek,111625,,,,,,,,,,,traversal,122.00273001949186,1125.0,3593.75,0.0,201.26229858398438,0.0,52.22624206542969,0.0,0.8191134922154192,0.0
pilot_mirage,NaYz,T,15,92.96875,stop,111886,counterstrafe,93.75,182.10751342773438,20.6733341217041,0.0,0.0,,,1.0,0.381103515625,,,,,,,,,,,
pilot_mirage,NaYz,T,15,92.96875,stop,113586,release,15.625,255.2545166015625,21.484018325805664,0.0,0.0,,,0.0,0.045318603515625,,,,,,,,,,,
pilot_mirage,NaYz,T,15,92.96875,stop,114053,counterstrafe,125.0,158.892822265625,30.381458282470703,1.0,1.0,78.125,7.879159450531006,1.0,0.44390869140625,,,,,,,,,,,
pilot_mirage,NaYz,T,15,92.96875,stop,114250,release,46.875,151.91403198242188,18.26654815673828,0.0,1.0,31.25,32.39263916015625,1.0,0.09063720703125,,,,,,,,,,,
pilot_mirage,NaYz,T,15,92.96875,stop,114424,counterstrafe,109.375,161.00289916992188,28.762821197509766,0.0,0.0,,,1.0,1.002166748046875,,,,,,,,,,,
pilot_mirage,NaYz,T,15,92.96875,stop,114430,counterstrafe,203.125,161.00289916992188,22.944515228271484,0.0,0.0,,,1.0,2.806304931640625,,,,,,,,,,,
pilot_mirage,NaYz,T,15,92.96875,stop,115021,counterstrafe,78.125,175.01214599609375,26.844636917114258,0.0,0.0,,,0.0,0.36083221435546875,,,,,,,,,,,
pilot_mirage,NaYz,T,15,92.96875,stop,115083,counterstrafe,78.125,181.1759033203125,27.68740463256836,0.0,0.0,,,1.0,0.02025604248046875,,,,,,,,,,,
pilot_mirage,NaYz,T,15,92.96875,stop,115121,counterstrafe,343.75,154.33203125,12.31763744354248,0.0,1.0,46.875,38.67118453979492,1.0,1.5631484985351562,,,,,,,,,,,
pilot_mirage,NaYz,T,15,92.96875,stop,115516,counterstrafe,78.125,183.60328674316406,30.062191009521484,0.0,0.0,,,1.0,0.23998260498046875,,,,,,,,,,,
pilot_mirage,NaYz,T,15,92.96875,stop,115562,counterstrafe,109.375,154.4494171142578,28.399904251098633,0.0,0.0,,,0.0,0.14007568359375,,,,,,,,,,,
pilot_mirage,NaYz,T,15,92.96875,stop,115613,counterstrafe,78.125,179.15719604492188,30.522960662841797,0.0,0.0,,,1.0,0.0,,,,,,,,,,,
pilot_mirage,NaYz,T,15,92.96875,stop,115641,counterstrafe,93.75,156.06336975097656,30.898414611816406,0.0,0.0,,,1.0,0.1201629638671875,,,,,,,,,,,
pilot_mirage,NaYz,T,15,92.96875,stop,115664,counterstrafe,78.125,156.7935028076172,33.10331726074219,0.0,0.0,,,1.0,0.4010009765625,,,,,,,,,,,
pilot_mirage,NaYz,T,15,92.96875,stop,115672,counterstrafe,203.125,156.7935028076172,30.39436912536621,0.0,0.0,,,1.0,0.46108245849609375,,,,,,,,,,,
pilot_mirage,NaYz,T,15,92.96875,stop,115697,counterstrafe,93.75,164.3379364013672,32.60093307495117,0.0,0.0,,,1.0,0.7817459106445312,,,,,,,,,,,
pilot_mirage,NaYz,T,15,92.96875,stop,115712,counterstrafe,328.125,164.3379364013672,11.234139442443848,0.0,0.0,,,1.0,1.3029098510742188,,,,,,,,,,,
pilot_mirage,NaYz,T,15,92.96875,stop,115738,counterstrafe,156.25,154.4167022705078,22.559696197509766,0.0,0.0,,,1.0,1.3629913330078125,,,,,,,,,,,
pilot_mirage,NaYz,T,15,92.96875,stop,115776,counterstrafe,78.125,171.00411987304688,21.027587890625,0.0,0.0,,,0.0,0.14007568359375,,,,,,,,,,,
pilot_mirage,NaYz,T,15,92.96875,stop,115783,counterstrafe,187.5,171.00411987304688,34.103816986083984,0.0,0.0,,,0.0,0.18024444580078125,,,,,,,,,,,
pilot_mirage,NaYz,T,15,92.96875,stop,115908,counterstrafe,78.125,175.74343872070312,25.851099014282227,0.0,0.0,,,1.0,0.270538330078125,,,,,,,,,,,
pilot_mirage,NaYz,T,15,92.96875,stop,115939,counterstrafe,78.125,186.04176330566406,26.806440353393555,0.0,1.0,359.375,192.12857055664062,1.0,0.4964447021484375,,,,,,,,,,,
pilot_mirage,NaYz,T,15,92.96875,stop,115968,counterstrafe,78.125,173.10324096679688,25.750404357910156,0.0,1.0,0.0,25.750404357910156,1.0,0.1352691650390625,,,,,,,,,,,
pilot_mirage,NaYz,T,15,92.96875,stop,116071,counterstrafe,93.75,164.2413787841797,30.81351089477539,0.0,0.0,,,1.0,0.0,,,,,,,,,,,
pilot_mirage,NaYz,T,15,92.96875,stop,116272,counterstrafe,125.0,157.07383728027344,33.26491928100586,0.0,0.0,,,1.0,0.7817459106445312,,,,,,,,,,,
pilot_mirage,NaYz,T,15,92.96875,stop,116311,counterstrafe,78.125,154.0287322998047,18.59695053100586,0.0,0.0,,,1.0,0.0377655029296875,,,,,,,,,,,
pilot_mirage,NaYz,T,15,92.96875,stop,116350,counterstrafe,78.125,153.26150512695312,10.30799388885498,0.0,0.0,,,1.0,0.06008148193359375,,,,,,,,,,,
pilot_mirage,NaYz,T,15,92.96875,stop,116478,counterstrafe,78.125,164.68247985839844,16.40226936340332,0.0,0.0,,,1.0,1.583404541015625,,,,,,,,,,,
pilot_mirage,NaYz,T,15,92.96875,stop,116630,counterstrafe,125.0,158.65310668945312,32.11468505859375,0.0,0.0,,,1.0,0.05252838134765625,,,,,,,,,,,
pilot_mirage,NaYz,T,15,92.96875,stop,116662,counterstrafe,78.125,182.95799255371094,26.499919891357422,0.0,0.0,,,1.0,0.06008148193359375,,,,,,,,,,,
pilot_mirage,NaYz,T,15,92.96875,stop,116693,counterstrafe,140.625,176.568115234375,13.48193073272705,0.0,0.0,,,1.0,0.19535064697265625,,,,,,,,,,,
pilot_mirage,NaYz,T,15,92.96875,stop,116744,counterstrafe,78.125,161.2780303955078,13.766926765441895,0.0,0.0,,,1.0,0.18024444580078125,,,,,,,,,,,
pilot_mirage,NaYz,T,15,92.96875,stop,116786,counterstrafe,62.5,151.9652862548828,32.81575393676758,0.0,0.0,,,1.0,0.142822265625,,,,,,,,,,,
pilot_mirage,NaYz,T,15,92.96875,stop,116829,counterstrafe,78.125,180.48623657226562,27.714679718017578,0.0,0.0,,,1.0,0.33061981201171875,,,,,,,,,,,
pilot_mirage,NaYz,T,15,92.96875,stop,116876,counterstrafe,78.125,156.46424865722656,20.396297454833984,0.0,0.0,,,1.0,0.2327728271484375,,,,,,,,,,,
pilot_mirage,NaYz,T,15,92.96875,stop,116924,counterstrafe,78.125,176.9342803955078,7.010217189788818,0.0,0.0,,,1.0,0.2780914306640625,,,,,,,,,,,
pilot_mirage,NaYz,T,15,92.96875,stop,117149,counterstrafe,78.125,183.29937744140625,31.396102905273438,0.0,0.0,,,1.0,0.20015716552734375,,,,,,,,,,,
pilot_mirage,NaYz,T,15,92.96875,stop,117349,counterstrafe,125.0,160.22430419921875,29.384546279907227,1.0,0.0,,,1.0,0.9221649169921875,,,,,,,,,,,
pilot_mirage,NaYz,T,15,92.96875,stop,117552,crouch_stop,31.25,201.515625,20.758316040039062,1.0,0.0,,,0.0,0.0,,,,,,,,,,,
pilot_mirage,NaYz,T,15,92.96875,stop,117705,counterstrafe,93.75,163.3926544189453,23.243837356567383,0.0,0.0,,,1.0,0.4058074951171875,,,,,,,,,,,
pilot_mirage,NaYz,T,15,92.96875,stop,117719,counterstrafe,312.5,163.3926544189453,34.62251663208008,0.0,0.0,,,1.0,0.9468841552734375,,,,,,,,,,,
pilot_mirage,NaYz,T,15,92.96875,stop,117795,counterstrafe,93.75,187.29588317871094,23.0391788482666,0.0,0.0,,,1.0,0.94207763671875,,,,,,,,,,,
pilot_mirage,NaYz,T,15,92.96875,stop,117832,counterstrafe,78.125,155.7615966796875,20.46889877319336,0.0,1.0,62.5,54.213138580322266,1.0,3.8081512451171875,,,,,,,,,,,
pilot_mirage,NaYz,T,15,92.96875,stop,118066,counterstrafe,78.125,163.86927795410156,33.2274169921875,0.0,0.0,,,1.0,0.94207763671875,,,,,,,,,,,
pilot_mirage,NaYz,T,15,92.96875,stop,118520,crouch_stop,93.75,219.17996215820312,31.695327758789062,1.0,0.0,,,0.0,4.780426025390625,,,,,,,,,,,
pilot_mirage,NaYz,T,15,92.96875,peek,114083,,,,,,,,,,,jiggle,34.09957343720733,328.125,328.125,1.0,149.64031982421875,0.0,0.766632080078125,0.0,66.24805081174793,0.0
pilot_mirage,NaYz,T,15,92.96875,peek,114555,,,,,,,,,,,commit,299.33116532979835,1484.375,4984.375,0.0,239.6764678955078,0.0,14.56781005859375,1.0,1.1534288825091426,0.0
pilot_mirage,NaYz,T,15,92.96875,peek,117391,,,,,,,,,,,traversal,16.155119479154333,984.375,984.375,1.0,37.23368835449219,0.0,0.33817291259765625,0.0,0.2575512660036455,0.0
pilot_mirage,NaYz,T,15,92.96875,peek,117500,,,,,,,,,,,traversal,142.83147706001617,1171.875,4984.375,0.0,229.99981689453125,0.0,5.4114532470703125,0.0,0.3128313694527415,0.0
pilot_mirage,NaYz,T,15,92.96875,peek,118563,,,,,,,,,,,traversal,162.47874206720746,1484.375,4984.375,0.0,117.00260925292969,1.0,2.25494384765625,0.0,0.1927963249391379,1.0
pilot_mirage,NaYz,T,16,27.546875,stop,119131,counterstrafe,93.75,160.5864715576172,33.769447326660156,0.0,0.0,,,0.0,0.3155059814453125,,,,,,,,,,,
pilot_mirage,NaYz,T,16,27.546875,stop,119352,release,31.25,221.828125,2.0742223262786865,0.0,0.0,,,1.0,0.0,,,,,,,,,,,
pilot_mirage,NaYz,T,16,27.546875,stop,119422,release,93.75,249.19168090820312,30.859390258789062,0.0,0.0,,,0.0,1.75885009765625,,,,,,,,,,,
pilot_mirage,NaYz,T,16,27.546875,stop,120816,release,15.625,254.63063049316406,21.48341178894043,0.0,0.0,,,1.0,0.0,,,,,,,,,,,
pilot_mirage,NaYz,T,16,27.546875,stop,121347,crouch_stop,46.875,192.79954528808594,2.1068460941314697,1.0,0.0,,,0.0,2.9316253662109375,,,,,,,,,,,
pilot_mirage,NaYz,T,16,27.546875,peek,119443,,,,,,,,,,,traversal,909.870716855609,1484.375,4984.375,0.0,254.63063049316406,0.0,49.82745361328125,1.0,0.47990417997585005,0.0
pilot_mirage,NaYz,T,16,27.546875,peek,121376,,,,,,,,,,,jiggle,45.775726221833466,531.25,640.625,1.0,148.0369110107422,0.2571428571428571,8.277175903320312,0.0,1.871702221619207,0.0
pilot_mirage,NaYz,T,17,37.546875,stop,131970,counterstrafe,140.625,155.5933837890625,25.66353416442871,0.0,0.0,,,1.0,0.631378173828125,,,,,,,,,,,
pilot_mirage,NaYz,T,17,37.546875,stop,132006,counterstrafe,78.125,178.45066833496094,31.16195297241211,0.0,1.0,0.0,31.16195297241211,0.0,0.270538330078125,,,,,,,,,,,
pilot_mirage,NaYz,T,17,37.546875,stop,132228,counterstrafe,78.125,157.79147338867188,29.818967819213867,0.0,1.0,15.625,23.2324161529541,0.0,1.623931884765625,,,,,,,,,,,
pilot_mirage,NaYz,T,17,37.546875,stop,132360,release,31.25,171.01832580566406,0.0,0.0,0.0,,,1.0,0.04498291015625,,,,,,,,,,,
pilot_mirage,NaYz,T,17,37.546875,stop,132391,counterstrafe,125.0,151.43936157226562,30.501916885375977,0.0,1.0,187.5,10.940709114074707,1.0,0.406158447265625,,,,,,,,,,,
pilot_mirage,NaYz,T,17,37.546875,stop,132398,counterstrafe,234.375,151.43936157226562,31.39891242980957,0.0,1.0,78.125,10.940709114074707,1.0,1.308441162109375,,,,,,,,,,,
pilot_mirage,NaYz,T,17,37.546875,stop,132423,counterstrafe,62.5,161.01686096191406,23.896575927734375,0.0,0.0,,,1.0,5.63739013671875,,,,,,,,,,,
pilot_mirage,NaYz,T,17,37.546875,stop,132578,counterstrafe,93.75,161.97088623046875,11.117471694946289,0.0,1.0,109.375,85.99012756347656,1.0,1.398345947265625,,,,,,,,,,,
pilot_mirage,NaYz,T,17,37.546875,stop,132608,release,31.25,193.12110900878906,0.0,0.0,0.0,,,1.0,1.127471923828125,,,,,,,,,,,
pilot_mirage,NaYz,T,17,37.546875,stop,132630,release,375.0,193.12110900878906,34.42230224609375,0.0,0.0,,,1.0,2.029022216796875,,,,,,,,,,,
pilot_mirage,NaYz,T,17,37.546875,stop,132664,counterstrafe,78.125,158.1796875,26.398380279541016,0.0,1.0,0.0,26.398380279541016,1.0,0.0899658203125,,,,,,,,,,,
pilot_mirage,NaYz,T,17,37.546875,stop,132687,counterstrafe,109.375,155.27593994140625,30.614124298095703,0.0,0.0,,,1.0,1.307708740234375,,,,,,,,,,,
pilot_mirage,NaYz,T,17,37.546875,stop,132811,counter_fwd,62.5,153.9928436279297,28.468067169189453,0.0,0.0,,,0.0,7.12567138671875,,,,,,,,,,,
pilot_mirage,NaYz,T,17,37.546875,stop,132971,counterstrafe,78.125,174.08895874023438,33.57770919799805,0.0,1.0,0.0,33.57770919799805,0.0,0.3608245849609375,,,,,,,,,,,
pilot_mirage,NaYz,T,17,37.546875,stop,133428,counterstrafe,62.5,163.4511260986328,21.114696502685547,0.0,0.0,,,1.0,2.255279541015625,,,,,,,,,,,
pilot_mirage,NaYz,T,17,37.546875,stop,133486,counterstrafe,156.25,175.00411987304688,34.71778869628906,0.0,0.0,,,0.0,0.13525390625,,,,,,,,,,,
pilot_mirage,NaYz,T,17,37.546875,peek,132032,,,,,,,,,,,commit,286.6806182278112,1484.375,4984.375,0.0,215.00279235839844,0.0,23.2728271484375,1.0,6.828620145901672,0.0
pilot_mirage,NaYz,T,17,37.546875,peek,132545,,,,,,,,,,,jiggle,58.56700003042709,500.0,687.5,1.0,191.87490844726562,0.0,26.158111572265625,1.0,6.820875252978987,0.0
pilot_mirage,NaYz,T,17,37.546875,peek,132753,,,,,,,,,,,traversal,50.24172506268476,906.25,1046.875,1.0,203.70985412597656,0.2711864406779661,14.47723388671875,1.0,0.10973775066306277,0.0
pilot_mirage,NaYz,T,17,37.546875,peek,132900,,,,,,,,,,,commit,186.6466363820522,1484.375,4984.375,0.0,215.00164794921875,0.0,21.288787841796875,1.0,9.309620931519465,0.0
pilot_mirage,NaYz,T,18,23.546875,stop,135556,release,15.625,270.0049743652344,21.48492431640625,0.0,0.0,,,1.0,0.0,,,,,,,,,,,
pilot_mirage,NaYz,T,18,23.546875,stop,136469,counterstrafe,93.75,161.4506072998047,33.086280822753906,0.0,0.0,,,0.0,0.31585693359375,,,,,,,,,,,
pilot_mirage,NaYz,T,18,23.546875,stop,136513,counterstrafe,78.125,151.09237670898438,25.409496307373047,0.0,1.0,93.75,0.0,0.0,0.270538330078125,,,,,,,,,,,
pilot_mirage,NaYz,T,18,23.546875,stop,136530,counterstrafe,343.75,151.09237670898438,29.19867515563965,0.0,1.0,46.875,9.691402435302734,1.0,2.79669189453125,,,,,,,,,,,
pilot_mirage,NaYz,T,18,23.546875,peek,136082,,,,,,,,,,,traversal,274.07190781577316,1484.375,4984.375,0.0,250.0020751953125,0.0,34.59181213378906,1.0,0.5355949467744846,0.0
pilot_mirage,Papatronic05,CT,12,45.015625,stop,90892,crouch_stop,15.625,168.33737182617188,17.06121826171875,1.0,0.0,,,0.0,0.0,,,,,,,,,,,
pilot_mirage,Papatronic05,CT,12,45.015625,stop,91110,counterstrafe,62.5,161.58004760742188,23.57761573791504,0.0,0.0,,,1.0,0.02197265625,,,,,,,,,,,
pilot_mirage,Papatronic05,CT,12,45.015625,stop,91125,counterstrafe,296.875,161.58004760742188,20.319860458374023,0.0,0.0,,,1.0,1.6060638427734375,,,,,,,,,,,
pilot_mirage,Papatronic05,CT,12,45.015625,stop,91148,counterstrafe,78.125,163.79983520507812,13.593249320983887,0.0,0.0,,,1.0,0.0439453125,,,,,,,,,,,
pilot_mirage,Papatronic05,CT,12,45.015625,stop,91159,counterstrafe,250.0,163.79983520507812,3.558722496032715,0.0,0.0,,,1.0,0.0439453125,,,,,,,,,,,
pilot_mirage,Papatronic05,CT,12,45.015625,stop,91164,counterstrafe,328.125,163.79983520507812,12.133061408996582,0.0,0.0,,,1.0,0.0439453125,,,,,,,,,,,
pilot_mirage,Papatronic05,CT,12,45.015625,stop,91604,counterstrafe,78.125,178.41827392578125,23.43092155456543,0.0,1.0,15.625,6.038471221923828,1.0,0.571990966796875,,,,,,,,,,,
pilot_mirage,Papatronic05,CT,12,45.015625,stop,91616,counterstrafe,265.625,178.41827392578125,13.034811973571777,0.0,1.0,0.0,13.034811973571777,1.0,2.464385986328125,,,,,,,,,,,
pilot_mirage,Papatronic05,CT,12,45.015625,stop,91685,counterstrafe,78.125,180.16635131835938,20.770252227783203,0.0,1.0,15.625,6.72153377532959,1.0,1.9802703857421875,,,,,,,,,,,
pilot_mirage,Papatronic05,CT,12,45.015625,stop,91701,counterstrafe,328.125,180.16635131835938,27.01470375061035,0.0,1.0,0.0,27.01470375061035,1.0,8.558334350585938,,,,,,,,,,,
pilot_mirage,Papatronic05,CT,12,45.015625,stop,91735,counterstrafe,78.125,176.0648193359375,20.690692901611328,0.0,0.0,,,1.0,1.209869384765625,,,,,,,,,,,
pilot_mirage,Papatronic05,CT,12,45.015625,stop,91744,counterstrafe,218.75,176.0648193359375,28.564332962036133,0.0,0.0,,,1.0,1.429931640625,,,,,,,,,,,
pilot_mirage,Papatronic05,CT,12,45.015625,stop,92112,counterstrafe,78.125,151.54421997070312,20.228696823120117,0.0,0.0,,,0.0,0.5060577392578125,,,,,,,,,,,
pilot_mirage,Papatronic05,CT,12,45.015625,stop,92297,counterstrafe,93.75,180.7515411376953,25.942211151123047,0.0,1.0,203.125,60.650272369384766,1.0,0.0,,,,,,,,,,,
pilot_mirage,Papatronic05,CT,12,45.015625,stop,92304,counterstrafe,203.125,180.7515411376953,25.848798751831055,0.0,1.0,93.75,60.650272369384766,1.0,1.385986328125,,,,,,,,,,,
pilot_mirage,Papatronic05,CT,12,45.015625,stop,92311,counterstrafe,312.5,180.7515411376953,32.5090446472168,0.0,1.0,0.0,32.5090446472168,1.0,5.434112548828125,,,,,,,,,,,
pilot_mirage,Papatronic05,CT,12,45.015625,stop,92379,counterstrafe,78.125,170.7327880859375,22.639062881469727,0.0,1.0,46.875,8.342089653015137,1.0,1.8038177490234375,,,,,,,,,,,
pilot_mirage,Papatronic05,CT,12,45.015625,stop,92517,counterstrafe,78.125,164.1282958984375,28.255674362182617,0.0,0.0,,,1.0,0.880279541015625,,,,,,,,,,,
pilot_mirage,Papatronic05,CT,12,45.015625,stop,92526,counterstrafe,218.75,164.1282958984375,30.88548469543457,0.0,0.0,,,1.0,1.3423919677734375,,,,,,,,,,,
pilot_mirage,Papatronic05,CT,12,45.015625,stop,92567,counterstrafe,78.125,165.31324768066406,18.761146545410156,0.0,0.0,,,1.0,0.06591796875,,,,,,,,,,,
pilot_mirage,Papatronic05,CT,12,45.015625,stop,92576,counterstrafe,218.75,165.31324768066406,10.510425567626953,0.0,0.0,,,1.0,0.2640228271484375,,,,,,,,,,,
pilot_mirage,Papatronic05,CT,12,45.015625,stop,92608,counterstrafe,234.375,152.46914672851562,28.061079025268555,1.0,1.0,0.0,28.061079025268555,1.0,4.818511962890625,,,,,,,,,,,
pilot_mirage,Papatronic05,CT,12,45.015625,stop,93172,release,328.125,153.11705017089844,29.85944938659668,0.0,0.0,,,1.0,14.47650146484375,,,,,,,,,,,
pilot_mirage,Papatronic05,CT,12,45.015625,peek,90920,,,,,,,,,,,traversal,176.3539046273772,1484.375,4984.375,0.0,240.48013305664062,0.0,74.86598205566406,2.0,0.2046784222060986,0.0
pilot_mirage,Papatronic05,CT,12,45.015625,peek,91535,,,,,,,,,,,jiggle,37.37687569396068,1062.5,1062.5,1.0,211.65664672851562,0.0,14.80615234375,0.0,17.816839697322376,0.0
pilot_mirage,Papatronic05,CT,12,45.015625,peek,91779,,,,,,,,,,,traversal,320.4811203121195,1484.375,4984.375,0.0,240.00257873535156,0.0,149.40203857421875,5.0,2.0276379378833087,0.0
pilot_mirage,Papatronic05,CT,12,45.015625,peek,92231,,,,,,,,,,,traversal,188.33875114419106,1015.625,4984.375,0.0,239.26284790039062,0.0,27.741851806640625,5.0,0.5337045447981345,0.0
pilot_mirage,Papatronic05,CT,13,16.078125,stop,97147,release,15.625,189.92440795898438,21.484989166259766,0.0,0.0,,,1.0,0.0,,,,,,,,,,,
pilot_mirage,Papatronic05,CT,13,16.078125,stop,97557,counterstrafe,140.625,150.89151000976562,24.231964111328125,1.0,0.0,,,1.0,0.417816162109375,,,,,,,,,,,
pilot_mirage,Papatronic05,CT,14,56.1875,stop,107460,release,125.0,157.88075256347656,32.1972541809082,0.0,0.0,,,1.0,0.8799285888671875,,,,,,,,,,,
pilot_mirage,Papatronic05,CT,14,56.1875,stop,107636,counterstrafe,93.75,162.38059997558594,22.476964950561523,0.0,1.0,0.0,22.476964950561523,1.0,0.154144287109375,,,,,,,,,,,
pilot_mirage,Papatronic05,CT,14,56.1875,stop,107665,counterstrafe,78.125,150.48202514648438,31.306095123291016,0.0,0.0,,,0.0,0.02197265625,,,,,,,,,,,
pilot_mirage,Papatronic05,CT,14,56.1875,stop,107720,counterstrafe,78.125,169.52903747558594,20.83026885986328,0.0,1.0,0.0,20.83026885986328,1.0,0.107452392578125,,,,,,,,,,,
pilot_mirage,Papatronic05,CT,14,56.1875,stop,108024,counterstrafe,78.125,166.354248046875,16.699201583862305,0.0,0.0,,,1.0,0.312774658203125,,,,,,,,,,,
pilot_mirage,Papatronic05,CT,14,56.1875,stop,108041,counterstrafe,343.75,166.354248046875,32.281829833984375,0.0,0.0,,,1.0,1.28607177734375,,,,,,,,,,,
pilot_mirage,Papatronic05,CT,14,56.1875,stop,108471,counterstrafe,78.125,158.01966857910156,11.192652702331543,0.0,0.0,,,1.0,0.04876708984375,,,,,,,,,,,
pilot_mirage,Papatronic05,CT,14,56.1875,stop,108805,counterstrafe,78.125,165.5926055908203,15.652631759643555,0.0,0.0,,,1.0,0.0782470703125,,,,,,,,,,,
pilot_mirage,Papatronic05,CT,14,56.1875,stop,109039,counterstrafe,62.5,155.70111083984375,34.531898498535156,0.0,0.0,,,0.0,0.2835693359375,,,,,,,,,,,
pilot_mirage,Papatronic05,CT,14,56.1875,stop,109052,counterstrafe,265.625,155.70111083984375,25.156877517700195,0.0,0.0,,,1.0,3.7353515625,,,,,,,,,,,
pilot_mirage,Papatronic05,CT,14,56.1875,stop,109182,counterstrafe,78.125,181.4049530029297,29.44748306274414,0.0,0.0,,,1.0,0.0587158203125,,,,,,,,,,,
pilot_mirage,Papatronic05,CT,14,56.1875,stop,109337,counterstrafe,78.125,162.5243682861328,12.746191024780273,0.0,0.0,,,1.0,0.029205322265625,,,,,,,,,,,
pilot_mirage,Papatronic05,CT,14,56.1875,stop,110017,counterstrafe,78.125,153.80056762695312,17.99938201904297,0.0,1.0,46.875,40.34238815307617,1.0,1.5621337890625,,,,,,,,,,,
pilot_mirage,Papatronic05,CT,14,56.1875,stop,110541,crouch_stop,15.625,189.98583984375,20.828147888183594,1.0,0.0,,,0.0,0.0,,,,,,,,,,,
pilot_mirage,Papatronic05,CT,14,56.1875,peek,107558,,,,,,,,,,,jiggle,49.85325163828331,890.625,1015.625,1.0,171.85128784179688,0.0,2.63946533203125,0.0,1.634762462793374,0.0
pilot_mirage,Papatronic05,CT,14,56.1875,peek,107698,,,,,,,,,,,jiggle,40.18089854336219,328.125,328.125,1.0,184.05712890625,0.0,0.087890625,0.0,116.559792683409,0.0
pilot_mirage,Papatronic05,CT,14,56.1875,peek,108446,,,,,,,,,,,jiggle,48.32086225688776,375.0,468.75,1.0,196.18641662597656,0.0,8.829254150390625,0.0,15.323991568760835,0.0
pilot_mirage,Papatronic05,CT,14,56.1875,peek,108783,,,,,,,,,,,jiggle,40.32112951643706,328.125,328.125,1.0,183.98068237304688,0.0,5.006317138671875,0.0,22.930064097799267,0.0
pilot_mirage,Papatronic05,CT,14,56.1875,peek,108934,,,,,,,,,,,jiggle,26.6218448726064,1484.375,1484.375,1.0,160.11207580566406,0.5208333333333334,1.476287841796875,0.0,1.2315346161756036,1.0
pilot_mirage,Papatronic05,CT,14,56.1875,peek,109144,,,,,,,,,,,jiggle,52.869988246115,593.75,718.75,1.0,181.4049530029297,0.0,10.85345458984375,0.0,16.71045550508937,0.0
pilot_mirage,Papatronic05,CT,14,56.1875,peek,109265,,,,,,,,,,,narrow,62.102220481163506,1109.375,1359.375,1.0,197.3656463623047,0.6388888888888888,10.491973876953125,0.0,2.2137500994241015,1.0
pilot_mirage,Papatronic05,CT,14,56.1875,peek,109946,,,,,,,,,,,narrow,159.13874155661335,1093.75,1812.5,1.0,230.00047302246094,0.323943661971831,56.40827941894531,1.0,1.4726534187642852,0.0
pilot_mirage,Papatronic05,CT,14,56.1875,peek,110616,,,,,,,,,,,jiggle,21.945100967379776,281.25,281.25,1.0,148.22482299804688,0.0,0.197418212890625,0.0,2.838186821487138,0.0
pilot_mirage,Papatronic05,CT,15,66.421875,stop,115118,counterstrafe,78.125,158.69378662109375,22.53795623779297,0.0,0.0,,,0.0,0.02197265625,,,,,,,,,,,
pilot_mirage,Papatronic05,CT,15,66.421875,stop,115816,counterstrafe,78.125,167.723388671875,18.314313888549805,0.0,0.0,,,1.0,0.0,,,,,,,,,,,
pilot_mirage,Papatronic05,CT,15,66.421875,stop,116049,counterstrafe,78.125,157.89752197265625,16.546123504638672,0.0,0.0,,,0.0,0.15380859375,,,,,,,,,,,
pilot_mirage,Papatronic05,CT,15,66.421875,stop,116305,counterstrafe,78.125,163.8616485595703,20.510944366455078,0.0,0.0,,,0.0,0.3079833984375,,,,,,,,,,,
pilot_mirage,Papatronic05,CT,15,66.421875,stop,116461,counterstrafe,62.5,153.71188354492188,33.06412887573242,0.0,0.0,,,1.0,0.264007568359375,,,,,,,,,,,
pilot_mirage,Papatronic05,CT,15,66.421875,stop,116849,counterstrafe,78.125,161.7472381591797,12.676182746887207,0.0,0.0,,,1.0,0.220062255859375,,,,,,,,,,,
pilot_mirage,Papatronic05,CT,15,66.421875,peek,114040,,,,,,,,,,,traversal,44.284593825559746,593.75,593.75,1.0,114.79885864257812,0.9743589743589743,1.496185302734375,0.0,0.5633698351301492,1.0
pilot_mirage,Papatronic05,CT,15,66.421875,peek,114152,,,,,,,,,,,traversal,209.01273771762646,1484.375,4984.375,0.0,250.00164794921875,0.3229166666666667,2.486358642578125,0.0,0.025468135676591872,0.0
pilot_mirage,Papatronic05,CT,15,66.421875,peek,114497,,,,,,,,,,,jiggle,39.12153362973401,484.375,484.375,1.0,113.34376525878906,0.84375,21.867935180664062,0.0,1.690437304066871,1.0
pilot_mirage,Papatronic05,CT,15,66.421875,peek,114666,,,,,,,,,,,traversal,161.929241941626,1484.375,4984.375,0.0,119.60255432128906,1.0,7.590179443359375,1.0,0.20108301282376564,1.0
pilot_mirage,Papatronic05,CT,15,66.421875,peek,115669,,,,,,,,,,,commit,171.88545372757326,1484.375,4984.375,0.0,146.34449768066406,0.8958333333333334,112.99267578125,1.0,2.440226499487323,1.0
pilot_mirage,Papatronic05,CT,15,66.421875,peek,116070,,,,,,,,,,,traversal,55.71716159614665,1484.375,4984.375,0.0,151.47059631347656,0.4583333333333333,65.91213989257812,1.0,0.9692824443112177,0.0
pilot_mirage,Papatronic05,CT,15,66.421875,peek,116593,,,,,,,,,,,traversal,84.26295581173224,796.875,4984.375,0.0,119.60386657714844,0.9038461538461539,75.12997436523438,1.0,0.8396315821238756,1.0
pilot_mirage,Papatronic05,CT,15,66.421875,peek,117201,,,,,,,,,,,traversal,92.78275193888754,1359.375,4984.375,0.0,132.99745178222656,0.32954545454545453,4.576171875,0.0,0.8252123003147067,0.0
pilot_mirage,Papatronic05,CT,16,138.765625,stop,121258,release,31.25,170.4375,0.0,0.0,0.0,,,0.0,0.72613525390625,,,,,,,,,,,
pilot_mirage,Papatronic05,CT,16,138.765625,stop,121436,release,46.875,153.4140625,29.031251907348633,0.0,0.0,,,0.0,1.6939544677734375,,,,,,,,,,,
pilot_mirage,Papatronic05,CT,16,138.765625,stop,121920,counterstrafe,187.5,158.71597290039062,16.731689453125,0.0,0.0,,,1.0,0.087890625,,,,,,,,,,,
pilot_mirage,Papatronic05,CT,16,138.765625,stop,121931,counterstrafe,359.375,158.71597290039062,17.11134147644043,0.0,0.0,,,1.0,0.087890625,,,,,,,,,,,
pilot_mirage,Papatronic05,CT,16,138.765625,stop,122183,counterstrafe,93.75,150.84432983398438,25.205263137817383,0.0,0.0,,,1.0,74.11787414550781,,,,,,,,,,,
pilot_mirage,Papatronic05,CT,16,138.765625,stop,122378,counterstrafe,78.125,170.32948303222656,22.631771087646484,0.0,0.0,,,1.0,0.0,,,,,,,,,,,
pilot_mirage,Papatronic05,CT,16,138.765625,stop,122405,counterstrafe,78.125,164.5142822265625,14.592385292053223,0.0,0.0,,,1.0,0.198089599609375,,,,,,,,,,,
pilot_mirage,Papatronic05,CT,16,138.765625,stop,122415,counterstrafe,234.375,164.5142822265625,9.579087257385254,0.0,0.0,,,1.0,0.4621124267578125,,,,,,,,,,,
pilot_mirage,Papatronic05,CT,16,138.765625,stop,122439,counterstrafe,78.125,160.87030029296875,25.853578567504883,0.0,0.0,,,1.0,0.0,,,,,,,,,,,
pilot_mirage,Papatronic05,CT,16,138.765625,stop,122518,counterstrafe,78.125,150.38368225097656,11.61719036102295,0.0,0.0,,,1.0,0.0439453125,,,,,,,,,,,
pilot_mirage,Papatronic05,CT,16,138.765625,stop,122523,counterstrafe,156.25,150.38368225097656,27.40880012512207,0.0,0.0,,,1.0,0.0439453125,,,,,,,,,,,
pilot_mirage,Papatronic05,CT,16,138.765625,stop,127486,release,78.125,209.48077392578125,30.484390258789062,0.0,0.0,,,1.0,8.272018432617188,,,,,,,,,,,
pilot_mirage,Papatronic05,CT,16,138.765625,stop,128762,counterstrafe,78.125,176.76559448242188,30.83363151550293,0.0,0.0,,,1.0,0.0,,,,,,,,,,,
pilot_mirage,Papatronic05,CT,16,138.765625,stop,128781,counterstrafe,375.0,176.76559448242188,24.574928283691406,0.0,0.0,,,1.0,4.554168701171875,,,,,,,,,,,
pilot_mirage,Papatronic05,CT,16,138.765625,peek,121388,,,,,,,,,,,narrow,133.42667331404886,734.375,3437.5,1.0,236.73484802246094,0.0,41.161651611328125,1.0,2.7860237452114904,0.0
pilot_mirage,Papatronic05,CT,16,138.765625,peek,121663,,,,,,,,,,,traversal,82.69034699797685,859.375,4984.375,0.0,153.74862670898438,0.5714285714285714,0.3079681396484375,0.0,0.4357724900790317,1.0
pilot_mirage,Papatronic05,CT,16,138.765625,peek,122482,,,,,,,,,,,commit,85.97295392976449,625.0,4984.375,0.0,218.99581909179688,0.0,2.045867919921875,2.0,60.005508702480505,0.0
pilot_mirage,Papatronic05,CT,16,138.765625,peek,124277,,,,,,,,,,,commit,152.7711901837776,1484.375,4984.375,0.0,111.80209350585938,1.0,118.77766418457031,0.0,1.0311045862740569,1.0
pilot_mirage,Papatronic05,CT,16,138.765625,peek,125000,,,,,,,,,,,traversal,117.39190691102415,1250.0,4984.375,0.0,111.80172729492188,1.0,7.722358703613281,0.0,0.24929543431225165,1.0
pilot_mirage,Papatronic05,CT,16,138.765625,peek,125332,,,,,,,,,,,traversal,54.19483142770283,687.5,4984.375,0.0,111.80125427246094,1.0,0.02231597900390625,0.0,0.11139543089471063,1.0
pilot_mirage,Papatronic05,CT,16,138.765625,peek,127366,,,,,,,,,,,traversal,260.0438726949065,1484.375,4984.375,0.0,251.1099853515625,0.0,114.26844787597656,1.0,0.3639464814157299,0.0
pilot_mirage,Papatronic05,CT,16,138.765625,peek,128896,,,,,,,,,,,traversal,48.367244842580334,875.0,4984.375,0.0,107.72024536132812,1.0,7.326507568359375,0.0,0.5382582353801981,1.0
pilot_mirage,Papatronic05,CT,17,31.421875,stop,129805,counterstrafe,93.75,157.96060180664062,25.89186668395996,0.0,0.0,,,0.0,29.32593536376953,,,,,,,,,,,
pilot_mirage,Papatronic05,CT,17,31.421875,stop,129896,counterstrafe,109.375,165.19888305664062,21.27820587158203,0.0,0.0,,,0.0,0.0,,,,,,,,,,,
pilot_mirage,Papatronic05,CT,17,31.421875,stop,130105,counterstrafe,93.75,151.13876342773438,15.804732322692871,0.0,0.0,,,0.0,0.28631591796875,,,,,,,,,,,
pilot_mirage,Papatronic05,CT,17,31.421875,stop,131876,release,31.25,170.171875,0.04419417306780815,0.0,0.0,,,1.0,0.15380859375,,,,,,,,,,,
pilot_mirage,Papatronic05,CT,17,31.421875,stop,132067,counter_fwd,15.625,172.03909301757812,32.16378402709961,0.0,1.0,0.0,32.16378402709961,0.0,0.0,,,,,,,,,,,
pilot_mirage,Papatronic05,CT,17,31.421875,stop,132356,counterstrafe,93.75,155.04942321777344,26.121944427490234,0.0,1.0,0.0,26.121944427490234,1.0,0.3519134521484375,,,,,,,,,,,
pilot_mirage,Papatronic05,CT,17,31.421875,stop,132403,counterstrafe,78.125,159.29550170898438,28.769996643066406,0.0,1.0,0.0,28.769996643066406,0.0,0.0882415771484375,,,,,,,,,,,
pilot_mirage,Papatronic05,CT,17,31.421875,peek,129726,,,,,,,,,,,traversal,222.13807071080043,1234.375,4984.375,0.0,235.4971466064453,0.0,185.02008056640625,0.0,0.20058064712022966,0.0
pilot_mirage,Papatronic05,CT,17,31.421875,peek,130129,,,,,,,,,,,traversal,1523.0740416930605,1484.375,4984.375,0.0,250.0034942626953,0.0,72.95132446289062,2.0,0.0010430304409914605,0.0
pilot_mirage,Papatronic05,CT,17,31.421875,peek,131923,,,,,,,,,,,commit,217.53479323668276,1484.375,4984.375,0.0,245.0016326904297,0.0,0.0,4.0,1.8268740851288086,0.0
pilot_mirage,Papatronic05,CT,17,31.421875,peek,132336,,,,,,,,,,,jiggle,28.575329513237282,281.25,281.25,1.0,157.3374481201172,0.0,0.90191650390625,1.0,4.419740923958437,0.0
pilot_mirage,Papatronic05,CT,17,31.421875,peek,132469,,,,,,,,,,,jiggle,15.129261203391996,406.25,406.25,1.0,108.20671844482422,0.0,8.206085205078125,1.0,13.65035995389966,0.0
pilot_mirage,Papatronic05,CT,17,31.421875,peek,132566,,,,,,,,,,,traversal,211.68514095623948,1484.375,4984.375,0.0,215.0015106201172,0.0,104.01612854003906,0.0,0.22601149919662222,0.0
pilot_mirage,Papatronic05,CT,18,55.359375,stop,136309,counterstrafe,171.875,156.18215942382812,34.52064514160156,0.0,0.0,,,1.0,6.9083251953125,,,,,,,,,,,
pilot_mirage,Papatronic05,CT,18,55.359375,stop,136371,counterstrafe,78.125,176.47418212890625,25.786273956298828,0.0,0.0,,,1.0,0.1102142333984375,,,,,,,,,,,
pilot_mirage,Papatronic05,CT,18,55.359375,stop,136384,counterstrafe,281.25,176.47418212890625,19.299362182617188,0.0,0.0,,,1.0,0.7261199951171875,,,,,,,,,,,
pilot_mirage,Papatronic05,CT,18,55.359375,stop,136601,counterstrafe,78.125,157.79766845703125,18.991273880004883,0.0,0.0,,,1.0,0.0,,,,,,,,,,,
pilot_mirage,Papatronic05,CT,18,55.359375,stop,136607,counterstrafe,171.875,157.79766845703125,33.02876281738281,0.0,0.0,,,1.0,0.0,,,,,,,,,,,
pilot_mirage,Papatronic05,CT,18,55.359375,stop,137089,counterstrafe,78.125,157.27642822265625,29.045320510864258,0.0,0.0,,,1.0,0.0,,,,,,,,,,,
pilot_mirage,Papatronic05,CT,18,55.359375,stop,137141,counterstrafe,78.125,151.9017791748047,17.635028839111328,0.0,0.0,,,1.0,0.0,,,,,,,,,,,
pilot_mirage,Papatronic05,CT,18,55.359375,stop,137160,counterstrafe,78.125,157.28533935546875,19.180891036987305,0.0,0.0,,,1.0,0.0,,,,,,,,,,,
pilot_mirage,Papatronic05,CT,18,55.359375,stop,137515,release,15.625,150.4955291748047,13.815577507019043,0.0,0.0,,,1.0,10.009918212890625,,,,,,,,,,,
pilot_mirage,Papatronic05,CT,18,55.359375,stop,137597,counterstrafe,78.125,158.014404296875,32.574188232421875,0.0,0.0,,,1.0,0.39617919921875,,,,,,,,,,,
pilot_mirage,Papatronic05,CT,18,55.359375,stop,137999,counterstrafe,78.125,152.1835174560547,9.686491966247559,0.0,0.0,,,1.0,0.0,,,,,,,,,,,
pilot_mirage,Papatronic05,CT,18,55.359375,peek,136326,,,,,,,,,,,narrow,119.97447979333968,687.5,2062.5,1.0,230.00035095214844,0.0,7.26025390625,0.0,29.77038811029965,0.0
pilot_mirage,Papatronic05,CT,18,55.359375,peek,138543,,,,,,,,,,,jiggle,21.61165297660986,484.375,484.375,1.0,114.78430938720703,0.90625,33.527862548828125,0.0,1.1984408394340265,1.0
pilot_mirage,Papatronic05,CT,18,55.359375,peek,138666,,,,,,,,,,,jiggle,29.586572271671272,328.125,328.125,1.0,124.83258056640625,0.6818181818181818,4.136009216308594,0.0,23.584792335085954,1.0
pilot_mirage,Papatronic05,CT,18,55.359375,peek,138875,,,,,,,,,,,traversal,164.88813675799847,1484.375,3453.125,0.0,135.79319763183594,0.8645833333333334,337.9425277709961,2.0,0.6308471017745372,1.0
pilot_mirage,Papatronic05,T,0,71.0,stop,1944,release,359.375,162.70294189453125,20.397254943847656,0.0,0.0,,,0.0,0.0,,,,,,,,,,,
pilot_mirage,Papatronic05,T,0,71.0,stop,1965,counterstrafe,78.125,164.3651580810547,20.50092887878418,0.0,0.0,,,1.0,0.0,,,,,,,,,,,
pilot_mirage,Papatronic05,T,0,71.0,stop,2012,release,234.375,162.72933959960938,33.734378814697266,0.0,0.0,,,0.0,0.0,,,,,,,,,,,
pilot_mirage,Papatronic05,T,0,71.0,stop,2106,release,265.625,159.01632690429688,23.00002098083496,0.0,0.0,,,1.0,31.878204345703125,,,,,,,,,,,
pilot_mirage,Papatronic05,T,0,71.0,stop,5587,counterstrafe,109.375,170.18655395507812,27.947784423828125,0.0,0.0,,,1.0,0.0,,,,,,,,,,,
pilot_mirage,Papatronic05,T,0,71.0,stop,5627,counterstrafe,78.125,189.71360778808594,30.65663719177246,0.0,1.0,15.625,6.98116397857666,1.0,1.8477630615234375,,,,,,,,,,,
pilot_mirage,Papatronic05,T,0,71.0,stop,5674,counterstrafe,78.125,180.49798583984375,25.980680465698242,0.0,1.0,0.0,25.980680465698242,1.0,0.0,,,,,,,,,,,
pilot_mirage,Papatronic05,T,0,71.0,stop,5686,counterstrafe,265.625,180.49798583984375,18.870033264160156,0.0,1.0,62.5,56.26954650878906,1.0,6.1595458984375,,,,,,,,,,,
pilot_mirage,Papatronic05,T,0,71.0,stop,5791,counterstrafe,93.75,155.31480407714844,25.274904251098633,0.0,1.0,0.0,25.274904251098633,1.0,0.0439453125,,,,,,,,,,,
pilot_mirage,Papatronic05,T,0,71.0,stop,6036,counterstrafe,109.375,163.30963134765625,32.62078094482422,0.0,1.0,62.5,85.73884582519531,0.0,4.8181915283203125,,,,,,,,,,,
pilot_mirage,Papatronic05,T,0,71.0,stop,6085,counterstrafe,234.375,151.6224822998047,33.42923355102539,0.0,0.0,,,0.0,3.937896728515625,,,,,,,,,,,
pilot_mirage,Papatronic05,T,0,71.0,stop,6352,counterstrafe,78.125,184.65646362304688,26.77611541748047,0.0,0.0,,,1.0,0.02197265625,,,,,,,,,,,
pilot_mirage,Papatronic05,T,0,71.0,stop,6390,release,234.375,158.3003692626953,34.8674430847168,0.0,0.0,,,0.0,0.19809722900390625,,,,,,,,,,,
pilot_mirage,Papatronic05,T,0,71.0,stop,6704,counterstrafe,62.5,150.8938446044922,32.93781280517578,0.0,1.0,0.0,32.93781280517578,1.0,0.22006988525390625,,,,,,,,,,,
pilot_mirage,Papatronic05,T,0,71.0,stop,6716,counterstrafe,250.0,150.8938446044922,32.57095718383789,0.0,1.0,78.125,62.166038513183594,1.0,2.1564102172851562,,,,,,,,,,,
pilot_mirage,Papatronic05,T,0,71.0,stop,6955,counterstrafe,78.125,160.40936279296875,30.900426864624023,0.0,0.0,,,1.0,2.7496795654296875,,,,,,,,,,,
pilot_mirage,Papatronic05,T,0,71.0,stop,7106,counterstrafe,171.875,151.26100158691406,30.083871841430664,0.0,0.0,,,0.0,0.02197265625,,,,,,,,,,,
pilot_mirage,Papatronic05,T,0,71.0,stop,7147,counterstrafe,62.5,152.07098388671875,28.736190795898438,0.0,0.0,,,1.0,0.0,,,,,,,,,,,
pilot_mirage,Papatronic05,T,0,71.0,stop,7199,counterstrafe,78.125,174.66329956054688,19.104312896728516,0.0,0.0,,,1.0,0.0,,,,,,,,,,,
pilot_mirage,Papatronic05,T,0,71.0,stop,7249,counterstrafe,62.5,152.9847412109375,30.683837890625,0.0,0.0,,,1.0,0.0,,,,,,,,,,,
pilot_mirage,Papatronic05,T,0,71.0,stop,7590,counterstrafe,78.125,157.6150360107422,14.043296813964844,0.0,0.0,,,1.0,0.0,,,,,,,,,,,
pilot_mirage,Papatronic05,T,0,71.0,stop,7606,counterstrafe,328.125,157.6150360107422,24.76860809326172,0.0,0.0,,,1.0,15.46600341796875,,,,,,,,,,,
pilot_mirage,Papatronic05,T,0,71.0,stop,7641,counterstrafe,78.125,151.2157440185547,18.39068031311035,0.0,0.0,,,1.0,0.0,,,,,,,,,,,
pilot_mirage,Papatronic05,T,0,71.0,stop,7769,counterstrafe,93.75,153.2443389892578,26.737686157226562,0.0,0.0,,,1.0,0.110198974609375,,,,,,,,,,,
pilot_mirage,Papatronic05,T,0,71.0,stop,7800,counterstrafe,78.125,174.0989227294922,24.824031829833984,0.0,0.0,,,1.0,0.15380859375,,,,,,,,,,,
pilot_mirage,Papatronic05,T,0,71.0,stop,7821,counterstrafe,78.125,160.4783477783203,14.507448196411133,0.0,0.0,,,1.0,2.023895263671875,,,,,,,,,,,
pilot_mirage,Papatronic05,T,0,71.0,stop,7846,counterstrafe,78.125,166.58908081054688,11.502727508544922,0.0,0.0,,,1.0,0.0,,,,,,,,,,,
pilot_mirage,Papatronic05,T,0,71.0,stop,7876,counterstrafe,78.125,188.65853881835938,27.12021255493164,0.0,1.0,93.75,73.20099639892578,1.0,0.8579559326171875,,,,,,,,,,,
pilot_mirage,Papatronic05,T,0,71.0,stop,7978,counterstrafe,78.125,167.4663848876953,12.258282661437988,0.0,0.0,,,1.0,0.285980224609375,,,,,,,,,,,
pilot_mirage,Papatronic05,T,0,71.0,stop,8040,counterstrafe,109.375,152.87457275390625,34.18227005004883,0.0,0.0,,,1.0,0.1761322021484375,,,,,,,,,,,
pilot_mirage,Papatronic05,T,0,71.0,stop,8210,counterstrafe,78.125,157.49710083007812,18.87055206298828,0.0,1.0,78.125,72.32613372802734,1.0,0.9238815307617188,,,,,,,,,,,
pilot_mirage,Papatronic05,T,0,71.0,peek,1987,,,,,,,,,,,traversal,40.404942486943305,875.0,875.0,1.0,162.72933959960938,0.0,8.404205322265625,0.0,0.3926006457421163,0.0
pilot_mirage,Papatronic05,T,0,71.0,peek,6459,,,,,,,,,,,jiggle,29.45960822556402,421.875,421.875,1.0,110.51986694335938,1.0,31.239959716796875,0.0,4.800621041767114,1.0
pilot_mirage,Papatronic05,T,0,71.0,peek,6621,,,,,,,,,,,jiggle,20.867329490589853,218.75,218.75,1.0,149.96559143066406,0.0,9.614410400390625,0.0,17.62702178631807,0.0
pilot_mirage,Papatronic05,T,0,71.0,peek,6671,,,,,,,,,,,commit,80.84446975200433,515.625,4984.375,0.0,229.9853973388672,0.0,3.8939666748046875,5.0,40.658477799914046,0.0
pilot_mirage,Papatronic05,T,0,71.0,peek,7066,,,,,,,,,,,narrow,122.13913285935983,1265.625,2703.125,1.0,227.3391876220703,0.25609756097560976,81.3118896484375,0.0,6.777115959307331,0.0
pilot_mirage,Papatronic05,T,0,71.0,peek,7358,,,,,,,,,,,traversal,272.6521073254626,1484.375,4984.375,0.0,240.00628662109375,0.0,29.633560180664062,0.0,0.4937960553157335,0.0
pilot_mirage,Papatronic05,T,0,71.0,peek,7749,,,,,,,,,,,narrow,65.10705365154372,796.875,2468.75,1.0,211.30213928222656,0.0,13.750091552734375,1.0,1.737134952319096,0.0
pilot_mirage,Papatronic05,T,0,71.0,peek,8125,,,,,,,,,,,jiggle,36.23232755834576,562.5,562.5,1.0,120.81643676757812,0.05405405405405406,5.3019256591796875,0.0,33.14389272374068,0.0
pilot_mirage,Papatronic05,T,0,71.0,peek,8171,,,,,,,,,,,jiggle,43.19996960200033,593.75,593.75,1.0,193.62069702148438,0.3333333333333333,16.169815063476562,0.0,2.1815870875872454,0.0
pilot_mirage,Papatronic05,T,1,79.84375,stop,9953,release,15.625,203.67333984375,21.484615325927734,0.0,0.0,,,1.0,0.0,,,,,,,,,,,
pilot_mirage,Papatronic05,T,1,79.84375,stop,10609,release,31.25,170.5868682861328,0.0,0.0,0.0,,,0.0,0.242034912109375,,,,,,,,,,,
pilot_mirage,Papatronic05,T,1,79.84375,stop,10735,counter_fwd,93.75,160.4473114013672,22.27680778503418,0.0,0.0,,,0.0,1.0560302734375,,,,,,,,,,,
pilot_mirage,Papatronic05,T,1,79.84375,stop,10847,counterstrafe,250.0,153.96096801757812,31.237957000732422,0.0,0.0,,,0.0,0.0,,,,,,,,,,,
pilot_mirage,Papatronic05,T,1,79.84375,stop,11062,counterstrafe,78.125,171.32789611816406,28.911296844482422,0.0,0.0,,,1.0,0.06591796875,,,,,,,,,,,
pilot_mirage,Papatronic05,T,1,79.84375,stop,11105,counterstrafe,62.5,153.62060546875,33.50236892700195,0.0,0.0,,,0.0,0.15380859375,,,,,,,,,,,
pilot_mirage,Papatronic05,T,1,79.84375,stop,11385,counterstrafe,93.75,160.9053955078125,30.916196823120117,0.0,0.0,,,0.0,0.4840850830078125,,,,,,,,,,,
pilot_mirage,Papatronic05,T,1,79.84375,stop,11899,counterstrafe,78.125,159.41798400878906,32.570953369140625,0.0,0.0,,,0.0,0.0,,,,,,,,,,,
pilot_mirage,Papatronic05,T,1,79.84375,stop,13059,counter_fwd,156.25,155.73211669921875,32.92613220214844,0.0,0.0,,,1.0,0.06591796875,,,,,,,,,,,
pilot_mirage,Papatronic05,T,1,79.84375,stop,13094,counterstrafe,93.75,169.3409881591797,23.91615104675293,0.0,0.0,,,1.0,8.404190063476562,,,,,,,,,,,
pilot_mirage,Papatronic05,T,1,79.84375,stop,13590,counterstrafe,78.125,152.5559539794922,33.78245162963867,0.0,1.0,125.0,13.213126182556152,1.0,0.06591796875,,,,,,,,,,,
pilot_mirage,Papatronic05,T,1,79.84375,stop,13598,counterstrafe,203.125,152.5559539794922,13.213126182556152,0.0,1.0,0.0,13.213126182556152,1.0,1.298095703125,,,,,,,,,,,
pilot_mirage,Papatronic05,T,1,79.84375,stop,13646,counterstrafe,93.75,152.75254821777344,32.84515380859375,0.0,0.0,,,1.0,0.15380859375,,,,,,,,,,,
pilot_mirage,Papatronic05,T,1,79.84375,stop,14154,counterstrafe,78.125,167.3960418701172,30.61832046508789,0.0,0.0,,,0.0,0.132171630859375,,,,,,,,,,,
pilot_mirage,Papatronic05,T,1,79.84375,stop,14224,counterstrafe,125.0,152.70680236816406,24.94390869140625,1.0,1.0,140.625,0.0,1.0,0.351898193359375,,,,,,,,,,,
pilot_mirage,Papatronic05,T,1,79.84375,stop,14315,counterstrafe,78.125,169.7239227294922,27.7938232421875,0.0,0.0,,,1.0,0.06591796875,,,,,,,,,,,
pilot_mirage,Papatronic05,T,1,79.84375,stop,14496,counterstrafe,93.75,171.30747985839844,17.17340087890625,0.0,1.0,62.5,35.38454818725586,1.0,1.386016845703125,,,,,,,,,,,
pilot_mirage,Papatronic05,T,1,79.84375,stop,14508,counterstrafe,281.25,171.30747985839844,34.30289077758789,1.0,1.0,0.0,34.30289077758789,1.0,2.134857177734375,,,,,,,,,,,
pilot_mirage,Papatronic05,T,1,79.84375,stop,14570,counterstrafe,62.5,168.08180236816406,26.33193588256836,0.0,1.0,15.625,6.793053150177002,1.0,1.056427001953125,,,,,,,,,,,
pilot_mirage,Papatronic05,T,1,79.84375,stop,14581,counterstrafe,234.375,168.08180236816406,32.78263473510742,1.0,1.0,0.0,32.78263473510742,1.0,2.46514892578125,,,,,,,,,,,
pilot_mirage,Papatronic05,T,1,79.84375,peek,10640,,,,,,,,,,,commit,138.76957918055214,968.75,4984.375,0.0,245.00001525878906,0.0,33.72637939453125,2.0,2.6783468514360793,0.0
pilot_mirage,Papatronic05,T,1,79.84375,peek,11201,,,,,,,,,,,commit,212.35169956080682,1484.375,4984.375,0.0,233.88946533203125,0.0,50.44610595703125,2.0,1.875146749128424,0.0
pilot_mirage,Papatronic05,T,1,79.84375,peek,11548,,,,,,,,,,,traversal,190.7547103236612,1484.375,4984.375,0.0,215.0015411376953,0.5729166666666666,2.5742340087890625,0.0,0.6023012161922103,1.0
pilot_mirage,Papatronic05,T,1,79.84375,peek,12587,,,,,,,,,,,traversal,137.7736244960194,1484.375,4984.375,0.0,127.04356384277344,0.9166666666666666,49.06011962890625,0.0,0.5823412674815607,1.0
pilot_mirage,Papatronic05,T,1,79.84375,peek,12921,,,,,,,,,,,commit,86.8236084438325,843.75,4984.375,0.0,142.2987518310547,0.6545454545454545,110.2862777709961,0.0,1.0182572978608402,1.0
pilot_mirage,Papatronic05,T,1,79.84375,peek,13314,,,,,,,,,,,commit,132.4646969575449,1484.375,4984.375,0.0,206.94943237304688,0.2916666666666667,159.9842758178711,1.0,2.2513921050460417,0.0
pilot_mirage,Papatronic05,T,1,79.84375,peek,13720,,,,,,,,,,,traversal,279.3068637836539,1484.375,4984.375,0.0,250.0017852783203,0.0,84.52401733398438,0.0,0.25770752969298005,0.0
pilot_mirage,Papatronic05,T,1,79.84375,peek,14244,,,,,,,,,,,commit,192.7489990327903,1109.375,4984.375,0.0,215.00155639648438,0.0,27.34600830078125,1.0,1.927075996313681,0.0
pilot_mirage,Papatronic05,T,2,48.09375,stop,17242,counterstrafe,312.5,154.44503784179688,33.29759979248047,0.0,0.0,,,0.0,1.275787353515625,,,,,,,,,,,
pilot_mirage,Papatronic05,T,2,48.09375,stop,17647,counterstrafe,78.125,164.56964111328125,27.572046279907227,0.0,0.0,,,0.0,0.0,,,,,,,,,,,
pilot_mirage,Papatronic05,T,2,48.09375,peek,17155,,,,,,,,,,,wide,181.59229334732342,1390.625,4312.5,1.0,208.04847717285156,0.24444444444444444,178.94839477539062,1.0,1.0603058909700578,0.0
pilot_mirage,Papatronic05,T,2,48.09375,peek,17672,,,,,,,,,,,traversal,174.20611244408013,1484.375,4984.375,0.0,149.48243713378906,0.875,1.034088134765625,0.0,0.09572222192031861,1.0
pilot_mirage,Papatronic05,T,2,48.09375,peek,18653,,,,,,,,,,,traversal,66.47477425635647,1015.625,1296.875,1.0,119.60237121582031,0.7878787878787878,76.38381958007812,0.0,0.8046830296315602,1.0
pilot_mirage,Papatronic05,T,2,48.09375,peek,18932,,,,,,,,,,,traversal,38.131775127238036,562.5,562.5,1.0,119.60263061523438,0.43243243243243246,5.148124694824219,0.0,0.7386379803582832,0.0
pilot_mirage,Papatronic05,T,2,48.09375,peek,19338,,,,,,,,,,,jiggle,26.99908061802259,1140.625,1140.625,1.0,145.0859375,0.10810810810810811,1.451873779296875,0.0,3.525453761243341,0.0
pilot_mirage,Papatronic05,T,3,57.765625,stop,31338,counterstrafe,78.125,169.73370361328125,21.27403450012207,0.0,0.0,,,1.0,0.2859954833984375,,,,,,,,,,,
pilot_mirage,Papatronic05,T,3,57.765625,stop,31373,counterstrafe,62.5,156.9607696533203,33.19718551635742,0.0,0.0,,,0.0,0.0,,,,,,,,,,,
pilot_mirage,Papatronic05,T,3,57.765625,stop,31449,counterstrafe,78.125,157.9033660888672,33.419769287109375,0.0,1.0,0.0,33.419769287109375,1.0,1.4299392700195312,,,,,,,,,,,
pilot_mirage,Papatronic05,T,3,57.765625,stop,32098,counterstrafe,265.625,157.5657501220703,21.85353660583496,0.0,0.0,,,1.0,11.30767822265625,,,,,,,,,,,
pilot_mirage,Papatronic05,T,3,57.765625,stop,32361,release,234.375,156.34054565429688,33.85647964477539,0.0,0.0,,,0.0,0.5280303955078125,,,,,,,,,,,
pilot_mirage,Papatronic05,T,3,57.765625,stop,32559,counterstrafe,78.125,170.38894653320312,14.611322402954102,0.0,0.0,,,0.0,0.02197265625,,,,,,,,,,,
pilot_mirage,Papatronic05,T,3,57.765625,stop,32579,counterstrafe,62.5,159.96514892578125,33.78410720825195,0.0,0.0,,,1.0,0.0,,,,,,,,,,,
pilot_mirage,Papatronic05,T,3,57.765625,stop,33241,counterstrafe,62.5,150.53134155273438,27.87283706665039,0.0,0.0,,,1.0,0.0,,,,,,,,,,,
pilot_mirage,Papatronic05,T,3,57.765625,stop,33383,counterstrafe,234.375,175.4019775390625,19.84393310546875,0.0,1.0,0.0,19.84393310546875,1.0,1.9360198974609375,,,,,,,,,,,
pilot_mirage,Papatronic05,T,3,57.765625,stop,33889,counterstrafe,78.125,158.36636352539062,20.175376892089844,0.0,0.0,,,1.0,0.0,,,,,,,,,,,
pilot_mirage,Papatronic05,T,3,57.765625,stop,33896,counterstrafe,187.5,158.36636352539062,15.858206748962402,0.0,0.0,,,1.0,0.0,,,,,,,,,,,
pilot_mirage,Papatronic05,T,3,57.765625,stop,33900,counterstrafe,250.0,158.36636352539062,30.014999389648438,0.0,0.0,,,1.0,0.1102142333984375,,,,,,,,,,,
pilot_mirage,Papatronic05,T,3,57.765625,peek,32315,,,,,,,,,,,traversal,87.63979929652616,1375.0,2000.0,1.0,188.71078491210938,0.0,123.92611694335938,0.0,0.4492217654993251,0.0
pilot_mirage,Papatronic05,T,4,26.078125,stop,37329,counterstrafe,78.125,150.8972625732422,31.107511520385742,0.0,1.0,0.0,31.107511520385742,1.0,2.26629638671875,,,,,,,,,,,
pilot_mirage,Papatronic05,T,4,26.078125,stop,37455,counterstrafe,93.75,158.45419311523438,29.394691467285156,0.0,1.0,0.0,29.394691467285156,1.0,0.85760498046875,,,,,,,,,,,
pilot_mirage,Papatronic05,T,5,40.84375,stop,40483,release,15.625,174.90748596191406,0.0,0.0,1.0,0.0,0.0,0.0,0.329925537109375,,,,,,,,,,,
pilot_mirage,Papatronic05,T,5,40.84375,stop,41053,counterstrafe,218.75,157.85667419433594,30.292139053344727,0.0,0.0,,,1.0,1.319732666015625,,,,,,,,,,,
pilot_mirage,Papatronic05,T,5,40.84375,stop,41058,counterstrafe,296.875,157.85667419433594,30.34891128540039,0.0,0.0,,,1.0,1.319732666015625,,,,,,,,,,,
pilot_mirage,Papatronic05,T,5,40.84375,stop,41225,counterstrafe,93.75,167.47593688964844,29.214683532714844,0.0,1.0,0.0,29.214683532714844,0.0,1.1442718505859375,,,,,,,,,,,
pilot_mirage,Papatronic05,T,5,40.84375,stop,41570,counterstrafe,218.75,154.43699645996094,33.84518051147461,0.0,0.0,,,1.0,74.35992431640625,,,,,,,,,,,
pilot_mirage,Papatronic05,T,5,40.84375,stop,41633,counterstrafe,78.125,160.96249389648438,18.92945098876953,0.0,0.0,,,1.0,0.0,,,,,,,,,,,
pilot_mirage,Papatronic05,T,5,40.84375,stop,42246,counterstrafe,78.125,174.80960083007812,29.050024032592773,0.0,1.0,0.0,29.050024032592773,1.0,0.26401519775390625,,,,,,,,,,,
pilot_mirage,Papatronic05,T,5,40.84375,stop,42435,counterstrafe,78.125,164.4649200439453,25.428054809570312,0.0,0.0,,,1.0,0.0,,,,,,,,,,,
pilot_mirage,Papatronic05,T,5,40.84375,stop,42494,counterstrafe,78.125,157.42042541503906,24.97587776184082,0.0,0.0,,,1.0,0.220062255859375,,,,,,,,,,,
pilot_mirage,Papatronic05,T,5,40.84375,stop,42509,counterstrafe,312.5,157.42042541503906,20.38743782043457,0.0,0.0,,,1.0,0.726104736328125,,,,,,,,,,,
pilot_mirage,Papatronic05,T,5,40.84375,peek,40542,,,,,,,,,,,traversal,256.6808646160557,1484.375,4984.375,0.0,250.00270080566406,0.0,134.68414306640625,2.0,0.19433180005561626,0.0
pilot_mirage,Papatronic05,T,5,40.84375,peek,41314,,,,,,,,,,,jiggle,24.91716606181136,640.625,640.625,1.0,119.68524169921875,0.0,14.366302490234375,1.0,11.25561273911618,0.0
pilot_mirage,Papatronic05,T,5,40.84375,peek,41377,,,,,,,,,,,jiggle,13.730857035788716,1000.0,1000.0,1.0,139.63941955566406,0.0,7.700408935546875,2.0,12.68185728868155,0.0
pilot_mirage,Papatronic05,T,5,40.84375,peek,41461,,,,,,,,,,,commit,204.43889879083181,1484.375,4984.375,0.0,193.55999755859375,0.0,113.9388427734375,2.0,4.101461182629827,0.0
pilot_mirage,Papatronic05,T,5,40.84375,peek,41998,,,,,,,,,,,narrow,96.75643799931295,1484.375,2203.125,1.0,153.39453125,0.3020833333333333,79.81570434570312,0.0,1.4864321636714048,0.0
pilot_mirage,Papatronic05,T,6,15.859375,stop,45187,release,93.75,176.73779296875,0.0,0.0,1.0,31.25,0.0,0.0,0.704498291015625,,,,,,,,,,,
pilot_mirage,Papatronic05,T,6,15.859375,stop,45956,counterstrafe,78.125,152.35488891601562,11.509318351745605,0.0,0.0,,,0.0,0.0439453125,,,,,,,,,,,
pilot_mirage,Papatronic05,T,6,15.859375,peek,45031,,,,,,,,,,,traversal,245.2555409317476,1484.375,4984.375,0.0,250.00230407714844,0.0,87.25271606445312,2.0,0.26766688549061346,0.0
pilot_mirage,Papatronic05,T,7,76.84375,stop,54438,counterstrafe,78.125,183.37582397460938,30.355331420898438,0.0,0.0,,,1.0,0.0,,,,,,,,,,,
pilot_mirage,Papatronic05,T,7,76.84375,stop,54486,counterstrafe,187.5,155.9569854736328,33.862518310546875,0.0,0.0,,,0.0,0.132171630859375,,,,,,,,,,,
pilot_mirage,Papatronic05,T,7,76.84375,stop,54493,counterstrafe,296.875,155.9569854736328,29.283775329589844,0.0,0.0,,,0.0,0.329925537109375,,,,,,,,,,,
pilot_mirage,Papatronic05,T,7,76.84375,stop,54631,counterstrafe,234.375,153.1884765625,31.302793502807617,0.0,0.0,,,1.0,3.365966796875,,,,,,,,,,,
pilot_mirage,Papatronic05,T,7,76.84375,stop,54703,counterstrafe,156.25,162.7494354248047,34.280181884765625,0.0,0.0,,,1.0,0.8140106201171875,,,,,,,,,,,
pilot_mirage,Papatronic05,T,7,76.84375,stop,54822,counterstrafe,78.125,153.12098693847656,34.13169860839844,0.0,0.0,,,0.0,0.17578125,,,,,,,,,,,
pilot_mirage,Papatronic05,T,7,76.84375,stop,56114,counterstrafe,78.125,163.27220153808594,26.60009002685547,0.0,0.0,,,1.0,0.02197265625,,,,,,,,,,,
pilot_mirage,Papatronic05,T,7,76.84375,stop,56139,counterstrafe,93.75,150.00067138671875,15.30223274230957,0.0,0.0,,,0.0,0.10986328125,,,,,,,,,,,
pilot_mirage,Papatronic05,T,7,76.84375,stop,56420,counterstrafe,78.125,154.8035125732422,20.07740592956543,0.0,0.0,,,0.0,0.3302764892578125,,,,,,,,,,,
pilot_mirage,Papatronic05,T,7,76.84375,stop,57473,counterstrafe,78.125,159.09217834472656,17.416961669921875,0.0,0.0,,,1.0,0.0,,,,,,,,,,,
pilot_mirage,Papatronic05,T,7,76.84375,stop,57679,counterstrafe,78.125,154.6863250732422,17.365867614746094,0.0,0.0,,,1.0,0.5719757080078125,,,,,,,,,,,
pilot_mirage,Papatronic05,T,7,76.84375,stop,57691,counterstrafe,265.625,154.6863250732422,30.71352195739746,0.0,0.0,,,1.0,0.8356475830078125,,,,,,,,,,,
pilot_mirage,Papatronic05,T,7,76.84375,stop,58170,counterstrafe,78.125,164.30531311035156,32.06793212890625,0.0,0.0,,,1.0,25.58612060546875,,,,,,,,,,,
pilot_mirage,Papatronic05,T,7,76.84375,stop,58201,counterstrafe,78.125,177.77920532226562,30.319974899291992,0.0,0.0,,,1.0,0.0,,,,,,,,,,,
pilot_mirage,Papatronic05,T,7,76.84375,stop,58214,counterstrafe,281.25,177.77920532226562,24.095104217529297,0.0,0.0,,,1.0,0.308319091796875,,,,,,,,,,,
pilot_mirage,Papatronic05,T,7,76.84375,stop,58283,counterstrafe,93.75,192.68673706054688,17.521718978881836,0.0,0.0,,,1.0,0.0662841796875,,,,,,,,,,,
pilot_mirage,Papatronic05,T,7,76.84375,stop,58575,counterstrafe,78.125,157.8822021484375,25.015201568603516,0.0,1.0,156.25,11.470548629760742,1.0,0.0,,,,,,,,,,,
pilot_mirage,Papatronic05,T,7,76.84375,stop,58581,counterstrafe,171.875,157.8822021484375,32.53140640258789,0.0,1.0,62.5,11.470548629760742,1.0,0.0,,,,,,,,,,,
pilot_mirage,Papatronic05,T,7,76.84375,stop,58632,counterstrafe,343.75,162.6862335205078,22.616436004638672,0.0,1.0,0.0,22.616436004638672,1.0,0.264007568359375,,,,,,,,,,,
pilot_mirage,Papatronic05,T,7,76.84375,stop,58738,release,93.75,158.8050537109375,29.449047088623047,0.0,0.0,,,1.0,0.220062255859375,,,,,,,,,,,
pilot_mirage,Papatronic05,T,7,76.84375,peek,54519,,,,,,,,,,,narrow,135.74641684683647,1484.375,2578.125,1.0,215.0018768310547,0.6041666666666666,8.052978515625,1.0,2.8940629436267713,1.0
pilot_mirage,Papatronic05,T,7,76.84375,peek,54745,,,,,,,,,,,commit,141.53967714443382,1484.375,4984.375,0.0,214.21282958984375,0.3645833333333333,5.6328887939453125,3.0,10.445873908463117,0.0
pilot_mirage,Papatronic05,T,7,76.84375,peek,55329,,,,,,,,,,,narrow,140.77761905856545,1406.25,4546.875,1.0,111.80187225341797,0.9340659340659341,144.16603088378906,0.0,2.3302019337231727,1.0
pilot_mirage,Papatronic05,T,7,76.84375,peek,55673,,,,,,,,,,,commit,136.88391385975157,1484.375,4984.375,0.0,119.1737060546875,0.9375,34.47406005859375,4.0,1.3495066627400512,1.0
pilot_mirage,Papatronic05,T,7,76.84375,peek,56092,,,,,,,,,,,jiggle,40.76343132346928,406.25,406.25,1.0,177.46742248535156,0.0,0.54998779296875,0.0,85.46988272131067,0.0
pilot_mirage,Papatronic05,T,7,76.84375,peek,56350,,,,,,,,,,,jiggle,32.427521032936504,562.5,562.5,1.0,149.86978149414062,0.0,28.181991577148438,0.0,3.2486900865764294,0.0
pilot_mirage,Papatronic05,T,7,76.84375,peek,56437,,,,,,,,,,,traversal,107.47791709116976,1484.375,4984.375,0.0,111.80046081542969,0.1875,91.63078308105469,0.0,0.8113367003913622,0.0
pilot_mirage,Papatronic05,T,7,76.84375,peek,57407,,,,,,,,,,,traversal,50.168138283852564,515.625,4984.375,0.0,120.7054672241211,0.7058823529411765,37.33430480957031,0.0,0.446583011798136,1.0
pilot_mirage,Papatronic05,T,7,76.84375,peek,57774,,,,,,,,,,,traversal,153.03863814423295,1484.375,4984.375,0.0,111.8040542602539,0.9166666666666666,140.33832550048828,1.0,0.9187793045559156,1.0
pilot_mirage,Papatronic05,T,7,76.84375,peek,58540,,,,,,,,,,,narrow,73.88089459682854,546.875,1171.875,1.0,194.31202697753906,0.0,65.31817626953125,1.0,1.1959004437039213,0.0
pilot_mirage,Papatronic05,T,8,25.828125,stop,64226,counterstrafe,78.125,152.4259796142578,14.830408096313477,0.0,0.0,,,1.0,0.0,,,,,,,,,,,
pilot_mirage,Papatronic05,T,8,25.828125,stop,64546,counterstrafe,328.125,150.61924743652344,30.648452758789062,0.0,1.0,0.0,30.648452758789062,1.0,3.278045654296875,,,,,,,,,,,
pilot_mirage,Papatronic05,T,8,25.828125,stop,64651,counterstrafe,78.125,152.65554809570312,18.574689865112305,0.0,1.0,0.0,18.574689865112305,1.0,2.9700851440429688,,,,,,,,,,,
pilot_mirage,Papatronic05,T,8,25.828125,peek,63092,,,,,,,,,,,traversal,330.2322727574152,1484.375,4984.375,0.0,250.00157165527344,0.0,122.03375244140625,1.0,1.2470280172773742,0.0
pilot_mirage,Papatronic05,T,8,25.828125,peek,64208,,,,,,,,,,,jiggle,26.560742391961668,265.625,265.625,1.0,153.17453002929688,0.0,0.814361572265625,0.0,4.508471506636896,0.0
pilot_mirage,Papatronic05,T,8,25.828125,peek,64330,,,,,,,,,,,traversal,30.551270438695433,406.25,406.25,1.0,139.390625,0.0,0.0,0.0,0.15643974938946908,0.0
pilot_mirage,Papatronic05,T,8,25.828125,peek,64507,,,,,,,,,,,commit,70.6814537979807,609.375,2750.0,0.0,184.96768188476562,0.55,8.18414306640625,3.0,1.8245905143538745,1.0
pilot_mirage,Papatronic05,T,9,65.296875,stop,70799,counterstrafe,93.75,185.90097045898438,22.506603240966797,0.0,0.0,,,1.0,0.087890625,,,,,,,,,,,
pilot_mirage,Papatronic05,T,9,65.296875,stop,70806,counterstrafe,203.125,185.90097045898438,9.596874237060547,0.0,0.0,,,1.0,0.087890625,,,,,,,,,,,
pilot_mirage,Papatronic05,T,9,65.296875,stop,70814,counterstrafe,328.125,185.90097045898438,30.108901977539062,0.0,0.0,,,1.0,0.087890625,,,,,,,,,,,
pilot_mirage,Papatronic05,T,9,65.296875,stop,70860,counterstrafe,78.125,153.24374389648438,24.51157569885254,0.0,1.0,0.0,24.51157569885254,0.0,0.0,,,,,,,,,,,
pilot_mirage,Papatronic05,T,9,65.296875,stop,70946,release,15.625,208.69882202148438,13.984687805175781,0.0,0.0,,,1.0,0.0,,,,,,,,,,,
pilot_mirage,Papatronic05,T,9,65.296875,stop,71073,counterstrafe,234.375,194.6623992919922,33.13392639160156,0.0,0.0,,,1.0,5.8739166259765625,,,,,,,,,,,
pilot_mirage,Papatronic05,T,9,65.296875,stop,71079,counterstrafe,328.125,194.6623992919922,20.160419464111328,0.0,0.0,,,1.0,5.8739166259765625,,,,,,,,,,,
pilot_mirage,Papatronic05,T,9,65.296875,stop,71229,counterstrafe,78.125,158.54420471191406,16.81752586364746,0.0,0.0,,,1.0,0.28598785400390625,,,,,,,,,,,
pilot_mirage,Papatronic05,T,9,65.296875,stop,71242,counterstrafe,281.25,158.54420471191406,10.254650115966797,0.0,0.0,,,1.0,0.858306884765625,,,,,,,,,,,
pilot_mirage,Papatronic05,T,9,65.296875,stop,71417,counter_fwd,78.125,153.18569946289062,25.650802612304688,0.0,0.0,,,0.0,2.969757080078125,,,,,,,,,,,
pilot_mirage,Papatronic05,T,9,65.296875,stop,71505,counterstrafe,78.125,153.20867919921875,25.690603256225586,0.0,0.0,,,1.0,0.10986328125,,,,,,,,,,,
pilot_mirage,Papatronic05,T,9,65.296875,stop,72120,counterstrafe,93.75,155.59878540039062,27.531267166137695,0.0,0.0,,,1.0,69.21182250976562,,,,,,,,,,,
pilot_mirage,Papatronic05,T,9,65.296875,stop,72190,counterstrafe,78.125,179.13430786132812,33.83126449584961,0.0,0.0,,,1.0,0.0,,,,,,,,,,,
pilot_mirage,Papatronic05,T,9,65.296875,stop,72338,counterstrafe,93.75,154.0882568359375,32.26762008666992,0.0,0.0,,,1.0,0.02231597900390625,,,,,,,,,,,
pilot_mirage,Papatronic05,T,9,65.296875,stop,72521,counterstrafe,78.125,156.30776977539062,21.074186325073242,0.0,0.0,,,1.0,2.442047119140625,,,,,,,,,,,
pilot_mirage,Papatronic05,T,9,65.296875,stop,72538,counterstrafe,343.75,156.30776977539062,32.192298889160156,0.0,0.0,,,1.0,2.661773681640625,,,,,,,,,,,
pilot_mirage,Papatronic05,T,9,65.296875,stop,72634,counterstrafe,78.125,160.86883544921875,31.878646850585938,0.0,0.0,,,1.0,0.0,,,,,,,,,,,
pilot_mirage,Papatronic05,T,9,65.296875,stop,72920,counterstrafe,78.125,159.030029296875,25.62732696533203,0.0,0.0,,,1.0,0.087890625,,,,,,,,,,,
pilot_mirage,Papatronic05,T,9,65.296875,stop,72998,counterstrafe,78.125,151.85548400878906,28.68826675415039,0.0,0.0,,,1.0,0.087890625,,,,,,,,,,,
pilot_mirage,Papatronic05,T,9,65.296875,stop,73468,counterstrafe,281.25,170.59426879882812,18.927515029907227,0.0,1.0,78.125,3.509230375289917,1.0,0.968170166015625,,,,,,,,,,,
pilot_mirage,Papatronic05,T,9,65.296875,stop,73920,counterstrafe,343.75,152.46420288085938,33.92414474487305,1.0,1.0,0.0,33.92414474487305,1.0,1.98028564453125,,,,,,,,,,,
pilot_mirage,Papatronic05,T,9,65.296875,stop,73989,counterstrafe,125.0,159.0457000732422,29.150371551513672,1.0,1.0,31.25,1.5679835081100464,1.0,0.704498291015625,,,,,,,,,,,
pilot_mirage,Papatronic05,T,9,65.296875,peek,70101,,,,,,,,,,,traversal,261.8587028816532,1484.375,4984.375,0.0,256.6540832519531,0.0,173.008544921875,2.0,0.18986938964709643,0.0
pilot_mirage,Papatronic05,T,9,65.296875,peek,71001,,,,,,,,,,,traversal,163.29372027885577,953.125,4984.375,0.0,215.0022735595703,0.0,19.690582275390625,0.0,0.8941730401308051,0.0
pilot_mirage,Papatronic05,T,9,65.296875,peek,72164,,,,,,,,,,,jiggle,49.868271028282,406.25,515.625,1.0,187.21273803710938,0.0,64.10796356201172,0.0,3.6957438405365575,0.0
pilot_mirage,Papatronic05,T,9,65.296875,peek,72312,,,,,,,,,,,traversal,43.612625473326595,390.625,390.625,1.0,159.6029510498047,0.0,4.9720001220703125,0.0,0.33253730704383283,0.0
pilot_mirage,Papatronic05,T,9,65.296875,peek,72364,,,,,,,,,,,jiggle,25.19303449076282,265.625,265.625,1.0,145.13360595703125,0.0,21.626243591308594,0.0,1.2711706244274528,0.0
pilot_mirage,Papatronic05,T,9,65.296875,peek,72497,,,,,,,,,,,jiggle,41.67485751612957,359.375,359.375,1.0,174.5417938232422,0.0,43.42793273925781,0.0,6.295907374098962,0.0
pilot_mirage,Papatronic05,T,9,65.296875,peek,72565,,,,,,,,,,,jiggle,32.74224694957037,1078.125,1078.125,1.0,160.86883544921875,0.0,81.48802185058594,0.0,2.9033783117902927,0.0
pilot_mirage,Papatronic05,T,9,65.296875,peek,72690,,,,,,,,,,,jiggle,13.022045293353148,812.5,812.5,1.0,141.37741088867188,0.0,4.070404052734375,0.0,23.187519749673548,0.0
pilot_mirage,Papatronic05,T,9,65.296875,peek,72809,,,,,,,,,,,jiggle,9.091988177391931,1484.375,1484.375,1.0,97.67211151123047,0.0,82.69853973388672,0.0,8.981470587056034,0.0
pilot_mirage,Papatronic05,T,9,65.296875,peek,73198,,,,,,,,,,,traversal,137.93025842800725,1484.375,4984.375,0.0,250.21392822265625,0.0,174.21774291992188,2.0,0.2558338227311413,0.0
pilot_mirage,Papatronic05,T,9,65.296875,peek,73756,,,,,,,,,,,jiggle,41.56144944562667,687.5,687.5,1.0,145.44874572753906,0.24444444444444444,0.24237060546875,0.0,2.169634183563362,0.0
pilot_mirage,Papatronic05,T,9,65.296875,peek,73963,,,,,,,,,,,jiggle,45.86343355858584,421.875,1890.625,1.0,176.57559204101562,0.0,4.995025634765625,1.0,38.15801001251959,0.0
pilot_mirage,Papatronic05,T,10,90.3125,stop,74444,release,93.75,152.9351806640625,32.48957443237305,0.0,0.0,,,1.0,64.8121337890625,,,,,,,,,,,
pilot_mirage,Papatronic05,T,10,90.3125,stop,74506,crouch_stop,31.25,153.6256103515625,0.0,1.0,1.0,0.0,0.0,0.0,0.0,,,,,,,,,,,
pilot_mirage,Papatronic05,T,10,90.3125,stop,75934,release,31.25,238.7586212158203,0.0,0.0,0.0,,,0.0,0.461761474609375,,,,,,,,,,,
pilot_mirage,Papatronic05,T,10,90.3125,stop,76588,counterstrafe,93.75,176.46096801757812,29.049659729003906,0.0,0.0,,,0.0,0.0,,,,,,,,,,,
pilot_mirage,Papatronic05,T,10,90.3125,stop,76639,counterstrafe,78.125,162.44517517089844,20.277183532714844,0.0,0.0,,,1.0,0.0,,,,,,,,,,,
pilot_mirage,Papatronic05,T,10,90.3125,stop,77199,counterstrafe,78.125,169.98843383789062,24.535743713378906,0.0,0.0,,,1.0,0.17578125,,,,,,,,,,,
pilot_mirage,Papatronic05,T,10,90.3125,stop,77382,counterstrafe,78.125,160.9390106201172,26.801231384277344,0.0,0.0,,,0.0,1.253814697265625,,,,,,,,,,,
pilot_mirage,Papatronic05,T,10,90.3125,stop,77419,counterstrafe,78.125,172.3856964111328,27.94528579711914,0.0,0.0,,,1.0,1.5401458740234375,,,,,,,,,,,
pilot_mirage,Papatronic05,T,10,90.3125,stop,77686,counterstrafe,93.75,174.19346618652344,14.749378204345703,0.0,0.0,,,1.0,0.0,,,,,,,,,,,
pilot_mirage,Papatronic05,T,10,90.3125,stop,77701,counterstrafe,328.125,174.19346618652344,34.34709930419922,0.0,0.0,,,1.0,0.087890625,,,,,,,,,,,
pilot_mirage,Papatronic05,T,10,90.3125,stop,77865,counter_fwd,125.0,156.26583862304688,31.57915496826172,1.0,1.0,0.0,31.57915496826172,1.0,1.539794921875,,,,,,,,,,,
pilot_mirage,Papatronic05,T,10,90.3125,stop,77955,counterstrafe,78.125,178.0345458984375,19.299453735351562,0.0,1.0,0.0,19.299453735351562,1.0,1.2761306762695312,,,,,,,,,,,
pilot_mirage,Papatronic05,T,10,90.3125,stop,78699,crouch_stop,15.625,192.85836791992188,24.88525390625,1.0,0.0,,,0.0,0.7481002807617188,,,,,,,,,,,
pilot_mirage,Papatronic05,T,10,90.3125,stop,78727,counterstrafe,78.125,151.09255981445312,10.918994903564453,0.0,0.0,,,1.0,0.0,,,,,,,,,,,
pilot_mirage,Papatronic05,T,10,90.3125,peek,74127,,,,,,,,,,,traversal,246.05740338595155,1484.375,4984.375,0.0,250.0011749267578,0.0,445.96185302734375,1.0,0.4208431162495184,0.0
pilot_mirage,Papatronic05,T,10,90.3125,peek,75831,,,,,,,,,,,traversal,325.504439928063,1484.375,4984.375,0.0,245.0032501220703,0.0,174.10787963867188,1.0,0.41089397889030677,0.0
pilot_mirage,Papatronic05,T,10,90.3125,peek,77893,,,,,,,,,,,traversal,56.91899965979383,484.375,687.5,1.0,163.1571502685547,0.0,122.60603332519531,1.0,0.3503136508137043,0.0
pilot_mirage,Papatronic05,T,10,90.3125,peek,78586,,,,,,,,,,,traversal,240.9616733700327,1484.375,4984.375,0.0,244.51852416992188,0.22916666666666666,204.26982879638672,0.0,0.13487414160960892,0.0
pilot_mirage,Papatronic05,T,10,90.3125,peek,78916,,,,,,,,,,,traversal,159.47632163629518,1484.375,4984.375,0.0,146.00526428222656,0.6875,47.93883514404297,0.0,0.6512472808550656,1.0
pilot_mirage,Papatronic05,T,10,90.3125,peek,80699,,,,,,,,,,,traversal,186.22431408236457,1484.375,4984.375,0.0,265.76629638671875,0.6458333333333334,16.69818878173828,2.0,0.6079703380932401,1.0
pilot_mirage,Papatronic05,T,11,61.890625,stop,83668,counterstrafe,78.125,163.8988037109375,23.306928634643555,0.0,1.0,0.0,23.306928634643555,1.0,0.2197265625,,,,,,,,,,,
pilot_mirage,Papatronic05,T,11,61.890625,stop,83697,counter_fwd,140.625,157.91259765625,27.289268493652344,0.0,0.0,,,0.0,0.0,,,,,,,,,,,
pilot_mirage,Papatronic05,T,11,61.890625,stop,83733,release,234.375,154.2318115234375,32.767433166503906,0.0,1.0,140.625,0.0,0.0,0.0,,,,,,,,,,,
pilot_mirage,Papatronic05,T,11,61.890625,stop,84005,counterstrafe,78.125,180.94927978515625,34.51171875,0.0,1.0,296.875,2.953437566757202,1.0,0.0,,,,,,,,,,,
pilot_mirage,Papatronic05,T,11,61.890625,stop,84022,counterstrafe,343.75,180.94927978515625,28.85158348083496,0.0,1.0,31.25,2.953437566757202,1.0,1.165924072265625,,,,,,,,,,,
pilot_mirage,Papatronic05,T,11,61.890625,stop,84096,counterstrafe,93.75,193.90272521972656,15.75527286529541,0.0,1.0,15.625,2.742802381515503,1.0,0.90191650390625,,,,,,,,,,,
pilot_mirage,Papatronic05,T,11,61.890625,stop,86958,counterstrafe,93.75,171.21192932128906,10.793858528137207,0.0,1.0,0.0,10.793858528137207,0.0,13.925849914550781,,,,,,,,,,,
pilot_mirage,Papatronic05,T,11,61.890625,peek,83112,,,,,,,,,,,traversal,338.97029537120324,1484.375,4984.375,0.0,250.00177001953125,0.0,98.2081298828125,0.0,0.0937463272117104,0.0
pilot_mirage,Papatronic05,T,11,61.890625,peek,83763,,,,,,,,,,,traversal,102.77497235721978,1484.375,4984.375,0.0,205.9467010498047,0.3541666666666667,8.118209838867188,2.0,0.47368464919624453,0.0
pilot_mirage,Papatronic05,T,11,61.890625,peek,86302,,,,,,,,,,,jiggle,39.251438820071854,421.875,421.875,1.0,165.34747314453125,0.2857142857142857,57.79393005371094,0.0,1.7383157562602278,0.0
pilot_mirage,Papatronic05,T,11,61.890625,peek,86937,,,,,,,,,,,jiggle,38.98112244927086,812.5,812.5,1.0,171.21192932128906,0.0,57.265869140625,1.0,4.972442082192525,0.0
pilot_mirage,Polbandana,CT,0,35.78125,stop,2116,counterstrafe,78.125,150.5516815185547,9.359016418457031,0.0,0.0,,,1.0,0.60528564453125,,,,,,,,,,,
pilot_mirage,Polbandana,CT,0,35.78125,stop,2158,counterstrafe,343.75,167.8601531982422,28.664079666137695,0.0,0.0,,,1.0,19.634994506835938,,,,,,,,,,,
pilot_mirage,Polbandana,CT,0,35.78125,stop,2266,release,359.375,165.37054443359375,30.230119705200195,0.0,0.0,,,1.0,13.475067138671875,,,,,,,,,,,
pilot_mirage,Polbandana,CT,0,35.78125,stop,4513,release,15.625,191.6553192138672,21.48465347290039,0.0,0.0,,,1.0,0.0,,,,,,,,,,,
pilot_mirage,Polbandana,CT,0,35.78125,stop,5630,counterstrafe,78.125,174.7774658203125,18.798479080200195,0.0,0.0,,,1.0,5.114837646484375,,,,,,,,,,,
pilot_mirage,Polbandana,CT,0,35.78125,stop,5657,counterstrafe,78.125,171.4210662841797,17.57229995727539,0.0,1.0,0.0,17.57229995727539,0.0,1.375396728515625,,,,,,,,,,,
pilot_mirage,Polbandana,CT,0,35.78125,stop,5677,counterstrafe,62.5,168.47390747070312,25.653339385986328,0.0,1.0,0.0,25.653339385986328,1.0,0.054931640625,,,,,,,,,,,
pilot_mirage,Polbandana,CT,0,35.78125,peek,1333,,,,,,,,,,,traversal,307.3726539230683,1484.375,4984.375,0.0,250.00697326660156,0.0,151.90966796875,0.0,0.16834522007563324,0.0
pilot_mirage,Polbandana,CT,0,35.78125,peek,5458,,,,,,,,,,,jiggle,5.9034943901250045,937.5,937.5,1.0,100.70015716552734,0.0,10.6142578125,2.0,24.352989152046863,0.0
pilot_mirage,Polbandana,CT,1,74.0,stop,2458,release,78.125,158.02647399902344,18.658660888671875,0.0,0.0,,,0.0,23.925140380859375,,,,,,,,,,,
pilot_mirage,Polbandana,CT,1,74.0,stop,9953,release,15.625,249.98695373535156,21.482791900634766,0.0,0.0,,,1.0,0.0,,,,,,,,,,,
pilot_mirage,Polbandana,CT,1,74.0,stop,10802,counterstrafe,78.125,175.12799072265625,21.65668487548828,0.0,0.0,,,1.0,0.054931640625,,,,,,,,,,,
pilot_mirage,Polbandana,CT,1,74.0,stop,10811,counterstrafe,218.75,175.12799072265625,18.747018814086914,0.0,0.0,,,1.0,0.8250045776367188,,,,,,,,,,,
pilot_mirage,Polbandana,CT,1,74.0,stop,10817,counterstrafe,312.5,175.12799072265625,17.082035064697266,0.0,0.0,,,1.0,1.5950775146484375,,,,,,,,,,,
pilot_mirage,Polbandana,CT,1,74.0,stop,10933,counterstrafe,156.25,153.09889221191406,32.88563537597656,0.0,1.0,125.0,82.41313171386719,1.0,0.054931640625,,,,,,,,,,,
pilot_mirage,Polbandana,CT,1,74.0,stop,11091,counterstrafe,250.0,161.74769592285156,23.246055603027344,0.0,0.0,,,1.0,0.880279541015625,,,,,,,,,,,
pilot_mirage,Polbandana,CT,1,74.0,stop,11351,counterstrafe,93.75,158.81687927246094,11.201342582702637,0.0,0.0,,,1.0,0.220062255859375,,,,,,,,,,,
pilot_mirage,Polbandana,CT,1,74.0,stop,11366,counterstrafe,328.125,158.81687927246094,32.88347625732422,0.0,0.0,,,1.0,1.4845428466796875,,,,,,,,,,,
pilot_mirage,Polbandana,CT,1,74.0,stop,11401,counterstrafe,78.125,151.22499084472656,17.866792678833008,0.0,0.0,,,1.0,0.054931640625,,,,,,,,,,,
pilot_mirage,Polbandana,CT,1,74.0,stop,11419,counterstrafe,359.375,151.22499084472656,22.73881721496582,0.0,0.0,,,1.0,1.3200836181640625,,,,,,,,,,,
pilot_mirage,Polbandana,CT,1,74.0,stop,11456,counterstrafe,78.125,176.11570739746094,29.183658599853516,0.0,1.0,93.75,16.234193801879883,1.0,0.2200775146484375,,,,,,,,,,,
pilot_mirage,Polbandana,CT,1,74.0,stop,11482,counterstrafe,78.125,169.4801025390625,21.023038864135742,0.0,0.0,,,1.0,0.0,,,,,,,,,,,
pilot_mirage,Polbandana,CT,1,74.0,stop,11505,counterstrafe,78.125,159.00173950195312,26.70807456970215,0.0,1.0,93.75,68.37071228027344,1.0,0.0,,,,,,,,,,,
pilot_mirage,Polbandana,CT,1,74.0,stop,11593,counterstrafe,78.125,150.66786193847656,21.542293548583984,0.0,1.0,0.0,21.542293548583984,1.0,0.220062255859375,,,,,,,,,,,
pilot_mirage,Polbandana,CT,1,74.0,stop,11612,counterstrafe,375.0,150.66786193847656,13.858837127685547,0.0,1.0,296.875,48.96000671386719,1.0,0.60491943359375,,,,,,,,,,,
pilot_mirage,Polbandana,CT,1,74.0,stop,11632,counterstrafe,93.75,159.69395446777344,22.71251106262207,0.0,1.0,0.0,22.71251106262207,1.0,0.49542236328125,,,,,,,,,,,
pilot_mirage,Polbandana,CT,1,74.0,stop,11665,counterstrafe,93.75,160.38037109375,28.852514266967773,0.0,0.0,,,1.0,0.055267333984375,,,,,,,,,,,
pilot_mirage,Polbandana,CT,1,74.0,stop,11936,counterstrafe,78.125,158.17178344726562,13.903416633605957,0.0,0.0,,,1.0,0.220062255859375,,,,,,,,,,,
pilot_mirage,Polbandana,CT,1,74.0,stop,11951,counterstrafe,312.5,158.17178344726562,20.67096710205078,0.0,0.0,,,1.0,0.329925537109375,,,,,,,,,,,
pilot_mirage,Polbandana,CT,1,74.0,stop,11981,counterstrafe,62.5,151.6859893798828,32.50181579589844,0.0,0.0,,,1.0,0.1651458740234375,,,,,,,,,,,
pilot_mirage,Polbandana,CT,1,74.0,stop,11999,counterstrafe,343.75,151.6859893798828,13.483725547790527,0.0,0.0,,,1.0,0.55035400390625,,,,,,,,,,,
pilot_mirage,Polbandana,CT,1,74.0,stop,12219,counterstrafe,62.5,150.9711151123047,29.237083435058594,0.0,0.0,,,1.0,0.3852081298828125,,,,,,,,,,,
pilot_mirage,Polbandana,CT,1,74.0,stop,12327,counterstrafe,125.0,160.89259338378906,28.91177749633789,0.0,0.0,,,1.0,0.98980712890625,,,,,,,,,,,
pilot_mirage,Polbandana,CT,1,74.0,stop,12459,counterstrafe,78.125,151.20521545410156,17.236515045166016,0.0,0.0,,,1.0,0.0552825927734375,,,,,,,,,,,
pilot_mirage,Polbandana,CT,1,74.0,stop,12474,counterstrafe,312.5,151.20521545410156,22.64800453186035,0.0,0.0,,,1.0,0.3855743408203125,,,,,,,,,,,
pilot_mirage,Polbandana,CT,1,74.0,stop,12507,counterstrafe,78.125,158.50808715820312,11.57131576538086,0.0,0.0,,,1.0,0.0,,,,,,,,,,,
pilot_mirage,Polbandana,CT,1,74.0,stop,12564,counterstrafe,62.5,151.8882293701172,32.89314651489258,0.0,0.0,,,1.0,0.164794921875,,,,,,,,,,,
pilot_mirage,Polbandana,CT,1,74.0,stop,12583,counterstrafe,359.375,151.8882293701172,25.09063148498535,0.0,0.0,,,1.0,1.4848785400390625,,,,,,,,,,,
pilot_mirage,Polbandana,CT,1,74.0,stop,12815,counterstrafe,78.125,156.14791870117188,18.23609733581543,0.0,0.0,,,1.0,0.054931640625,,,,,,,,,,,
pilot_mirage,Polbandana,CT,1,74.0,stop,13441,counterstrafe,78.125,159.0121612548828,30.285417556762695,0.0,0.0,,,1.0,1.154937744140625,,,,,,,,,,,
pilot_mirage,Polbandana,CT,1,74.0,stop,13524,counterstrafe,78.125,151.39881896972656,11.817948341369629,0.0,0.0,,,1.0,11.05499267578125,,,,,,,,,,,
pilot_mirage,Polbandana,CT,1,74.0,stop,13537,counterstrafe,281.25,151.39881896972656,21.498079299926758,0.0,0.0,,,1.0,26.070213317871094,,,,,,,,,,,
pilot_mirage,Polbandana,CT,1,74.0,stop,13560,counterstrafe,93.75,160.41993713378906,12.407857894897461,0.0,0.0,,,1.0,0.49472808837890625,,,,,,,,,,,
pilot_mirage,Polbandana,CT,1,74.0,stop,13624,counterstrafe,78.125,163.82708740234375,26.311328887939453,0.0,0.0,,,1.0,1.4299392700195312,,,,,,,,,,,
pilot_mirage,Polbandana,CT,1,74.0,stop,13632,counterstrafe,203.125,163.82708740234375,17.131755828857422,0.0,0.0,,,1.0,1.7052841186523438,,,,,,,,,,,
pilot_mirage,Polbandana,CT,1,74.0,stop,13668,counterstrafe,93.75,151.2316436767578,26.484363555908203,0.0,0.0,,,1.0,0.05527496337890625,,,,,,,,,,,
pilot_mirage,Polbandana,CT,1,74.0,stop,13673,counterstrafe,171.875,151.2316436767578,8.926726341247559,0.0,0.0,,,1.0,0.05527496337890625,,,,,,,,,,,
pilot_mirage,Polbandana,CT,1,74.0,stop,13709,counterstrafe,62.5,150.36062622070312,34.91736602783203,0.0,0.0,,,1.0,0.10986328125,,,,,,,,,,,
pilot_mirage,Polbandana,CT,1,74.0,stop,13722,counterstrafe,265.625,150.36062622070312,18.873559951782227,0.0,0.0,,,1.0,0.7147979736328125,,,,,,,,,,,
pilot_mirage,Polbandana,CT,1,74.0,stop,13745,counterstrafe,78.125,168.42300415039062,31.846891403198242,0.0,0.0,,,1.0,0.0,,,,,,,,,,,
pilot_mirage,Polbandana,CT,1,74.0,stop,13762,counterstrafe,343.75,168.42300415039062,33.03045654296875,0.0,0.0,,,1.0,3.190155029296875,,,,,,,,,,,
pilot_mirage,Polbandana,CT,1,74.0,stop,13791,counterstrafe,78.125,151.09356689453125,28.008281707763672,0.0,0.0,,,1.0,1.4299392700195312,,,,,,,,,,,
pilot_mirage,Polbandana,CT,1,74.0,stop,13807,counterstrafe,328.125,151.09356689453125,17.440776824951172,0.0,0.0,,,1.0,3.6848831176757812,,,,,,,,,,,
pilot_mirage,Polbandana,CT,1,74.0,stop,13850,release,93.75,159.25924682617188,14.786723136901855,0.0,0.0,,,1.0,103.73016357421875,,,,,,,,,,,
pilot_mirage,Polbandana,CT,1,74.0,stop,13861,counterstrafe,265.625,159.25924682617188,10.396435737609863,0.0,0.0,,,1.0,110.99040222167969,,,,,,,,,,,
pilot_mirage,Polbandana,CT,1,74.0,stop,13936,counterstrafe,78.125,162.97073364257812,28.103445053100586,0.0,0.0,,,1.0,0.4401397705078125,,,,,,,,,,,
pilot_mirage,Polbandana,CT,1,74.0,stop,13954,counterstrafe,359.375,162.97073364257812,26.973857879638672,0.0,0.0,,,1.0,2.14508056640625,,,,,,,,,,,
pilot_mirage,Polbandana,CT,1,74.0,stop,13976,counterstrafe,93.75,157.79824829101562,23.222383499145508,0.0,0.0,,,1.0,0.16513824462890625,,,,,,,,,,,
pilot_mirage,Polbandana,CT,1,74.0,stop,13989,counterstrafe,296.875,157.79824829101562,19.104875564575195,0.0,0.0,,,1.0,0.2204132080078125,,,,,,,,,,,
pilot_mirage,Polbandana,CT,1,74.0,stop,14461,counterstrafe,78.125,166.3575897216797,24.68509864807129,0.0,1.0,15.625,7.3956756591796875,1.0,1.4852142333984375,,,,,,,,,,,
pilot_mirage,Polbandana,CT,1,74.0,peek,10875,,,,,,,,,,,jiggle,21.06554113624133,218.75,218.75,1.0,140.17918395996094,0.0,0.5500030517578125,0.0,64.72619198095732,0.0
pilot_mirage,Polbandana,CT,1,74.0,peek,11107,,,,,,,,,,,commit,64.99340151779293,1484.375,4984.375,0.0,159.1031951904297,0.78125,117.150634765625,0.0,1.0847873187619774,1.0
pilot_mirage,Polbandana,CT,1,74.0,peek,11691,,,,,,,,,,,traversal,171.27711018350413,1484.375,4984.375,0.0,126.74065399169922,0.96875,18.149757385253906,0.0,0.04520034109624279,1.0
pilot_mirage,Polbandana,CT,1,74.0,peek,12099,,,,,,,,,,,jiggle,50.24979395626396,1062.5,2265.625,1.0,145.0590362548828,0.2753623188405797,167.5298309326172,0.0,1.2976802271048917,0.0
pilot_mirage,Polbandana,CT,1,74.0,peek,12305,,,,,,,,,,,jiggle,35.41944762440402,984.375,984.375,1.0,160.89259338378906,0.1875,114.78447723388672,0.0,2.5379500333450338,0.0
pilot_mirage,Polbandana,CT,1,74.0,peek,12370,,,,,,,,,,,commit,125.79920963619863,1375.0,4984.375,0.0,151.20521545410156,0.7415730337078652,33.66040802001953,0.0,4.277563414448056,1.0
pilot_mirage,Polbandana,CT,1,74.0,peek,12750,,,,,,,,,,,traversal,59.00588478091652,1000.0,4984.375,0.0,171.59449768066406,0.49230769230769234,5.7750396728515625,0.0,0.9119160410546466,0.0
pilot_mirage,Polbandana,CT,2,59.25,stop,17095,release,31.25,160.109375,0.0,0.0,0.0,,,0.0,0.1102142333984375,,,,,,,,,,,
pilot_mirage,Polbandana,CT,2,59.25,stop,17394,counterstrafe,78.125,176.24977111816406,25.090761184692383,0.0,0.0,,,1.0,0.329925537109375,,,,,,,,,,,
pilot_mirage,Polbandana,CT,2,59.25,stop,17399,counterstrafe,156.25,176.24977111816406,32.40498733520508,0.0,0.0,,,1.0,0.384857177734375,,,,,,,,,,,
pilot_mirage,Polbandana,CT,2,59.25,stop,17515,release,312.5,193.59996032714844,32.140628814697266,0.0,1.0,0.0,32.140628814697266,0.0,4.6197509765625,,,,,,,,,,,
pilot_mirage,Polbandana,CT,2,59.25,stop,17798,counterstrafe,93.75,188.43234252929688,14.524121284484863,0.0,0.0,,,1.0,0.0,,,,,,,,,,,
pilot_mirage,Polbandana,CT,2,59.25,stop,17858,release,15.625,181.04360961914062,0.0,0.0,1.0,125.0,0.0,0.0,0.0,,,,,,,,,,,
pilot_mirage,Polbandana,CT,2,59.25,stop,19499,counterstrafe,109.375,155.25070190429688,11.401623725891113,0.0,0.0,,,1.0,1.8151473999023438,,,,,,,,,,,
pilot_mirage,Polbandana,CT,2,59.25,stop,20023,counterstrafe,78.125,159.93716430664062,20.143930435180664,0.0,0.0,,,1.0,0.165130615234375,,,,,,,,,,,
pilot_mirage,Polbandana,CT,2,59.25,peek,17256,,,,,,,,,,,traversal,275.6319092394107,1484.375,3500.0,1.0,215.00364685058594,0.0,237.37985229492188,0.0,0.21267138260933952,0.0
pilot_mirage,Polbandana,CT,2,59.25,peek,17564,,,,,,,,,,,traversal,301.25197865505004,1484.375,4984.375,0.0,265.554931640625,0.0,143.3300323486328,2.0,0.14876802232581923,0.0
pilot_mirage,Polbandana,CT,2,59.25,peek,17895,,,,,,,,,,,traversal,264.2149491068128,1484.375,4984.375,0.0,239.4593963623047,0.14583333333333334,22.2747802734375,0.0,0.532041197202365,0.0
pilot_mirage,Polbandana,CT,2,59.25,peek,19425,,,,,,,,,,,commit,129.32516510538514,1484.375,4984.375,0.0,163.8075408935547,0.0,56.15489959716797,0.0,9.900730233311362,0.0
pilot_mirage,Polbandana,CT,3,64.765625,stop,20509,crouch_stop,93.75,169.82620239257812,32.22567367553711,1.0,0.0,,,1.0,0.164794921875,,,,,,,,,,,
pilot_mirage,Polbandana,CT,3,64.765625,stop,30412,release,15.625,231.17176818847656,0.0,0.0,0.0,,,0.0,0.0,,,,,,,,,,,
pilot_mirage,Polbandana,CT,3,64.765625,stop,31190,release,46.875,150.232421875,0.0,0.0,1.0,218.75,0.0,0.0,1.870086669921875,,,,,,,,,,,
pilot_mirage,Polbandana,CT,3,64.765625,stop,31490,counterstrafe,78.125,161.59251403808594,31.02765655517578,0.0,0.0,,,1.0,0.10986328125,,,,,,,,,,,
pilot_mirage,Polbandana,CT,3,64.765625,stop,31528,counterstrafe,125.0,159.5521240234375,24.270977020263672,0.0,0.0,,,1.0,0.0,,,,,,,,,,,
pilot_mirage,Polbandana,CT,3,64.765625,stop,31906,counterstrafe,93.75,151.13902282714844,16.322790145874023,0.0,0.0,,,1.0,4.8950958251953125,,,,,,,,,,,
pilot_mirage,Polbandana,CT,3,64.765625,stop,31916,counterstrafe,250.0,151.13902282714844,10.744725227355957,0.0,0.0,,,1.0,6.60003662109375,,,,,,,,,,,
pilot_mirage,Polbandana,CT,3,64.765625,stop,31923,counterstrafe,359.375,151.13902282714844,8.951342582702637,0.0,0.0,,,1.0,6.984901428222656,,,,,,,,,,,
pilot_mirage,Polbandana,CT,3,64.765625,stop,31956,counterstrafe,250.0,155.26821899414062,21.674549102783203,1.0,0.0,,,1.0,3.2447433471679688,,,,,,,,,,,
pilot_mirage,Polbandana,CT,3,64.765625,stop,32436,counterstrafe,78.125,158.50909423828125,18.934965133666992,0.0,0.0,,,1.0,0.0,,,,,,,,,,,
pilot_mirage,Polbandana,CT,3,64.765625,stop,33486,counterstrafe,78.125,155.64720153808594,17.260549545288086,0.0,1.0,140.625,27.555465698242188,1.0,4.7852325439453125,,,,,,,,,,,
pilot_mirage,Polbandana,CT,3,64.765625,stop,33493,counterstrafe,187.5,155.64720153808594,9.423067092895508,0.0,1.0,31.25,27.555465698242188,1.0,8.579971313476562,,,,,,,,,,,
pilot_mirage,Polbandana,CT,3,64.765625,stop,33499,counterstrafe,281.25,155.64720153808594,7.411011695861816,0.0,1.0,0.0,7.411011695861816,1.0,9.680313110351562,,,,,,,,,,,
pilot_mirage,Polbandana,CT,3,64.765625,stop,33503,counterstrafe,343.75,155.64720153808594,31.410507202148438,0.0,1.0,0.0,31.410507202148438,1.0,10.450363159179688,,,,,,,,,,,
pilot_mirage,Polbandana,CT,3,64.765625,stop,33524,counterstrafe,78.125,151.56582641601562,12.040242195129395,0.0,0.0,,,1.0,0.054931640625,,,,,,,,,,,
pilot_mirage,Polbandana,CT,3,64.765625,stop,33528,counterstrafe,140.625,151.56582641601562,12.891196250915527,0.0,0.0,,,1.0,0.439788818359375,,,,,,,,,,,
pilot_mirage,Polbandana,CT,3,64.765625,stop,33616,counterstrafe,78.125,151.70704650878906,32.27027130126953,0.0,0.0,,,1.0,0.164794921875,,,,,,,,,,,
pilot_mirage,Polbandana,CT,3,64.765625,stop,33657,counterstrafe,93.75,150.2097930908203,11.211213111877441,0.0,0.0,,,1.0,0.0,,,,,,,,,,,
pilot_mirage,Polbandana,CT,3,64.765625,stop,33811,counterstrafe,109.375,158.19607543945312,15.374083518981934,0.0,0.0,,,1.0,0.4950714111328125,,,,,,,,,,,
pilot_mirage,Polbandana,CT,3,64.765625,stop,34031,counterstrafe,78.125,150.32745361328125,14.606077194213867,0.0,1.0,0.0,14.606077194213867,1.0,1.374664306640625,,,,,,,,,,,
pilot_mirage,Polbandana,CT,3,64.765625,peek,20531,,,,,,,,,,,traversal,1505.9591740078936,781.25,4984.375,0.0,231.37054443359375,0.0,76.80471801757812,0.0,0.10349709763385183,0.0
pilot_mirage,Polbandana,CT,3,64.765625,peek,31277,,,,,,,,,,,traversal,326.2105029980008,1484.375,4984.375,0.0,273.520263671875,0.0,147.34519958496094,2.0,0.18591723315687866,0.0
pilot_mirage,Polbandana,CT,3,64.765625,peek,31759,,,,,,,,,,,jiggle,19.82588754197699,781.25,781.25,1.0,136.70872497558594,0.0,10.889511108398438,0.0,6.0336390152934225,0.0
pilot_mirage,Polbandana,CT,3,64.765625,peek,31889,,,,,,,,,,,jiggle,29.561170586482618,406.25,406.25,1.0,151.13902282714844,0.0,10.615196228027344,0.0,15.12936447236611,0.0
pilot_mirage,Polbandana,CT,4,38.96875,stop,35837,release,15.625,176.71292114257812,21.48631477355957,0.0,0.0,,,1.0,0.0,,,,,,,,,,,
pilot_mirage,Polbandana,CT,4,38.96875,stop,36839,counterstrafe,156.25,189.05081176757812,30.724454879760742,0.0,0.0,,,1.0,1.3200836181640625,,,,,,,,,,,
pilot_mirage,Polbandana,CT,4,38.96875,stop,36949,counter_fwd,93.75,162.80882263183594,29.921062469482422,0.0,1.0,0.0,29.921062469482422,0.0,1.045074462890625,,,,,,,,,,,
pilot_mirage,Polbandana,CT,4,38.96875,stop,36969,counter_fwd,125.0,151.134521484375,33.499488830566406,0.0,0.0,,,0.0,0.054931640625,,,,,,,,,,,
pilot_mirage,Polbandana,CT,4,38.96875,stop,37216,counterstrafe,93.75,151.5688018798828,17.279033660888672,0.0,0.0,,,1.0,0.054931640625,,,,,,,,,,,
pilot_mirage,Polbandana,CT,4,38.96875,stop,37377,counterstrafe,234.375,157.73220825195312,33.16579818725586,0.0,0.0,,,1.0,0.49472808837890625,,,,,,,,,,,
pilot_mirage,Polbandana,CT,4,38.96875,stop,37463,counterstrafe,78.125,151.45883178710938,15.655200004577637,0.0,1.0,62.5,49.68817901611328,1.0,2.034881591796875,,,,,,,,,,,
pilot_mirage,Polbandana,CT,4,38.96875,stop,37470,counterstrafe,187.5,151.45883178710938,20.538949966430664,0.0,1.0,0.0,20.538949966430664,1.0,4.01446533203125,,,,,,,,,,,
pilot_mirage,Polbandana,CT,4,38.96875,stop,37480,counterstrafe,343.75,151.45883178710938,6.9032487869262695,0.0,0.0,,,1.0,5.11480712890625,,,,,,,,,,,
pilot_mirage,Polbandana,CT,4,38.96875,stop,37663,counterstrafe,78.125,161.71913146972656,20.668285369873047,0.0,0.0,,,1.0,0.054931640625,,,,,,,,,,,
pilot_mirage,Polbandana,CT,4,38.96875,stop,37875,counterstrafe,93.75,152.04185485839844,18.784822463989258,0.0,0.0,,,1.0,9.954986572265625,,,,,,,,,,,
pilot_mirage,Polbandana,CT,4,38.96875,peek,37082,,,,,,,,,,,traversal,15.251031239933015,328.125,328.125,1.0,96.09471130371094,0.5909090909090909,0.6598663330078125,0.0,0.7011648594971813,1.0
pilot_mirage,Polbandana,CT,4,38.96875,peek,37146,,,,,,,,,,,jiggle,20.997363305410655,671.875,671.875,1.0,124.34895324707031,0.45454545454545453,11.660270690917969,0.0,2.542051894936025,0.0
pilot_mirage,Polbandana,CT,4,38.96875,peek,37280,,,,,,,,,,,commit,97.75595792496108,1359.375,4984.375,0.0,175.2530517578125,0.5568181818181818,45.81470489501953,2.0,1.3500364466364745,1.0
pilot_mirage,Polbandana,CT,5,36.84375,stop,41119,release,31.25,208.01852416992188,7.505859375,0.0,1.0,171.875,0.0,0.0,0.3299407958984375,,,,,,,,,,,
pilot_mirage,Polbandana,CT,5,36.84375,stop,41420,counter_fwd,78.125,161.3248291015625,28.77520751953125,0.0,1.0,265.625,188.31068420410156,0.0,0.935211181640625,,,,,,,,,,,
pilot_mirage,Polbandana,CT,5,36.84375,stop,41462,counter_fwd,218.75,158.35569763183594,15.286245346069336,0.0,1.0,0.0,15.286245346069336,0.0,0.164794921875,,,,,,,,,,,
pilot_mirage,Polbandana,CT,5,36.84375,stop,41487,counter_fwd,125.0,161.9508514404297,8.089767456054688,0.0,0.0,,,0.0,0.9348678588867188,,,,,,,,,,,
pilot_mirage,Polbandana,CT,5,36.84375,stop,41523,release,15.625,172.8163299560547,25.078126907348633,0.0,1.0,171.875,0.0,0.0,0.054931640625,,,,,,,,,,,
pilot_mirage,Polbandana,CT,5,36.84375,stop,41687,release,140.625,155.47633361816406,31.19281578063965,0.0,0.0,,,1.0,0.4950714111328125,,,,,,,,,,,
pilot_mirage,Polbandana,CT,5,36.84375,stop,41834,counterstrafe,78.125,159.5868377685547,27.594589233398438,0.0,0.0,,,1.0,1.7598724365234375,,,,,,,,,,,
pilot_mirage,Polbandana,CT,5,36.84375,stop,41874,counterstrafe,78.125,181.05690002441406,28.973814010620117,0.0,0.0,,,1.0,0.7151412963867188,,,,,,,,,,,
pilot_mirage,Polbandana,CT,5,36.84375,stop,42471,counterstrafe,78.125,152.02310180664062,32.917240142822266,0.0,0.0,,,1.0,0.0,,,,,,,,,,,
pilot_mirage,Polbandana,CT,5,36.84375,stop,42504,counterstrafe,78.125,168.85008239746094,17.83142852783203,0.0,0.0,,,1.0,1.100006103515625,,,,,,,,,,,
pilot_mirage,Polbandana,CT,5,36.84375,peek,41194,,,,,,,,,,,traversal,299.35371766108835,1484.375,4984.375,0.0,250.02142333984375,0.0,128.03977966308594,2.0,0.12329671732655663,0.0
pilot_mirage,Polbandana,CT,5,36.84375,peek,41567,,,,,,,,,,,traversal,295.00285718004534,1484.375,4984.375,0.0,225.0004425048828,0.0,18.645858764648438,0.0,0.17046181662597173,0.0
pilot_mirage,Polbandana,CT,5,36.84375,peek,42165,,,,,,,,,,,jiggle,8.730744960861804,625.0,625.0,1.0,79.59503173828125,0.9512195121951219,6.105308532714844,0.0,3.1630803252032984,1.0
pilot_mirage,Polbandana,CT,5,36.84375,peek,42358,,,,,,,,,,,jiggle,3.58228390238402,78.125,78.125,1.0,71.68560791015625,0.0,0.05527496337890625,0.0,48.93661738612026,0.0
pilot_mirage,Polbandana,CT,5,36.84375,peek,42430,,,,,,,,,,,jiggle,30.60906789208398,640.625,640.625,1.0,153.0713653564453,0.47619047619047616,20.68004608154297,0.0,2.2301411480708815,0.0
pilot_mirage,Polbandana,CT,6,39.59375,stop,45210,crouch_stop,93.75,153.9130859375,10.403613090515137,1.0,0.0,,,0.0,2.4750213623046875,,,,,,,,,,,
pilot_mirage,Polbandana,CT,6,39.59375,stop,45497,release,62.5,150.4439239501953,32.640628814697266,0.0,0.0,,,1.0,0.0,,,,,,,,,,,
pilot_mirage,Polbandana,CT,6,39.59375,stop,45732,crouch_stop,31.25,165.73590087890625,6.5546875,1.0,0.0,,,0.0,0.0,,,,,,,,,,,
pilot_mirage,Polbandana,CT,6,39.59375,stop,45924,counterstrafe,62.5,158.8782958984375,27.819067001342773,0.0,0.0,,,1.0,2.09014892578125,,,,,,,,,,,
pilot_mirage,Polbandana,CT,6,39.59375,stop,45951,counterstrafe,93.75,161.3981475830078,29.13266944885254,0.0,0.0,,,1.0,0.550018310546875,,,,,,,,,,,
pilot_mirage,Polbandana,CT,6,39.59375,stop,45990,counterstrafe,78.125,159.19363403320312,14.470508575439453,0.0,1.0,0.0,14.470508575439453,1.0,1.814788818359375,,,,,,,,,,,
pilot_mirage,Polbandana,CT,6,39.59375,stop,45997,counterstrafe,187.5,159.19363403320312,32.9058837890625,0.0,1.0,0.0,32.9058837890625,1.0,2.08978271484375,,,,,,,,,,,
pilot_mirage,Polbandana,CT,6,39.59375,stop,46002,counterstrafe,265.625,159.19363403320312,28.99337387084961,0.0,1.0,0.0,28.99337387084961,1.0,2.6397705078125,,,,,,,,,,,
pilot_mirage,Polbandana,CT,6,39.59375,stop,46438,counterstrafe,78.125,182.41281127929688,31.306367874145508,0.0,0.0,,,1.0,0.274993896484375,,,,,,,,,,,
pilot_mirage,Polbandana,CT,6,39.59375,stop,46473,counterstrafe,93.75,162.16854858398438,31.221012115478516,0.0,0.0,,,0.0,4.84014892578125,,,,,,,,,,,
pilot_mirage,Polbandana,CT,6,39.59375,stop,47239,counterstrafe,31.25,180.83909606933594,16.664762496948242,0.0,1.0,0.0,16.664762496948242,1.0,2.694732666015625,,,,,,,,,,,
pilot_mirage,Polbandana,CT,6,39.59375,stop,47245,counterstrafe,125.0,180.83909606933594,31.6919002532959,0.0,1.0,0.0,31.6919002532959,1.0,5.939453125,,,,,,,,,,,
pilot_mirage,Polbandana,CT,6,39.59375,stop,47392,counter_fwd,93.75,158.74468994140625,34.85944747924805,0.0,0.0,,,0.0,0.274993896484375,,,,,,,,,,,
pilot_mirage,Polbandana,CT,6,39.59375,peek,45242,,,,,,,,,,,traversal,183.09635500532693,1484.375,4984.375,0.0,240.00296020507812,0.0,92.23504638671875,1.0,0.7918537494039743,0.0
pilot_mirage,Polbandana,CT,6,39.59375,peek,45564,,,,,,,,,,,traversal,266.9018869937039,1484.375,4984.375,0.0,250.0018310546875,0.0,13.695487976074219,0.0,0.15296013820984972,0.0
pilot_mirage,Polbandana,CT,6,39.59375,peek,46532,,,,,,,,,,,commit,100.69393172988883,843.75,4984.375,0.0,231.76382446289062,0.0,28.214950561523438,1.0,1.3520707802907679,0.0
pilot_mirage,Polbandana,CT,6,39.59375,peek,46997,,,,,,,,,,,jiggle,38.96456749619764,609.375,609.375,1.0,135.7819061279297,0.475,77.990234375,0.0,2.059897855934228,0.0
pilot_mirage,Polbandana,CT,6,39.59375,peek,47116,,,,,,,,,,,traversal,202.27793530060777,1484.375,4984.375,0.0,216.76629638671875,0.22916666666666666,155.7047882080078,1.0,0.620249604734773,0.0
pilot_mirage,Polbandana,CT,7,79.015625,stop,54869,counterstrafe,78.125,186.17933654785156,23.813339233398438,0.0,0.0,,,1.0,0.054931640625,,,,,,,,,,,
pilot_mirage,Polbandana,CT,7,79.015625,stop,54894,counterstrafe,78.125,161.47340393066406,28.295225143432617,0.0,1.0,46.875,18.774593353271484,1.0,0.2197265625,,,,,,,,,,,
pilot_mirage,Polbandana,CT,7,79.015625,stop,55073,release,125.0,151.8170623779297,0.0,0.0,0.0,,,0.0,1.209869384765625,,,,,,,,,,,
pilot_mirage,Polbandana,CT,7,79.015625,stop,55563,counterstrafe,78.125,175.67803955078125,31.426761627197266,0.0,1.0,46.875,32.65702819824219,1.0,3.245086669921875,,,,,,,,,,,
pilot_mirage,Polbandana,CT,7,79.015625,stop,55573,counterstrafe,234.375,175.67803955078125,4.30341100692749,0.0,1.0,0.0,4.30341100692749,1.0,5.0049591064453125,,,,,,,,,,,
pilot_mirage,Polbandana,CT,7,79.015625,stop,55578,counterstrafe,312.5,175.67803955078125,31.287635803222656,0.0,1.0,0.0,31.287635803222656,1.0,5.664825439453125,,,,,,,,,,,
pilot_mirage,Polbandana,CT,7,79.015625,stop,55618,counterstrafe,78.125,170.5142364501953,21.67125701904297,0.0,1.0,156.25,0.0,1.0,0.16513824462890625,,,,,,,,,,,
pilot_mirage,Polbandana,CT,7,79.015625,stop,55696,counterstrafe,62.5,156.05584716796875,16.113311767578125,0.0,0.0,,,1.0,0.880279541015625,,,,,,,,,,,
pilot_mirage,Polbandana,CT,7,79.015625,stop,55817,counterstrafe,78.125,151.9085693359375,14.44690990447998,0.0,1.0,15.625,13.017292976379395,1.0,0.27500152587890625,,,,,,,,,,,
pilot_mirage,Polbandana,CT,7,79.015625,stop,55834,counterstrafe,343.75,151.9085693359375,13.370888710021973,0.0,1.0,171.875,52.898040771484375,1.0,3.5200881958007812,,,,,,,,,,,
pilot_mirage,Polbandana,CT,7,79.015625,stop,55928,counter_fwd,109.375,159.11196899414062,17.41339683532715,0.0,0.0,,,0.0,0.110198974609375,,,,,,,,,,,
pilot_mirage,Polbandana,CT,7,79.015625,stop,56262,counterstrafe,375.0,245.96380615234375,28.480531692504883,0.0,0.0,,,1.0,1.6500091552734375,,,,,,,,,,,
pilot_mirage,Polbandana,CT,7,79.015625,stop,56306,counterstrafe,187.5,183.96961975097656,20.82078742980957,1.0,0.0,,,1.0,0.19603729248046875,,,,,,,,,,,
pilot_mirage,Polbandana,CT,7,79.015625,stop,56631,counter_fwd,78.125,162.27310180664062,33.083282470703125,0.0,0.0,,,0.0,0.0,,,,,,,,,,,
pilot_mirage,Polbandana,CT,7,79.015625,stop,56793,counterstrafe,218.75,185.98739624023438,29.25834846496582,1.0,0.0,,,1.0,0.318603515625,,,,,,,,,,,
pilot_mirage,Polbandana,CT,7,79.015625,stop,58251,counter_fwd,187.5,151.3167266845703,31.39371681213379,0.0,0.0,,,0.0,2.20001220703125,,,,,,,,,,,
pilot_mirage,Polbandana,CT,7,79.015625,stop,58353,counterstrafe,109.375,165.64044189453125,33.72296142578125,0.0,0.0,,,0.0,0.5500030517578125,,,,,,,,,,,
pilot_mirage,Polbandana,CT,7,79.015625,stop,58557,crouch_stop,203.125,185.5773162841797,34.00128936767578,1.0,0.0,,,0.0,1.0770034790039062,,,,,,,,,,,
pilot_mirage,Polbandana,CT,7,79.015625,peek,54131,,,,,,,,,,,traversal,342.8310022308149,1484.375,4984.375,0.0,250.00466918945312,0.0,14.244796752929688,0.0,0.026876501958728666,0.0
pilot_mirage,Polbandana,CT,7,79.015625,peek,54922,,,,,,,,,,,narrow,94.0819470532553,875.0,1328.125,1.0,222.58538818359375,0.0,13.25469970703125,0.0,1.5787307498310137,0.0
pilot_mirage,Polbandana,CT,7,79.015625,peek,55245,,,,,,,,,,,traversal,293.45880242859084,1484.375,4984.375,0.0,254.50355529785156,0.0,119.51512145996094,2.0,0.1285324139932569,0.0
pilot_mirage,Polbandana,CT,7,79.015625,peek,55636,,,,,,,,,,,narrow,74.34960918683052,906.25,2468.75,1.0,176.38475036621094,0.0,87.23041534423828,0.0,1.0851358324221902,0.0
pilot_mirage,Polbandana,CT,7,79.015625,peek,56158,,,,,,,,,,,commit,291.01554832701504,1375.0,4984.375,0.0,248.39735412597656,0.0,35.475196838378906,0.0,4.503720865345925,0.0
pilot_mirage,Polbandana,CT,7,79.015625,peek,56492,,,,,,,,,,,traversal,177.94610389754712,1484.375,4296.875,1.0,192.70120239257812,0.7708333333333334,146.29944610595703,1.0,0.7546084735381317,1.0
pilot_mirage,Polbandana,CT,7,79.015625,peek,56848,,,,,,,,,,,commit,131.1864684974566,1484.375,4984.375,0.0,100.00183868408203,0.0,28.355712890625,0.0,2.851999106416864,0.0
pilot_mirage,Polbandana,CT,7,79.015625,peek,57717,,,,,,,,,,,jiggle,20.308949506825535,1484.375,1484.375,1.0,65.26176452636719,0.3125,27.182235717773438,0.0,3.363570437872946,0.0
pilot_mirage,Polbandana,CT,7,79.015625,peek,57846,,,,,,,,,,,traversal,77.60181899703524,1484.375,4984.375,0.0,100.00028228759766,0.0,7.505035400390625,0.0,0.9526468650926542,0.0
pilot_mirage,Polbandana,CT,7,79.015625,peek,58171,,,,,,,,,,,traversal,121.18326151313548,1218.75,1812.5,1.0,199.22439575195312,0.0,4.0697479248046875,1.0,0.7836643171301985,0.0
pilot_mirage,Polbandana,CT,7,79.015625,peek,58447,,,,,,,,,,,jiggle,35.178435794190236,781.25,781.25,1.0,122.15648651123047,0.29411764705882354,1.92535400390625,0.0,2.1288218441689533,0.0
pilot_mirage,Polbandana,CT,7,79.015625,peek,58614,,,,,,,,,,,traversal,119.42940476018535,1484.375,4984.375,0.0,245.04043579101562,0.0,5.7382965087890625,1.0,0.7489741277210602,0.0
pilot_mirage,Polbandana,CT,8,25.265625,stop,64406,release,15.625,180.97573852539062,32.28960037231445,0.0,0.0,,,1.0,0.0,,,,,,,,,,,
pilot_mirage,Polbandana,CT,8,25.265625,stop,64445,counterstrafe,78.125,171.1874237060547,21.261783599853516,0.0,0.0,,,1.0,0.11020660400390625,,,,,,,,,,,
pilot_mirage,Polbandana,CT,8,25.265625,stop,64509,counterstrafe,78.125,184.70376586914062,31.120317459106445,0.0,1.0,250.0,20.979673385620117,1.0,0.05527496337890625,,,,,,,,,,,
pilot_mirage,Polbandana,CT,8,25.265625,stop,64514,counterstrafe,156.25,184.70376586914062,19.09076499938965,0.0,1.0,171.875,20.979673385620117,1.0,0.3302764892578125,,,,,,,,,,,
pilot_mirage,Polbandana,CT,8,25.265625,stop,64523,counterstrafe,296.875,184.70376586914062,22.534116744995117,0.0,1.0,31.25,20.979673385620117,1.0,0.4950714111328125,,,,,,,,,,,
pilot_mirage,Polbandana,CT,8,25.265625,stop,64549,counterstrafe,78.125,162.14453125,27.179704666137695,0.0,1.0,218.75,61.82423782348633,1.0,0.4950714111328125,,,,,,,,,,,
pilot_mirage,Polbandana,CT,8,25.265625,stop,64564,counterstrafe,312.5,162.14453125,34.804725646972656,0.0,1.0,0.0,34.804725646972656,1.0,0.825347900390625,,,,,,,,,,,
pilot_mirage,Polbandana,CT,8,25.265625,peek,63967,,,,,,,,,,,commit,267.41383771474005,1484.375,4984.375,0.0,225.00155639648438,0.09375,75.73493194580078,0.0,4.381040766369451,0.0
pilot_mirage,Polbandana,CT,8,25.265625,peek,64465,,,,,,,,,,,commit,114.14725698686048,687.5,2843.75,0.0,225.00103759765625,0.0,12.650070190429688,2.0,22.588324163075786,0.0
pilot_mirage,Polbandana,CT,9,65.296875,stop,70834,counterstrafe,78.125,158.40333557128906,32.73085021972656,0.0,0.0,,,1.0,0.0,,,,,,,,,,,
pilot_mirage,Polbandana,CT,9,65.296875,stop,71302,counterstrafe,93.75,154.99156188964844,26.35430335998535,0.0,0.0,,,1.0,0.165130615234375,,,,,,,,,,,
pilot_mirage,Polbandana,CT,9,65.296875,stop,71787,counterstrafe,109.375,155.35275268554688,15.737458229064941,0.0,0.0,,,1.0,3.0250167846679688,,,,,,,,,,,
pilot_mirage,Polbandana,CT,9,65.296875,stop,71793,counterstrafe,203.125,155.35275268554688,6.106523513793945,0.0,0.0,,,1.0,3.519744873046875,,,,,,,,,,,
pilot_mirage,Polbandana,CT,9,65.296875,stop,71802,counterstrafe,343.75,155.35275268554688,30.56351089477539,0.0,0.0,,,1.0,3.519744873046875,,,,,,,,,,,
pilot_mirage,Polbandana,CT,9,65.296875,stop,72174,counterstrafe,78.125,154.2655029296875,19.101469039916992,0.0,1.0,0.0,19.101469039916992,1.0,15.730026245117188,,,,,,,,,,,
pilot_mirage,Polbandana,CT,9,65.296875,stop,72193,counterstrafe,375.0,154.2655029296875,23.280723571777344,0.0,1.0,0.0,23.280723571777344,1.0,20.735000610351562,,,,,,,,,,,
pilot_mirage,Polbandana,CT,9,65.296875,stop,72403,counterstrafe,265.625,161.06044006347656,32.845977783203125,0.0,1.0,0.0,32.845977783203125,1.0,7.81024169921875,,,,,,,,,,,
pilot_mirage,Polbandana,CT,9,65.296875,stop,72482,release,31.25,220.47265625,0.03125,0.0,0.0,,,1.0,1.870086669921875,,,,,,,,,,,
pilot_mirage,Polbandana,CT,9,65.296875,stop,72546,counterstrafe,78.125,158.202392578125,11.481451988220215,0.0,0.0,,,1.0,0.8250045776367188,,,,,,,,,,,
pilot_mirage,Polbandana,CT,9,65.296875,stop,72563,counterstrafe,343.75,158.202392578125,15.771594047546387,0.0,1.0,125.0,66.39730072021484,1.0,8.85498046875,,,,,,,,,,,
pilot_mirage,Polbandana,CT,9,65.296875,stop,72930,counterstrafe,93.75,150.07583618164062,15.357281684875488,0.0,0.0,,,1.0,0.054931640625,,,,,,,,,,,
pilot_mirage,Polbandana,CT,9,65.296875,stop,72938,counterstrafe,218.75,150.07583618164062,25.264446258544922,0.0,0.0,,,1.0,0.3848876953125,,,,,,,,,,,
pilot_mirage,Polbandana,CT,9,65.296875,stop,73037,counterstrafe,93.75,162.3834686279297,15.593585014343262,0.0,0.0,,,1.0,0.2197265625,,,,,,,,,,,
pilot_mirage,Polbandana,CT,9,65.296875,stop,73054,counterstrafe,359.375,162.3834686279297,19.278873443603516,0.0,0.0,,,1.0,1.31976318359375,,,,,,,,,,,
pilot_mirage,Polbandana,CT,9,65.296875,stop,73084,counterstrafe,93.75,159.93650817871094,31.893875122070312,0.0,0.0,,,1.0,0.165130615234375,,,,,,,,,,,
pilot_mirage,Polbandana,CT,9,65.296875,stop,73092,counterstrafe,218.75,159.93650817871094,16.045324325561523,0.0,0.0,,,1.0,0.274993896484375,,,,,,,,,,,
pilot_mirage,Polbandana,CT,9,65.296875,stop,73098,counterstrafe,312.5,159.93650817871094,32.758209228515625,0.0,0.0,,,1.0,0.60491943359375,,,,,,,,,,,
pilot_mirage,Polbandana,CT,9,65.296875,stop,73553,counterstrafe,78.125,161.86276245117188,20.90047264099121,0.0,0.0,,,1.0,0.11020660400390625,,,,,,,,,,,
pilot_mirage,Polbandana,CT,9,65.296875,stop,73675,counterstrafe,187.5,160.04518127441406,17.89064598083496,1.0,0.0,,,1.0,1.319732666015625,,,,,,,,,,,
pilot_mirage,Polbandana,CT,9,65.296875,stop,73965,counterstrafe,250.0,150.63897705078125,24.62932777404785,0.0,1.0,328.125,35.424049377441406,1.0,76.9448013305664,,,,,,,,,,,
pilot_mirage,Polbandana,CT,9,65.296875,stop,74068,counterstrafe,203.125,157.80543518066406,34.745704650878906,1.0,0.0,,,1.0,17.820167541503906,,,,,,,,,,,
pilot_mirage,Polbandana,CT,9,65.296875,peek,71052,,,,,,,,,,,commit,145.0695988797109,1484.375,4984.375,0.0,117.00377655029297,1.0,50.159454345703125,0.0,1.061273738217268,1.0
pilot_mirage,Polbandana,CT,9,65.296875,peek,71585,,,,,,,,,,,traversal,20.918506896775025,609.375,609.375,1.0,120.3538818359375,0.5,1.04510498046875,0.0,0.9890098429245905,0.0
pilot_mirage,Polbandana,CT,9,65.296875,peek,71628,,,,,,,,,,,jiggle,13.093291257689453,1359.375,1359.375,1.0,107.52464294433594,0.0,2.859893798828125,0.0,33.15014547225845,0.0
pilot_mirage,Polbandana,CT,9,65.296875,peek,72030,,,,,,,,,,,traversal,187.0563141947614,1484.375,4984.375,0.0,222.8411407470703,0.5,32.83503723144531,1.0,0.6339454516786769,0.0
pilot_mirage,Polbandana,CT,9,65.296875,peek,72423,,,,,,,,,,,traversal,47.21847443347163,609.375,3156.25,1.0,111.484619140625,0.0,195.68951416015625,1.0,0.7751313772098763,0.0
pilot_mirage,Polbandana,CT,9,65.296875,peek,73482,,,,,,,,,,,narrow,126.13055326488768,1093.75,1656.25,1.0,215.000244140625,0.0,7.644767761230469,1.0,37.81356574997602,0.0
pilot_mirage,Polbandana,CT,9,65.296875,peek,73718,,,,,,,,,,,traversal,133.0339956128492,1484.375,4984.375,0.0,173.68934631347656,0.3958333333333333,171.7101287841797,2.0,0.12073655779510882,0.0
pilot_mirage,Polbandana,CT,10,31.796875,stop,77517,counter_fwd,328.125,150.09970092773438,30.890825271606445,0.0,0.0,,,0.0,0.32958984375,,,,,,,,,,,
pilot_mirage,Polbandana,CT,10,31.796875,peek,77318,,,,,,,,,,,traversal,23.516372586482806,343.75,343.75,1.0,90.43968963623047,0.4782608695652174,4.4553070068359375,0.0,0.4574974452095783,0.0
pilot_mirage,Polbandana,CT,10,31.796875,peek,77386,,,,,,,,,,,jiggle,47.724413766766475,546.875,781.25,1.0,128.19955444335938,0.0,7.1500244140625,0.0,1.492646213021572,0.0
pilot_mirage,Polbandana,CT,10,31.796875,peek,77661,,,,,,,,,,,jiggle,22.41221497961691,218.75,218.75,1.0,146.76092529296875,0.0,4.125030517578125,0.0,21.64999633683411,0.0
pilot_mirage,Polbandana,CT,11,28.921875,stop,84654,counterstrafe,78.125,154.41769409179688,23.65774154663086,0.0,0.0,,,1.0,0.10986328125,,,,,,,,,,,
pilot_mirage,Polbandana,CT,11,28.921875,stop,84680,counterstrafe,78.125,165.5679931640625,27.27582550048828,0.0,0.0,,,1.0,0.6049346923828125,,,,,,,,,,,
pilot_mirage,Polbandana,CT,11,28.921875,stop,84784,counterstrafe,93.75,169.68319702148438,25.453351974487305,0.0,0.0,,,1.0,0.0,,,,,,,,,,,
pilot_mirage,Polbandana,T,12,28.09375,stop,91207,counterstrafe,171.875,163.9427947998047,30.96526527404785,0.0,0.0,,,1.0,16.060272216796875,,,,,,,,,,,
pilot_mirage,Polbandana,T,12,28.09375,stop,91358,counterstrafe,203.125,157.0991668701172,29.784927368164062,0.0,0.0,,,1.0,1.4852294921875,,,,,,,,,,,
pilot_mirage,Polbandana,T,12,28.09375,stop,91519,release,31.25,197.4107666015625,20.143747329711914,0.0,0.0,,,1.0,0.10986328125,,,,,,,,,,,
pilot_mirage,Polbandana,T,12,28.09375,stop,91526,counterstrafe,140.625,197.4107666015625,30.783876419067383,0.0,0.0,,,1.0,0.164794921875,,,,,,,,,,,
pilot_mirage,Polbandana,T,12,28.09375,stop,91699,counterstrafe,109.375,158.25393676757812,14.54546070098877,0.0,0.0,,,1.0,12.870140075683594,,,,,,,,,,,
pilot_mirage,Polbandana,T,12,28.09375,stop,91709,counterstrafe,265.625,158.25393676757812,28.449874877929688,0.0,0.0,,,1.0,15.840225219726562,,,,,,,,,,,
pilot_mirage,Polbandana,T,12,28.09375,stop,91743,counterstrafe,78.125,168.5697784423828,14.664470672607422,0.0,0.0,,,1.0,0.4401397705078125,,,,,,,,,,,
pilot_mirage,Polbandana,T,12,28.09375,stop,91761,counterstrafe,359.375,168.5697784423828,20.241437911987305,0.0,0.0,,,1.0,0.770416259765625,,,,,,,,,,,
pilot_mirage,Polbandana,T,12,28.09375,stop,92054,release,31.25,168.7224578857422,30.031267166137695,0.0,1.0,15.625,36.6875114440918,0.0,0.164794921875,,,,,,,,,,,
pilot_mirage,Polbandana,T,12,28.09375,stop,92110,release,46.875,194.40199279785156,32.88282775878906,0.0,0.0,,,1.0,4.730316162109375,,,,,,,,,,,
pilot_mirage,Polbandana,T,12,28.09375,stop,92161,counter_fwd,125.0,159.51318359375,30.317148208618164,0.0,0.0,,,0.0,37.72979736328125,,,,,,,,,,,
pilot_mirage,Polbandana,T,12,28.09375,stop,92211,counterstrafe,78.125,170.49363708496094,24.470104217529297,0.0,0.0,,,1.0,0.164794921875,,,,,,,,,,,
pilot_mirage,Polbandana,T,12,28.09375,stop,92225,counterstrafe,296.875,170.49363708496094,13.727431297302246,0.0,0.0,,,1.0,5.8849029541015625,,,,,,,,,,,
pilot_mirage,Polbandana,T,12,28.09375,stop,92242,counterstrafe,62.5,153.4479217529297,29.059106826782227,0.0,0.0,,,1.0,4.729949951171875,,,,,,,,,,,
pilot_mirage,Polbandana,T,12,28.09375,stop,92258,counterstrafe,312.5,153.4479217529297,25.222944259643555,0.0,0.0,,,1.0,5.445098876953125,,,,,,,,,,,
pilot_mirage,Polbandana,T,12,28.09375,stop,92332,counterstrafe,62.5,150.5234375,27.281267166137695,0.0,0.0,,,1.0,1.154937744140625,,,,,,,,,,,
pilot_mirage,Polbandana,T,12,28.09375,stop,92337,counterstrafe,140.625,150.5234375,20.824199676513672,0.0,0.0,,,1.0,1.26513671875,,,,,,,,,,,
pilot_mirage,Polbandana,T,12,28.09375,stop,92355,counterstrafe,78.125,155.04592895507812,17.689653396606445,0.0,1.0,187.5,23.610090255737305,1.0,1.5947265625,,,,,,,,,,,
pilot_mirage,Polbandana,T,12,28.09375,stop,92365,counterstrafe,234.375,155.04592895507812,18.143789291381836,0.0,1.0,31.25,23.610090255737305,1.0,4.3450927734375,,,,,,,,,,,
pilot_mirage,Polbandana,T,12,28.09375,stop,92386,counterstrafe,78.125,179.39566040039062,27.79718780517578,0.0,1.0,0.0,27.79718780517578,1.0,5.885284423828125,,,,,,,,,,,
pilot_mirage,Polbandana,T,13,127.703125,stop,97717,counterstrafe,93.75,184.4777374267578,16.22773551940918,0.0,1.0,0.0,16.22773551940918,1.0,0.164794921875,,,,,,,,,,,
pilot_mirage,Polbandana,T,13,127.703125,stop,97728,counterstrafe,265.625,184.4777374267578,7.553443431854248,0.0,1.0,78.125,54.95988082885742,1.0,0.494384765625,,,,,,,,,,,
pilot_mirage,Polbandana,T,13,127.703125,stop,97735,counterstrafe,375.0,184.4777374267578,6.834233283996582,0.0,1.0,0.0,6.834233283996582,1.0,0.769378662109375,,,,,,,,,,,
pilot_mirage,Polbandana,T,13,127.703125,stop,97909,counterstrafe,78.125,157.1144561767578,16.15277099609375,0.0,0.0,,,1.0,0.0,,,,,,,,,,,
pilot_mirage,Polbandana,T,13,127.703125,stop,97935,counterstrafe,171.875,162.6939239501953,14.372800827026367,0.0,0.0,,,1.0,0.1102142333984375,,,,,,,,,,,
pilot_mirage,Polbandana,T,13,127.703125,stop,97990,counterstrafe,78.125,176.70652770996094,30.589128494262695,0.0,0.0,,,1.0,0.6049346923828125,,,,,,,,,,,
pilot_mirage,Polbandana,T,13,127.703125,stop,98007,counterstrafe,343.75,176.70652770996094,32.45786666870117,0.0,0.0,,,1.0,1.429931640625,,,,,,,,,,,
pilot_mirage,Polbandana,T,13,127.703125,stop,98114,counterstrafe,78.125,158.19464111328125,32.078895568847656,0.0,0.0,,,1.0,0.2750244140625,,,,,,,,,,,
pilot_mirage,Polbandana,T,13,127.703125,stop,98172,counterstrafe,78.125,167.91436767578125,23.408306121826172,0.0,0.0,,,1.0,0.0,,,,,,,,,,,
pilot_mirage,Polbandana,T,13,127.703125,stop,98191,counterstrafe,375.0,167.91436767578125,28.5093936920166,0.0,0.0,,,1.0,1.209869384765625,,,,,,,,,,,
pilot_mirage,Polbandana,T,13,127.703125,stop,98220,counterstrafe,78.125,159.910400390625,31.225255966186523,0.0,0.0,,,1.0,0.0,,,,,,,,,,,
pilot_mirage,Polbandana,T,13,127.703125,stop,98250,counterstrafe,156.25,158.88343811035156,29.01754379272461,0.0,0.0,,,0.0,16.88494873046875,,,,,,,,,,,
pilot_mirage,Polbandana,T,13,127.703125,stop,98309,counterstrafe,78.125,164.62664794921875,21.722557067871094,0.0,0.0,,,1.0,0.2197265625,,,,,,,,,,,
pilot_mirage,Polbandana,T,13,127.703125,stop,98329,counterstrafe,78.125,151.95358276367188,31.051420211791992,0.0,0.0,,,1.0,0.110198974609375,,,,,,,,,,,
pilot_mirage,Polbandana,T,13,127.703125,stop,98358,counterstrafe,78.125,182.85223388671875,34.314125061035156,0.0,0.0,,,1.0,0.0,,,,,,,,,,,
pilot_mirage,Polbandana,T,13,127.703125,stop,99138,release,62.5,157.88829040527344,13.95703125,0.0,0.0,,,1.0,11.9349365234375,,,,,,,,,,,
pilot_mirage,Polbandana,T,13,127.703125,stop,101843,counterstrafe,78.125,152.45828247070312,12.092268943786621,0.0,0.0,,,1.0,0.0,,,,,,,,,,,
pilot_mirage,Polbandana,T,13,127.703125,stop,101870,counterstrafe,93.75,151.79013061523438,14.967754364013672,0.0,0.0,,,1.0,0.3852081298828125,,,,,,,,,,,
pilot_mirage,Polbandana,T,13,127.703125,stop,101934,release,15.625,202.83984375,11.74610424041748,0.0,0.0,,,0.0,0.5500030517578125,,,,,,,,,,,
pilot_mirage,Polbandana,T,13,127.703125,stop,102171,counterstrafe,78.125,163.80978393554688,22.157997131347656,0.0,1.0,0.0,22.157997131347656,1.0,0.71478271484375,,,,,,,,,,,
pilot_mirage,Polbandana,T,13,127.703125,stop,102187,counterstrafe,328.125,163.80978393554688,14.521434783935547,0.0,1.0,78.125,46.62179183959961,1.0,6.98455810546875,,,,,,,,,,,
pilot_mirage,Polbandana,T,13,127.703125,stop,103313,counterstrafe,78.125,158.95156860351562,20.694217681884766,0.0,0.0,,,1.0,0.1102294921875,,,,,,,,,,,
pilot_mirage,Polbandana,T,13,127.703125,stop,103906,counterstrafe,93.75,162.52462768554688,22.716402053833008,0.0,0.0,,,1.0,0.110198974609375,,,,,,,,,,,
pilot_mirage,Polbandana,T,13,127.703125,stop,104384,counterstrafe,218.75,151.56556701660156,31.43675994873047,1.0,0.0,,,1.0,2.6401519775390625,,,,,,,,,,,
pilot_mirage,Polbandana,T,13,127.703125,stop,104562,crouch_stop,265.625,154.38497924804688,0.26357781887054443,1.0,0.0,,,1.0,4.839813232421875,,,,,,,,,,,
pilot_mirage,Polbandana,T,13,127.703125,stop,104773,counterstrafe,78.125,162.12564086914062,27.34935760498047,0.0,0.0,,,1.0,0.164794921875,,,,,,,,,,,
pilot_mirage,Polbandana,T,13,127.703125,stop,104782,counterstrafe,218.75,162.12564086914062,17.07796287536621,0.0,0.0,,,1.0,0.2197265625,,,,,,,,,,,
pilot_mirage,Polbandana,T,13,127.703125,stop,104855,counterstrafe,296.875,211.328125,23.281827926635742,1.0,0.0,,,1.0,2.034881591796875,,,,,,,,,,,
pilot_mirage,Polbandana,T,13,127.703125,peek,97963,,,,,,,,,,,jiggle,50.98769591897347,421.875,546.875,1.0,187.11123657226562,0.0,3.7947540283203125,0.0,2.9431965317958912,0.0
pilot_mirage,Polbandana,T,13,127.703125,peek,98096,,,,,,,,,,,jiggle,28.688484622048335,406.25,406.25,1.0,158.19464111328125,0.0,2.474395751953125,0.0,36.8370410235615,0.0
pilot_mirage,Polbandana,T,13,127.703125,peek,98287,,,,,,,,,,,jiggle,37.8875584197121,328.125,328.125,1.0,174.26416015625,0.0,0.87957763671875,0.0,4.449675929848402,0.0
pilot_mirage,Polbandana,T,13,127.703125,peek,101709,,,,,,,,,,,commit,162.1894973595151,1484.375,4984.375,0.0,140.04457092285156,0.8958333333333334,32.00831604003906,0.0,2.4384625575489225,1.0
pilot_mirage,Polbandana,T,13,127.703125,peek,102257,,,,,,,,,,,commit,182.08924239301865,1312.5,4984.375,0.0,194.73487854003906,0.0,17.04803466796875,0.0,11.48760513319205,0.0
pilot_mirage,Polbandana,T,13,127.703125,peek,102714,,,,,,,,,,,traversal,330.4344349513899,1484.375,4984.375,0.0,250.0046844482422,0.0,179.13514709472656,0.0,1.9392183198600408,0.0
pilot_mirage,Polbandana,T,13,127.703125,peek,103748,,,,,,,,,,,commit,115.0122865692962,1312.5,4984.375,0.0,136.0140380859375,0.49411764705882355,24.860366821289062,0.0,1.4908676858174927,0.0
pilot_mirage,Polbandana,T,13,127.703125,peek,104402,,,,,,,,,,,traversal,295.94740293982204,1484.375,4984.375,0.0,250.0040283203125,0.0,30.19488525390625,0.0,0.16685688542542942,0.0
pilot_mirage,Polbandana,T,13,127.703125,peek,104933,,,,,,,,,,,traversal,293.4347855275055,1484.375,4984.375,0.0,215.00387573242188,0.0,0.82501220703125,0.0,0.06021625297380525,0.0
pilot_mirage,Polbandana,T,14,61.703125,stop,105361,release,15.625,203.02322387695312,33.02739334106445,0.0,0.0,,,1.0,0.054931640625,,,,,,,,,,,
pilot_mirage,Polbandana,T,14,61.703125,stop,105484,crouch_stop,375.0,150.30743408203125,32.657230377197266,1.0,0.0,,,0.0,1.59539794921875,,,,,,,,,,,
pilot_mirage,Polbandana,T,14,61.703125,stop,105624,counterstrafe,78.125,166.81985473632812,22.94179344177246,0.0,0.0,,,1.0,0.054931640625,,,,,,,,,,,
pilot_mirage,Polbandana,T,14,61.703125,stop,109523,counterstrafe,312.5,151.32672119140625,32.52583312988281,1.0,0.0,,,1.0,5.22503662109375,,,,,,,,,,,
pilot_mirage,Polbandana,T,14,61.703125,stop,109849,counterstrafe,93.75,179.63563537597656,16.40163803100586,0.0,1.0,31.25,27.99363899230957,1.0,0.44012451171875,,,,,,,,,,,
pilot_mirage,Polbandana,T,14,61.703125,stop,109854,counterstrafe,171.875,179.63563537597656,34.42790222167969,0.0,1.0,0.0,34.42790222167969,1.0,4.0697021484375,,,,,,,,,,,
pilot_mirage,Polbandana,T,14,61.703125,stop,109863,counterstrafe,312.5,179.63563537597656,11.011870384216309,0.0,1.0,0.0,11.011870384216309,1.0,9.403915405273438,,,,,,,,,,,
pilot_mirage,Polbandana,T,14,61.703125,stop,109992,counter_fwd,171.875,165.0062713623047,24.206693649291992,0.0,0.0,,,1.0,2.58453369140625,,,,,,,,,,,
pilot_mirage,Polbandana,T,14,61.703125,stop,110013,counter_fwd,109.375,155.3501739501953,28.038057327270508,0.0,0.0,,,0.0,0.10986328125,,,,,,,,,,,
pilot_mirage,Polbandana,T,14,61.703125,stop,110142,counterstrafe,78.125,156.03248596191406,13.820833206176758,0.0,0.0,,,1.0,0.604949951171875,,,,,,,,,,,
pilot_mirage,Polbandana,T,14,61.703125,stop,110174,counterstrafe,62.5,151.495361328125,26.707298278808594,0.0,0.0,,,1.0,0.274993896484375,,,,,,,,,,,
pilot_mirage,Polbandana,T,14,61.703125,stop,110195,counterstrafe,78.125,158.3074493408203,20.00556182861328,0.0,1.0,281.25,194.3717041015625,1.0,0.0,,,,,,,,,,,
pilot_mirage,Polbandana,T,14,61.703125,stop,110221,counterstrafe,78.125,150.76136779785156,14.460067749023438,0.0,1.0,0.0,14.460067749023438,0.0,0.71514892578125,,,,,,,,,,,
pilot_mirage,Polbandana,T,14,61.703125,stop,110406,counterstrafe,343.75,157.2425079345703,17.46931266784668,0.0,0.0,,,1.0,0.274993896484375,,,,,,,,,,,
pilot_mirage,Polbandana,T,14,61.703125,stop,110505,counterstrafe,78.125,161.33656311035156,22.583154678344727,0.0,0.0,,,1.0,1.5947418212890625,,,,,,,,,,,
pilot_mirage,Polbandana,T,14,61.703125,stop,110517,counterstrafe,265.625,161.33656311035156,6.61017370223999,0.0,0.0,,,1.0,2.5848846435546875,,,,,,,,,,,
pilot_mirage,Polbandana,T,14,61.703125,peek,105596,,,,,,,,,,,jiggle,54.37662390471765,421.875,593.75,1.0,189.16046142578125,0.0,3.575042724609375,0.0,3.104536700348884,0.0
pilot_mirage,Polbandana,T,14,61.703125,peek,107049,,,,,,,,,,,traversal,338.68219576048483,1484.375,4984.375,0.0,250.00125122070312,0.0,4.94970703125,0.0,0.06321010183477424,0.0
pilot_mirage,Polbandana,T,14,61.703125,peek,108670,,,,,,,,,,,traversal,93.29379974770275,1484.375,4984.375,0.0,111.80281066894531,0.5104166666666666,144.54055786132812,0.0,0.42250745845931165,1.0
pilot_mirage,Polbandana,T,14,61.703125,peek,109487,,,,,,,,,,,traversal,55.085595094318315,562.5,906.25,1.0,159.07623291015625,0.0,13.97015380859375,0.0,0.5691946541557498,0.0
pilot_mirage,Polbandana,T,14,61.703125,peek,109587,,,,,,,,,,,traversal,93.67607844685242,1484.375,4984.375,0.0,134.21484375,0.2916666666666667,134.64057159423828,2.0,0.6610806560924704,0.0
pilot_mirage,Polbandana,T,14,61.703125,peek,110484,,,,,,,,,,,jiggle,32.745389849107305,312.5,312.5,1.0,162.4910888671875,0.0,54.065093994140625,0.0,3.109571592196048,0.0
pilot_mirage,Polbandana,T,15,85.96875,stop,116926,counterstrafe,78.125,178.66078186035156,32.06874084472656,0.0,0.0,,,1.0,0.0,,,,,,,,,,,
pilot_mirage,Polbandana,T,15,85.96875,stop,117039,release,203.125,162.5161590576172,31.384620666503906,0.0,1.0,0.0,31.384620666503906,1.0,2.47467041015625,,,,,,,,,,,
pilot_mirage,Polbandana,T,15,85.96875,stop,117342,counterstrafe,78.125,154.25839233398438,31.13599395751953,0.0,0.0,,,1.0,0.38486480712890625,,,,,,,,,,,
pilot_mirage,Polbandana,T,15,85.96875,stop,117373,counterstrafe,93.75,157.24191284179688,27.853778839111328,0.0,0.0,,,1.0,0.0,,,,,,,,,,,
pilot_mirage,Polbandana,T,15,85.96875,stop,117484,counterstrafe,296.875,152.87557983398438,28.71542739868164,0.0,1.0,109.375,0.0,1.0,11.329681396484375,,,,,,,,,,,
pilot_mirage,Polbandana,T,15,85.96875,stop,117550,counterstrafe,78.125,164.97596740722656,27.94921875,0.0,0.0,,,1.0,0.10986328125,,,,,,,,,,,
pilot_mirage,Polbandana,T,15,85.96875,stop,117562,counterstrafe,265.625,164.97596740722656,33.89799880981445,0.0,0.0,,,1.0,1.0447311401367188,,,,,,,,,,,
pilot_mirage,Polbandana,T,15,85.96875,stop,117567,counterstrafe,343.75,164.97596740722656,33.91725158691406,0.0,0.0,,,1.0,1.154937744140625,,,,,,,,,,,
pilot_mirage,Polbandana,T,15,85.96875,stop,117676,counterstrafe,93.75,175.5437774658203,28.01407241821289,0.0,0.0,,,1.0,1.209869384765625,,,,,,,,,,,
pilot_mirage,Polbandana,T,15,85.96875,stop,117708,counterstrafe,109.375,159.79673767089844,24.110830307006836,0.0,0.0,,,1.0,2.529937744140625,,,,,,,,,,,
pilot_mirage,Polbandana,T,15,85.96875,stop,117875,counterstrafe,78.125,164.16168212890625,20.673357009887695,0.0,0.0,,,1.0,0.165130615234375,,,,,,,,,,,
pilot_mirage,Polbandana,T,15,85.96875,stop,117881,counterstrafe,171.875,164.16168212890625,20.378293991088867,0.0,0.0,,,1.0,0.165130615234375,,,,,,,,,,,
pilot_mirage,Polbandana,T,15,85.96875,stop,117908,counterstrafe,78.125,154.10939025878906,20.59915542602539,0.0,0.0,,,1.0,0.329925537109375,,,,,,,,,,,
pilot_mirage,Polbandana,T,15,85.96875,stop,117975,counterstrafe,93.75,164.28506469726562,14.348932266235352,0.0,0.0,,,1.0,0.27500152587890625,,,,,,,,,,,
pilot_mirage,Polbandana,T,15,85.96875,stop,118021,crouch_stop,375.0,150.42445373535156,27.148454666137695,1.0,0.0,,,1.0,14.024749755859375,,,,,,,,,,,
pilot_mirage,Polbandana,T,15,85.96875,stop,118092,counterstrafe,93.75,158.8038330078125,25.36034393310547,0.0,0.0,,,1.0,3.8500213623046875,,,,,,,,,,,
pilot_mirage,Polbandana,T,15,85.96875,stop,118434,counterstrafe,93.75,173.78448486328125,23.801469802856445,0.0,0.0,,,1.0,10.340179443359375,,,,,,,,,,,
pilot_mirage,Polbandana,T,15,85.96875,stop,118554,counterstrafe,78.125,180.5261993408203,34.40006637573242,0.0,0.0,,,1.0,0.27500152587890625,,,,,,,,,,,
pilot_mirage,Polbandana,T,15,85.96875,stop,118692,counterstrafe,93.75,163.74119567871094,33.04621124267578,0.0,0.0,,,1.0,1.8700790405273438,,,,,,,,,,,
pilot_mirage,Polbandana,T,15,85.96875,stop,118756,counterstrafe,78.125,152.71649169921875,27.46660804748535,0.0,0.0,,,1.0,1.759857177734375,,,,,,,,,,,
pilot_mirage,Polbandana,T,15,85.96875,stop,118809,counterstrafe,93.75,168.95851135253906,34.700408935546875,0.0,0.0,,,1.0,1.6500091552734375,,,,,,,,,,,
pilot_mirage,Polbandana,T,15,85.96875,stop,118846,counterstrafe,312.5,152.53448486328125,33.90373992919922,0.0,0.0,,,1.0,11.21978759765625,,,,,,,,,,,
pilot_mirage,Polbandana,T,15,85.96875,stop,119039,counterstrafe,93.75,150.74368286132812,19.297332763671875,0.0,0.0,,,1.0,0.0,,,,,,,,,,,
pilot_mirage,Polbandana,T,15,85.96875,peek,113619,,,,,,,,,,,traversal,265.5374719860587,1484.375,4984.375,0.0,250.00167846679688,0.0,104.39031982421875,0.0,0.0852547311280649,0.0
pilot_mirage,Polbandana,T,15,85.96875,peek,115550,,,,,,,,,,,traversal,26.868713406635827,1015.625,1015.625,1.0,92.2035903930664,1.0,1.7049407958984375,0.0,0.5481922376943658,1.0
pilot_mirage,Polbandana,T,15,85.96875,peek,116208,,,,,,,,,,,traversal,22.072534181631788,484.375,484.375,1.0,83.68839263916016,0.0,0.8250045776367188,0.0,0.07810982027900021,0.0
pilot_mirage,Polbandana,T,15,85.96875,peek,116321,,,,,,,,,,,jiggle,20.35223494826416,265.625,265.625,1.0,105.92101287841797,0.8888888888888888,1.8148040771484375,0.0,13.534599699444518,1.0
pilot_mirage,Polbandana,T,15,85.96875,peek,116540,,,,,,,,,,,traversal,31.54888995459794,1109.375,1109.375,1.0,135.3984375,0.027777777777777776,3.8500213623046875,1.0,0.5789476460016348,0.0
pilot_mirage,Polbandana,T,15,85.96875,peek,116619,,,,,,,,,,,traversal,47.20562973897341,906.25,1000.0,1.0,99.0273666381836,0.864406779661017,1.3750076293945312,0.0,0.5634035915794711,1.0
pilot_mirage,Polbandana,T,15,85.96875,peek,116759,,,,,,,,,,,traversal,134.10089354978825,1484.375,4984.375,0.0,183.9933624267578,0.6770833333333334,81.67476654052734,1.0,0.8495958902583245,1.0
pilot_mirage,Polbandana,T,15,85.96875,peek,117518,,,,,,,,,,,jiggle,39.39245220711563,500.0,500.0,1.0,179.01683044433594,0.0,43.449562072753906,0.0,10.53431888550687,0.0
pilot_mirage,Polbandana,T,15,85.96875,peek,117926,,,,,,,,,,,jiggle,26.215299070039457,265.625,265.625,1.0,148.80136108398438,0.0,4.06939697265625,0.0,36.8338432867516,0.0
pilot_mirage,Polbandana,T,15,85.96875,peek,118070,,,,,,,,,,,jiggle,35.67122702928019,343.75,343.75,1.0,164.7457733154297,0.0,29.5899658203125,0.0,3.61919290177909,0.0
pilot_mirage,Polbandana,T,16,24.453125,stop,119343,counter_fwd,109.375,150.6624298095703,28.8848934173584,0.0,0.0,,,1.0,17.98529052734375,,,,,,,,,,,
pilot_mirage,Polbandana,T,16,24.453125,stop,119420,release,234.375,157.1891632080078,34.37651443481445,0.0,0.0,,,0.0,0.0,,,,,,,,,,,
pilot_mirage,Polbandana,T,16,24.453125,stop,121924,counterstrafe,156.25,204.18377685546875,20.183204650878906,0.0,1.0,0.0,20.183204650878906,1.0,5.8852386474609375,,,,,,,,,,,
pilot_mirage,Polbandana,T,16,24.453125,peek,119113,,,,,,,,,,,traversal,285.8269471162977,1484.375,4984.375,0.0,250.01002502441406,0.0,41.250221252441406,0.0,0.050204823740878445,0.0
pilot_mirage,Polbandana,T,16,24.453125,peek,120817,,,,,,,,,,,traversal,323.99819797641857,1484.375,4984.375,0.0,245.0021514892578,0.0,79.53033447265625,1.0,0.18023224238501395,0.0
pilot_mirage,Polbandana,T,17,37.546875,stop,131531,counter_fwd,78.125,198.44607543945312,23.461124420166016,0.0,1.0,203.125,0.0,0.0,26.510009765625,,,,,,,,,,,
pilot_mirage,Polbandana,T,17,37.546875,stop,132018,counterstrafe,93.75,161.3046417236328,28.297269821166992,0.0,0.0,,,1.0,8.4151611328125,,,,,,,,,,,
pilot_mirage,Polbandana,T,17,37.546875,stop,133409,counterstrafe,93.75,157.7316436767578,30.33995246887207,0.0,1.0,0.0,30.33995246887207,0.0,0.71514892578125,,,,,,,,,,,
pilot_mirage,Polbandana,T,17,37.546875,stop,133796,counterstrafe,78.125,162.0904541015625,21.325927734375,0.0,0.0,,,1.0,0.0,,,,,,,,,,,
pilot_mirage,Polbandana,T,17,37.546875,stop,133801,counterstrafe,156.25,162.0904541015625,27.350629806518555,0.0,0.0,,,1.0,0.10986328125,,,,,,,,,,,
pilot_mirage,Polbandana,T,17,37.546875,stop,133808,counterstrafe,265.625,162.0904541015625,28.279924392700195,0.0,0.0,,,1.0,0.164794921875,,,,,,,,,,,
pilot_mirage,Polbandana,T,17,37.546875,peek,131612,,,,,,,,,,,traversal,338.4784671021732,1484.375,4984.375,0.0,250.00352478027344,0.0,23.595184326171875,0.0,0.10110014964690837,0.0
pilot_mirage,Polbandana,T,17,37.546875,peek,132775,,,,,,,,,,,traversal,35.0766575439042,375.0,375.0,1.0,135.72740173339844,0.36,25.355072021484375,0.0,0.17599992300301964,0.0
pilot_mirage,Polbandana,T,17,37.546875,peek,132864,,,,,,,,,,,traversal,43.87752625468683,937.5,937.5,1.0,122.07750701904297,0.8852459016393442,166.20909881591797,0.0,0.7469667589037225,1.0
pilot_mirage,Polbandana,T,17,37.546875,peek,132999,,,,,,,,,,,traversal,125.14046864601997,1484.375,4984.375,0.0,113.47364044189453,0.8645833333333334,3.9598846435546875,1.0,0.48690711051555985,1.0
pilot_mirage,Polbandana,T,18,77.9375,stop,135556,counter_fwd,78.125,180.70989990234375,21.05669593811035,0.0,0.0,,,0.0,108.53083801269531,,,,,,,,,,,
pilot_mirage,Polbandana,T,18,77.9375,stop,135663,counter_fwd,31.25,178.95361328125,0.04419417306780815,1.0,1.0,234.375,0.0,1.0,4.5098876953125,,,,,,,,,,,
pilot_mirage,Polbandana,T,18,77.9375,stop,137405,counterstrafe,78.125,156.33792114257812,22.12615966796875,0.0,0.0,,,1.0,0.27500152587890625,,,,,,,,,,,
pilot_mirage,Polbandana,T,18,77.9375,stop,137429,counterstrafe,78.125,160.111328125,33.59971237182617,0.0,0.0,,,1.0,0.38486480712890625,,,,,,,,,,,
pilot_mirage,Polbandana,T,18,77.9375,stop,137472,counterstrafe,78.125,160.61778259277344,23.283248901367188,0.0,1.0,250.0,65.08189392089844,1.0,0.990142822265625,,,,,,,,,,,
pilot_mirage,Polbandana,T,18,77.9375,stop,137563,counterstrafe,78.125,164.12120056152344,20.007659912109375,0.0,0.0,,,1.0,0.4950714111328125,,,,,,,,,,,
pilot_mirage,Polbandana,T,18,77.9375,stop,137712,counterstrafe,78.125,165.807373046875,22.476593017578125,0.0,0.0,,,1.0,0.22006988525390625,,,,,,,,,,,
pilot_mirage,Polbandana,T,18,77.9375,stop,137960,counter_fwd,250.0,150.4785919189453,32.95550537109375,0.0,0.0,,,0.0,0.22006988525390625,,,,,,,,,,,
pilot_mirage,Polbandana,T,18,77.9375,stop,137995,counter_fwd,125.0,155.74925231933594,26.34805679321289,0.0,0.0,,,0.0,0.6052780151367188,,,,,,,,,,,
pilot_mirage,Polbandana,T,18,77.9375,stop,138016,release,93.75,158.5074920654297,22.81252098083496,0.0,0.0,,,0.0,2.8598785400390625,,,,,,,,,,,
pilot_mirage,Polbandana,T,18,77.9375,stop,138122,crouch_stop,31.25,222.609375,22.527441024780273,1.0,0.0,,,0.0,0.7697296142578125,,,,,,,,,,,
pilot_mirage,Polbandana,T,18,77.9375,stop,138258,release,140.625,222.40467834472656,21.937522888183594,0.0,0.0,,,0.0,14.739875793457031,,,,,,,,,,,
pilot_mirage,Polbandana,T,18,77.9375,stop,138331,counterstrafe,109.375,152.8564910888672,19.39906120300293,0.0,0.0,,,1.0,0.5496597290039062,,,,,,,,,,,
pilot_mirage,Polbandana,T,18,77.9375,stop,138351,counterstrafe,78.125,151.2496337890625,34.490821838378906,0.0,0.0,,,1.0,0.054931640625,,,,,,,,,,,
pilot_mirage,Polbandana,T,18,77.9375,stop,138399,counterstrafe,62.5,154.274658203125,31.046344757080078,0.0,1.0,0.0,31.046344757080078,1.0,0.10986328125,,,,,,,,,,,
pilot_mirage,Polbandana,T,18,77.9375,stop,138410,counterstrafe,234.375,154.274658203125,15.24789047241211,0.0,1.0,0.0,15.24789047241211,1.0,1.4299392700195312,,,,,,,,,,,
pilot_mirage,Polbandana,T,18,77.9375,stop,138470,counterstrafe,125.0,152.75909423828125,33.77574157714844,0.0,0.0,,,0.0,0.0,,,,,,,,,,,
pilot_mirage,Polbandana,T,18,77.9375,stop,138476,counterstrafe,218.75,152.75909423828125,0.0,0.0,0.0,,,0.0,0.0,,,,,,,,,,,
pilot_mirage,Polbandana,T,18,77.9375,stop,138548,counterstrafe,78.125,151.667724609375,12.774085998535156,0.0,0.0,,,1.0,0.0,,,,,,,,,,,
pilot_mirage,Polbandana,T,18,77.9375,stop,138729,counterstrafe,78.125,157.6043243408203,28.507421493530273,0.0,0.0,,,1.0,0.054931640625,,,,,,,,,,,
pilot_mirage,Polbandana,T,18,77.9375,stop,138736,counterstrafe,187.5,157.6043243408203,31.499542236328125,0.0,0.0,,,1.0,0.3299407958984375,,,,,,,,,,,
pilot_mirage,Polbandana,T,18,77.9375,stop,138742,counterstrafe,281.25,157.6043243408203,9.089030265808105,0.0,0.0,,,1.0,0.5496673583984375,,,,,,,,,,,
pilot_mirage,Polbandana,T,18,77.9375,stop,138748,counterstrafe,375.0,157.6043243408203,16.414382934570312,0.0,0.0,,,1.0,0.824676513671875,,,,,,,,,,,
pilot_mirage,Polbandana,T,18,77.9375,stop,138868,counterstrafe,78.125,152.09072875976562,18.014432907104492,0.0,1.0,62.5,44.48066329956055,1.0,0.054931640625,,,,,,,,,,,
pilot_mirage,Polbandana,T,18,77.9375,stop,138876,counterstrafe,203.125,152.09072875976562,20.477895736694336,0.0,1.0,0.0,20.477895736694336,1.0,3.84967041015625,,,,,,,,,,,
pilot_mirage,Polbandana,T,18,77.9375,stop,138886,counterstrafe,359.375,152.09072875976562,17.56743812561035,0.0,1.0,0.0,17.56743812561035,1.0,5.444366455078125,,,,,,,,,,,
pilot_mirage,Polbandana,T,18,77.9375,stop,138971,release,31.25,210.36746215820312,31.375015258789062,0.0,0.0,,,1.0,2.20001220703125,,,,,,,,,,,
pilot_mirage,Polbandana,T,18,77.9375,stop,139063,counterstrafe,78.125,172.67593383789062,29.024377822875977,0.0,1.0,140.625,99.40247344970703,1.0,1.1552734375,,,,,,,,,,,
pilot_mirage,Polbandana,T,18,77.9375,stop,139075,counterstrafe,265.625,172.67593383789062,27.880672454833984,0.0,1.0,0.0,27.880672454833984,1.0,7.53521728515625,,,,,,,,,,,
pilot_mirage,Polbandana,T,18,77.9375,stop,139082,counterstrafe,375.0,172.67593383789062,30.962570190429688,0.0,1.0,0.0,30.962570190429688,1.0,11.330322265625,,,,,,,,,,,
pilot_mirage,Polbandana,T,18,77.9375,stop,139170,counterstrafe,343.75,150.35426330566406,33.55023193359375,1.0,1.0,0.0,33.55023193359375,0.0,9.1846923828125,,,,,,,,,,,
pilot_mirage,Polbandana,T,18,77.9375,stop,139249,counterstrafe,78.125,170.45196533203125,27.515945434570312,0.0,1.0,31.25,19.420991897583008,1.0,2.914825439453125,,,,,,,,,,,
pilot_mirage,Polbandana,T,18,77.9375,stop,139374,counter_fwd,78.125,159.9192657470703,23.335037231445312,0.0,0.0,,,0.0,0.329925537109375,,,,,,,,,,,
pilot_mirage,Polbandana,T,18,77.9375,stop,139405,counterstrafe,78.125,161.68487548828125,32.964298248291016,0.0,0.0,,,1.0,0.054931640625,,,,,,,,,,,
pilot_mirage,Polbandana,T,18,77.9375,stop,139458,counterstrafe,62.5,150.35826110839844,32.32876968383789,0.0,0.0,,,0.0,0.2688140869140625,,,,,,,,,,,
pilot_mirage,Polbandana,T,18,77.9375,peek,133844,,,,,,,,,,,traversal,257.10258320751825,1484.375,4984.375,0.0,250.0027313232422,0.0,340.8343505859375,0.0,0.43375889943051155,0.0
pilot_mirage,Polbandana,T,18,77.9375,peek,135779,,,,,,,,,,,traversal,258.13430154506193,1484.375,4984.375,0.0,247.12921142578125,0.0,80.0244140625,0.0,0.15157468592202875,0.0
pilot_mirage,Polbandana,T,18,77.9375,peek,136811,,,,,,,,,,,commit,277.38959613430063,1484.375,4984.375,0.0,215.00186157226562,0.0,37.23333740234375,0.0,5.8795997633457535,0.0
pilot_mirage,Polbandana,T,18,77.9375,peek,137848,,,,,,,,,,,jiggle,20.895467994988245,640.625,640.625,1.0,118.5732421875,0.0,2.6398086547851562,2.0,1.0500822232765532,0.0
pilot_mirage,Polbandana,T,18,77.9375,peek,137925,,,,,,,,,,,traversal,50.89673933393278,500.0,625.0,1.0,185.1083221435547,0.0,1.6500091552734375,0.0,0.37605848035855893,0.0
pilot_mirage,Polbandana,T,18,77.9375,peek,138141,,,,,,,,,,,traversal,274.56517202445923,1484.375,4984.375,0.0,239.1884307861328,0.0,161.97518920898438,1.0,0.31841423928531437,0.0
pilot_mirage,Polbandana,T,18,77.9375,peek,138515,,,,,,,,,,,commit,67.7203472835691,500.0,4984.375,0.0,201.64218139648438,0.0,10.340194702148438,0.0,6.433293266259227,0.0
pilot_mirage,Polbandana,T,18,77.9375,peek,138908,,,,,,,,,,,commit,193.91908766664594,1484.375,4984.375,0.0,210.36746215820312,0.0,249.36972045898438,3.0,1.1072756258053664,0.0
pilot_mirage,Polbandana,T,18,77.9375,peek,139292,,,,,,,,,,,traversal,198.49501982637398,1265.625,4984.375,0.0,223.68678283691406,0.0,95.0955810546875,0.0,0.1660931767434224,0.0
pilot_mirage,Polbandana,T,18,77.9375,peek,139630,,,,,,,,,,,traversal,44.26418280078339,718.75,718.75,1.0,118.60618591308594,1.0,0.0641937255859375,0.0,0.0004077160605364852,1.0
pilot_mirage,Polbandana,T,18,77.9375,peek,139699,,,,,,,,,,,traversal,19.727521853394368,1484.375,1484.375,1.0,60.12975311279297,1.0,0.934539794921875,0.0,0.5744056223769055,1.0
pilot_mirage,Polbandana,T,18,77.9375,peek,139824,,,,,,,,,,,traversal,7.825951997263856,671.875,671.875,1.0,43.35803985595703,1.0,0.22900390625,0.0,0.4538737230096456,1.0
pilot_mirage,Polbandana,T,18,77.9375,peek,139953,,,,,,,,,,,traversal,50.09380161651747,1062.5,1546.875,1.0,134.63304138183594,0.6666666666666666,318.01026916503906,0.0,0.892670249875928,1.0
pilot_mirage,kL1o,CT,0,50.40625,stop,1914,counter_fwd,109.375,157.314208984375,20.91100311279297,0.0,0.0,,,0.0,1.814788818359375,,,,,,,,,,,
pilot_mirage,kL1o,CT,0,50.40625,stop,1954,counter_fwd,125.0,159.16351318359375,32.327064514160156,0.0,0.0,,,0.0,0.0,,,,,,,,,,,
pilot_mirage,kL1o,CT,0,50.40625,stop,2016,counter_fwd,156.25,158.330078125,12.635781288146973,0.0,0.0,,,0.0,0.0,,,,,,,,,,,
pilot_mirage,kL1o,CT,0,50.40625,stop,2035,release,46.875,188.5989990234375,26.681230545043945,0.0,0.0,,,0.0,0.0,,,,,,,,,,,
pilot_mirage,kL1o,CT,0,50.40625,stop,2113,counterstrafe,93.75,168.34519958496094,28.007829666137695,0.0,0.0,,,0.0,2.8554229736328125,,,,,,,,,,,
pilot_mirage,kL1o,CT,0,50.40625,stop,2192,release,31.25,192.08743286132812,27.476579666137695,0.0,0.0,,,1.0,7.67120361328125,,,,,,,,,,,
pilot_mirage,kL1o,CT,0,50.40625,stop,2221,counterstrafe,46.875,171.962890625,33.226078033447266,0.0,0.0,,,1.0,2.6137237548828125,,,,,,,,,,,
pilot_mirage,kL1o,CT,0,50.40625,stop,6094,counterstrafe,78.125,176.27932739257812,19.390792846679688,0.0,0.0,,,1.0,0.07244873046875,,,,,,,,,,,
pilot_mirage,kL1o,CT,0,50.40625,stop,6100,counterstrafe,171.875,176.27932739257812,31.486608505249023,0.0,0.0,,,1.0,0.701751708984375,,,,,,,,,,,
pilot_mirage,kL1o,CT,0,50.40625,stop,6113,counterstrafe,375.0,176.27932739257812,12.25048828125,0.0,0.0,,,1.0,1.62152099609375,,,,,,,,,,,
pilot_mirage,kL1o,CT,0,50.40625,stop,6249,counterstrafe,93.75,160.5157012939453,8.683255195617676,0.0,0.0,,,1.0,0.024383544921875,,,,,,,,,,,
pilot_mirage,kL1o,CT,0,50.40625,stop,6253,counterstrafe,156.25,160.5157012939453,33.36366653442383,0.0,0.0,,,1.0,0.048431396484375,,,,,,,,,,,
pilot_mirage,kL1o,CT,0,50.40625,stop,6265,counterstrafe,343.75,160.5157012939453,16.986331939697266,0.0,0.0,,,1.0,0.556884765625,,,,,,,,,,,
pilot_mirage,kL1o,CT,0,50.40625,stop,6387,counterstrafe,62.5,154.95974731445312,34.98944091796875,0.0,0.0,,,1.0,0.0,,,,,,,,,,,
pilot_mirage,kL1o,CT,0,50.40625,stop,6411,counterstrafe,78.125,151.2774200439453,19.806507110595703,0.0,0.0,,,1.0,0.0,,,,,,,,,,,
pilot_mirage,kL1o,CT,0,50.40625,stop,6431,counterstrafe,109.375,156.6172332763672,21.015743255615234,0.0,0.0,,,1.0,0.169281005859375,,,,,,,,,,,
pilot_mirage,kL1o,CT,0,50.40625,stop,6443,counterstrafe,296.875,156.6172332763672,22.703157424926758,0.0,0.0,,,1.0,0.169281005859375,,,,,,,,,,,
pilot_mirage,kL1o,CT,0,50.40625,stop,6539,counterstrafe,78.125,175.4670867919922,32.611202239990234,0.0,0.0,,,1.0,0.048431396484375,,,,,,,,,,,
pilot_mirage,kL1o,CT,0,50.40625,stop,6601,counterstrafe,62.5,156.54055786132812,32.96261215209961,0.0,0.0,,,1.0,0.0968170166015625,,,,,,,,,,,
pilot_mirage,kL1o,CT,0,50.40625,peek,5359,,,,,,,,,,,traversal,329.40578878403625,1484.375,4984.375,0.0,250.0059814453125,0.0,120.22616577148438,1.0,0.45450434531995415,0.0
pilot_mirage,kL1o,CT,1,40.5,stop,10719,counterstrafe,93.75,153.94642639160156,29.657756805419922,0.0,0.0,,,1.0,0.0,,,,,,,,,,,
pilot_mirage,kL1o,CT,1,40.5,stop,10809,counterstrafe,93.75,159.64244079589844,19.973670959472656,0.0,0.0,,,1.0,0.0,,,,,,,,,,,
pilot_mirage,kL1o,CT,1,40.5,stop,10859,counterstrafe,93.75,161.49436950683594,10.188387870788574,0.0,0.0,,,1.0,0.0,,,,,,,,,,,
pilot_mirage,kL1o,CT,1,40.5,stop,10955,counterstrafe,78.125,150.888427734375,24.78386116027832,0.0,0.0,,,1.0,0.0,,,,,,,,,,,
pilot_mirage,kL1o,CT,1,40.5,stop,11872,counterstrafe,78.125,155.22898864746094,26.5955867767334,0.0,0.0,,,1.0,0.0,,,,,,,,,,,
pilot_mirage,kL1o,CT,1,40.5,peek,10588,,,,,,,,,,,traversal,137.71157595488904,1484.375,4984.375,0.0,204.03102111816406,1.0,50.408660888671875,0.0,0.940991011752361,1.0
pilot_mirage,kL1o,CT,1,40.5,peek,11103,,,,,,,,,,,traversal,92.29602436650472,1484.375,4984.375,0.0,204.1436309814453,0.9270833333333334,120.24979400634766,0.0,0.8033650166034461,1.0
pilot_mirage,kL1o,CT,1,40.5,peek,12312,,,,,,,,,,,traversal,134.33109196068258,1484.375,3593.75,0.0,124.80187225341797,0.9166666666666666,15.851226806640625,0.0,0.3521611122093398,1.0
pilot_mirage,kL1o,CT,2,13.765625,stop,17153,counterstrafe,78.125,180.27780151367188,30.569793701171875,0.0,1.0,0.0,30.569793701171875,1.0,0.484100341796875,,,,,,,,,,,
pilot_mirage,kL1o,CT,3,57.765625,stop,30843,counterstrafe,78.125,155.37290954589844,9.581380844116211,0.0,0.0,,,1.0,0.0,,,,,,,,,,,
pilot_mirage,kL1o,CT,3,57.765625,stop,30859,counterstrafe,328.125,155.37290954589844,23.91600799560547,0.0,0.0,,,1.0,0.242034912109375,,,,,,,,,,,
pilot_mirage,kL1o,CT,3,57.765625,stop,31193,counterstrafe,109.375,157.027587890625,25.79518699645996,0.0,0.0,,,1.0,0.0240325927734375,,,,,,,,,,,
pilot_mirage,kL1o,CT,3,57.765625,stop,31205,counterstrafe,296.875,157.027587890625,24.036828994750977,0.0,0.0,,,1.0,0.266082763671875,,,,,,,,,,,
pilot_mirage,kL1o,CT,3,57.765625,stop,31335,counterstrafe,93.75,158.12522888183594,33.81491470336914,0.0,1.0,312.5,156.14036560058594,1.0,0.19329833984375,,,,,,,,,,,
pilot_mirage,kL1o,CT,3,57.765625,stop,31361,counterstrafe,93.75,156.14036560058594,11.34829330444336,0.0,1.0,0.0,11.34829330444336,1.0,0.290435791015625,,,,,,,,,,,
pilot_mirage,kL1o,CT,3,57.765625,stop,31410,counterstrafe,78.125,172.807861328125,17.143709182739258,0.0,1.0,0.0,17.143709182739258,1.0,0.38726806640625,,,,,,,,,,,
pilot_mirage,kL1o,CT,3,57.765625,stop,31414,counterstrafe,140.625,172.807861328125,31.679201126098633,0.0,1.0,0.0,31.679201126098633,1.0,1.113067626953125,,,,,,,,,,,
pilot_mirage,kL1o,CT,3,57.765625,stop,31561,counterstrafe,78.125,162.15684509277344,17.398046493530273,0.0,0.0,,,1.0,0.4116363525390625,,,,,,,,,,,
pilot_mirage,kL1o,CT,3,57.765625,stop,31687,counterstrafe,93.75,157.76858520507812,34.404903411865234,0.0,1.0,0.0,34.404903411865234,0.0,0.26641845703125,,,,,,,,,,,
pilot_mirage,kL1o,CT,3,57.765625,stop,31819,counterstrafe,93.75,153.06134033203125,29.735179901123047,0.0,1.0,140.625,40.58969497680664,1.0,0.0243682861328125,,,,,,,,,,,
pilot_mirage,kL1o,CT,3,57.765625,stop,31856,counterstrafe,78.125,172.32154846191406,23.607126235961914,0.0,1.0,0.0,23.607126235961914,1.0,0.314483642578125,,,,,,,,,,,
pilot_mirage,kL1o,CT,3,57.765625,stop,32122,counterstrafe,78.125,178.18679809570312,20.581174850463867,0.0,0.0,,,1.0,2.3232574462890625,,,,,,,,,,,
pilot_mirage,kL1o,CT,3,57.765625,stop,32705,release,15.625,156.0078125,4.953125,0.0,0.0,,,1.0,0.0968170166015625,,,,,,,,,,,
pilot_mirage,kL1o,CT,3,57.765625,stop,32949,counterstrafe,62.5,151.53919982910156,34.680213928222656,0.0,0.0,,,1.0,0.0,,,,,,,,,,,
pilot_mirage,kL1o,CT,3,57.765625,stop,32956,counterstrafe,171.875,151.53919982910156,29.866247177124023,0.0,0.0,,,1.0,0.0,,,,,,,,,,,
pilot_mirage,kL1o,CT,3,57.765625,stop,32998,counterstrafe,78.125,169.89804077148438,18.182353973388672,0.0,0.0,,,1.0,0.0,,,,,,,,,,,
pilot_mirage,kL1o,CT,3,57.765625,stop,34087,counterstrafe,78.125,170.09765625,32.53031921386719,0.0,1.0,31.25,17.738887786865234,1.0,1.91162109375,,,,,,,,,,,
pilot_mirage,kL1o,CT,3,57.765625,stop,34103,counterstrafe,328.125,170.09765625,28.869342803955078,1.0,1.0,0.0,28.869342803955078,0.0,3.387908935546875,,,,,,,,,,,
pilot_mirage,kL1o,CT,3,57.765625,peek,31392,,,,,,,,,,,jiggle,27.825163556228322,265.625,265.625,1.0,172.807861328125,0.0,2.056854248046875,1.0,49.58588967323969,0.0
pilot_mirage,kL1o,CT,3,57.765625,peek,31459,,,,,,,,,,,wide,249.23277146478577,1484.375,2750.0,1.0,225.0071563720703,0.0,14.713790893554688,0.0,7.38449375476859,0.0
pilot_mirage,kL1o,CT,3,57.765625,peek,31720,,,,,,,,,,,wide,282.3877069894455,1484.375,4546.875,1.0,244.9992218017578,0.0,11.882400512695312,1.0,7.649949375415522,0.0
pilot_mirage,kL1o,CT,3,57.765625,peek,32726,,,,,,,,,,,traversal,138.154842593506,1484.375,4984.375,0.0,210.64503479003906,0.0,91.04063415527344,0.0,0.36531155551257327,0.0
pilot_mirage,kL1o,CT,3,57.765625,peek,33841,,,,,,,,,,,traversal,12.479405497548676,750.0,750.0,1.0,52.25230407714844,1.0,0.04840087890625,0.0,0.0006348945289790263,1.0
pilot_mirage,kL1o,CT,3,57.765625,peek,33951,,,,,,,,,,,commit,63.68106167430399,1484.375,2421.875,0.0,117.00116729736328,0.4791666666666667,10.5029296875,1.0,2.8392219043472657,0.0
pilot_mirage,kL1o,CT,4,50.953125,stop,35837,release,15.625,250.01107788085938,21.48088264465332,0.0,0.0,,,1.0,0.0,,,,,,,,,,,
pilot_mirage,kL1o,CT,4,50.953125,stop,36448,release,234.375,150.29306030273438,31.971532821655273,0.0,1.0,0.0,31.971532821655273,0.0,0.24169921875,,,,,,,,,,,
pilot_mirage,kL1o,CT,4,50.953125,stop,38646,counterstrafe,78.125,164.9994354248047,21.803924560546875,0.0,1.0,0.0,21.803924560546875,1.0,4.64654541015625,,,,,,,,,,,
pilot_mirage,kL1o,CT,4,50.953125,peek,34139,,,,,,,,,,,traversal,340.7776999016458,1484.375,4984.375,0.0,250.00396728515625,0.0,11.10821533203125,2.0,0.016060946168383012,0.0
pilot_mirage,kL1o,CT,4,50.953125,peek,36474,,,,,,,,,,,traversal,179.72296075983337,1484.375,4984.375,0.0,202.5225830078125,0.65625,2.92852783203125,0.0,0.34955484431319034,1.0
pilot_mirage,kL1o,CT,4,50.953125,peek,37115,,,,,,,,,,,jiggle,58.38123833515226,1312.5,2375.0,1.0,114.07588195800781,0.43529411764705883,9.34112548828125,0.0,1.1678090879766108,0.0
pilot_mirage,kL1o,CT,4,50.953125,peek,37374,,,,,,,,,,,jiggle,44.25929251302198,562.5,562.5,1.0,117.00332641601562,0.7027027027027027,2.4925384521484375,0.0,42.981855342714844,1.0
pilot_mirage,kL1o,CT,4,50.953125,peek,37449,,,,,,,,,,,jiggle,15.574668951083968,218.75,218.75,1.0,97.63337707519531,0.0,2.250823974609375,0.0,30.99250218099928,0.0
pilot_mirage,kL1o,CT,4,50.953125,peek,37503,,,,,,,,,,,jiggle,28.852397768452903,1484.375,1484.375,1.0,117.00199127197266,0.8645833333333334,5.5662994384765625,0.0,38.23037104145616,1.0
pilot_mirage,kL1o,CT,5,51.40625,stop,40378,release,15.625,249.99810791015625,21.485652923583984,0.0,0.0,,,1.0,0.0243682861328125,,,,,,,,,,,
pilot_mirage,kL1o,CT,5,51.40625,stop,40756,release,62.5,155.09120178222656,33.36030197143555,0.0,0.0,,,0.0,2.6137237548828125,,,,,,,,,,,
pilot_mirage,kL1o,CT,5,51.40625,stop,40875,counterstrafe,78.125,152.3523406982422,14.089753150939941,0.0,0.0,,,1.0,0.0,,,,,,,,,,,
pilot_mirage,kL1o,CT,5,51.40625,stop,41030,counterstrafe,78.125,164.9591522216797,28.72787857055664,0.0,1.0,31.25,15.419193267822266,0.0,1.0162353515625,,,,,,,,,,,
pilot_mirage,kL1o,CT,5,51.40625,stop,42279,release,109.375,164.3984375,31.218753814697266,0.0,0.0,,,0.0,1.088653564453125,,,,,,,,,,,
pilot_mirage,kL1o,CT,5,51.40625,stop,42357,release,218.75,151.15036010742188,33.484378814697266,0.0,0.0,,,0.0,0.5565185546875,,,,,,,,,,,
pilot_mirage,kL1o,CT,5,51.40625,stop,42414,counterstrafe,78.125,164.39346313476562,23.4029483795166,0.0,0.0,,,1.0,0.0,,,,,,,,,,,
pilot_mirage,kL1o,CT,5,51.40625,stop,42436,counterstrafe,93.75,153.0613555908203,15.570395469665527,0.0,0.0,,,1.0,0.38726806640625,,,,,,,,,,,
pilot_mirage,kL1o,CT,5,51.40625,stop,42476,counterstrafe,78.125,166.02999877929688,32.83195495605469,0.0,0.0,,,1.0,0.121185302734375,,,,,,,,,,,
pilot_mirage,kL1o,CT,5,51.40625,stop,42502,counterstrafe,93.75,158.5817108154297,27.060060501098633,0.0,0.0,,,0.0,14.3021240234375,,,,,,,,,,,
pilot_mirage,kL1o,CT,5,51.40625,stop,42531,counterstrafe,78.125,154.48989868164062,18.559589385986328,0.0,0.0,,,1.0,0.72576904296875,,,,,,,,,,,
pilot_mirage,kL1o,CT,5,51.40625,peek,38682,,,,,,,,,,,traversal,341.03187642085385,1484.375,4984.375,0.0,250.00289916992188,0.0,7.21148681640625,1.0,0.04450939506031516,0.0
pilot_mirage,kL1o,CT,5,51.40625,peek,41061,,,,,,,,,,,traversal,156.70739014478403,1484.375,4984.375,0.0,164.8358154296875,0.6666666666666666,115.11920166015625,0.0,0.664622787853277,1.0
pilot_mirage,kL1o,CT,5,51.40625,peek,41549,,,,,,,,,,,commit,157.72501150933434,1484.375,4984.375,0.0,142.8647918701172,0.8958333333333334,14.569229125976562,0.0,4.503669138786823,1.0
pilot_mirage,kL1o,CT,5,51.40625,peek,42106,,,,,,,,,,,jiggle,34.44918361726477,718.75,718.75,1.0,101.13343811035156,1.0,4.839813232421875,0.0,1.4964167146473666,1.0
pilot_mirage,kL1o,CT,5,51.40625,peek,42319,,,,,,,,,,,traversal,58.570742055878085,625.0,906.25,1.0,172.36318969726562,0.0,10.720550537109375,0.0,0.5584095488298082,0.0
pilot_mirage,kL1o,CT,5,51.40625,peek,43165,,,,,,,,,,,jiggle,21.71865123273498,234.375,234.375,1.0,141.09494018554688,0.0,5.73553466796875,0.0,38.08787157716063,0.0
pilot_mirage,kL1o,CT,6,122.0,stop,44948,release,15.625,253.32687377929688,21.485261917114258,0.0,0.0,,,1.0,0.024383544921875,,,,,,,,,,,
pilot_mirage,kL1o,CT,6,122.0,stop,45691,release,93.75,164.98095703125,10.084095001220703,0.0,0.0,,,0.0,13.3099365234375,,,,,,,,,,,
pilot_mirage,kL1o,CT,6,122.0,stop,51801,counterstrafe,93.75,158.01254272460938,23.43157958984375,0.0,0.0,,,1.0,0.1208343505859375,,,,,,,,,,,
pilot_mirage,kL1o,CT,6,122.0,stop,51808,counterstrafe,203.125,158.01254272460938,13.088717460632324,0.0,0.0,,,1.0,0.4109344482421875,,,,,,,,,,,
pilot_mirage,kL1o,CT,6,122.0,stop,51816,counterstrafe,328.125,158.01254272460938,32.33023452758789,0.0,0.0,,,1.0,0.72576904296875,,,,,,,,,,,
pilot_mirage,kL1o,CT,6,122.0,peek,45683,,,,,,,,,,,traversal,19.271159988558107,1484.375,1484.375,1.0,206.8048858642578,0.7083333333333334,108.27094268798828,0.0,0.8070374892106468,1.0
pilot_mirage,kL1o,CT,6,122.0,peek,46096,,,,,,,,,,,jiggle,4.615142848095657,609.375,609.375,1.0,36.8447380065918,1.0,0.120849609375,0.0,3.490580131620523,1.0
pilot_mirage,kL1o,CT,6,122.0,peek,46191,,,,,,,,,,,jiggle,3.5460560292779943,500.0,500.0,1.0,35.613224029541016,1.0,0.701751708984375,0.0,15.864543070613271,1.0
pilot_mirage,kL1o,CT,6,122.0,peek,46327,,,,,,,,,,,traversal,59.60970428534116,890.625,1187.5,1.0,140.7013397216797,0.8103448275862069,85.83757019042969,0.0,0.42941225759892254,1.0
pilot_mirage,kL1o,CT,6,122.0,peek,50942,,,,,,,,,,,commit,53.66311069557444,1109.375,4984.375,0.0,67.12071990966797,0.4027777777777778,38.357032775878906,0.0,1.2679551464109367,0.0
pilot_mirage,kL1o,CT,6,122.0,peek,51779,,,,,,,,,,,jiggle,39.050773886378174,328.125,328.125,1.0,171.74545288085938,0.0,0.29010009765625,0.0,97.0777789886283,0.0
pilot_mirage,kL1o,CT,6,122.0,peek,52048,,,,,,,,,,,traversal,326.9764035104923,1484.375,4015.625,0.0,260.3345642089844,0.0,188.51718139648438,1.0,0.29076245441525556,0.0
pilot_mirage,kL1o,CT,7,68.265625,stop,54036,release,15.625,261.2721252441406,21.482223510742188,0.0,0.0,,,1.0,0.0,,,,,,,,,,,
pilot_mirage,kL1o,CT,7,68.265625,stop,54627,counterstrafe,125.0,153.73828125,29.87151527404785,0.0,0.0,,,1.0,0.24237060546875,,,,,,,,,,,
pilot_mirage,kL1o,CT,7,68.265625,stop,57946,counterstrafe,281.25,155.2983856201172,31.439489364624023,1.0,0.0,,,1.0,1.161468505859375,,,,,,,,,,,
pilot_mirage,kL1o,CT,7,68.265625,peek,54697,,,,,,,,,,,jiggle,54.67734389634943,593.75,875.0,1.0,111.80233764648438,0.9230769230769231,5.5662994384765625,0.0,2.7329025643635156,1.0
pilot_mirage,kL1o,CT,7,68.265625,peek,55208,,,,,,,,,,,traversal,12.583757290450585,640.625,640.625,1.0,42.23966598510742,0.0,48.81157684326172,0.0,0.8100414178213073,0.0
pilot_mirage,kL1o,CT,7,68.265625,peek,55294,,,,,,,,,,,jiggle,17.1067162038467,453.125,453.125,1.0,47.75704574584961,0.0,3.6055755615234375,0.0,1.5695809028584977,0.0
pilot_mirage,kL1o,CT,7,68.265625,peek,55351,,,,,,,,,,,jiggle,18.76315890671124,1484.375,1484.375,1.0,111.80091857910156,0.20833333333333334,7.357063293457031,0.0,21.732124921381338,0.0
pilot_mirage,kL1o,CT,7,68.265625,peek,56776,,,,,,,,,,,commit,137.20264438857325,1484.375,4984.375,0.0,111.80659484863281,0.5416666666666666,17.1094970703125,0.0,3.0045626467482767,1.0
pilot_mirage,kL1o,CT,7,68.265625,peek,57340,,,,,,,,,,,jiggle,49.988501566092644,843.75,2406.25,1.0,125.30642700195312,0.36363636363636365,6.461334228515625,0.0,35.31893224536671,0.0
pilot_mirage,kL1o,CT,7,68.265625,peek,57620,,,,,,,,,,,jiggle,41.54054204603681,687.5,687.5,1.0,111.29389190673828,0.5555555555555556,3.2189788818359375,0.0,2.879717988960853,1.0
pilot_mirage,kL1o,CT,7,68.265625,peek,57849,,,,,,,,,,,commit,124.91716001141705,1484.375,1640.625,0.0,165.5391845703125,0.6354166666666666,63.452880859375,0.0,1.901125223771888,1.0
pilot_mirage,kL1o,CT,8,80.65625,stop,63975,release,31.25,172.6804656982422,10.549914360046387,0.0,0.0,,,0.0,9.002609252929688,,,,,,,,,,,
pilot_mirage,kL1o,CT,8,80.65625,stop,64534,counterstrafe,93.75,150.47438049316406,33.71116638183594,0.0,0.0,,,1.0,0.0,,,,,,,,,,,
pilot_mirage,kL1o,CT,8,80.65625,stop,64543,counterstrafe,234.375,150.47438049316406,31.365428924560547,0.0,0.0,,,1.0,18.29498291015625,,,,,,,,,,,
pilot_mirage,kL1o,CT,8,80.65625,stop,64594,counterstrafe,78.125,157.23574829101562,25.90732192993164,0.0,0.0,,,1.0,0.0240478515625,,,,,,,,,,,
pilot_mirage,kL1o,CT,8,80.65625,stop,64967,counterstrafe,78.125,158.29147338867188,24.0570125579834,0.0,0.0,,,1.0,0.0240478515625,,,,,,,,,,,
pilot_mirage,kL1o,CT,8,80.65625,stop,67090,counterstrafe,156.25,155.02920532226562,28.377830505371094,1.0,0.0,,,1.0,0.36322021484375,,,,,,,,,,,
pilot_mirage,kL1o,CT,8,80.65625,stop,67370,counterstrafe,78.125,169.76560974121094,24.215797424316406,0.0,1.0,0.0,24.215797424316406,1.0,0.0,,,,,,,,,,,
pilot_mirage,kL1o,CT,8,80.65625,stop,67468,release,46.875,216.68138122558594,32.171878814697266,0.0,0.0,,,0.0,0.0,,,,,,,,,,,
pilot_mirage,kL1o,CT,8,80.65625,stop,67780,release,234.375,168.08836364746094,30.551151275634766,0.0,0.0,,,1.0,11.083831787109375,,,,,,,,,,,
pilot_mirage,kL1o,CT,8,80.65625,peek,63972,,,,,,,,,,,traversal,51.61872806230484,1484.375,4984.375,0.0,172.6804656982422,0.9791666666666666,38.453521728515625,0.0,0.4088577260301242,1.0
pilot_mirage,kL1o,CT,8,80.65625,peek,64352,,,,,,,,,,,jiggle,3.707856735053236,1484.375,1484.375,1.0,38.515445709228516,1.0,0.0,0.0,8.629902169293437,1.0
pilot_mirage,kL1o,CT,8,80.65625,peek,64473,,,,,,,,,,,jiggle,30.381327630578117,406.25,406.25,1.0,110.40385437011719,1.0,10.67218017578125,0.0,10.303902577262628,1.0
pilot_mirage,kL1o,CT,8,80.65625,peek,64518,,,,,,,,,,,jiggle,25.014622578080726,250.0,250.0,1.0,150.47438049316406,0.0,0.0,0.0,97.91729597983078,0.0
pilot_mirage,kL1o,CT,8,80.65625,peek,64682,,,,,,,,,,,jiggle,3.120960822433235,1359.375,1359.375,1.0,40.1211051940918,1.0,1.4278793334960938,0.0,5.638807273611287,1.0
pilot_mirage,kL1o,CT,8,80.65625,peek,64871,,,,,,,,,,,jiggle,30.409581087555207,406.25,406.25,1.0,108.7320785522461,1.0,20.328155517578125,0.0,1.2830293498628518,1.0
pilot_mirage,kL1o,CT,8,80.65625,peek,65067,,,,,,,,,,,traversal,169.0836191270537,1484.375,4984.375,0.0,236.16822814941406,0.5625,20.860992431640625,0.0,0.5694040083399812,1.0
pilot_mirage,kL1o,CT,8,80.65625,peek,67062,,,,,,,,,,,commit,51.20127154178148,453.125,4984.375,0.0,176.28909301757812,0.0,1.815155029296875,2.0,52.199537672435284,0.0
pilot_mirage,kL1o,CT,8,80.65625,peek,67493,,,,,,,,,,,commit,219.05180434422874,1484.375,4984.375,0.0,225.0039825439453,0.0,113.66728210449219,0.0,2.6910715938778718,0.0
pilot_mirage,kL1o,CT,9,58.203125,stop,69923,release,15.625,230.0199432373047,21.486225128173828,0.0,0.0,,,1.0,0.0,,,,,,,,,,,
pilot_mirage,kL1o,CT,9,58.203125,stop,70269,counterstrafe,296.875,156.04176330566406,34.10818862915039,0.0,0.0,,,1.0,0.363189697265625,,,,,,,,,,,
pilot_mirage,kL1o,CT,9,58.203125,stop,70328,counterstrafe,78.125,172.071044921875,22.641056060791016,0.0,0.0,,,1.0,0.508453369140625,,,,,,,,,,,
pilot_mirage,kL1o,CT,9,58.203125,stop,70348,counterstrafe,93.75,151.50038146972656,11.628884315490723,0.0,0.0,,,1.0,0.0484161376953125,,,,,,,,,,,
pilot_mirage,kL1o,CT,9,58.203125,stop,70360,counterstrafe,281.25,151.50038146972656,18.88603973388672,0.0,0.0,,,1.0,0.072784423828125,,,,,,,,,,,
pilot_mirage,kL1o,CT,9,58.203125,stop,70720,counter_fwd,343.75,155.45135498046875,30.608142852783203,0.0,0.0,,,0.0,0.0,,,,,,,,,,,
pilot_mirage,kL1o,CT,9,58.203125,stop,70779,counterstrafe,218.75,152.5585174560547,32.728271484375,0.0,0.0,,,1.0,2.4200897216796875,,,,,,,,,,,
pilot_mirage,kL1o,CT,9,58.203125,stop,70949,counterstrafe,78.125,178.18948364257812,20.384042739868164,0.0,1.0,0.0,20.384042739868164,1.0,0.169586181640625,,,,,,,,,,,
pilot_mirage,kL1o,CT,9,58.203125,stop,70965,counterstrafe,328.125,178.18948364257812,29.839447021484375,0.0,1.0,0.0,29.839447021484375,1.0,0.556854248046875,,,,,,,,,,,
pilot_mirage,kL1o,CT,9,58.203125,stop,71300,counterstrafe,93.75,150.23171997070312,15.475374221801758,0.0,0.0,,,1.0,0.024383544921875,,,,,,,,,,,
pilot_mirage,kL1o,CT,9,58.203125,peek,68211,,,,,,,,,,,traversal,280.9387670615067,1484.375,4984.375,0.0,250.00201416015625,0.0,67.1316146850586,2.0,0.532811908459485,0.0
pilot_mirage,kL1o,CT,9,58.203125,peek,70289,,,,,,,,,,,narrow,94.08749992819331,593.75,1734.375,1.0,221.63299560546875,0.0,50.9892578125,0.0,5.508105503700502,0.0
pilot_mirage,kL1o,CT,9,58.203125,peek,70485,,,,,,,,,,,jiggle,8.026045853508302,453.125,453.125,1.0,52.10589599609375,0.8333333333333334,0.16925048828125,0.0,1.5148650749244745,1.0
pilot_mirage,kL1o,CT,9,58.203125,peek,70600,,,,,,,,,,,traversal,39.22267401511257,1484.375,1484.375,1.0,210.77174377441406,0.0,1.52435302734375,1.0,0.003038842655237787,0.0
pilot_mirage,kL1o,CT,9,58.203125,peek,70802,,,,,,,,,,,commit,222.87932617465114,1484.375,4984.375,0.0,225.00604248046875,0.020833333333333332,10.382080078125,1.0,2.7023034512836714,0.0
pilot_mirage,kL1o,CT,9,58.203125,peek,71210,,,,,,,,,,,narrow,119.39104190585942,1390.625,2203.125,1.0,150.23171997070312,0.5111111111111111,10.285247802734375,0.0,4.010550538730944,1.0
pilot_mirage,kL1o,CT,9,58.203125,peek,71480,,,,,,,,,,,commit,137.5482730655893,1484.375,4984.375,0.0,130.51736450195312,0.5625,63.62217712402344,0.0,3.3115391614207654,1.0
pilot_mirage,kL1o,CT,10,85.640625,stop,76702,counterstrafe,78.125,161.02442932128906,24.103973388671875,0.0,0.0,,,1.0,0.483734130859375,,,,,,,,,,,
pilot_mirage,kL1o,CT,10,85.640625,stop,76721,counterstrafe,375.0,161.02442932128906,24.793245315551758,0.0,0.0,,,1.0,4.16241455078125,,,,,,,,,,,
pilot_mirage,kL1o,CT,10,85.640625,stop,76746,counterstrafe,78.125,159.6874542236328,23.90579605102539,0.0,0.0,,,1.0,0.0,,,,,,,,,,,
pilot_mirage,kL1o,CT,10,85.640625,stop,76795,counterstrafe,93.75,159.39378356933594,13.136832237243652,0.0,0.0,,,1.0,0.0,,,,,,,,,,,
pilot_mirage,kL1o,CT,10,85.640625,stop,76842,counterstrafe,78.125,153.07275390625,19.568328857421875,0.0,0.0,,,1.0,0.0,,,,,,,,,,,
pilot_mirage,kL1o,CT,10,85.640625,stop,76861,counterstrafe,375.0,153.07275390625,33.650390625,0.0,0.0,,,1.0,0.0,,,,,,,,,,,
pilot_mirage,kL1o,CT,10,85.640625,stop,77402,release,93.75,150.71652221679688,13.943607330322266,0.0,0.0,,,1.0,104.20532989501953,,,,,,,,,,,
pilot_mirage,kL1o,CT,10,85.640625,stop,77665,counterstrafe,78.125,155.1790771484375,15.607255935668945,0.0,0.0,,,1.0,0.02435302734375,,,,,,,,,,,
pilot_mirage,kL1o,CT,10,85.640625,stop,77682,counterstrafe,343.75,155.1790771484375,22.479652404785156,0.0,0.0,,,1.0,3.02532958984375,,,,,,,,,,,
pilot_mirage,kL1o,CT,10,85.640625,stop,77754,counterstrafe,109.375,152.28648376464844,25.80084991455078,0.0,0.0,,,1.0,0.072784423828125,,,,,,,,,,,
pilot_mirage,kL1o,CT,10,85.640625,stop,77765,counterstrafe,281.25,152.28648376464844,16.30282974243164,0.0,0.0,,,1.0,0.14556884765625,,,,,,,,,,,
pilot_mirage,kL1o,CT,10,85.640625,stop,78314,release,15.625,184.812744140625,15.443902015686035,0.0,0.0,,,0.0,2.3476409912109375,,,,,,,,,,,
pilot_mirage,kL1o,CT,10,85.640625,peek,77118,,,,,,,,,,,jiggle,25.866418420816615,1484.375,1484.375,1.0,119.04053497314453,0.14583333333333334,12.487678527832031,4.0,1.147377432496044,0.0
pilot_mirage,kL1o,CT,10,85.640625,peek,77232,,,,,,,,,,,traversal,276.1207061917372,1484.375,4984.375,0.0,261.45574951171875,0.0,264.6026077270508,0.0,0.46631988541822794,0.0
pilot_mirage,kL1o,CT,10,85.640625,peek,78337,,,,,,,,,,,traversal,282.8454172879268,1484.375,4984.375,0.0,270.3610534667969,0.0,223.4622573852539,1.0,0.2806052583555008,0.0
pilot_mirage,kL1o,CT,10,85.640625,peek,80412,,,,,,,,,,,narrow,141.57277519395927,1484.375,3468.75,1.0,111.80415344238281,1.0,217.146484375,0.0,2.3104130460521266,1.0
pilot_mirage,kL1o,CT,10,85.640625,peek,80698,,,,,,,,,,,commit,69.95344819195977,1484.375,4984.375,0.0,158.70285034179688,0.34375,31.701385498046875,1.0,1.5634258774052119,0.0
pilot_mirage,kL1o,CT,10,85.640625,peek,81199,,,,,,,,,,,commit,264.74014113862324,1484.375,1703.125,0.0,215.0001678466797,0.0,49.39281463623047,0.0,1.2408880838735519,0.0
pilot_mirage,kL1o,CT,11,22.78125,stop,83335,counter_fwd,171.875,169.6869354248047,21.347043991088867,0.0,1.0,0.0,21.347043991088867,1.0,2.032806396484375,,,,,,,,,,,
pilot_mirage,kL1o,CT,11,22.78125,stop,83466,counterstrafe,78.125,160.583740234375,19.930261611938477,0.0,0.0,,,1.0,0.0,,,,,,,,,,,
pilot_mirage,kL1o,CT,11,22.78125,stop,83483,counterstrafe,343.75,160.583740234375,32.52605438232422,0.0,0.0,,,1.0,0.0968017578125,,,,,,,,,,,
pilot_mirage,kL1o,CT,11,22.78125,stop,83585,counter_fwd,296.875,161.587158203125,19.715166091918945,0.0,0.0,,,0.0,1.1134033203125,,,,,,,,,,,
pilot_mirage,kL1o,CT,11,22.78125,stop,83678,counter_fwd,109.375,157.17530822753906,13.361122131347656,0.0,0.0,,,0.0,0.62896728515625,,,,,,,,,,,
pilot_mirage,kL1o,CT,11,22.78125,peek,81612,,,,,,,,,,,traversal,11.451289871744223,1234.375,1234.375,1.0,42.72428894042969,1.0,0.5565261840820312,0.0,0.5663308000585983,1.0
pilot_mirage,kL1o,CT,11,22.78125,peek,83040,,,,,,,,,,,traversal,340.99530523077794,1484.375,4984.375,0.0,250.0064697265625,0.0,37.776153564453125,3.0,0.1631465713291909,0.0
pilot_mirage,kL1o,CT,11,22.78125,peek,83622,,,,,,,,,,,traversal,60.15662568272286,859.375,1046.875,1.0,205.98789978027344,0.0,2.298492431640625,1.0,0.21697065259962411,0.0
pilot_mirage,kL1o,T,12,31.6875,stop,91458,counterstrafe,203.125,157.6846160888672,29.700963973999023,0.0,0.0,,,1.0,0.5084609985351562,,,,,,,,,,,
pilot_mirage,kL1o,T,12,31.6875,stop,91642,counterstrafe,31.25,239.9986572265625,0.0,0.0,0.0,,,1.0,0.36322021484375,,,,,,,,,,,
pilot_mirage,kL1o,T,12,31.6875,stop,91663,counterstrafe,359.375,239.9986572265625,19.92810821533203,0.0,0.0,,,1.0,5.033782958984375,,,,,,,,,,,
pilot_mirage,kL1o,T,12,31.6875,stop,91762,counterstrafe,359.375,161.6839599609375,19.347681045532227,0.0,0.0,,,1.0,115.21635437011719,,,,,,,,,,,
pilot_mirage,kL1o,T,12,31.6875,stop,91825,counterstrafe,78.125,176.56182861328125,24.88744354248047,0.0,1.0,78.125,64.27641296386719,1.0,2.540924072265625,,,,,,,,,,,
pilot_mirage,kL1o,T,12,31.6875,stop,91849,counterstrafe,78.125,158.45469665527344,22.05331802368164,0.0,1.0,46.875,33.472232818603516,1.0,0.0,,,,,,,,,,,
pilot_mirage,kL1o,T,12,31.6875,stop,91926,counterstrafe,78.125,165.58200073242188,14.07319450378418,0.0,1.0,31.25,29.277315139770508,1.0,1.28265380859375,,,,,,,,,,,
pilot_mirage,kL1o,T,12,31.6875,stop,91947,counterstrafe,140.625,152.70872497558594,28.2977294921875,1.0,1.0,0.0,28.2977294921875,1.0,1.8148193359375,,,,,,,,,,,
pilot_mirage,kL1o,T,12,31.6875,stop,92095,counterstrafe,62.5,151.76724243164062,28.81409454345703,0.0,0.0,,,1.0,0.2176513671875,,,,,,,,,,,
pilot_mirage,kL1o,T,12,31.6875,stop,92259,release,31.25,207.0474090576172,10.737380027770996,0.0,1.0,109.375,0.0,1.0,0.0,,,,,,,,,,,
pilot_mirage,kL1o,T,12,31.6875,stop,92531,counterstrafe,93.75,168.81895446777344,33.67595291137695,0.0,0.0,,,1.0,3.3394775390625,,,,,,,,,,,
pilot_mirage,kL1o,T,12,31.6875,stop,92606,counterstrafe,78.125,159.8466339111328,10.369786262512207,0.0,1.0,0.0,10.369786262512207,1.0,0.435699462890625,,,,,,,,,,,
pilot_mirage,kL1o,T,12,31.6875,peek,91235,,,,,,,,,,,traversal,254.5960009607413,1484.375,4984.375,0.0,240.00096130371094,0.0,5.2277679443359375,0.0,0.5825563943413149,0.0
pilot_mirage,kL1o,T,12,31.6875,peek,91966,,,,,,,,,,,traversal,274.556049318092,1484.375,4984.375,0.0,220.8069610595703,0.0,308.45361328125,1.0,0.9280845896722921,0.0
pilot_mirage,kL1o,T,12,31.6875,peek,92480,,,,,,,,,,,commit,135.85894824394776,765.625,2296.875,0.0,239.06085205078125,0.0,227.5044708251953,4.0,2.7792449028864787,0.0
pilot_mirage,kL1o,T,13,127.703125,stop,97636,counterstrafe,93.75,163.7271270751953,34.43633270263672,0.0,0.0,,,1.0,0.798583984375,,,,,,,,,,,
pilot_mirage,kL1o,T,13,127.703125,stop,97682,counterstrafe,31.25,196.3087921142578,23.755197525024414,0.0,1.0,125.0,4.70413875579834,1.0,0.0243682861328125,,,,,,,,,,,
pilot_mirage,kL1o,T,13,127.703125,stop,97905,counterstrafe,78.125,159.91539001464844,32.502498626708984,0.0,0.0,,,1.0,0.0,,,,,,,,,,,
pilot_mirage,kL1o,T,13,127.703125,stop,97936,counterstrafe,93.75,159.03871154785156,12.419215202331543,0.0,0.0,,,1.0,0.04803466796875,,,,,,,,,,,
pilot_mirage,kL1o,T,13,127.703125,stop,97999,counterstrafe,78.125,170.12542724609375,32.0435791015625,0.0,1.0,328.125,38.568443298339844,0.0,0.0724334716796875,,,,,,,,,,,
pilot_mirage,kL1o,T,13,127.703125,stop,98179,counterstrafe,109.375,155.1710662841797,29.751649856567383,1.0,1.0,31.25,2.4489173889160156,1.0,0.169586181640625,,,,,,,,,,,
pilot_mirage,kL1o,T,13,127.703125,stop,98243,counterstrafe,78.125,155.71266174316406,21.834623336791992,0.0,0.0,,,1.0,0.0,,,,,,,,,,,
pilot_mirage,kL1o,T,13,127.703125,stop,99358,counter_fwd,125.0,155.0213623046875,12.057869911193848,0.0,0.0,,,1.0,0.072784423828125,,,,,,,,,,,
pilot_mirage,kL1o,T,13,127.703125,stop,102015,counterstrafe,78.125,175.23658752441406,34.53273391723633,0.0,0.0,,,1.0,1.98443603515625,,,,,,,,,,,
pilot_mirage,kL1o,T,13,127.703125,stop,102065,counterstrafe,78.125,152.4649200439453,33.17606735229492,0.0,0.0,,,1.0,12.196868896484375,,,,,,,,,,,
pilot_mirage,kL1o,T,13,127.703125,stop,102079,counterstrafe,296.875,152.4649200439453,20.491609573364258,0.0,0.0,,,1.0,14.640655517578125,,,,,,,,,,,
pilot_mirage,kL1o,T,13,127.703125,stop,102165,counterstrafe,78.125,155.8523406982422,19.428844451904297,0.0,0.0,,,1.0,1.089019775390625,,,,,,,,,,,
pilot_mirage,kL1o,T,13,127.703125,stop,102184,counterstrafe,375.0,155.8523406982422,26.51653289794922,0.0,0.0,,,1.0,2.29888916015625,,,,,,,,,,,
pilot_mirage,kL1o,T,13,127.703125,stop,102219,counterstrafe,93.75,161.98497009277344,24.17758560180664,0.0,0.0,,,1.0,1.137420654296875,,,,,,,,,,,
pilot_mirage,kL1o,T,13,127.703125,stop,102256,counterstrafe,78.125,154.2677001953125,13.191225051879883,0.0,1.0,31.25,23.7948055267334,1.0,0.3148345947265625,,,,,,,,,,,
pilot_mirage,kL1o,T,13,127.703125,stop,102271,counterstrafe,312.5,154.2677001953125,34.688594818115234,1.0,1.0,0.0,34.688594818115234,1.0,1.0165863037109375,,,,,,,,,,,
pilot_mirage,kL1o,T,13,127.703125,stop,102387,counterstrafe,78.125,158.93296813964844,32.40859603881836,0.0,0.0,,,1.0,0.0,,,,,,,,,,,
pilot_mirage,kL1o,T,13,127.703125,stop,102392,counterstrafe,156.25,158.93296813964844,33.209571838378906,0.0,0.0,,,1.0,0.048431396484375,,,,,,,,,,,
pilot_mirage,kL1o,T,13,127.703125,stop,102453,counterstrafe,78.125,165.6118927001953,25.417695999145508,0.0,0.0,,,1.0,1.161468505859375,,,,,,,,,,,
pilot_mirage,kL1o,T,13,127.703125,stop,102515,counterstrafe,265.625,157.13858032226562,27.502103805541992,0.0,0.0,,,0.0,0.12115478515625,,,,,,,,,,,
pilot_mirage,kL1o,T,13,127.703125,stop,102585,counterstrafe,78.125,172.5715789794922,28.485105514526367,0.0,0.0,,,1.0,4.0896453857421875,,,,,,,,,,,
pilot_mirage,kL1o,T,13,127.703125,stop,102633,counterstrafe,78.125,158.22703552246094,31.82052230834961,0.0,0.0,,,1.0,0.169219970703125,,,,,,,,,,,
pilot_mirage,kL1o,T,13,127.703125,stop,102709,counterstrafe,78.125,156.6871795654297,16.437847137451172,0.0,0.0,,,0.0,0.1692657470703125,,,,,,,,,,,
pilot_mirage,kL1o,T,13,127.703125,stop,102911,counterstrafe,78.125,154.8721466064453,29.138277053833008,0.0,0.0,,,1.0,0.4837646484375,,,,,,,,,,,
pilot_mirage,kL1o,T,13,127.703125,stop,102916,counterstrafe,156.25,154.8721466064453,33.243534088134766,0.0,0.0,,,1.0,0.53216552734375,,,,,,,,,,,
pilot_mirage,kL1o,T,13,127.703125,stop,102984,counterstrafe,78.125,150.77821350097656,13.14210033416748,0.0,0.0,,,1.0,0.6777191162109375,,,,,,,,,,,
pilot_mirage,kL1o,T,13,127.703125,stop,103016,counterstrafe,78.125,163.40220642089844,20.23796844482422,0.0,0.0,,,1.0,0.0240325927734375,,,,,,,,,,,
pilot_mirage,kL1o,T,13,127.703125,stop,103034,counterstrafe,359.375,163.40220642089844,34.66175079345703,0.0,0.0,,,1.0,0.8710174560546875,,,,,,,,,,,
pilot_mirage,kL1o,T,13,127.703125,stop,103056,counterstrafe,93.75,153.84823608398438,16.56673812866211,0.0,0.0,,,1.0,0.0,,,,,,,,,,,
pilot_mirage,kL1o,T,13,127.703125,stop,103151,counterstrafe,78.125,159.125,18.929323196411133,0.0,0.0,,,1.0,0.0724334716796875,,,,,,,,,,,
pilot_mirage,kL1o,T,13,127.703125,stop,103456,counterstrafe,78.125,178.22784423828125,34.530555725097656,0.0,0.0,,,1.0,0.4840850830078125,,,,,,,,,,,
pilot_mirage,kL1o,T,13,127.703125,stop,103504,counterstrafe,62.5,188.56752014160156,27.225812911987305,0.0,0.0,,,1.0,0.0,,,,,,,,,,,
pilot_mirage,kL1o,T,13,127.703125,stop,103733,counterstrafe,62.5,150.8728790283203,14.954950332641602,0.0,0.0,,,1.0,0.0,,,,,,,,,,,
pilot_mirage,kL1o,T,13,127.703125,stop,104191,counterstrafe,140.625,152.8206329345703,17.82326316833496,0.0,0.0,,,1.0,0.0,,,,,,,,,,,
pilot_mirage,kL1o,T,13,127.703125,stop,104245,counterstrafe,250.0,160.8164825439453,29.22920799255371,0.0,0.0,,,1.0,0.0,,,,,,,,,,,
pilot_mirage,kL1o,T,13,127.703125,stop,104306,counterstrafe,78.125,178.68673706054688,34.297977447509766,0.0,0.0,,,1.0,0.07244873046875,,,,,,,,,,,
pilot_mirage,kL1o,T,13,127.703125,stop,104930,counterstrafe,78.125,173.0270233154297,32.4039192199707,0.0,0.0,,,1.0,0.798583984375,,,,,,,,,,,
pilot_mirage,kL1o,T,13,127.703125,stop,105028,release,234.375,157.52587890625,34.365962982177734,0.0,0.0,,,0.0,0.0,,,,,,,,,,,
pilot_mirage,kL1o,T,13,127.703125,peek,97730,,,,,,,,,,,traversal,116.65455310132175,1484.375,4984.375,0.0,201.77511596679688,0.0,17.036727905273438,3.0,0.9027072698253454,0.0
pilot_mirage,kL1o,T,13,127.703125,peek,98226,,,,,,,,,,,jiggle,26.438366574456264,250.0,250.0,1.0,155.71266174316406,0.0,0.0243682861328125,0.0,100.70357153412054,0.0
pilot_mirage,kL1o,T,13,127.703125,peek,102300,,,,,,,,,,,narrow,72.72212811219347,1046.875,1906.25,1.0,183.2685546875,0.0,45.858978271484375,2.0,3.496537999132078,0.0
pilot_mirage,kL1o,T,13,127.703125,peek,102936,,,,,,,,,,,narrow,114.80223299057542,734.375,4234.375,1.0,215.005859375,0.0,51.013671875,0.0,5.6651650466878625,0.0
pilot_mirage,kL1o,T,13,127.703125,peek,104142,,,,,,,,,,,jiggle,57.75566712421481,750.0,1156.25,1.0,153.37342834472656,0.0,0.0,0.0,101.50789643695012,0.0
pilot_mirage,kL1o,T,14,82.15625,stop,105550,release,62.5,187.44801330566406,34.484378814697266,0.0,0.0,,,1.0,0.0,,,,,,,,,,,
pilot_mirage,kL1o,T,14,82.15625,stop,105569,counterstrafe,359.375,187.44801330566406,29.788707733154297,0.0,0.0,,,1.0,0.31451416015625,,,,,,,,,,,
pilot_mirage,kL1o,T,14,82.15625,stop,107855,counterstrafe,78.125,170.84841918945312,26.53261947631836,0.0,0.0,,,1.0,1.4519119262695312,,,,,,,,,,,
pilot_mirage,kL1o,T,14,82.15625,stop,111581,counterstrafe,78.125,164.3647003173828,22.24612045288086,0.0,0.0,,,1.0,0.096832275390625,,,,,,,,,,,
pilot_mirage,kL1o,T,14,82.15625,stop,111592,counterstrafe,250.0,164.3647003173828,8.02349853515625,0.0,0.0,,,1.0,0.992218017578125,,,,,,,,,,,
pilot_mirage,kL1o,T,14,82.15625,stop,111708,counterstrafe,31.25,215.0035400390625,23.20314598083496,0.0,0.0,,,1.0,0.2660675048828125,,,,,,,,,,,
pilot_mirage,kL1o,T,14,82.15625,stop,111771,release,78.125,176.39718627929688,23.995868682861328,0.0,1.0,0.0,23.995868682861328,1.0,0.5565185546875,,,,,,,,,,,
pilot_mirage,kL1o,T,14,82.15625,peek,105586,,,,,,,,,,,jiggle,2.0061862314750876,93.75,93.75,1.0,38.481910705566406,1.0,0.0,0.0,2.4420879777711857,1.0
pilot_mirage,kL1o,T,14,82.15625,peek,107049,,,,,,,,,,,traversal,342.541572841628,1484.375,4984.375,0.0,250.00662231445312,0.0,4.016876220703125,1.0,0.006492806051249843,0.0
pilot_mirage,kL1o,T,14,82.15625,peek,108771,,,,,,,,,,,commit,150.68859091286808,1484.375,4984.375,0.0,111.80213165283203,1.0,224.91558837890625,0.0,1.0316784907471237,1.0
pilot_mirage,kL1o,T,14,82.15625,peek,111608,,,,,,,,,,,commit,273.00318613738466,1484.375,3859.375,0.0,215.00750732421875,0.0,13.891189575195312,1.0,2.3652331604913766,0.0
pilot_mirage,kL1o,T,15,63.40625,stop,113586,release,15.625,225.0004425048828,21.485061645507812,0.0,0.0,,,0.0,0.0,,,,,,,,,,,
pilot_mirage,kL1o,T,15,63.40625,stop,115074,counter_fwd,93.75,162.53196716308594,32.4903564453125,0.0,0.0,,,0.0,0.0,,,,,,,,,,,
pilot_mirage,kL1o,T,15,63.40625,stop,115703,counterstrafe,78.125,157.42710876464844,16.881532669067383,0.0,0.0,,,1.0,7.3570556640625,,,,,,,,,,,
pilot_mirage,kL1o,T,15,63.40625,stop,116427,counterstrafe,62.5,152.4765625,16.16215705871582,0.0,0.0,,,1.0,0.024017333984375,,,,,,,,,,,
pilot_mirage,kL1o,T,15,63.40625,stop,116592,counterstrafe,78.125,165.2540283203125,24.933095932006836,0.0,0.0,,,1.0,0.0484161376953125,,,,,,,,,,,
pilot_mirage,kL1o,T,15,63.40625,stop,116603,counterstrafe,250.0,165.2540283203125,28.639436721801758,0.0,0.0,,,1.0,0.41131591796875,,,,,,,,,,,
pilot_mirage,kL1o,T,15,63.40625,stop,116781,counterstrafe,78.125,160.76632690429688,29.75372886657715,0.0,0.0,,,1.0,0.26607513427734375,,,,,,,,,,,
pilot_mirage,kL1o,T,15,63.40625,stop,116794,counterstrafe,281.25,160.76632690429688,30.55460548400879,0.0,0.0,,,1.0,0.7985687255859375,,,,,,,,,,,
pilot_mirage,kL1o,T,15,63.40625,stop,116862,counterstrafe,78.125,160.91111755371094,15.953875541687012,0.0,0.0,,,1.0,0.36289215087890625,,,,,,,,,,,
pilot_mirage,kL1o,T,15,63.40625,stop,116935,counterstrafe,93.75,154.86639404296875,21.53473663330078,0.0,0.0,,,1.0,0.04840850830078125,,,,,,,,,,,
pilot_mirage,kL1o,T,15,63.40625,stop,116973,counterstrafe,312.5,176.76885986328125,22.639812469482422,0.0,0.0,,,1.0,0.5812454223632812,,,,,,,,,,,
pilot_mirage,kL1o,T,15,63.40625,stop,117190,counterstrafe,78.125,159.28341674804688,17.51610565185547,0.0,0.0,,,1.0,0.4840850830078125,,,,,,,,,,,
pilot_mirage,kL1o,T,15,63.40625,peek,115027,,,,,,,,,,,traversal,123.37530399373483,734.375,1406.25,1.0,248.26295471191406,0.0,11.83428955078125,0.0,0.12961447317983565,0.0
pilot_mirage,kL1o,T,16,21.5625,stop,120857,counterstrafe,78.125,162.1939697265625,28.221120834350586,0.0,0.0,,,1.0,0.0968017578125,,,,,,,,,,,
pilot_mirage,kL1o,T,16,21.5625,stop,122155,counterstrafe,156.25,176.12110900878906,32.85687255859375,0.0,1.0,0.0,32.85687255859375,1.0,5.590667724609375,,,,,,,,,,,
pilot_mirage,kL1o,T,17,37.546875,stop,132844,counterstrafe,78.125,166.39926147460938,23.90404510498047,0.0,0.0,,,0.0,0.29046630859375,,,,,,,,,,,
pilot_mirage,kL1o,T,17,37.546875,stop,132976,counterstrafe,328.125,159.14283752441406,29.430885314941406,1.0,1.0,0.0,29.430885314941406,0.0,2.5408935546875,,,,,,,,,,,
pilot_mirage,kL1o,T,17,37.546875,stop,133132,counterstrafe,78.125,159.55177307128906,17.093124389648438,0.0,1.0,0.0,17.093124389648438,1.0,0.04840087890625,,,,,,,,,,,
pilot_mirage,kL1o,T,17,37.546875,peek,132404,,,,,,,,,,,traversal,120.07413656036921,1484.375,4984.375,0.0,111.80488586425781,1.0,31.84698486328125,0.0,0.32840554887218465,1.0
pilot_mirage,kL1o,T,17,37.546875,peek,133027,,,,,,,,,,,commit,282.89918386064426,1484.375,4984.375,0.0,236.91920471191406,0.0,14.42333984375,1.0,1.6529873006485793,0.0
pilot_mirage,kL1o,T,17,37.546875,peek,133601,,,,,,,,,,,traversal,23.812996329118644,1218.75,1218.75,1.0,87.49174499511719,1.0,0.750152587890625,0.0,0.3894129449720253,1.0
pilot_mirage,kL1o,T,17,37.546875,peek,133687,,,,,,,,,,,traversal,98.85570032138828,1484.375,2156.25,0.0,111.80410766601562,1.0,0.871002197265625,0.0,0.05990822516076218,1.0
pilot_mirage,kL1o,T,18,101.953125,stop,135556,release,15.625,281.7732238769531,0.0,0.0,1.0,0.0,0.0,0.0,0.0,,,,,,,,,,,
pilot_mirage,kL1o,T,18,101.953125,stop,139155,counterstrafe,93.75,193.09596252441406,14.775749206542969,0.0,0.0,,,1.0,0.0,,,,,,,,,,,
pilot_mirage,kL1o,T,18,101.953125,stop,139389,counterstrafe,125.0,160.16497802734375,29.29642677307129,1.0,0.0,,,1.0,0.0240478515625,,,,,,,,,,,
pilot_mirage,kL1o,T,18,101.953125,stop,139437,counterstrafe,78.125,175.16473388671875,29.617141723632812,0.0,0.0,,,1.0,0.0,,,,,,,,,,,
pilot_mirage,kL1o,T,18,101.953125,stop,139478,counterstrafe,78.125,155.16419982910156,13.575933456420898,0.0,0.0,,,1.0,0.120849609375,,,,,,,,,,,
pilot_mirage,kL1o,T,18,101.953125,stop,141404,counterstrafe,93.75,151.15969848632812,24.91354751586914,0.0,0.0,,,1.0,0.8953857421875,,,,,,,,,,,
pilot_mirage,kL1o,T,18,101.953125,stop,141411,counterstrafe,203.125,151.15969848632812,23.989347457885742,0.0,0.0,,,1.0,0.9197540283203125,,,,,,,,,,,
pilot_mirage,kL1o,T,18,101.953125,peek,133869,,,,,,,,,,,traversal,206.0344589969153,1484.375,4984.375,0.0,244.52536010742188,0.0,26.3056640625,1.0,0.32836791244464997,0.0
pilot_mirage,kL1o,T,18,101.953125,peek,135621,,,,,,,,,,,traversal,306.4323595008264,1484.375,4984.375,0.0,250.001708984375,0.0,29.088363647460938,0.0,0.044935340053583725,0.0
pilot_mirage,kL1o,T,18,101.953125,peek,136856,,,,,,,,,,,jiggle,10.906996682343983,1265.625,1265.625,1.0,60.50749588012695,1.0,0.604583740234375,0.0,2.5602215767692442,1.0
pilot_mirage,kL1o,T,18,101.953125,peek,136979,,,,,,,,,,,commit,155.0148177720919,1484.375,4984.375,0.0,111.80763244628906,1.0,52.563385009765625,0.0,8.41782821557801,1.0
pilot_mirage,kL1o,T,18,101.953125,peek,139410,,,,,,,,,,,jiggle,53.70190633468217,421.875,562.5,1.0,191.6995849609375,0.0,2.0084228515625,0.0,51.6882898198189,0.0
pilot_mirage,kL1o,T,18,101.953125,peek,140896,,,,,,,,,,,traversal,111.82758416596651,1484.375,4984.375,0.0,111.80706024169922,0.9583333333333334,22.33660888671875,0.0,0.7394565495921652,1.0
pilot_mirage,kL1o,T,18,101.953125,peek,141483,,,,,,,,,,,jiggle,21.685174730789637,828.125,828.125,1.0,84.49705505371094,1.0,2.105255126953125,0.0,2.3171938178485036,1.0
pilot_mirage,rud,CT,12,23.03125,stop,91069,counterstrafe,78.125,167.7550048828125,29.648334503173828,0.0,0.0,,,1.0,0.1981048583984375,,,,,,,,,,,
pilot_mirage,rud,CT,12,23.03125,stop,91081,counterstrafe,265.625,167.7550048828125,26.289854049682617,0.0,0.0,,,1.0,0.7480926513671875,,,,,,,,,,,
pilot_mirage,rud,CT,12,23.03125,stop,91213,release,46.875,239.41845703125,20.537723541259766,0.0,0.0,,,1.0,43.00975036621094,,,,,,,,,,,
pilot_mirage,rud,CT,12,23.03125,stop,91318,counterstrafe,93.75,181.10179138183594,29.960689544677734,0.0,0.0,,,0.0,0.3515625,,,,,,,,,,,
pilot_mirage,rud,CT,12,23.03125,stop,91366,counterstrafe,93.75,181.5414276123047,30.955867767333984,0.0,1.0,187.5,102.60482788085938,1.0,0.1318359375,,,,,,,,,,,
pilot_mirage,rud,CT,12,23.03125,stop,91417,counterstrafe,78.125,173.17440795898438,31.201040267944336,0.0,0.0,,,1.0,1.276123046875,,,,,,,,,,,
pilot_mirage,rud,CT,12,23.03125,stop,91436,counterstrafe,78.125,162.75035095214844,20.941442489624023,0.0,0.0,,,1.0,0.1318359375,,,,,,,,,,,
pilot_mirage,rud,CT,12,23.03125,stop,91451,counterstrafe,312.5,162.75035095214844,8.687450408935547,0.0,0.0,,,1.0,0.6162643432617188,,,,,,,,,,,
pilot_mirage,rud,CT,12,23.03125,stop,91654,counterstrafe,78.125,194.17918395996094,32.85447692871094,0.0,1.0,187.5,37.399810791015625,1.0,0.220428466796875,,,,,,,,,,,
pilot_mirage,rud,CT,12,23.03125,stop,91734,counterstrafe,265.625,161.62905883789062,24.98726463317871,0.0,1.0,218.75,0.0,1.0,0.6155776977539062,,,,,,,,,,,
pilot_mirage,rud,CT,12,23.03125,stop,91843,release,31.25,171.5228271484375,5.070408821105957,0.0,0.0,,,1.0,0.0,,,,,,,,,,,
pilot_mirage,rud,CT,12,23.03125,peek,90643,,,,,,,,,,,traversal,341.3918179347316,1484.375,4984.375,0.0,250.0082550048828,0.0,47.7393798828125,0.0,0.599216271033346,0.0
pilot_mirage,rud,CT,12,23.03125,peek,91107,,,,,,,,,,,traversal,327.6462174256545,1484.375,4984.375,0.0,250.00408935546875,0.0,108.52534484863281,1.0,0.23725026629206034,0.0
pilot_mirage,rud,CT,12,23.03125,peek,91751,,,,,,,,,,,traversal,147.51392162430955,1406.25,4984.375,0.0,204.95164489746094,0.0,74.55802917480469,1.0,0.7740871757994082,0.0
pilot_mirage,rud,CT,13,80.453125,stop,97592,release,62.5,260.82635498046875,33.98146057128906,0.0,0.0,,,0.0,38.654022216796875,,,,,,,,,,,
pilot_mirage,rud,CT,13,80.453125,stop,97916,counterstrafe,78.125,169.7844696044922,27.939685821533203,0.0,0.0,,,1.0,0.220062255859375,,,,,,,,,,,
pilot_mirage,rud,CT,13,80.453125,stop,97921,counterstrafe,156.25,169.7844696044922,25.998868942260742,0.0,0.0,,,1.0,0.264007568359375,,,,,,,,,,,
pilot_mirage,rud,CT,13,80.453125,stop,99131,counterstrafe,93.75,170.33265686035156,32.56924057006836,0.0,1.0,0.0,32.56924057006836,1.0,0.329925537109375,,,,,,,,,,,
pilot_mirage,rud,CT,13,80.453125,stop,99964,counterstrafe,78.125,164.06568908691406,22.652021408081055,0.0,0.0,,,1.0,0.15380859375,,,,,,,,,,,
pilot_mirage,rud,CT,13,80.453125,stop,99975,counterstrafe,250.0,164.06568908691406,33.15091323852539,0.0,0.0,,,0.0,0.242034912109375,,,,,,,,,,,
pilot_mirage,rud,CT,13,80.453125,stop,101677,counterstrafe,62.5,152.36839294433594,33.246742248535156,0.0,0.0,,,1.0,0.06591796875,,,,,,,,,,,
pilot_mirage,rud,CT,13,80.453125,stop,101682,counterstrafe,140.625,152.36839294433594,23.898303985595703,0.0,0.0,,,1.0,0.087890625,,,,,,,,,,,
pilot_mirage,rud,CT,13,80.453125,stop,101774,counterstrafe,78.125,170.1212921142578,27.7835693359375,0.0,0.0,,,0.0,0.06591796875,,,,,,,,,,,
pilot_mirage,rud,CT,13,80.453125,stop,101803,counterstrafe,93.75,180.24867248535156,25.948062896728516,0.0,1.0,15.625,26.359416961669922,1.0,0.6598663330078125,,,,,,,,,,,
pilot_mirage,rud,CT,13,80.453125,stop,101825,counterstrafe,78.125,169.66993713378906,31.253925323486328,0.0,0.0,,,1.0,0.0882415771484375,,,,,,,,,,,
pilot_mirage,rud,CT,13,80.453125,stop,101841,counterstrafe,328.125,169.66993713378906,20.20414161682129,0.0,0.0,,,0.0,0.1541595458984375,,,,,,,,,,,
pilot_mirage,rud,CT,13,80.453125,stop,102195,counterstrafe,78.125,154.06231689453125,19.107440948486328,0.0,1.0,281.25,27.52659034729004,1.0,0.0439453125,,,,,,,,,,,
pilot_mirage,rud,CT,13,80.453125,stop,102213,counterstrafe,359.375,154.06231689453125,27.52659034729004,0.0,1.0,0.0,27.52659034729004,1.0,1.979949951171875,,,,,,,,,,,
pilot_mirage,rud,CT,13,80.453125,peek,98837,,,,,,,,,,,traversal,133.26804140321065,1484.375,4984.375,0.0,117.00233459472656,0.3229166666666667,88.81451416015625,1.0,0.8586158691241734,0.0
pilot_mirage,rud,CT,13,80.453125,peek,100010,,,,,,,,,,,traversal,116.94467101270617,1484.375,4984.375,0.0,130.00694274902344,0.5729166666666666,76.31790161132812,0.0,0.4308263115516599,1.0
pilot_mirage,rud,CT,13,80.453125,peek,100686,,,,,,,,,,,traversal,132.33016453459587,1484.375,4984.375,0.0,186.35171508789062,0.4166666666666667,122.38668823242188,1.0,0.7851454988583023,0.0
pilot_mirage,rud,CT,13,80.453125,peek,101316,,,,,,,,,,,traversal,190.6331404472142,1484.375,4984.375,0.0,136.8398895263672,0.9270833333333334,1.82647705078125,0.0,0.004126956741852562,1.0
pilot_mirage,rud,CT,13,80.453125,peek,101861,,,,,,,,,,,commit,123.82527405185552,1484.375,4984.375,0.0,196.40576171875,0.20833333333333334,24.48577880859375,1.0,7.063330704215623,0.0
pilot_mirage,rud,CT,14,62.78125,stop,107705,counterstrafe,78.125,160.82810974121094,17.50609016418457,0.0,0.0,,,1.0,0.110198974609375,,,,,,,,,,,
pilot_mirage,rud,CT,14,62.78125,stop,109128,release,234.375,158.725830078125,34.99397277832031,0.0,0.0,,,0.0,0.0,,,,,,,,,,,
pilot_mirage,rud,CT,14,62.78125,stop,109375,counterstrafe,78.125,172.77853393554688,21.014034271240234,0.0,0.0,,,1.0,0.1318359375,,,,,,,,,,,
pilot_mirage,rud,CT,14,62.78125,stop,109392,counterstrafe,343.75,172.77853393554688,12.812788009643555,0.0,0.0,,,1.0,0.527679443359375,,,,,,,,,,,
pilot_mirage,rud,CT,14,62.78125,stop,109431,counterstrafe,78.125,180.1045684814453,30.556928634643555,0.0,0.0,,,1.0,0.220062255859375,,,,,,,,,,,
pilot_mirage,rud,CT,14,62.78125,stop,110118,counterstrafe,78.125,175.4859161376953,23.58045768737793,0.0,0.0,,,1.0,0.110198974609375,,,,,,,,,,,
pilot_mirage,rud,CT,14,62.78125,stop,110123,counterstrafe,156.25,175.4859161376953,16.396324157714844,0.0,0.0,,,1.0,0.110198974609375,,,,,,,,,,,
pilot_mirage,rud,CT,14,62.78125,stop,110168,counterstrafe,78.125,186.6671600341797,31.743513107299805,0.0,0.0,,,1.0,0.461761474609375,,,,,,,,,,,
pilot_mirage,rud,CT,14,62.78125,stop,110288,counterstrafe,78.125,188.95870971679688,34.029930114746094,0.0,0.0,,,1.0,0.0439453125,,,,,,,,,,,
pilot_mirage,rud,CT,14,62.78125,stop,110305,counterstrafe,343.75,188.95870971679688,25.270307540893555,0.0,0.0,,,1.0,0.242034912109375,,,,,,,,,,,
pilot_mirage,rud,CT,14,62.78125,stop,110416,counterstrafe,93.75,188.80209350585938,30.774354934692383,0.0,0.0,,,0.0,0.087890625,,,,,,,,,,,
pilot_mirage,rud,CT,14,62.78125,stop,110522,counterstrafe,93.75,164.5194549560547,32.46022033691406,0.0,0.0,,,0.0,0.373870849609375,,,,,,,,,,,
pilot_mirage,rud,CT,14,62.78125,stop,110534,counterstrafe,281.25,164.5194549560547,15.613950729370117,0.0,1.0,218.75,0.0,0.0,0.52801513671875,,,,,,,,,,,
pilot_mirage,rud,CT,14,62.78125,stop,110727,counterstrafe,78.125,177.8861541748047,24.688379287719727,0.0,0.0,,,1.0,0.506072998046875,,,,,,,,,,,
pilot_mirage,rud,CT,14,62.78125,stop,110740,counterstrafe,281.25,177.8861541748047,15.37600040435791,0.0,0.0,,,1.0,1.4742431640625,,,,,,,,,,,
pilot_mirage,rud,CT,14,62.78125,stop,110818,counterstrafe,78.125,164.31019592285156,14.787591934204102,0.0,0.0,,,1.0,0.924224853515625,,,,,,,,,,,
pilot_mirage,rud,CT,14,62.78125,peek,110333,,,,,,,,,,,commit,167.71569079687978,1343.75,4984.375,0.0,229.997802734375,0.0,10.4290771484375,1.0,2.9216445945383094,0.0
pilot_mirage,rud,CT,14,62.78125,peek,110767,,,,,,,,,,,jiggle,34.08264230967349,781.25,781.25,1.0,179.7444305419922,0.0,9.329132080078125,0.0,16.795684477118506,0.0
pilot_mirage,rud,CT,14,62.78125,peek,110992,,,,,,,,,,,jiggle,56.6835452537245,578.125,765.625,1.0,124.31678009033203,0.6842105263157895,208.4940643310547,0.0,2.1421577396989058,1.0
pilot_mirage,rud,CT,15,12.53125,stop,114010,counterstrafe,78.125,154.84327697753906,24.665685653686523,0.0,0.0,,,1.0,0.5719757080078125,,,,,,,,,,,
pilot_mirage,rud,CT,15,12.53125,stop,114020,counterstrafe,234.375,154.84327697753906,24.53746223449707,0.0,0.0,,,1.0,0.6378936767578125,,,,,,,,,,,
pilot_mirage,rud,CT,15,12.53125,stop,114148,counterstrafe,265.625,161.31893920898438,27.31683349609375,0.0,0.0,,,1.0,15.180015563964844,,,,,,,,,,,
pilot_mirage,rud,CT,15,12.53125,peek,114059,,,,,,,,,,,traversal,138.65554443724295,1265.625,1921.875,1.0,175.382568359375,0.0,138.84209442138672,0.0,0.8922708219769137,0.0
pilot_mirage,rud,CT,16,21.625,stop,121323,counterstrafe,296.875,228.2852020263672,32.66407775878906,1.0,0.0,,,0.0,7.1064605712890625,,,,,,,,,,,
pilot_mirage,rud,CT,16,21.625,stop,121668,counterstrafe,78.125,156.66107177734375,14.361682891845703,0.0,0.0,,,1.0,0.2640228271484375,,,,,,,,,,,
pilot_mirage,rud,CT,16,21.625,stop,121693,counterstrafe,62.5,154.4016876220703,34.024566650390625,0.0,0.0,,,1.0,0.0,,,,,,,,,,,
pilot_mirage,rud,CT,16,21.625,stop,121807,counterstrafe,78.125,177.86607360839844,31.173471450805664,0.0,0.0,,,1.0,0.0439453125,,,,,,,,,,,
pilot_mirage,rud,CT,16,21.625,stop,121843,counterstrafe,62.5,152.79830932617188,34.57243347167969,0.0,0.0,,,1.0,0.02197265625,,,,,,,,,,,
pilot_mirage,rud,CT,16,21.625,stop,122001,counterstrafe,78.125,168.45623779296875,18.95790672302246,0.0,0.0,,,1.0,0.0,,,,,,,,,,,
pilot_mirage,rud,CT,16,21.625,stop,122013,counterstrafe,265.625,168.45623779296875,32.54970169067383,0.0,0.0,,,1.0,0.1321868896484375,,,,,,,,,,,
pilot_mirage,rud,CT,16,21.625,stop,122019,counterstrafe,359.375,168.45623779296875,33.53251266479492,0.0,0.0,,,1.0,0.1321868896484375,,,,,,,,,,,
pilot_mirage,rud,CT,16,21.625,peek,121395,,,,,,,,,,,traversal,183.17425770725225,1484.375,4984.375,0.0,253.0382080078125,0.0,79.50772094726562,0.0,0.12509903587713952,0.0
pilot_mirage,rud,CT,16,21.625,peek,122152,,,,,,,,,,,commit,63.36457448949151,593.75,703.125,0.0,147.1865692138672,0.0,9.723922729492188,1.0,1.7149221660947958,0.0
pilot_mirage,rud,CT,17,26.296875,stop,132105,counterstrafe,93.75,160.96664428710938,12.733176231384277,0.0,0.0,,,1.0,0.0,,,,,,,,,,,
pilot_mirage,rud,CT,17,26.296875,stop,132123,counterstrafe,375.0,160.96664428710938,33.41018295288086,0.0,0.0,,,1.0,1.496185302734375,,,,,,,,,,,
pilot_mirage,rud,CT,17,26.296875,stop,132499,counterstrafe,78.125,158.1654510498047,17.600299835205078,0.0,1.0,46.875,34.006256103515625,1.0,1.165924072265625,,,,,,,,,,,
pilot_mirage,rud,CT,17,26.296875,stop,132508,counterstrafe,218.75,158.1654510498047,21.858068466186523,1.0,1.0,0.0,21.858068466186523,1.0,2.11175537109375,,,,,,,,,,,
pilot_mirage,rud,CT,17,26.296875,stop,132552,counterstrafe,78.125,151.04603576660156,12.86280632019043,0.0,0.0,,,1.0,0.17578125,,,,,,,,,,,
pilot_mirage,rud,CT,17,26.296875,stop,132606,counterstrafe,203.125,155.265869140625,33.620304107666016,0.0,1.0,0.0,33.620304107666016,1.0,1.209869384765625,,,,,,,,,,,
pilot_mirage,rud,CT,17,26.296875,stop,132666,counterstrafe,78.125,183.5495147705078,30.12033462524414,0.0,0.0,,,1.0,0.0,,,,,,,,,,,
pilot_mirage,rud,CT,17,26.296875,stop,132700,counterstrafe,78.125,160.22824096679688,15.635649681091309,0.0,0.0,,,1.0,0.176116943359375,,,,,,,,,,,
pilot_mirage,rud,CT,17,26.296875,stop,133001,counterstrafe,62.5,161.35189819335938,31.51569366455078,0.0,0.0,,,1.0,0.154144287109375,,,,,,,,,,,
pilot_mirage,rud,CT,17,26.296875,peek,132087,,,,,,,,,,,jiggle,29.13744386102357,265.625,265.625,1.0,160.96664428710938,0.0,3.079925537109375,0.0,31.36169861017118,0.0
pilot_mirage,rud,CT,17,26.296875,peek,132269,,,,,,,,,,,traversal,163.9257272181427,1484.375,4984.375,0.0,190.02207946777344,0.3958333333333333,341.17662048339844,1.0,0.7035953448151069,0.0
pilot_mirage,rud,CT,17,26.296875,peek,132910,,,,,,,,,,,traversal,91.80204240458504,1218.75,3046.875,0.0,144.42727661132812,0.0,253.77011108398438,0.0,0.7594021840957593,0.0
pilot_mirage,rud,CT,18,57.953125,stop,135999,counterstrafe,78.125,161.4770050048828,17.542707443237305,0.0,0.0,,,1.0,0.4497528076171875,,,,,,,,,,,
pilot_mirage,rud,CT,18,57.953125,stop,136008,counterstrafe,218.75,161.4770050048828,8.032621383666992,0.0,0.0,,,1.0,0.768707275390625,,,,,,,,,,,
pilot_mirage,rud,CT,18,57.953125,stop,136144,counterstrafe,78.125,167.19454956054688,28.41318702697754,0.0,0.0,,,1.0,2.7500152587890625,,,,,,,,,,,
pilot_mirage,rud,CT,18,57.953125,stop,136176,counterstrafe,265.625,160.78182983398438,21.621116638183594,0.0,0.0,,,0.0,3.322296142578125,,,,,,,,,,,
pilot_mirage,rud,CT,18,57.953125,stop,136289,release,78.125,150.2969207763672,0.0,0.0,0.0,,,0.0,0.0,,,,,,,,,,,
pilot_mirage,rud,CT,18,57.953125,stop,136345,counterstrafe,78.125,165.09716796875,30.21710968017578,0.0,1.0,203.125,5.522426128387451,1.0,0.1658477783203125,,,,,,,,,,,
pilot_mirage,rud,CT,18,57.953125,stop,136355,counterstrafe,234.375,165.09716796875,31.235153198242188,0.0,1.0,46.875,5.522426128387451,1.0,1.0166015625,,,,,,,,,,,
pilot_mirage,rud,CT,18,57.953125,stop,136595,counterstrafe,281.25,164.9446258544922,33.561737060546875,0.0,1.0,31.25,49.96336364746094,1.0,0.08099365234375,,,,,,,,,,,
pilot_mirage,rud,CT,18,57.953125,stop,136599,counterstrafe,343.75,164.9446258544922,20.049251556396484,0.0,1.0,0.0,20.049251556396484,1.0,0.08099365234375,,,,,,,,,,,
pilot_mirage,rud,CT,18,57.953125,stop,136907,release,250.0,160.40870666503906,29.284379959106445,0.0,0.0,,,0.0,0.0,,,,,,,,,,,
pilot_mirage,rud,CT,18,57.953125,stop,137503,counterstrafe,78.125,180.39825439453125,30.94845199584961,0.0,0.0,,,1.0,0.3295745849609375,,,,,,,,,,,
pilot_mirage,rud,CT,18,57.953125,stop,137512,counterstrafe,218.75,180.39825439453125,23.736114501953125,0.0,0.0,,,1.0,0.370086669921875,,,,,,,,,,,
pilot_mirage,rud,CT,18,57.953125,stop,137709,counterstrafe,78.125,153.98757934570312,13.631315231323242,0.0,0.0,,,0.0,0.1503753662109375,,,,,,,,,,,
pilot_mirage,rud,CT,18,57.953125,stop,137724,counterstrafe,312.5,153.98757934570312,30.06493377685547,0.0,0.0,,,1.0,0.6306915283203125,,,,,,,,,,,
pilot_mirage,rud,CT,18,57.953125,stop,137873,counterstrafe,78.125,177.17710876464844,26.90656280517578,0.0,0.0,,,1.0,0.0,,,,,,,,,,,
pilot_mirage,rud,CT,18,57.953125,stop,137890,counterstrafe,343.75,177.17710876464844,30.69327735900879,0.0,0.0,,,0.0,1.218780517578125,,,,,,,,,,,
pilot_mirage,rud,CT,18,57.953125,stop,137998,release,234.375,158.1687774658203,34.82367706298828,0.0,0.0,,,0.0,0.0,,,,,,,,,,,
pilot_mirage,rud,CT,18,57.953125,peek,136100,,,,,,,,,,,narrow,116.44785604103153,687.5,1968.75,1.0,231.00225830078125,0.0,172.6120147705078,0.0,2.737290348598224,0.0
pilot_mirage,rud,CT,18,57.953125,peek,136322,,,,,,,,,,,jiggle,43.1111425576299,343.75,343.75,1.0,186.4609375,0.0,2.356231689453125,0.0,3.11409357644528,0.0
pilot_mirage,rud,CT,18,57.953125,peek,137278,,,,,,,,,,,traversal,264.34077927304264,1484.375,4984.375,0.0,250.0074005126953,0.22916666666666666,121.51666259765625,0.0,0.9240527814252599,0.0
pilot_mirage,rud,CT,18,57.953125,peek,137741,,,,,,,,,,,commit,111.12046381191547,1484.375,4984.375,0.0,230.0041046142578,0.0,2.15606689453125,0.0,1.1722389408871474,0.0
pilot_mirage,rud,CT,18,57.953125,peek,138577,,,,,,,,,,,traversal,20.91324937878143,1484.375,1484.375,1.0,107.5949935913086,0.46875,0.0,0.0,0.0005368231227487065,0.0
pilot_mirage,rud,CT,18,57.953125,peek,138702,,,,,,,,,,,traversal,82.15547119227102,1484.375,4984.375,0.0,159.65879821777344,0.7708333333333334,6.6580963134765625,1.0,0.7887317930186821,1.0
pilot_mirage,rud,CT,18,57.953125,peek,139072,,,,,,,,,,,traversal,162.8306178501302,1484.375,2968.75,0.0,119.60196685791016,0.9895833333333334,23.649444580078125,1.0,0.8797925325941118,1.0
pilot_mirage,rud,T,0,51.3125,stop,1872,counter_fwd,125.0,157.69175720214844,5.084080219268799,0.0,0.0,,,0.0,0.0,,,,,,,,,,,
pilot_mirage,rud,T,0,51.3125,stop,1892,counter_fwd,93.75,150.49917602539062,21.592796325683594,0.0,0.0,,,0.0,2.02423095703125,,,,,,,,,,,
pilot_mirage,rud,T,0,51.3125,stop,1985,counterstrafe,234.375,170.8270263671875,26.55118751525879,0.0,0.0,,,1.0,6.68792724609375,,,,,,,,,,,
pilot_mirage,rud,T,0,51.3125,stop,2169,counterstrafe,78.125,167.5053253173828,16.887039184570312,0.0,0.0,,,1.0,2.420074462890625,,,,,,,,,,,
pilot_mirage,rud,T,0,51.3125,stop,2220,counterstrafe,62.5,177.01026916503906,21.509496688842773,0.0,1.0,0.0,21.509496688842773,1.0,9.57012939453125,,,,,,,,,,,
pilot_mirage,rud,T,0,51.3125,stop,2243,counterstrafe,140.625,152.9780731201172,23.853504180908203,0.0,1.0,0.0,23.853504180908203,0.0,4.7962188720703125,,,,,,,,,,,
pilot_mirage,rud,T,0,51.3125,stop,2389,release,218.75,150.29420471191406,32.61680603027344,0.0,0.0,,,1.0,3.212158203125,,,,,,,,,,,
pilot_mirage,rud,T,0,51.3125,stop,5168,counterstrafe,359.375,157.4552001953125,25.903871536254883,1.0,0.0,,,1.0,5.1920623779296875,,,,,,,,,,,
pilot_mirage,rud,T,0,51.3125,stop,5762,counterstrafe,78.125,167.72593688964844,21.350414276123047,0.0,0.0,,,1.0,0.30796051025390625,,,,,,,,,,,
pilot_mirage,rud,T,0,51.3125,stop,5767,counterstrafe,156.25,167.72593688964844,31.337444305419922,0.0,0.0,,,1.0,0.814361572265625,,,,,,,,,,,
pilot_mirage,rud,T,0,51.3125,stop,5807,counterstrafe,78.125,177.3281707763672,19.079566955566406,1.0,0.0,,,1.0,0.28598785400390625,,,,,,,,,,,
pilot_mirage,rud,T,0,51.3125,stop,6110,counterstrafe,125.0,156.83009338378906,33.29753875732422,0.0,0.0,,,0.0,0.06591796875,,,,,,,,,,,
pilot_mirage,rud,T,0,51.3125,stop,6260,counterstrafe,93.75,191.37770080566406,16.15595245361328,0.0,0.0,,,1.0,0.3958587646484375,,,,,,,,,,,
pilot_mirage,rud,T,0,51.3125,stop,6275,counterstrafe,328.125,191.37770080566406,24.19426918029785,0.0,0.0,,,1.0,2.706085205078125,,,,,,,,,,,
pilot_mirage,rud,T,0,51.3125,stop,6397,crouch_stop,156.25,156.349609375,34.4444465637207,1.0,1.0,0.0,34.4444465637207,0.0,0.4840850830078125,,,,,,,,,,,
pilot_mirage,rud,T,0,51.3125,stop,6633,counterstrafe,140.625,164.77354431152344,6.726208686828613,0.0,0.0,,,1.0,2.5742340087890625,,,,,,,,,,,
pilot_mirage,rud,T,0,51.3125,peek,5355,,,,,,,,,,,traversal,331.08591315477247,1484.375,4984.375,0.0,245.00881958007812,0.0,5.5220184326171875,0.0,0.02232944399625179,0.0
pilot_mirage,rud,T,0,51.3125,peek,5888,,,,,,,,,,,commit,136.27888914669853,1484.375,4984.375,0.0,240.00094604492188,0.0,68.28792572021484,0.0,1.1251532041702168,0.0
pilot_mirage,rud,T,0,51.3125,peek,6606,,,,,,,,,,,commit,112.7554988630989,937.5,1046.875,0.0,227.81687927246094,0.0,123.96974182128906,0.0,2.08212993851,0.0
pilot_mirage,rud,T,1,61.0625,stop,10052,release,15.625,154.861572265625,0.0,0.0,1.0,0.0,0.0,0.0,0.0,,,,,,,,,,,
pilot_mirage,rud,T,1,61.0625,stop,11076,counterstrafe,78.125,178.7464141845703,31.863948822021484,0.0,0.0,,,1.0,0.132171630859375,,,,,,,,,,,
pilot_mirage,rud,T,1,61.0625,stop,11085,counterstrafe,218.75,178.7464141845703,34.09516525268555,0.0,0.0,,,1.0,1.254486083984375,,,,,,,,,,,
pilot_mirage,rud,T,1,61.0625,stop,11133,counterstrafe,93.75,151.79383850097656,15.899845123291016,0.0,0.0,,,1.0,0.660186767578125,,,,,,,,,,,
pilot_mirage,rud,T,1,61.0625,stop,11150,counterstrafe,359.375,151.79383850097656,27.80782699584961,0.0,0.0,,,1.0,0.8802490234375,,,,,,,,,,,
pilot_mirage,rud,T,1,61.0625,stop,11274,counterstrafe,203.125,161.15145874023438,29.146129608154297,0.0,1.0,15.625,22.629175186157227,1.0,0.48443603515625,,,,,,,,,,,
pilot_mirage,rud,T,1,61.0625,stop,11451,counterstrafe,93.75,157.08229064941406,28.951969146728516,0.0,1.0,359.375,23.520536422729492,1.0,0.132171630859375,,,,,,,,,,,
pilot_mirage,rud,T,1,61.0625,stop,11455,counterstrafe,156.25,157.08229064941406,32.98257064819336,0.0,1.0,296.875,23.520536422729492,1.0,0.198089599609375,,,,,,,,,,,
pilot_mirage,rud,T,1,61.0625,stop,11960,counterstrafe,78.125,165.84091186523438,23.804874420166016,0.0,0.0,,,1.0,0.0439453125,,,,,,,,,,,
pilot_mirage,rud,T,1,61.0625,stop,13625,counterstrafe,78.125,160.77297973632812,20.14512825012207,0.0,0.0,,,1.0,2.4420623779296875,,,,,,,,,,,
pilot_mirage,rud,T,1,61.0625,stop,13662,counterstrafe,78.125,163.63223266601562,28.97229766845703,0.0,0.0,,,1.0,1.627685546875,,,,,,,,,,,
pilot_mirage,rud,T,1,61.0625,stop,13686,counterstrafe,78.125,156.6862030029297,16.653881072998047,0.0,0.0,,,1.0,0.462127685546875,,,,,,,,,,,
pilot_mirage,rud,T,1,61.0625,stop,13709,counterstrafe,78.125,168.3380584716797,31.19485092163086,0.0,0.0,,,1.0,0.3519134521484375,,,,,,,,,,,
pilot_mirage,rud,T,1,61.0625,stop,13730,counterstrafe,78.125,156.20668029785156,21.313013076782227,0.0,0.0,,,1.0,0.0,,,,,,,,,,,
pilot_mirage,rud,T,1,61.0625,stop,13749,counterstrafe,375.0,156.20668029785156,11.623139381408691,0.0,0.0,,,1.0,3.91595458984375,,,,,,,,,,,
pilot_mirage,rud,T,1,61.0625,peek,10154,,,,,,,,,,,traversal,269.7005811217485,1484.375,4984.375,0.0,250.00262451171875,0.0,31.834228515625,3.0,0.1836948878879585,0.0
pilot_mirage,rud,T,1,61.0625,peek,11179,,,,,,,,,,,traversal,85.66660066761298,1484.375,1968.75,1.0,198.47149658203125,0.22916666666666666,10.956451416015625,3.0,0.709272543833336,0.0
pilot_mirage,rud,T,1,61.0625,peek,11597,,,,,,,,,,,commit,121.50885317866079,1484.375,4984.375,0.0,135.6067352294922,0.0,140.3383560180664,2.0,2.903427470049105,0.0
pilot_mirage,rud,T,1,61.0625,peek,12127,,,,,,,,,,,jiggle,15.688688983660484,796.875,796.875,1.0,130.3507080078125,0.0,8.095199584960938,0.0,25.020512999892947,0.0
pilot_mirage,rud,T,1,61.0625,peek,12287,,,,,,,,,,,narrow,98.84218813423209,1296.875,1921.875,1.0,111.80123901367188,0.5,22.5054931640625,0.0,2.4239171113991,0.0
pilot_mirage,rud,T,1,61.0625,peek,12556,,,,,,,,,,,narrow,126.54104559052713,1484.375,4062.5,1.0,111.80348205566406,0.3333333333333333,35.55210876464844,0.0,2.3543464962877936,0.0
pilot_mirage,rud,T,1,61.0625,peek,12893,,,,,,,,,,,traversal,101.13045956700522,1484.375,4984.375,0.0,111.80377197265625,0.90625,152.50326538085938,0.0,0.9359320708444123,1.0
pilot_mirage,rud,T,1,61.0625,peek,13401,,,,,,,,,,,jiggle,34.69303574212744,656.25,656.25,1.0,111.8028335571289,0.627906976744186,6.88568115234375,0.0,15.721072984030908,1.0
pilot_mirage,rud,T,1,61.0625,peek,13447,,,,,,,,,,,traversal,108.15737677130578,1484.375,4984.375,0.0,204.26025390625,0.9895833333333334,150.87660217285156,0.0,0.5508269108166266,1.0
pilot_mirage,rud,T,2,13.5,stop,16834,counterstrafe,125.0,164.91775512695312,23.64845848083496,0.0,0.0,,,1.0,0.48406982421875,,,,,,,,,,,
pilot_mirage,rud,T,2,13.5,stop,17090,counterstrafe,78.125,175.03138732910156,25.175046920776367,0.0,1.0,109.375,2.1270670890808105,1.0,0.68218994140625,,,,,,,,,,,
pilot_mirage,rud,T,2,13.5,stop,17129,counterstrafe,62.5,155.37684631347656,33.77788543701172,0.0,0.0,,,1.0,0.0,,,,,,,,,,,
pilot_mirage,rud,T,2,13.5,stop,17146,counterstrafe,328.125,155.37684631347656,29.530414581298828,0.0,1.0,250.0,72.81424713134766,1.0,0.264007568359375,,,,,,,,,,,
pilot_mirage,rud,T,2,13.5,peek,16863,,,,,,,,,,,commit,115.89741650264389,1484.375,4984.375,0.0,186.94749450683594,0.5208333333333334,13.552337646484375,3.0,12.072269936117548,1.0
pilot_mirage,rud,T,3,24.421875,stop,30810,counterstrafe,125.0,175.03125,17.340171813964844,0.0,0.0,,,1.0,0.220062255859375,,,,,,,,,,,
pilot_mirage,rud,T,3,24.421875,stop,31609,counterstrafe,93.75,155.59613037109375,33.57612991333008,0.0,0.0,,,1.0,0.3079681396484375,,,,,,,,,,,
pilot_mirage,rud,T,3,24.421875,stop,31614,counterstrafe,171.875,155.59613037109375,14.283141136169434,0.0,0.0,,,1.0,0.3519134521484375,,,,,,,,,,,
pilot_mirage,rud,T,3,24.421875,stop,31621,counterstrafe,281.25,155.59613037109375,18.236486434936523,0.0,0.0,,,1.0,0.3519134521484375,,,,,,,,,,,
pilot_mirage,rud,T,3,24.421875,stop,31627,counterstrafe,375.0,155.59613037109375,14.255815505981445,0.0,0.0,,,1.0,0.484100341796875,,,,,,,,,,,
pilot_mirage,rud,T,3,24.421875,stop,31750,counterstrafe,62.5,155.50323486328125,34.16341018676758,0.0,0.0,,,1.0,0.285980224609375,,,,,,,,,,,
pilot_mirage,rud,T,3,24.421875,stop,31786,counterstrafe,78.125,170.02549743652344,31.97976303100586,0.0,0.0,,,1.0,0.176116943359375,,,,,,,,,,,
pilot_mirage,rud,T,3,24.421875,stop,31849,counterstrafe,78.125,156.64073181152344,17.166213989257812,0.0,0.0,,,1.0,0.02197265625,,,,,,,,,,,
pilot_mirage,rud,T,3,24.421875,stop,31867,counterstrafe,359.375,156.64073181152344,33.08228302001953,0.0,1.0,109.375,24.681337356567383,1.0,0.329925537109375,,,,,,,,,,,
pilot_mirage,rud,T,3,24.421875,peek,30827,,,,,,,,,,,jiggle,1.4092448041731966,46.875,46.875,1.0,50.1328239440918,0.0,0.0,0.0,6.615486118842399,0.0
pilot_mirage,rud,T,3,24.421875,peek,30925,,,,,,,,,,,commit,113.24901995125606,890.625,4984.375,0.0,195.0175018310547,0.5517241379310345,10.318923950195312,0.0,22.976609555581668,1.0
pilot_mirage,rud,T,3,24.421875,peek,31508,,,,,,,,,,,traversal,297.73432498717415,1484.375,4984.375,0.0,230.00196838378906,0.0,11.175857543945312,2.0,0.23132037600399946,0.0
pilot_mirage,rud,T,4,18.203125,stop,36001,release,93.75,188.65423583984375,0.0,0.0,1.0,281.25,0.0,0.0,1.517852783203125,,,,,,,,,,,
pilot_mirage,rud,T,4,18.203125,stop,36699,counterstrafe,171.875,173.60948181152344,30.052234649658203,0.0,0.0,,,1.0,0.3742218017578125,,,,,,,,,,,
pilot_mirage,rud,T,4,18.203125,stop,36744,counterstrafe,93.75,186.2335968017578,25.323026657104492,0.0,0.0,,,0.0,0.48406982421875,,,,,,,,,,,
pilot_mirage,rud,T,4,18.203125,stop,36792,counterstrafe,78.125,152.572509765625,17.909669876098633,0.0,1.0,0.0,17.909669876098633,1.0,0.220428466796875,,,,,,,,,,,
pilot_mirage,rud,T,4,18.203125,stop,36995,counterstrafe,78.125,162.50119018554688,27.3397216796875,0.0,0.0,,,0.0,0.307952880859375,,,,,,,,,,,
pilot_mirage,rud,T,4,18.203125,peek,35877,,,,,,,,,,,traversal,255.73103612850707,1484.375,4984.375,0.0,250.0027313232422,0.0,167.81759643554688,1.0,0.3246732503287755,0.0
pilot_mirage,rud,T,4,18.203125,peek,36827,,,,,,,,,,,traversal,259.0145068723114,1375.0,2687.5,0.0,215.00123596191406,0.0,17.512542724609375,0.0,0.7051741855422762,0.0
pilot_mirage,rud,T,5,38.78125,stop,41112,counter_fwd,171.875,152.5220947265625,25.068967819213867,0.0,0.0,,,0.0,0.5719757080078125,,,,,,,,,,,
pilot_mirage,rud,T,5,38.78125,stop,41392,release,62.5,213.99603271484375,32.11524963378906,0.0,0.0,,,1.0,0.4181671142578125,,,,,,,,,,,
pilot_mirage,rud,T,5,38.78125,stop,41463,counterstrafe,78.125,168.85902404785156,18.044734954833984,0.0,1.0,31.25,21.67427635192871,1.0,0.1318359375,,,,,,,,,,,
pilot_mirage,rud,T,5,38.78125,stop,41563,counterstrafe,125.0,151.39820861816406,31.8497314453125,0.0,0.0,,,1.0,12.583808898925781,,,,,,,,,,,
pilot_mirage,rud,T,5,38.78125,stop,41607,counterstrafe,78.125,209.46060180664062,34.692237854003906,0.0,0.0,,,1.0,0.968170166015625,,,,,,,,,,,
pilot_mirage,rud,T,5,38.78125,stop,41645,counterstrafe,78.125,165.75350952148438,15.812447547912598,0.0,0.0,,,1.0,1.848114013671875,,,,,,,,,,,
pilot_mirage,rud,T,5,38.78125,stop,41706,release,343.75,158.78244018554688,33.203861236572266,0.0,0.0,,,0.0,0.0,,,,,,,,,,,
pilot_mirage,rud,T,5,38.78125,stop,41787,counterstrafe,78.125,181.73536682128906,29.981342315673828,0.0,0.0,,,1.0,0.484100341796875,,,,,,,,,,,
pilot_mirage,rud,T,5,38.78125,stop,41804,counterstrafe,343.75,181.73536682128906,21.53999900817871,0.0,0.0,,,1.0,8.448135375976562,,,,,,,,,,,
pilot_mirage,rud,T,5,38.78125,stop,41825,counterstrafe,78.125,167.26754760742188,19.59911346435547,0.0,0.0,,,1.0,0.3519134521484375,,,,,,,,,,,
pilot_mirage,rud,T,5,38.78125,stop,41838,counterstrafe,281.25,167.26754760742188,32.29207229614258,0.0,0.0,,,1.0,0.90191650390625,,,,,,,,,,,
pilot_mirage,rud,T,5,38.78125,stop,41843,counterstrafe,359.375,167.26754760742188,31.962247848510742,0.0,0.0,,,1.0,0.90191650390625,,,,,,,,,,,
pilot_mirage,rud,T,5,38.78125,stop,41871,counterstrafe,78.125,165.557861328125,32.028629302978516,0.0,0.0,,,1.0,0.506072998046875,,,,,,,,,,,
pilot_mirage,rud,T,5,38.78125,stop,41896,counterstrafe,78.125,162.86061096191406,33.47588348388672,0.0,0.0,,,1.0,0.044281005859375,,,,,,,,,,,
pilot_mirage,rud,T,5,38.78125,stop,42623,counterstrafe,78.125,157.76002502441406,13.764774322509766,0.0,1.0,312.5,68.84638977050781,1.0,0.087890625,,,,,,,,,,,
pilot_mirage,rud,T,5,38.78125,stop,42637,counterstrafe,296.875,157.76002502441406,24.100791931152344,0.0,1.0,93.75,68.84638977050781,1.0,2.04620361328125,,,,,,,,,,,
pilot_mirage,rud,T,5,38.78125,stop,42659,counterstrafe,125.0,154.22189331054688,28.207536697387695,0.0,0.0,,,1.0,2.46435546875,,,,,,,,,,,
pilot_mirage,rud,T,5,38.78125,peek,40421,,,,,,,,,,,traversal,275.2678283462922,1484.375,4984.375,0.0,250.00242614746094,0.0,55.704864501953125,0.0,0.05809531306094286,0.0
pilot_mirage,rud,T,5,38.78125,peek,41237,,,,,,,,,,,traversal,330.4084186436107,1484.375,4984.375,0.0,250.0021514892578,0.0,87.7367935180664,1.0,5.097031167656609,0.0
pilot_mirage,rud,T,5,38.78125,peek,41667,,,,,,,,,,,narrow,68.5889485055234,1000.0,1265.625,1.0,194.62503051757812,0.0,13.72808837890625,0.0,68.01856442723111,0.0
pilot_mirage,rud,T,5,38.78125,peek,41924,,,,,,,,,,,commit,265.28374825120903,1484.375,4984.375,0.0,229.69581604003906,0.13541666666666666,50.57867431640625,0.0,1.0079369474987088,0.0
pilot_mirage,rud,T,5,38.78125,peek,42336,,,,,,,,,,,commit,181.59048580779566,1484.375,4984.375,0.0,181.84027099609375,0.8125,63.2064208984375,1.0,1.14653948573892,1.0
pilot_mirage,rud,T,5,38.78125,peek,42711,,,,,,,,,,,jiggle,37.62233443071559,1453.125,1453.125,1.0,111.83961486816406,0.0,5.961822509765625,0.0,13.329327792493144,0.0
pilot_mirage,rud,T,5,38.78125,peek,42805,,,,,,,,,,,commit,105.94948995904507,703.125,812.5,0.0,219.35972595214844,0.0,49.52227783203125,0.0,1.3007498828704718,0.0
pilot_mirage,rud,T,6,115.0,stop,45713,counterstrafe,312.5,193.84124755859375,29.851579666137695,0.0,0.0,,,1.0,4.8264312744140625,,,,,,,,,,,
pilot_mirage,rud,T,6,115.0,stop,45954,counterstrafe,93.75,157.14366149902344,19.628013610839844,0.0,0.0,,,1.0,0.763214111328125,,,,,,,,,,,
pilot_mirage,rud,T,6,115.0,stop,45989,release,15.625,162.76171875,0.0,0.0,0.0,,,0.0,0.0,,,,,,,,,,,
pilot_mirage,rud,T,6,115.0,stop,46049,counterstrafe,93.75,164.21234130859375,13.93319034576416,0.0,0.0,,,1.0,0.02197265625,,,,,,,,,,,
pilot_mirage,rud,T,6,115.0,stop,46105,release,15.625,156.81593322753906,0.9341166019439697,0.0,0.0,,,0.0,0.0,,,,,,,,,,,
pilot_mirage,rud,T,6,115.0,stop,48681,counterstrafe,78.125,152.64501953125,17.457670211791992,0.0,0.0,,,1.0,0.0,,,,,,,,,,,
pilot_mirage,rud,T,6,115.0,stop,51628,counterstrafe,78.125,152.79183959960938,19.397680282592773,0.0,0.0,,,1.0,0.0439453125,,,,,,,,,,,
pilot_mirage,rud,T,6,115.0,stop,51774,release,203.125,165.8623046875,31.859376907348633,0.0,0.0,,,0.0,7.89813232421875,,,,,,,,,,,
pilot_mirage,rud,T,6,115.0,stop,51858,counterstrafe,140.625,162.18800354003906,28.411243438720703,0.0,0.0,,,1.0,0.198089599609375,,,,,,,,,,,
pilot_mirage,rud,T,6,115.0,peek,45800,,,,,,,,,,,traversal,341.8239751138614,1484.375,4984.375,0.0,258.6196594238281,0.0,47.9375,0.0,0.12460998564956359,0.0
pilot_mirage,rud,T,6,115.0,peek,46123,,,,,,,,,,,jiggle,38.517138289547866,453.125,453.125,1.0,118.44243621826172,0.0,7.049774169921875,0.0,19.602609988797695,0.0
pilot_mirage,rud,T,6,115.0,peek,46169,,,,,,,,,,,traversal,161.87697131989123,1484.375,4984.375,0.0,257.5671691894531,0.0,233.7973175048828,2.0,0.24142807647027195,0.0
pilot_mirage,rud,T,6,115.0,peek,50689,,,,,,,,,,,traversal,127.36531511233717,1484.375,4984.375,0.0,107.60124969482422,0.4270833333333333,51.37548828125,0.0,0.30494525736734984,0.0
pilot_mirage,rud,T,6,115.0,peek,51049,,,,,,,,,,,commit,92.62921982725604,1484.375,4984.375,0.0,104.00032806396484,0.4583333333333333,158.2467041015625,0.0,1.3630098820650398,0.0
pilot_mirage,rud,T,6,115.0,peek,51813,,,,,,,,,,,narrow,89.54322562093036,671.875,1078.125,1.0,191.8193817138672,0.0,8.096893310546875,0.0,1.8149652790310558,0.0
pilot_mirage,rud,T,7,21.5625,peek,52697,,,,,,,,,,,traversal,1790.1161974100928,1484.375,4984.375,0.0,250.00015258789062,0.0,44.910064697265625,0.0,0.016364939403089827,0.0
pilot_mirage,rud,T,7,21.5625,peek,54871,,,,,,,,,,,traversal,144.47809892195468,1359.375,1468.75,0.0,179.7261199951172,0.0,169.64195251464844,0.0,0.23498400300749167,0.0
pilot_mirage,rud,T,8,66.28125,stop,63741,counterstrafe,265.625,199.99815368652344,29.33529281616211,0.0,0.0,,,1.0,0.04876708984375,,,,,,,,,,,
pilot_mirage,rud,T,8,66.28125,stop,64746,counterstrafe,78.125,160.1405792236328,20.024389266967773,0.0,1.0,0.0,20.024389266967773,0.0,0.242034912109375,,,,,,,,,,,
pilot_mirage,rud,T,8,66.28125,stop,64807,counterstrafe,78.125,177.08523559570312,32.87726593017578,0.0,0.0,,,1.0,0.66021728515625,,,,,,,,,,,
pilot_mirage,rud,T,8,66.28125,stop,65439,counterstrafe,62.5,175.16566467285156,34.031307220458984,1.0,0.0,,,1.0,22.83575439453125,,,,,,,,,,,
pilot_mirage,rud,T,8,66.28125,stop,66271,counterstrafe,203.125,194.16355895996094,32.3931770324707,1.0,0.0,,,1.0,0.9884262084960938,,,,,,,,,,,
pilot_mirage,rud,T,8,66.28125,stop,67257,counterstrafe,93.75,179.3123779296875,10.723359107971191,0.0,1.0,140.625,1.207309365272522,1.0,2.248077392578125,,,,,,,,,,,
pilot_mirage,rud,T,8,66.28125,stop,67270,counterstrafe,296.875,179.3123779296875,34.46537399291992,0.0,1.0,0.0,34.46537399291992,0.0,9.544754028320312,,,,,,,,,,,
pilot_mirage,rud,T,8,66.28125,peek,63071,,,,,,,,,,,traversal,273.30473283401324,1484.375,4984.375,0.0,261.38262939453125,0.0,160.22567749023438,1.0,0.08854356580685917,0.0
pilot_mirage,rud,T,8,66.28125,peek,63785,,,,,,,,,,,traversal,124.89503437348401,1484.375,4984.375,0.0,100.00151062011719,0.0,19.859527587890625,0.0,0.630837548373837,0.0
pilot_mirage,rud,T,8,66.28125,peek,64122,,,,,,,,,,,traversal,193.66293814044744,1484.375,4984.375,0.0,200.0001983642578,0.0,7.477569580078125,0.0,0.7697589598873028,0.0
pilot_mirage,rud,T,8,66.28125,peek,64654,,,,,,,,,,,commit,153.2831894434227,828.125,4984.375,0.0,245.00103759765625,0.0,70.927734375,1.0,1.3174106331534343,0.0
pilot_mirage,rud,T,8,66.28125,peek,65455,,,,,,,,,,,traversal,182.14144618843335,1375.0,4984.375,0.0,231.74058532714844,0.0,72.82008361816406,1.0,0.8562488063383875,0.0
pilot_mirage,rud,T,8,66.28125,peek,66293,,,,,,,,,,,traversal,9.980104398702165,1375.0,1375.0,1.0,43.82917785644531,0.8764044943820225,0.185394287109375,0.0,0.3473985896093751,1.0
pilot_mirage,rud,T,8,66.28125,peek,66432,,,,,,,,,,,jiggle,40.82124746337897,640.625,640.625,1.0,94.65264892578125,0.0,1.525726318359375,0.0,8.343158569438561,0.0
pilot_mirage,rud,T,8,66.28125,peek,66503,,,,,,,,,,,traversal,55.14217762154269,1000.0,4984.375,0.0,92.90058135986328,0.2153846153846154,1.9167709350585938,0.0,0.9490659653238215,0.0
pilot_mirage,rud,T,8,66.28125,peek,67196,,,,,,,,,,,commit,134.99612422342182,937.5,1187.5,0.0,181.4832305908203,0.0,97.39208984375,1.0,2.850964613405321,0.0
pilot_mirage,rud,T,9,63.59375,stop,70469,release,31.25,190.24070739746094,33.44923400878906,0.0,0.0,,,0.0,0.0,,,,,,,,,,,
pilot_mirage,rud,T,9,63.59375,stop,70604,counterstrafe,78.125,177.5220184326172,31.719104766845703,0.0,0.0,,,1.0,0.0439453125,,,,,,,,,,,
pilot_mirage,rud,T,9,63.59375,stop,70635,counterstrafe,93.75,176.3428955078125,18.06772232055664,0.0,0.0,,,1.0,0.0439453125,,,,,,,,,,,
pilot_mirage,rud,T,9,63.59375,stop,70673,counterstrafe,93.75,162.7009735107422,20.773509979248047,0.0,0.0,,,1.0,0.1318359375,,,,,,,,,,,
pilot_mirage,rud,T,9,63.59375,stop,70915,release,218.75,152.03125,0.0,0.0,0.0,,,0.0,0.351898193359375,,,,,,,,,,,
pilot_mirage,rud,T,9,63.59375,stop,71000,counterstrafe,156.25,154.61708068847656,23.838096618652344,0.0,0.0,,,1.0,2.17803955078125,,,,,,,,,,,
pilot_mirage,rud,T,9,63.59375,stop,71021,counterstrafe,78.125,155.9297332763672,18.57341766357422,0.0,1.0,265.625,22.0474853515625,1.0,0.57232666015625,,,,,,,,,,,
pilot_mirage,rud,T,9,63.59375,stop,71038,counterstrafe,343.75,155.9297332763672,22.0474853515625,1.0,1.0,0.0,22.0474853515625,1.0,3.696533203125,,,,,,,,,,,
pilot_mirage,rud,T,9,63.59375,stop,71099,counterstrafe,78.125,159.59478759765625,18.727834701538086,0.0,1.0,218.75,40.44879913330078,1.0,0.087890625,,,,,,,,,,,
pilot_mirage,rud,T,9,63.59375,stop,71114,counterstrafe,312.5,159.59478759765625,26.64143180847168,1.0,1.0,0.0,26.64143180847168,1.0,1.166290283203125,,,,,,,,,,,
pilot_mirage,rud,T,9,63.59375,stop,71182,counterstrafe,78.125,157.4521484375,22.544519424438477,0.0,1.0,0.0,22.544519424438477,1.0,0.285980224609375,,,,,,,,,,,
pilot_mirage,rud,T,9,63.59375,stop,71252,counterstrafe,93.75,178.55880737304688,13.732545852661133,0.0,0.0,,,1.0,0.0,,,,,,,,,,,
pilot_mirage,rud,T,9,63.59375,stop,71258,counterstrafe,187.5,178.55880737304688,13.755159378051758,0.0,0.0,,,1.0,0.0,,,,,,,,,,,
pilot_mirage,rud,T,9,63.59375,stop,71546,counterstrafe,93.75,181.3200225830078,20.491106033325195,0.0,1.0,0.0,20.491106033325195,1.0,1.1662673950195312,,,,,,,,,,,
pilot_mirage,rud,T,9,63.59375,stop,71574,counterstrafe,78.125,152.4298095703125,17.017759323120117,0.0,1.0,0.0,17.017759323120117,1.0,0.4840850830078125,,,,,,,,,,,
pilot_mirage,rud,T,9,63.59375,stop,71799,release,31.25,182.5433349609375,29.677473068237305,0.0,0.0,,,0.0,0.0,,,,,,,,,,,
pilot_mirage,rud,T,9,63.59375,stop,72879,counterstrafe,78.125,160.56874084472656,18.29617691040039,0.0,0.0,,,0.0,0.0,,,,,,,,,,,
pilot_mirage,rud,T,9,63.59375,stop,72916,counterstrafe,78.125,179.56338500976562,32.46296310424805,0.0,0.0,,,0.0,0.33026123046875,,,,,,,,,,,
pilot_mirage,rud,T,9,63.59375,stop,73904,counter_fwd,62.5,151.65977478027344,0.0,1.0,1.0,0.0,0.0,0.0,0.0,,,,,,,,,,,
pilot_mirage,rud,T,9,63.59375,peek,70489,,,,,,,,,,,commit,310.0441656809834,1484.375,4984.375,0.0,238.92538452148438,0.0,227.10629272460938,0.0,1.3793805890980346,0.0
pilot_mirage,rud,T,9,63.59375,peek,70955,,,,,,,,,,,narrow,97.86505750535883,687.5,2156.25,1.0,206.63922119140625,0.0,6.44622802734375,1.0,3.217759433234373,0.0
pilot_mirage,rud,T,9,63.59375,peek,71149,,,,,,,,,,,commit,143.83788400124644,1484.375,4984.375,0.0,211.41738891601562,0.0,48.84173583984375,1.0,3.2252910933947483,0.0
pilot_mirage,rud,T,9,63.59375,peek,71471,,,,,,,,,,,wide,168.0218498459095,1484.375,2921.875,1.0,244.08822631835938,0.0,121.72644805908203,1.0,2.16470897776121,0.0
pilot_mirage,rud,T,9,63.59375,peek,72185,,,,,,,,,,,jiggle,20.41103435799416,265.625,265.625,1.0,108.64617156982422,0.7777777777777778,103.0260009765625,0.0,2.3960305807452227,1.0
pilot_mirage,rud,T,9,63.59375,peek,72503,,,,,,,,,,,traversal,13.85388187035653,234.375,234.375,1.0,71.93750762939453,0.8125,1.4742431640625,0.0,0.9349646782536496,1.0
pilot_mirage,rud,T,9,63.59375,peek,72668,,,,,,,,,,,commit,113.91884381704045,1484.375,4984.375,0.0,135.9381561279297,0.8854166666666666,208.6922149658203,0.0,1.616710857860438,1.0
pilot_mirage,rud,T,9,63.59375,peek,73264,,,,,,,,,,,traversal,257.4698627451698,1484.375,4984.375,0.0,246.57130432128906,0.0,39.22601318359375,0.0,0.04145588221265749,0.0
pilot_mirage,rud,T,10,85.640625,stop,76404,release,15.625,151.48751831054688,28.269548416137695,0.0,0.0,,,1.0,0.902252197265625,,,,,,,,,,,
pilot_mirage,rud,T,10,85.640625,stop,76500,counterstrafe,78.125,156.2327423095703,16.857595443725586,0.0,0.0,,,1.0,0.0,,,,,,,,,,,
pilot_mirage,rud,T,10,85.640625,stop,76523,counterstrafe,46.875,153.8605499267578,6.980538845062256,0.0,0.0,,,1.0,0.0,,,,,,,,,,,
pilot_mirage,rud,T,10,85.640625,stop,76697,counterstrafe,78.125,161.6509552001953,32.68608474731445,1.0,1.0,0.0,32.68608474731445,1.0,0.066253662109375,,,,,,,,,,,
pilot_mirage,rud,T,10,85.640625,stop,76997,counterstrafe,78.125,165.7042236328125,25.378175735473633,0.0,0.0,,,1.0,0.1318359375,,,,,,,,,,,
pilot_mirage,rud,T,10,85.640625,stop,77471,crouch_stop,78.125,160.48828125,9.58023452758789,1.0,0.0,,,1.0,0.0,,,,,,,,,,,
pilot_mirage,rud,T,10,85.640625,stop,77486,crouch_stop,312.5,160.48828125,27.824235916137695,1.0,0.0,,,1.0,6.5121307373046875,,,,,,,,,,,
pilot_mirage,rud,T,10,85.640625,stop,77547,release,140.625,203.93026733398438,8.773492813110352,0.0,0.0,,,0.0,28.358108520507812,,,,,,,,,,,
pilot_mirage,rud,T,10,85.640625,stop,77721,release,46.875,157.50962829589844,13.0285005569458,0.0,0.0,,,1.0,14.431915283203125,,,,,,,,,,,
pilot_mirage,rud,T,10,85.640625,stop,78487,crouch_stop,46.875,244.59596252441406,0.0,1.0,1.0,0.0,0.0,0.0,1.5398025512695312,,,,,,,,,,,
pilot_mirage,rud,T,10,85.640625,stop,78749,release,234.375,150.35626220703125,30.881677627563477,0.0,0.0,,,0.0,0.0,,,,,,,,,,,
pilot_mirage,rud,T,10,85.640625,stop,79137,counterstrafe,78.125,212.72410583496094,33.26564025878906,0.0,0.0,,,1.0,30.403961181640625,,,,,,,,,,,
pilot_mirage,rud,T,10,85.640625,stop,79367,release,250.0,162.16624450683594,30.114501953125,0.0,0.0,,,0.0,0.0,,,,,,,,,,,
pilot_mirage,rud,T,10,85.640625,stop,79776,counterstrafe,78.125,181.01431274414062,34.7072639465332,0.0,0.0,,,1.0,0.0,,,,,,,,,,,
pilot_mirage,rud,T,10,85.640625,stop,79827,counterstrafe,78.125,158.1140899658203,13.493578910827637,0.0,0.0,,,1.0,0.0,,,,,,,,,,,
pilot_mirage,rud,T,10,85.640625,stop,79876,counterstrafe,93.75,161.2455596923828,30.56588363647461,0.0,0.0,,,1.0,0.0,,,,,,,,,,,
pilot_mirage,rud,T,10,85.640625,stop,80093,counterstrafe,78.125,174.71983337402344,22.525114059448242,0.0,0.0,,,1.0,0.0,,,,,,,,,,,
pilot_mirage,rud,T,10,85.640625,stop,80129,counterstrafe,93.75,190.34844970703125,10.045319557189941,0.0,0.0,,,1.0,0.0,,,,,,,,,,,
pilot_mirage,rud,T,10,85.640625,stop,80141,counterstrafe,281.25,190.34844970703125,29.695728302001953,0.0,0.0,,,1.0,0.0,,,,,,,,,,,
pilot_mirage,rud,T,10,85.640625,peek,76478,,,,,,,,,,,jiggle,38.81268725858072,328.125,328.125,1.0,178.17056274414062,0.0,1.65032958984375,0.0,53.91380098106112,0.0
pilot_mirage,rud,T,10,85.640625,peek,76622,,,,,,,,,,,commit,204.1497964435248,1187.5,4984.375,0.0,215.002685546875,0.0,21.186798095703125,1.0,9.36732719439138,0.0
pilot_mirage,rud,T,10,85.640625,peek,78695,,,,,,,,,,,traversal,134.6628240419642,890.625,4984.375,0.0,249.99684143066406,0.0,0.835968017578125,0.0,0.003730655640083683,0.0
pilot_mirage,rud,T,10,85.640625,peek,79528,,,,,,,,,,,traversal,345.5586791851959,1484.375,4984.375,0.0,255.3844451904297,0.0,75.4379653930664,2.0,0.07251873273055606,0.0
pilot_mirage,rud,T,10,85.640625,peek,80664,,,,,,,,,,,commit,309.858655842313,1484.375,4984.375,0.0,250.0025177001953,0.0,152.59220123291016,0.0,2.0214272059727953,0.0
pilot_mirage,rud,T,11,36.484375,stop,81671,counterstrafe,93.75,169.3985137939453,17.65823745727539,0.0,0.0,,,1.0,3.45416259765625,,,,,,,,,,,
pilot_mirage,rud,T,11,36.484375,stop,81726,counterstrafe,93.75,182.73883056640625,12.5864896774292,0.0,0.0,,,1.0,0.1318359375,,,,,,,,,,,
pilot_mirage,rud,T,11,36.484375,stop,81754,counterstrafe,78.125,173.46624755859375,27.523151397705078,0.0,0.0,,,1.0,0.329925537109375,,,,,,,,,,,
pilot_mirage,rud,T,11,36.484375,stop,83132,release,15.625,176.078125,10.0546875,0.0,1.0,0.0,10.0546875,0.0,0.0223236083984375,,,,,,,,,,,
pilot_mirage,rud,T,11,36.484375,stop,83759,counterstrafe,78.125,167.2284698486328,27.804182052612305,0.0,0.0,,,1.0,0.06591796875,,,,,,,,,,,
pilot_mirage,rud,T,11,36.484375,stop,83793,counterstrafe,78.125,167.5633087158203,22.423059463500977,0.0,0.0,,,1.0,0.1318359375,,,,,,,,,,,
pilot_mirage,rud,T,11,36.484375,stop,83816,counterstrafe,78.125,159.4971466064453,21.720571517944336,0.0,0.0,,,1.0,0.02197265625,,,,,,,,,,,
pilot_mirage,rud,T,11,36.484375,stop,83831,counterstrafe,312.5,159.4971466064453,21.601219177246094,0.0,0.0,,,1.0,0.17578125,,,,,,,,,,,
pilot_mirage,rud,T,11,36.484375,stop,84176,counterstrafe,140.625,163.16622924804688,31.763851165771484,0.0,1.0,15.625,32.33424758911133,1.0,1.232208251953125,,,,,,,,,,,
pilot_mirage,rud,T,11,36.484375,stop,84182,counterstrafe,234.375,163.16622924804688,29.38741111755371,0.0,1.0,46.875,9.874932289123535,1.0,1.737945556640625,,,,,,,,,,,
pilot_mirage,rud,T,11,36.484375,stop,84827,counterstrafe,93.75,169.26588439941406,27.461929321289062,0.0,0.0,,,0.0,1.518157958984375,,,,,,,,,,,
pilot_mirage,rud,T,11,36.484375,peek,83189,,,,,,,,,,,traversal,340.7095784069515,1484.375,4984.375,0.0,250.00303649902344,0.0,58.651878356933594,0.0,0.041687354208718615,0.0
pilot_mirage,rud,T,11,36.484375,peek,84799,,,,,,,,,,,commit,65.1989746550848,843.75,1937.5,0.0,183.19149780273438,0.0,21.253021240234375,1.0,1.6564032681535845,0.0
pilot_mirage,smekk-,CT,0,41.390625,stop,1938,counterstrafe,93.75,152.3582763671875,27.057403564453125,0.0,0.0,,,1.0,6.1293487548828125,,,,,,,,,,,
pilot_mirage,smekk-,CT,0,41.390625,stop,2045,counterstrafe,218.75,150.9648895263672,29.390214920043945,0.0,0.0,,,1.0,4.681549072265625,,,,,,,,,,,
pilot_mirage,smekk-,CT,0,41.390625,stop,2166,counterstrafe,31.25,190.26918029785156,17.125028610229492,0.0,0.0,,,0.0,2.2793121337890625,,,,,,,,,,,
pilot_mirage,smekk-,CT,0,41.390625,stop,2230,release,203.125,152.2864532470703,27.470340728759766,0.0,0.0,,,1.0,4.9277191162109375,,,,,,,,,,,
pilot_mirage,smekk-,CT,0,41.390625,stop,2237,release,312.5,152.2864532470703,26.49192237854004,0.0,0.0,,,1.0,6.5293121337890625,,,,,,,,,,,
pilot_mirage,smekk-,CT,0,41.390625,stop,2388,counterstrafe,31.25,213.796875,25.311058044433594,0.0,0.0,,,0.0,6.067543029785156,,,,,,,,,,,
pilot_mirage,smekk-,CT,0,41.390625,stop,4513,counterstrafe,250.0,213.796875,21.483732223510742,0.0,0.0,,,0.0,127.69683837890625,,,,,,,,,,,
pilot_mirage,smekk-,CT,0,41.390625,stop,5246,counterstrafe,234.375,152.8195343017578,31.603349685668945,0.0,0.0,,,1.0,2.617828369140625,,,,,,,,,,,
pilot_mirage,smekk-,CT,0,41.390625,stop,5449,counterstrafe,78.125,182.78599548339844,31.931915283203125,0.0,1.0,156.25,0.0,1.0,0.12359619140625,,,,,,,,,,,
pilot_mirage,smekk-,CT,0,41.390625,stop,5537,counterstrafe,93.75,177.9113311767578,33.94154739379883,0.0,0.0,,,1.0,0.1229095458984375,,,,,,,,,,,
pilot_mirage,smekk-,CT,0,41.390625,stop,5545,counterstrafe,218.75,177.9113311767578,30.06972885131836,0.0,0.0,,,1.0,0.4003143310546875,,,,,,,,,,,
pilot_mirage,smekk-,CT,0,41.390625,stop,5711,counterstrafe,78.125,156.57077026367188,14.219298362731934,0.0,0.0,,,1.0,0.49267578125,,,,,,,,,,,
pilot_mirage,smekk-,CT,0,41.390625,stop,5727,counterstrafe,328.125,156.57077026367188,20.887102127075195,0.0,0.0,,,1.0,6.28350830078125,,,,,,,,,,,
pilot_mirage,smekk-,CT,0,41.390625,stop,5820,counterstrafe,62.5,154.2066192626953,28.962045669555664,0.0,1.0,78.125,58.63258361816406,1.0,0.09234619140625,,,,,,,,,,,
pilot_mirage,smekk-,CT,0,41.390625,stop,5847,counterstrafe,93.75,202.7066650390625,7.501776695251465,0.0,0.0,,,1.0,6.06756591796875,,,,,,,,,,,
pilot_mirage,smekk-,CT,0,41.390625,stop,5942,counterstrafe,62.5,159.55953979492188,34.93040084838867,0.0,1.0,93.75,10.26784896850586,1.0,0.615936279296875,,,,,,,,,,,
pilot_mirage,smekk-,CT,0,41.390625,stop,5947,counterstrafe,140.625,159.55953979492188,32.703975677490234,0.0,1.0,15.625,10.26784896850586,1.0,1.170379638671875,,,,,,,,,,,
pilot_mirage,smekk-,CT,0,41.390625,stop,6031,counterstrafe,78.125,159.88861083984375,27.626585006713867,0.0,1.0,0.0,27.626585006713867,1.0,1.694305419921875,,,,,,,,,,,
pilot_mirage,smekk-,CT,0,41.390625,peek,2256,,,,,,,,,,,jiggle,46.116667316769494,468.75,515.625,1.0,175.68348693847656,0.0,68.46818542480469,0.0,2.8600090819861403,0.0
pilot_mirage,smekk-,CT,0,41.390625,peek,5284,,,,,,,,,,,traversal,282.45144117163994,1484.375,4984.375,0.0,240.0032958984375,0.0,183.38314056396484,6.0,0.5592904922854626,0.0
pilot_mirage,smekk-,CT,1,20.171875,stop,2573,crouch_stop,46.875,186.7000732421875,7.0860066413879395,1.0,0.0,,,0.0,0.15380859375,,,,,,,,,,,
pilot_mirage,smekk-,CT,1,20.171875,stop,9953,crouch_stop,312.5,186.7000732421875,21.48701286315918,1.0,0.0,,,0.0,23.034210205078125,,,,,,,,,,,
pilot_mirage,smekk-,CT,1,20.171875,peek,10677,,,,,,,,,,,commit,169.11501051322392,1484.375,4984.375,0.0,119.60265350341797,0.9479166666666666,156.18641662597656,0.0,1.0897001725473519,1.0
pilot_mirage,smekk-,CT,1,20.171875,peek,11016,,,,,,,,,,,jiggle,36.47766433183478,468.75,468.75,1.0,107.01261901855469,0.0,7.792396545410156,0.0,2.2792419554797596,0.0
pilot_mirage,smekk-,CT,2,59.25,stop,17372,counterstrafe,78.125,163.90594482421875,22.719970703125,0.0,0.0,,,1.0,0.061798095703125,,,,,,,,,,,
pilot_mirage,smekk-,CT,2,59.25,stop,17391,counterstrafe,375.0,163.90594482421875,25.554672241210938,0.0,0.0,,,1.0,4.681549072265625,,,,,,,,,,,
pilot_mirage,smekk-,CT,2,59.25,stop,17414,counterstrafe,93.75,151.70755004882812,17.704851150512695,0.0,0.0,,,1.0,0.184722900390625,,,,,,,,,,,
pilot_mirage,smekk-,CT,2,59.25,stop,17427,counterstrafe,296.875,151.70755004882812,30.41131591796875,0.0,0.0,,,1.0,1.909576416015625,,,,,,,,,,,
pilot_mirage,smekk-,CT,2,59.25,stop,17685,counterstrafe,78.125,162.31942749023438,24.3615665435791,0.0,0.0,,,1.0,0.030548095703125,,,,,,,,,,,
pilot_mirage,smekk-,CT,2,59.25,stop,17698,counterstrafe,281.25,162.31942749023438,21.5933780670166,0.0,0.0,,,1.0,1.63214111328125,,,,,,,,,,,
pilot_mirage,smekk-,CT,2,59.25,stop,17808,counterstrafe,93.75,150.45021057128906,26.69795036315918,0.0,0.0,,,1.0,0.215606689453125,,,,,,,,,,,
pilot_mirage,smekk-,CT,2,59.25,stop,17813,counterstrafe,171.875,150.45021057128906,14.361207008361816,0.0,0.0,,,1.0,0.215606689453125,,,,,,,,,,,
pilot_mirage,smekk-,CT,2,59.25,stop,19554,counterstrafe,93.75,171.02984619140625,33.1972541809082,0.0,1.0,0.0,33.1972541809082,1.0,1.4169158935546875,,,,,,,,,,,
pilot_mirage,smekk-,CT,2,59.25,stop,19556,counterstrafe,125.0,171.02984619140625,34.5084342956543,1.0,1.0,0.0,34.5084342956543,1.0,1.9710235595703125,,,,,,,,,,,
pilot_mirage,smekk-,CT,2,59.25,stop,19568,counterstrafe,312.5,171.02984619140625,31.048189163208008,1.0,1.0,0.0,31.048189163208008,1.0,4.158355712890625,,,,,,,,,,,
pilot_mirage,smekk-,CT,2,59.25,stop,19774,counterstrafe,78.125,157.89315795898438,16.35564613342285,0.0,0.0,,,1.0,0.7700729370117188,,,,,,,,,,,
pilot_mirage,smekk-,CT,2,59.25,stop,19806,counterstrafe,78.125,159.1937255859375,14.65991497039795,0.0,0.0,,,1.0,0.06146240234375,,,,,,,,,,,
pilot_mirage,smekk-,CT,2,59.25,stop,19845,counterstrafe,140.625,150.6539764404297,34.544063568115234,0.0,0.0,,,1.0,1.4477996826171875,,,,,,,,,,,
pilot_mirage,smekk-,CT,2,59.25,stop,19896,counterstrafe,78.125,169.5940704345703,26.970462799072266,0.0,0.0,,,1.0,0.523895263671875,,,,,,,,,,,
pilot_mirage,smekk-,CT,2,59.25,stop,19980,counterstrafe,93.75,168.8363800048828,24.326078414916992,0.0,0.0,,,1.0,0.1847076416015625,,,,,,,,,,,
pilot_mirage,smekk-,CT,2,59.25,stop,19985,counterstrafe,171.875,168.8363800048828,14.587793350219727,0.0,0.0,,,1.0,0.277069091796875,,,,,,,,,,,
pilot_mirage,smekk-,CT,2,59.25,stop,20019,counterstrafe,78.125,174.35911560058594,25.482431411743164,0.0,0.0,,,1.0,0.215606689453125,,,,,,,,,,,
pilot_mirage,smekk-,CT,2,59.25,stop,20024,counterstrafe,156.25,174.35911560058594,28.814163208007812,0.0,0.0,,,1.0,0.307952880859375,,,,,,,,,,,
pilot_mirage,smekk-,CT,2,59.25,stop,20045,counterstrafe,78.125,155.8397674560547,31.55668830871582,0.0,0.0,,,1.0,0.3697662353515625,,,,,,,,,,,
pilot_mirage,smekk-,CT,2,59.25,peek,17238,,,,,,,,,,,traversal,79.80096327608126,1125.0,1890.625,1.0,134.35694885253906,0.5753424657534246,248.4639892578125,0.0,0.5888418722512374,1.0
pilot_mirage,smekk-,CT,2,59.25,peek,18190,,,,,,,,,,,commit,68.18789190788128,828.125,4984.375,0.0,117.0018539428711,0.5370370370370371,12.227447509765625,0.0,1.369286631898235,1.0
pilot_mirage,smekk-,CT,2,59.25,peek,18972,,,,,,,,,,,narrow,66.01384610335624,1125.0,1437.5,1.0,117.00190734863281,1.0,14.907073974609375,0.0,1.452334020788515,1.0
pilot_mirage,smekk-,CT,2,59.25,peek,19470,,,,,,,,,,,commit,123.49534957249166,1265.625,4984.375,0.0,208.59844970703125,0.07317073170731707,131.0531768798828,1.0,2.76652111909186,0.0
pilot_mirage,smekk-,CT,3,53.515625,stop,30412,release,203.125,160.3948974609375,21.48656463623047,0.0,0.0,,,1.0,48.41883850097656,,,,,,,,,,,
pilot_mirage,smekk-,CT,3,53.515625,stop,30865,release,31.25,191.71763610839844,19.996118545532227,0.0,0.0,,,0.0,0.4006500244140625,,,,,,,,,,,
pilot_mirage,smekk-,CT,3,53.515625,stop,30895,counterstrafe,140.625,155.692626953125,27.753704071044922,0.0,0.0,,,1.0,0.40032958984375,,,,,,,,,,,
pilot_mirage,smekk-,CT,3,53.515625,stop,30972,counterstrafe,78.125,176.74664306640625,28.547183990478516,0.0,0.0,,,1.0,0.061798095703125,,,,,,,,,,,
pilot_mirage,smekk-,CT,3,53.515625,stop,30993,counterstrafe,78.125,160.27639770507812,29.130592346191406,0.0,0.0,,,1.0,0.0923614501953125,,,,,,,,,,,
pilot_mirage,smekk-,CT,3,53.515625,stop,31018,counterstrafe,62.5,156.73211669921875,31.023202896118164,0.0,0.0,,,1.0,0.030914306640625,,,,,,,,,,,
pilot_mirage,smekk-,CT,3,53.515625,stop,31081,counterstrafe,78.125,180.986328125,19.57103729248047,0.0,0.0,,,1.0,0.0,,,,,,,,,,,
pilot_mirage,smekk-,CT,3,53.515625,stop,31109,release,234.375,154.99826049804688,31.73940086364746,0.0,0.0,,,0.0,0.554473876953125,,,,,,,,,,,
pilot_mirage,smekk-,CT,3,53.515625,stop,31152,counterstrafe,78.125,150.6915740966797,21.88013458251953,0.0,0.0,,,1.0,0.2468109130859375,,,,,,,,,,,
pilot_mirage,smekk-,CT,3,53.515625,stop,31173,counterstrafe,78.125,158.6634063720703,24.667034149169922,0.0,0.0,,,1.0,0.154144287109375,,,,,,,,,,,
pilot_mirage,smekk-,CT,3,53.515625,stop,31571,counterstrafe,78.125,164.60569763183594,8.87232494354248,0.0,1.0,62.5,49.52822494506836,1.0,0.215606689453125,,,,,,,,,,,
pilot_mirage,smekk-,CT,3,53.515625,stop,31701,counterstrafe,78.125,171.17420959472656,23.761550903320312,0.0,1.0,0.0,23.761550903320312,0.0,0.4926605224609375,,,,,,,,,,,
pilot_mirage,smekk-,CT,3,53.515625,stop,31737,counterstrafe,78.125,157.19656372070312,30.460947036743164,0.0,1.0,0.0,30.460947036743164,0.0,0.27740478515625,,,,,,,,,,,
pilot_mirage,smekk-,CT,3,53.515625,stop,31793,counterstrafe,78.125,156.17816162109375,29.68619155883789,0.0,1.0,0.0,29.68619155883789,0.0,0.8624267578125,,,,,,,,,,,
pilot_mirage,smekk-,CT,3,53.515625,stop,31825,counterstrafe,78.125,153.60699462890625,32.07891082763672,0.0,0.0,,,1.0,0.893341064453125,,,,,,,,,,,
pilot_mirage,smekk-,CT,3,53.515625,stop,31871,counterstrafe,93.75,155.4304962158203,23.041536331176758,1.0,1.0,156.25,11.071770668029785,1.0,0.09271240234375,,,,,,,,,,,
pilot_mirage,smekk-,CT,3,53.515625,stop,31956,counterstrafe,140.625,153.7166290283203,12.967802047729492,0.0,0.0,,,1.0,0.400665283203125,,,,,,,,,,,
pilot_mirage,smekk-,CT,3,53.515625,stop,32369,counterstrafe,328.125,165.88006591796875,29.15736198425293,0.0,0.0,,,1.0,1.909881591796875,,,,,,,,,,,
pilot_mirage,smekk-,CT,3,53.515625,stop,32719,counterstrafe,78.125,161.9788360595703,9.811504364013672,0.0,0.0,,,1.0,0.95477294921875,,,,,,,,,,,
pilot_mirage,smekk-,CT,3,53.515625,stop,32751,counterstrafe,109.375,154.6656494140625,28.535120010375977,0.0,0.0,,,1.0,0.400665283203125,,,,,,,,,,,
pilot_mirage,smekk-,CT,3,53.515625,stop,32914,release,171.875,151.130126953125,31.62605094909668,0.0,0.0,,,1.0,1.263397216796875,,,,,,,,,,,
pilot_mirage,smekk-,CT,3,53.515625,stop,32971,counterstrafe,78.125,160.34909057617188,32.080543518066406,0.0,0.0,,,1.0,0.09234619140625,,,,,,,,,,,
pilot_mirage,smekk-,CT,3,53.515625,stop,32994,counterstrafe,31.25,161.1239013671875,24.268808364868164,0.0,0.0,,,1.0,0.154144287109375,,,,,,,,,,,
pilot_mirage,smekk-,CT,3,53.515625,stop,32997,counterstrafe,78.125,161.1239013671875,30.815200805664062,0.0,0.0,,,1.0,0.154144287109375,,,,,,,,,,,
pilot_mirage,smekk-,CT,3,53.515625,stop,33037,counterstrafe,78.125,158.52655029296875,27.39752960205078,0.0,0.0,,,1.0,0.0,,,,,,,,,,,
pilot_mirage,smekk-,CT,3,53.515625,stop,33059,counterstrafe,62.5,151.66912841796875,30.557661056518555,0.0,0.0,,,1.0,0.06146240234375,,,,,,,,,,,
pilot_mirage,smekk-,CT,3,53.515625,stop,33079,counterstrafe,78.125,156.69212341308594,26.41082191467285,0.0,0.0,,,1.0,0.15380859375,,,,,,,,,,,
pilot_mirage,smekk-,CT,3,53.515625,stop,33110,release,156.25,153.45193481445312,10.890669822692871,0.0,0.0,,,1.0,0.739532470703125,,,,,,,,,,,
pilot_mirage,smekk-,CT,3,53.515625,stop,33283,counterstrafe,62.5,153.1896209716797,34.1575927734375,0.0,0.0,,,1.0,0.615936279296875,,,,,,,,,,,
pilot_mirage,smekk-,CT,3,53.515625,stop,33302,counterstrafe,359.375,153.1896209716797,14.599658012390137,0.0,0.0,,,1.0,9.455810546875,,,,,,,,,,,
pilot_mirage,smekk-,CT,3,53.515625,stop,33328,counterstrafe,78.125,163.94989013671875,23.921506881713867,0.0,1.0,0.0,23.921506881713867,1.0,0.646820068359375,,,,,,,,,,,
pilot_mirage,smekk-,CT,3,53.515625,peek,20163,,,,,,,,,,,traversal,278.603975670271,1484.375,4984.375,0.0,249.99671936035156,0.0,193.2080078125,3.0,0.49276483327234033,0.0
pilot_mirage,smekk-,CT,3,53.515625,peek,31042,,,,,,,,,,,jiggle,33.72571756274544,593.75,593.75,1.0,196.96133422851562,0.0,2.1869659423828125,0.0,46.16963874204618,0.0
pilot_mirage,smekk-,CT,3,53.515625,peek,31131,,,,,,,,,,,jiggle,36.67899957769424,312.5,312.5,1.0,174.0961151123047,0.0,1.509552001953125,0.0,57.035859914859444,0.0
pilot_mirage,smekk-,CT,3,53.515625,peek,31720,,,,,,,,,,,narrow,97.79142307738388,1484.375,2109.375,1.0,191.58535766601562,0.0,9.794998168945312,2.0,35.08291023622402,0.0
pilot_mirage,smekk-,CT,3,53.515625,peek,31917,,,,,,,,,,,narrow,87.96831226470763,593.75,953.125,1.0,215.72772216796875,0.0,4.9586029052734375,1.0,35.10691684847761,0.0
pilot_mirage,smekk-,CT,3,53.515625,peek,32532,,,,,,,,,,,traversal,215.68655012138024,1484.375,4984.375,0.0,225.0024871826172,0.0,91.5072021484375,0.0,0.3042248560442555,0.0
pilot_mirage,smekk-,CT,3,53.515625,peek,32950,,,,,,,,,,,jiggle,37.87836998191791,328.125,328.125,1.0,174.36424255371094,0.0,2.77264404296875,0.0,53.29252546321436,0.0
pilot_mirage,smekk-,CT,3,53.515625,peek,33148,,,,,,,,,,,traversal,25.280152083653192,1171.875,1171.875,1.0,72.18601989746094,0.9342105263157895,17.5252685546875,0.0,0.503528430003927,1.0
pilot_mirage,smekk-,CT,3,53.515625,peek,33227,,,,,,,,,,,commit,76.66637022829384,875.0,2484.375,0.0,206.08285522460938,0.0,45.245147705078125,1.0,2.2800121217570877,0.0
pilot_mirage,smekk-,CT,4,43.953125,stop,36356,counterstrafe,78.125,156.6508331298828,25.769079208374023,0.0,0.0,,,1.0,0.2465057373046875,,,,,,,,,,,
pilot_mirage,smekk-,CT,4,43.953125,stop,36877,counter_fwd,31.25,157.0234375,33.2734375,0.0,1.0,0.0,33.2734375,0.0,0.0,,,,,,,,,,,
pilot_mirage,smekk-,CT,4,43.953125,stop,36906,release,15.625,227.7578125,8.8359375,0.0,1.0,0.0,8.8359375,0.0,0.0,,,,,,,,,,,
pilot_mirage,smekk-,CT,4,43.953125,stop,37087,counterstrafe,62.5,152.4312744140625,34.186405181884766,0.0,0.0,,,1.0,0.061798095703125,,,,,,,,,,,
pilot_mirage,smekk-,CT,4,43.953125,stop,37092,counterstrafe,140.625,152.4312744140625,31.585376739501953,0.0,0.0,,,1.0,0.061798095703125,,,,,,,,,,,
pilot_mirage,smekk-,CT,4,43.953125,stop,37125,counterstrafe,78.125,165.5665283203125,17.30943489074707,0.0,0.0,,,1.0,0.307952880859375,,,,,,,,,,,
pilot_mirage,smekk-,CT,4,43.953125,stop,37130,counterstrafe,156.25,165.5665283203125,31.298355102539062,0.0,0.0,,,1.0,0.307952880859375,,,,,,,,,,,
pilot_mirage,smekk-,CT,4,43.953125,stop,37177,counterstrafe,78.125,163.10467529296875,25.131471633911133,0.0,1.0,343.75,74.94550323486328,0.0,0.4308624267578125,,,,,,,,,,,
pilot_mirage,smekk-,CT,4,43.953125,stop,37402,counter_fwd,156.25,153.07406616210938,32.631168365478516,0.0,0.0,,,0.0,2.7410888671875,,,,,,,,,,,
pilot_mirage,smekk-,CT,4,43.953125,stop,37891,counterstrafe,93.75,160.1012725830078,15.443121910095215,0.0,0.0,,,1.0,1.0162353515625,,,,,,,,,,,
pilot_mirage,smekk-,CT,4,43.953125,stop,37947,counterstrafe,93.75,183.6716766357422,15.084181785583496,0.0,1.0,31.25,30.144676208496094,1.0,8.7471923828125,,,,,,,,,,,
pilot_mirage,smekk-,CT,4,43.953125,stop,37963,counterstrafe,343.75,183.6716766357422,12.384126663208008,0.0,1.0,0.0,12.384126663208008,1.0,13.336029052734375,,,,,,,,,,,
pilot_mirage,smekk-,CT,4,43.953125,stop,38246,counterstrafe,78.125,158.94583129882812,21.580326080322266,0.0,0.0,,,1.0,0.0,,,,,,,,,,,
pilot_mirage,smekk-,CT,4,43.953125,stop,38263,counterstrafe,343.75,158.94583129882812,32.418174743652344,0.0,0.0,,,1.0,0.06146240234375,,,,,,,,,,,
pilot_mirage,smekk-,CT,4,43.953125,stop,38291,counterstrafe,93.75,150.76861572265625,15.610532760620117,0.0,0.0,,,1.0,0.0,,,,,,,,,,,
pilot_mirage,smekk-,CT,4,43.953125,stop,38310,counterstrafe,109.375,156.67861938476562,29.67694091796875,0.0,0.0,,,0.0,0.0,,,,,,,,,,,
pilot_mirage,smekk-,CT,4,43.953125,stop,38396,counterstrafe,93.75,152.39859008789062,27.567399978637695,0.0,0.0,,,1.0,0.15380859375,,,,,,,,,,,
pilot_mirage,smekk-,CT,4,43.953125,stop,38456,counterstrafe,78.125,154.2102813720703,23.69929313659668,0.0,0.0,,,1.0,0.0,,,,,,,,,,,
pilot_mirage,smekk-,CT,4,43.953125,stop,38482,counterstrafe,140.625,158.28480529785156,33.831050872802734,0.0,0.0,,,0.0,0.307952880859375,,,,,,,,,,,
pilot_mirage,smekk-,CT,4,43.953125,stop,38569,counterstrafe,62.5,151.44935607910156,30.462156295776367,0.0,1.0,203.125,143.9686279296875,1.0,0.369415283203125,,,,,,,,,,,
pilot_mirage,smekk-,CT,4,43.953125,stop,38592,counterstrafe,93.75,150.4173126220703,18.14997100830078,0.0,0.0,,,1.0,1.1703948974609375,,,,,,,,,,,
pilot_mirage,smekk-,CT,4,43.953125,stop,38629,counterstrafe,140.625,159.84136962890625,21.358295440673828,1.0,1.0,15.625,7.542215347290039,1.0,5.08184814453125,,,,,,,,,,,
pilot_mirage,smekk-,CT,4,43.953125,peek,36496,,,,,,,,,,,traversal,191.74971181432755,1484.375,4984.375,0.0,221.78359985351562,0.0,234.01773071289062,1.0,0.6310642678572621,0.0
pilot_mirage,smekk-,CT,4,43.953125,peek,37197,,,,,,,,,,,traversal,266.6186168100733,1484.375,4984.375,0.0,243.31378173828125,0.15625,86.363525390625,2.0,0.3040079821072567,0.0
pilot_mirage,smekk-,CT,4,43.953125,peek,38090,,,,,,,,,,,traversal,18.729403374696716,343.75,343.75,1.0,86.6500473022461,1.0,0.0,0.0,0.00017483222958776705,1.0
pilot_mirage,smekk-,CT,4,43.953125,peek,38200,,,,,,,,,,,commit,64.00135628434396,703.125,4984.375,0.0,193.12379455566406,0.0,33.63362121582031,0.0,1.2068331616796866,0.0
pilot_mirage,smekk-,CT,4,43.953125,peek,38527,,,,,,,,,,,jiggle,38.829187403215336,656.25,656.25,1.0,174.1056671142578,0.0,2.64837646484375,0.0,2.410083495066354,0.0
pilot_mirage,smekk-,CT,5,51.40625,stop,38708,release,31.25,164.99850463867188,4.2891764640808105,0.0,0.0,,,0.0,5.0818634033203125,,,,,,,,,,,
pilot_mirage,smekk-,CT,5,51.40625,stop,40378,release,171.875,152.83465576171875,21.48711395263672,0.0,0.0,,,1.0,33.2738037109375,,,,,,,,,,,
pilot_mirage,smekk-,CT,5,51.40625,stop,41084,counterstrafe,46.875,155.14732360839844,30.119979858398438,0.0,0.0,,,1.0,0.15415191650390625,,,,,,,,,,,
pilot_mirage,smekk-,CT,5,51.40625,stop,41211,counterstrafe,250.0,159.62850952148438,28.346084594726562,0.0,0.0,,,1.0,0.49266815185546875,,,,,,,,,,,
pilot_mirage,smekk-,CT,5,51.40625,stop,41307,counterstrafe,78.125,173.7189178466797,33.7060432434082,0.0,0.0,,,1.0,0.122894287109375,,,,,,,,,,,
pilot_mirage,smekk-,CT,5,51.40625,stop,41389,counter_fwd,312.5,154.64627075195312,34.21953201293945,0.0,0.0,,,0.0,4.065948486328125,,,,,,,,,,,
pilot_mirage,smekk-,CT,5,51.40625,stop,41551,counterstrafe,78.125,177.9194793701172,18.041378021240234,0.0,0.0,,,1.0,0.554473876953125,,,,,,,,,,,
pilot_mirage,smekk-,CT,5,51.40625,stop,41564,counterstrafe,281.25,177.9194793701172,19.685827255249023,0.0,1.0,203.125,81.33477020263672,1.0,0.646820068359375,,,,,,,,,,,
pilot_mirage,smekk-,CT,5,51.40625,stop,41612,release,31.25,168.28512573242188,27.609378814697266,0.0,0.0,,,0.0,0.030914306640625,,,,,,,,,,,
pilot_mirage,smekk-,CT,5,51.40625,stop,41664,counterstrafe,78.125,174.72125244140625,31.129619598388672,0.0,0.0,,,1.0,2.279327392578125,,,,,,,,,,,
pilot_mirage,smekk-,CT,5,51.40625,stop,41682,counterstrafe,359.375,174.72125244140625,34.16883850097656,0.0,0.0,,,1.0,4.743408203125,,,,,,,,,,,
pilot_mirage,smekk-,CT,5,51.40625,stop,41870,counterstrafe,93.75,170.40516662597656,27.522363662719727,0.0,0.0,,,1.0,0.615936279296875,,,,,,,,,,,
pilot_mirage,smekk-,CT,5,51.40625,stop,41882,counterstrafe,281.25,170.40516662597656,27.083078384399414,0.0,0.0,,,1.0,2.15606689453125,,,,,,,,,,,
pilot_mirage,smekk-,CT,5,51.40625,stop,41913,counterstrafe,156.25,157.59481811523438,34.143959045410156,0.0,0.0,,,0.0,1.724853515625,,,,,,,,,,,
pilot_mirage,smekk-,CT,5,51.40625,stop,42378,counterstrafe,125.0,153.42788696289062,29.086652755737305,0.0,1.0,0.0,29.086652755737305,0.0,0.8319091796875,,,,,,,,,,,
pilot_mirage,smekk-,CT,5,51.40625,stop,42441,counterstrafe,78.125,157.62522888183594,16.246782302856445,0.0,0.0,,,1.0,0.061767578125,,,,,,,,,,,
pilot_mirage,smekk-,CT,5,51.40625,stop,42475,counterstrafe,93.75,160.04928588867188,21.358787536621094,0.0,1.0,171.875,14.670628547668457,1.0,0.215606689453125,,,,,,,,,,,
pilot_mirage,smekk-,CT,5,51.40625,stop,42485,counterstrafe,250.0,160.04928588867188,4.720588207244873,0.0,1.0,15.625,14.670628547668457,1.0,0.89300537109375,,,,,,,,,,,
pilot_mirage,smekk-,CT,5,51.40625,stop,42686,counterstrafe,93.75,178.22645568847656,15.931440353393555,0.0,0.0,,,1.0,0.09234619140625,,,,,,,,,,,
pilot_mirage,smekk-,CT,5,51.40625,stop,42735,counterstrafe,78.125,152.6669464111328,30.099544525146484,0.0,0.0,,,0.0,0.0,,,,,,,,,,,
pilot_mirage,smekk-,CT,5,51.40625,peek,38675,,,,,,,,,,,traversal,71.86589986104501,500.0,4984.375,0.0,199.1079559326172,0.0,83.56063842773438,0.0,0.4944555191893903,0.0
pilot_mirage,smekk-,CT,5,51.40625,peek,41481,,,,,,,,,,,traversal,146.08938577773432,1078.125,4984.375,0.0,245.0038604736328,0.0,10.84149169921875,1.0,0.3217615814847086,0.0
pilot_mirage,smekk-,CT,5,51.40625,peek,42515,,,,,,,,,,,narrow,79.48551138893588,1078.125,2296.875,1.0,142.65625,0.0,129.54464721679688,0.0,1.24913160320949,0.0
pilot_mirage,smekk-,CT,5,51.40625,peek,42774,,,,,,,,,,,traversal,215.18276386197732,1484.375,4984.375,0.0,250.0010986328125,0.3020833333333333,97.20501708984375,0.0,0.5794557549928696,0.0
pilot_mirage,smekk-,CT,6,122.0,stop,43323,release,234.375,150.0331573486328,30.641063690185547,0.0,0.0,,,0.0,10.25640869140625,,,,,,,,,,,
pilot_mirage,smekk-,CT,6,122.0,stop,43413,release,31.25,186.1622772216797,15.707062721252441,0.0,0.0,,,0.0,0.215606689453125,,,,,,,,,,,
pilot_mirage,smekk-,CT,6,122.0,stop,43558,counterstrafe,328.125,155.22793579101562,28.496110916137695,1.0,1.0,265.625,39.87740707397461,0.0,1.2321929931640625,,,,,,,,,,,
pilot_mirage,smekk-,CT,6,122.0,stop,44948,release,15.625,245.03652954101562,21.48270034790039,0.0,0.0,,,1.0,0.0,,,,,,,,,,,
pilot_mirage,smekk-,CT,6,122.0,stop,45285,counter_fwd,109.375,159.62315368652344,21.339813232421875,0.0,0.0,,,0.0,0.2461700439453125,,,,,,,,,,,
pilot_mirage,smekk-,CT,6,122.0,stop,45292,counter_fwd,218.75,159.62315368652344,33.518394470214844,0.0,0.0,,,0.0,0.3079681396484375,,,,,,,,,,,
pilot_mirage,smekk-,CT,6,122.0,stop,45359,release,62.5,166.00213623046875,3.991034984588623,0.0,0.0,,,0.0,0.0,,,,,,,,,,,
pilot_mirage,smekk-,CT,6,122.0,stop,46073,counterstrafe,78.125,157.54432678222656,11.072922706604004,0.0,0.0,,,1.0,0.0,,,,,,,,,,,
pilot_mirage,smekk-,CT,6,122.0,stop,46090,counterstrafe,343.75,157.54432678222656,32.137725830078125,0.0,0.0,,,1.0,0.677703857421875,,,,,,,,,,,
pilot_mirage,smekk-,CT,6,122.0,stop,48250,counterstrafe,62.5,150.8652801513672,31.570575714111328,0.0,0.0,,,1.0,0.2465057373046875,,,,,,,,,,,
pilot_mirage,smekk-,CT,6,122.0,stop,48264,counterstrafe,281.25,150.8652801513672,9.452693939208984,0.0,0.0,,,1.0,1.3245391845703125,,,,,,,,,,,
pilot_mirage,smekk-,CT,6,122.0,stop,48320,counterstrafe,78.125,172.34017944335938,33.189247131347656,0.0,0.0,,,1.0,0.15415191650390625,,,,,,,,,,,
pilot_mirage,smekk-,CT,6,122.0,stop,48338,counterstrafe,359.375,172.34017944335938,27.476497650146484,0.0,0.0,,,1.0,1.231842041015625,,,,,,,,,,,
pilot_mirage,smekk-,CT,6,122.0,stop,48596,counterstrafe,78.125,161.36328125,32.482608795166016,0.0,0.0,,,1.0,0.0308990478515625,,,,,,,,,,,
pilot_mirage,smekk-,CT,6,122.0,stop,48608,counterstrafe,265.625,161.36328125,34.33264923095703,0.0,0.0,,,1.0,0.0308990478515625,,,,,,,,,,,
pilot_mirage,smekk-,CT,6,122.0,stop,49033,counterstrafe,93.75,155.3847198486328,26.261367797851562,0.0,0.0,,,1.0,0.0308990478515625,,,,,,,,,,,
pilot_mirage,smekk-,CT,6,122.0,stop,49048,counterstrafe,328.125,155.3847198486328,20.105321884155273,0.0,0.0,,,1.0,1.509246826171875,,,,,,,,,,,
pilot_mirage,smekk-,CT,6,122.0,stop,49068,counterstrafe,78.125,153.1525115966797,25.1173038482666,0.0,0.0,,,1.0,0.1847076416015625,,,,,,,,,,,
pilot_mirage,smekk-,CT,6,122.0,stop,49074,counterstrafe,171.875,153.1525115966797,14.95189094543457,0.0,0.0,,,1.0,0.46176910400390625,,,,,,,,,,,
pilot_mirage,smekk-,CT,6,122.0,stop,49085,counterstrafe,343.75,153.1525115966797,29.56639862060547,0.0,0.0,,,1.0,0.46176910400390625,,,,,,,,,,,
pilot_mirage,smekk-,CT,6,122.0,stop,50005,counterstrafe,171.875,174.5907440185547,9.395020484924316,0.0,0.0,,,1.0,3.2032012939453125,,,,,,,,,,,
pilot_mirage,smekk-,CT,6,122.0,stop,50101,counterstrafe,78.125,166.32521057128906,15.033884048461914,0.0,1.0,0.0,15.033884048461914,0.0,0.1850433349609375,,,,,,,,,,,
pilot_mirage,smekk-,CT,6,122.0,stop,50268,counterstrafe,78.125,170.73892211914062,13.239908218383789,0.0,0.0,,,1.0,0.24615478515625,,,,,,,,,,,
pilot_mirage,smekk-,CT,6,122.0,stop,50325,counterstrafe,46.875,176.6486358642578,28.85191535949707,0.0,0.0,,,1.0,0.0,,,,,,,,,,,
pilot_mirage,smekk-,CT,6,122.0,stop,50550,counter_fwd,125.0,157.9566192626953,23.07547950744629,0.0,0.0,,,0.0,0.27740478515625,,,,,,,,,,,
pilot_mirage,smekk-,CT,6,122.0,stop,50621,release,31.25,154.7129364013672,1.5194257497787476,0.0,0.0,,,0.0,0.0,,,,,,,,,,,
pilot_mirage,smekk-,CT,6,122.0,peek,43432,,,,,,,,,,,traversal,202.11455414362118,1484.375,4984.375,0.0,253.38113403320312,0.0,76.41439819335938,1.0,0.2051265543599712,0.0
pilot_mirage,smekk-,CT,6,122.0,peek,45472,,,,,,,,,,,traversal,35.4977741375275,593.75,593.75,1.0,114.16960906982422,1.0,0.0923614501953125,0.0,0.3432541185049567,1.0
pilot_mirage,smekk-,CT,6,122.0,peek,45555,,,,,,,,,,,traversal,35.0002879990922,1484.375,1484.375,1.0,110.32197570800781,0.96875,46.631134033203125,0.0,0.25511291386573176,1.0
pilot_mirage,smekk-,CT,6,122.0,peek,45944,,,,,,,,,,,jiggle,52.82558313376577,1484.375,1687.5,1.0,150.2121124267578,0.3333333333333333,4.62042236328125,0.0,3.4526082250059864,0.0
pilot_mirage,smekk-,CT,6,122.0,peek,46224,,,,,,,,,,,traversal,22.289056276212907,1203.125,1203.125,1.0,75.57913208007812,0.6923076923076923,0.554107666015625,0.0,0.1061460431401907,1.0
pilot_mirage,smekk-,CT,6,122.0,peek,46305,,,,,,,,,,,traversal,216.80066084696463,1484.375,4984.375,0.0,250.00161743164062,0.0,124.83285522460938,0.0,0.9734969218103362,0.0
pilot_mirage,smekk-,CT,6,122.0,peek,48825,,,,,,,,,,,traversal,16.24409309145532,859.375,859.375,1.0,64.15724182128906,1.0,0.15380859375,0.0,0.5302816507999191,1.0
pilot_mirage,smekk-,CT,6,122.0,peek,48929,,,,,,,,,,,jiggle,28.05052714105913,687.5,687.5,1.0,134.28207397460938,0.5555555555555556,3.17230224609375,0.0,37.341775109917705,1.0
pilot_mirage,smekk-,CT,6,122.0,peek,50523,,,,,,,,,,,traversal,55.1017071501503,406.25,562.5,1.0,201.83729553222656,0.0,0.3388519287109375,0.0,0.0010468033974513728,0.0
pilot_mirage,smekk-,CT,6,122.0,peek,50819,,,,,,,,,,,jiggle,15.870769046275765,1437.5,1437.5,1.0,92.92129516601562,0.0,1.5710601806640625,0.0,29.240831954693718,0.0
pilot_mirage,smekk-,CT,6,122.0,peek,51241,,,,,,,,,,,jiggle,18.764211545846695,1484.375,1484.375,1.0,89.59320068359375,1.0,2.7411041259765625,0.0,26.503057125385045,1.0
pilot_mirage,smekk-,CT,7,80.296875,stop,52646,release,234.375,150.81088256835938,31.049545288085938,0.0,0.0,,,0.0,0.0,,,,,,,,,,,
pilot_mirage,smekk-,CT,7,80.296875,stop,54791,counterstrafe,265.625,156.98028564453125,31.66718864440918,0.0,0.0,,,1.0,0.3697662353515625,,,,,,,,,,,
pilot_mirage,smekk-,CT,7,80.296875,stop,54945,counterstrafe,140.625,151.67283630371094,33.08763122558594,0.0,0.0,,,1.0,0.0,,,,,,,,,,,
pilot_mirage,smekk-,CT,7,80.296875,stop,55399,counterstrafe,359.375,157.85536193847656,11.895459175109863,0.0,0.0,,,1.0,2.77197265625,,,,,,,,,,,
pilot_mirage,smekk-,CT,7,80.296875,stop,56543,counterstrafe,78.125,152.35394287109375,33.416419982910156,0.0,0.0,,,1.0,0.0926971435546875,,,,,,,,,,,
pilot_mirage,smekk-,CT,7,80.296875,stop,56823,counterstrafe,93.75,155.6180419921875,23.903417587280273,0.0,0.0,,,1.0,0.0308837890625,,,,,,,,,,,
pilot_mirage,smekk-,CT,7,80.296875,stop,56920,counterstrafe,78.125,154.96597290039062,30.76576042175293,0.0,0.0,,,1.0,0.0308837890625,,,,,,,,,,,
pilot_mirage,smekk-,CT,7,80.296875,stop,56971,counterstrafe,93.75,162.45799255371094,21.31357765197754,0.0,0.0,,,1.0,0.09234619140625,,,,,,,,,,,
pilot_mirage,smekk-,CT,7,80.296875,stop,57458,counterstrafe,78.125,158.51669311523438,24.622533798217773,0.0,0.0,,,1.0,0.0,,,,,,,,,,,
pilot_mirage,smekk-,CT,7,80.296875,stop,57567,counterstrafe,78.125,150.79171752929688,16.212173461914062,0.0,0.0,,,1.0,0.0,,,,,,,,,,,
pilot_mirage,smekk-,CT,7,80.296875,stop,57904,counterstrafe,78.125,176.3805389404297,31.15616798400879,0.0,0.0,,,1.0,0.0923614501953125,,,,,,,,,,,
pilot_mirage,smekk-,CT,7,80.296875,stop,58017,counterstrafe,78.125,157.17227172851562,19.25899314880371,0.0,0.0,,,1.0,0.09234619140625,,,,,,,,,,,
pilot_mirage,smekk-,CT,7,80.296875,stop,58555,counterstrafe,31.25,159.75216674804688,30.946422576904297,0.0,0.0,,,1.0,0.15415191650390625,,,,,,,,,,,
pilot_mirage,smekk-,CT,7,80.296875,stop,58570,counterstrafe,265.625,159.75216674804688,31.043081283569336,0.0,0.0,,,1.0,0.8933258056640625,,,,,,,,,,,
pilot_mirage,smekk-,CT,7,80.296875,peek,52680,,,,,,,,,,,traversal,2139.22770482819,1484.375,4984.375,0.0,200.02163696289062,0.0,149.90264129638672,0.0,0.24730199321695967,0.0
pilot_mirage,smekk-,CT,7,80.296875,peek,54693,,,,,,,,,,,traversal,155.08772374241383,1484.375,3296.875,1.0,207.90443420410156,0.71875,144.63673400878906,1.0,0.642568321032002,1.0
pilot_mirage,smekk-,CT,7,80.296875,peek,55078,,,,,,,,,,,traversal,109.40063725980131,1375.0,4984.375,0.0,149.5681610107422,0.7191011235955056,18.510940551757812,0.0,0.9010096294918308,1.0
pilot_mirage,smekk-,CT,7,80.296875,peek,55526,,,,,,,,,,,jiggle,38.53131607195796,656.25,656.25,1.0,114.16361999511719,1.0,11.458740234375,1.0,2.556864067741661,1.0
pilot_mirage,smekk-,CT,7,80.296875,peek,55586,,,,,,,,,,,jiggle,38.740219269344,484.375,484.375,1.0,139.3406219482422,0.625,6.68414306640625,0.0,2.5037159744718873,1.0
pilot_mirage,smekk-,CT,7,80.296875,peek,55731,,,,,,,,,,,commit,90.82897037051664,1484.375,4984.375,0.0,111.80164337158203,0.96875,35.051177978515625,0.0,1.1836318850223995,1.0
pilot_mirage,smekk-,CT,7,80.296875,peek,56748,,,,,,,,,,,jiggle,24.887504529380795,250.0,250.0,1.0,147.27236938476562,0.0,2.956695556640625,0.0,37.874905905448806,0.0
pilot_mirage,smekk-,CT,7,80.296875,peek,56805,,,,,,,,,,,jiggle,27.804009112555008,265.625,265.625,1.0,155.6180419921875,0.0,0.61590576171875,0.0,69.52310203555965,0.0
pilot_mirage,smekk-,CT,7,80.296875,peek,57118,,,,,,,,,,,jiggle,19.876676256339934,218.75,218.75,1.0,134.86611938476562,0.0,0.646820068359375,0.0,60.01145286032919,0.0
pilot_mirage,smekk-,CT,7,80.296875,peek,57325,,,,,,,,,,,jiggle,25.681099243283235,265.625,265.625,1.0,148.97735595703125,0.0,0.307952880859375,0.0,79.00965954554526,0.0
pilot_mirage,smekk-,CT,7,80.296875,peek,57388,,,,,,,,,,,jiggle,25.53776940158385,1093.75,1093.75,1.0,159.97950744628906,0.3380281690140845,0.1846923828125,0.0,43.30494984631233,0.0
pilot_mirage,smekk-,CT,7,80.296875,peek,57550,,,,,,,,,,,jiggle,25.6957698435835,250.0,250.0,1.0,152.7662811279297,0.0,0.0,0.0,100.24674701901591,0.0
pilot_mirage,smekk-,CT,7,80.296875,peek,57605,,,,,,,,,,,jiggle,22.969984881055144,234.375,234.375,1.0,149.60179138183594,0.0,0.0,0.0,94.80370377584755,0.0
pilot_mirage,smekk-,CT,7,80.296875,peek,57830,,,,,,,,,,,narrow,67.00522947756153,1156.25,1437.5,1.0,181.8060760498047,0.5466666666666666,5.6985015869140625,0.0,3.193785825180883,1.0
pilot_mirage,smekk-,CT,7,80.296875,peek,58120,,,,,,,,,,,commit,73.36652114652081,984.375,4984.375,0.0,111.80250549316406,0.90625,156.77218627929688,0.0,2.2592275521902008,1.0
pilot_mirage,smekk-,CT,7,80.296875,peek,58489,,,,,,,,,,,traversal,104.47907967673959,765.625,2515.625,1.0,197.8990478515625,0.0,24.947547912597656,1.0,0.7617743547051083,0.0
pilot_mirage,smekk-,CT,8,29.4375,stop,63764,counterstrafe,203.125,152.015625,25.117206573486328,0.0,0.0,,,1.0,1.971343994140625,,,,,,,,,,,
pilot_mirage,smekk-,CT,8,29.4375,stop,63867,counterstrafe,78.125,155.73936462402344,27.26114845275879,1.0,1.0,0.0,27.26114845275879,1.0,0.80096435546875,,,,,,,,,,,
pilot_mirage,smekk-,CT,8,29.4375,stop,64019,release,234.375,155.0390625,31.734376907348633,0.0,1.0,78.125,0.0,0.0,0.307342529296875,,,,,,,,,,,
pilot_mirage,smekk-,CT,8,29.4375,stop,64393,counterstrafe,78.125,173.338134765625,22.094043731689453,0.0,0.0,,,1.0,1.540130615234375,,,,,,,,,,,
pilot_mirage,smekk-,CT,8,29.4375,stop,64827,counter_fwd,93.75,155.37982177734375,21.941301345825195,0.0,1.0,15.625,23.748624801635742,0.0,0.215606689453125,,,,,,,,,,,
pilot_mirage,smekk-,CT,8,29.4375,stop,64853,counter_fwd,140.625,150.930419921875,21.274131774902344,0.0,0.0,,,0.0,0.3388671875,,,,,,,,,,,
pilot_mirage,smekk-,CT,8,29.4375,peek,63741,,,,,,,,,,,jiggle,35.17011117500267,359.375,359.375,1.0,152.015625,0.5416666666666666,5.944305419921875,0.0,11.752784970144885,1.0
pilot_mirage,smekk-,CT,8,29.4375,peek,63907,,,,,,,,,,,traversal,222.30779026563656,1484.375,4984.375,0.0,241.13497924804688,0.0,25.13323974609375,1.0,0.8051521347330615,0.0
pilot_mirage,smekk-,CT,8,29.4375,peek,64255,,,,,,,,,,,traversal,81.93024755337683,828.125,4984.375,0.0,117.0031509399414,0.9074074074074074,45.614898681640625,0.0,0.24972610839967477,1.0
pilot_mirage,smekk-,CT,8,29.4375,peek,64701,,,,,,,,,,,jiggle,54.06142193113502,562.5,1156.25,1.0,136.89846801757812,0.0,46.385345458984375,1.0,2.02966704318798,0.0
pilot_mirage,smekk-,CT,9,18.921875,stop,70853,counterstrafe,93.75,150.6172332763672,27.538463592529297,0.0,0.0,,,1.0,0.06146240234375,,,,,,,,,,,
pilot_mirage,smekk-,CT,9,18.921875,stop,70887,counterstrafe,62.5,152.9909210205078,34.15742111206055,0.0,0.0,,,1.0,0.15380859375,,,,,,,,,,,
pilot_mirage,smekk-,CT,9,18.921875,stop,70930,counter_fwd,156.25,219.6374053955078,28.042970657348633,0.0,0.0,,,0.0,119.9353256225586,,,,,,,,,,,
pilot_mirage,smekk-,CT,9,18.921875,peek,70802,,,,,,,,,,,narrow,108.80197981135306,906.25,1609.375,1.0,180.66610717773438,0.0,18.54150390625,0.0,16.66159324772376,0.0
pilot_mirage,smekk-,CT,9,18.921875,peek,71084,,,,,,,,,,,commit,96.47308610137738,625.0,734.375,0.0,213.99221801757812,0.0,27.566070556640625,1.0,4.288531479849886,0.0
pilot_mirage,smekk-,CT,10,13.625,stop,76330,counterstrafe,156.25,192.5725555419922,34.25811767578125,1.0,0.0,,,0.0,4.188873291015625,,,,,,,,,,,
pilot_mirage,smekk-,CT,10,13.625,stop,76573,counterstrafe,62.5,152.7362823486328,32.015933990478516,0.0,0.0,,,1.0,0.1232452392578125,,,,,,,,,,,
pilot_mirage,smekk-,CT,10,13.625,stop,76582,counterstrafe,203.125,152.7362823486328,19.56287956237793,0.0,0.0,,,1.0,3.38824462890625,,,,,,,,,,,
pilot_mirage,smekk-,CT,10,13.625,stop,76610,counterstrafe,78.125,159.79498291015625,14.98575210571289,0.0,0.0,,,1.0,0.3697662353515625,,,,,,,,,,,
pilot_mirage,smekk-,CT,10,13.625,stop,76625,counterstrafe,312.5,159.79498291015625,25.752883911132812,0.0,0.0,,,1.0,0.7700653076171875,,,,,,,,,,,
pilot_mirage,smekk-,CT,11,61.640625,stop,83603,release,31.25,159.1026611328125,16.89238166809082,0.0,0.0,,,0.0,0.0,,,,,,,,,,,
pilot_mirage,smekk-,CT,11,61.640625,stop,83821,counterstrafe,78.125,172.1393280029297,29.382863998413086,0.0,0.0,,,1.0,0.985687255859375,,,,,,,,,,,
pilot_mirage,smekk-,CT,11,61.640625,stop,83907,release,250.0,154.3463897705078,32.06251525878906,0.0,0.0,,,0.0,18.29534912109375,,,,,,,,,,,
pilot_mirage,smekk-,CT,11,61.640625,stop,83954,counterstrafe,78.125,169.41177368164062,30.14893341064453,0.0,0.0,,,1.0,1.1085968017578125,,,,,,,,,,,
pilot_mirage,smekk-,CT,11,61.640625,stop,83971,counterstrafe,343.75,169.41177368164062,13.877274513244629,0.0,0.0,,,1.0,2.217864990234375,,,,,,,,,,,
pilot_mirage,smekk-,CT,11,61.640625,stop,84077,counterstrafe,93.75,188.5408935546875,13.939048767089844,0.0,0.0,,,1.0,0.123260498046875,,,,,,,,,,,
pilot_mirage,smekk-,CT,11,61.640625,stop,84568,counterstrafe,78.125,169.4317626953125,22.02603530883789,0.0,1.0,62.5,40.02088165283203,1.0,0.9551239013671875,,,,,,,,,,,
pilot_mirage,smekk-,CT,11,61.640625,stop,84573,counterstrafe,156.25,169.4317626953125,33.758392333984375,0.0,1.0,0.0,33.758392333984375,1.0,2.8337860107421875,,,,,,,,,,,
pilot_mirage,smekk-,CT,11,61.640625,stop,84736,counterstrafe,78.125,174.61671447753906,28.923254013061523,0.0,0.0,,,1.0,0.0926971435546875,,,,,,,,,,,
pilot_mirage,smekk-,CT,11,61.640625,stop,84753,counterstrafe,343.75,174.61671447753906,26.234752655029297,0.0,0.0,,,1.0,0.27740478515625,,,,,,,,,,,
pilot_mirage,smekk-,CT,11,61.640625,stop,84798,counterstrafe,78.125,151.2699432373047,27.056787490844727,0.0,0.0,,,1.0,0.4003143310546875,,,,,,,,,,,
pilot_mirage,smekk-,CT,11,61.640625,stop,84818,counterstrafe,93.75,150.3546142578125,26.92098617553711,0.0,0.0,,,1.0,0.15415191650390625,,,,,,,,,,,
pilot_mirage,smekk-,CT,11,61.640625,stop,84834,counterstrafe,343.75,150.3546142578125,33.547080993652344,0.0,0.0,,,1.0,1.7560958862304688,,,,,,,,,,,
pilot_mirage,smekk-,CT,11,61.640625,stop,84859,counterstrafe,78.125,163.1532440185547,31.24734878540039,0.0,0.0,,,1.0,0.0308990478515625,,,,,,,,,,,
pilot_mirage,smekk-,CT,11,61.640625,stop,84901,counterstrafe,78.125,178.79037475585938,34.612449645996094,0.0,1.0,0.0,34.612449645996094,1.0,1.139129638671875,,,,,,,,,,,
pilot_mirage,smekk-,CT,11,61.640625,stop,84908,counterstrafe,187.5,178.79037475585938,32.810211181640625,0.0,1.0,0.0,32.810211181640625,1.0,10.256072998046875,,,,,,,,,,,
pilot_mirage,smekk-,CT,11,61.640625,stop,85125,release,15.625,150.871337890625,30.898452758789062,0.0,0.0,,,1.0,0.4621124267578125,,,,,,,,,,,
pilot_mirage,smekk-,CT,11,61.640625,stop,85156,counter_fwd,171.875,155.265625,14.105612754821777,0.0,0.0,,,0.0,0.9547805786132812,,,,,,,,,,,
pilot_mirage,smekk-,CT,11,61.640625,stop,85222,counterstrafe,312.5,170.41378784179688,14.570345878601074,0.0,0.0,,,0.0,14.87652587890625,,,,,,,,,,,
pilot_mirage,smekk-,CT,11,61.640625,stop,85248,counterstrafe,78.125,158.31336975097656,20.196496963500977,0.0,0.0,,,1.0,0.0,,,,,,,,,,,
pilot_mirage,smekk-,CT,11,61.640625,stop,85930,counterstrafe,109.375,165.24432373046875,29.504770278930664,0.0,0.0,,,0.0,0.3388671875,,,,,,,,,,,
pilot_mirage,smekk-,CT,11,61.640625,stop,86141,counterstrafe,62.5,150.31130981445312,33.022857666015625,0.0,0.0,,,1.0,0.0308837890625,,,,,,,,,,,
pilot_mirage,smekk-,CT,11,61.640625,stop,86302,counterstrafe,78.125,206.6596221923828,20.382837295532227,0.0,0.0,,,1.0,0.3388519287109375,,,,,,,,,,,
pilot_mirage,smekk-,CT,11,61.640625,stop,86307,counterstrafe,156.25,206.6596221923828,32.650245666503906,0.0,0.0,,,1.0,4.404815673828125,,,,,,,,,,,
pilot_mirage,smekk-,CT,11,61.640625,stop,86387,counterstrafe,93.75,172.42239379882812,21.569738388061523,0.0,0.0,,,1.0,4.4659423828125,,,,,,,,,,,
pilot_mirage,smekk-,CT,11,61.640625,stop,86403,counterstrafe,343.75,172.42239379882812,34.68124008178711,0.0,0.0,,,1.0,5.205108642578125,,,,,,,,,,,
pilot_mirage,smekk-,CT,11,61.640625,stop,86484,counterstrafe,78.125,169.54296875,31.435901641845703,0.0,0.0,,,1.0,0.061431884765625,,,,,,,,,,,
pilot_mirage,smekk-,CT,11,61.640625,stop,86502,counterstrafe,359.375,169.54296875,12.832903861999512,0.0,0.0,,,1.0,0.369384765625,,,,,,,,,,,
pilot_mirage,smekk-,CT,11,61.640625,stop,86544,counterstrafe,93.75,176.77906799316406,24.46575927734375,0.0,0.0,,,1.0,0.092681884765625,,,,,,,,,,,
pilot_mirage,smekk-,CT,11,61.640625,stop,86571,counterstrafe,78.125,169.84388732910156,30.08131217956543,0.0,1.0,0.0,30.08131217956543,1.0,0.462127685546875,,,,,,,,,,,
pilot_mirage,smekk-,CT,11,61.640625,stop,86722,counterstrafe,78.125,160.7791290283203,30.617244720458984,0.0,0.0,,,1.0,0.246185302734375,,,,,,,,,,,
pilot_mirage,smekk-,CT,11,61.640625,stop,86806,counterstrafe,78.125,159.797119140625,20.156129837036133,0.0,0.0,,,1.0,0.061798095703125,,,,,,,,,,,
pilot_mirage,smekk-,CT,11,61.640625,stop,86812,counterstrafe,171.875,159.797119140625,23.55470848083496,0.0,0.0,,,1.0,0.12359619140625,,,,,,,,,,,
pilot_mirage,smekk-,CT,11,61.640625,stop,86924,counterstrafe,78.125,162.01242065429688,21.7388973236084,0.0,0.0,,,1.0,0.3079681396484375,,,,,,,,,,,
pilot_mirage,smekk-,CT,11,61.640625,peek,83787,,,,,,,,,,,narrow,76.13979408587532,531.25,1281.25,1.0,212.7742462158203,0.0,9.178390502929688,0.0,23.732155629214624,0.0
pilot_mirage,smekk-,CT,11,61.640625,peek,84458,,,,,,,,,,,traversal,130.5479746269996,1484.375,3437.5,1.0,180.9908905029297,0.8229166666666666,48.540687561035156,1.0,0.48452049500871786,1.0
pilot_mirage,smekk-,CT,11,61.640625,peek,84948,,,,,,,,,,,traversal,65.33489097380615,750.0,1453.125,1.0,144.10536193847656,0.3469387755102041,9.301300048828125,0.0,0.6332786595790237,0.0
pilot_mirage,smekk-,CT,11,61.640625,peek,86357,,,,,,,,,,,jiggle,57.44267383436283,453.125,656.25,1.0,187.53868103027344,0.0,59.19775390625,0.0,2.945120169333587,0.0
pilot_mirage,smekk-,CT,11,61.640625,peek,86592,,,,,,,,,,,commit,269.76826834112035,1484.375,4984.375,0.0,215.00332641601562,0.0,160.838134765625,0.0,2.1471775377857263,0.0
pilot_mirage,smekk-,T,12,20.640625,stop,91229,counterstrafe,78.125,170.07708740234375,31.64751625061035,0.0,0.0,,,0.0,0.0,,,,,,,,,,,
pilot_mirage,smekk-,T,12,20.640625,stop,91394,crouch_stop,31.25,224.515625,0.0,1.0,0.0,,,0.0,0.36975860595703125,,,,,,,,,,,
pilot_mirage,smekk-,T,12,20.640625,stop,91451,counterstrafe,78.125,170.606689453125,17.311262130737305,0.0,0.0,,,1.0,0.061767578125,,,,,,,,,,,
pilot_mirage,smekk-,T,12,20.640625,stop,91506,counterstrafe,93.75,162.37921142578125,27.416812896728516,0.0,0.0,,,1.0,0.06109619140625,,,,,,,,,,,
pilot_mirage,smekk-,T,12,20.640625,stop,91701,counterstrafe,31.25,156.72027587890625,31.83872413635254,1.0,0.0,,,1.0,2.7410888671875,,,,,,,,,,,
pilot_mirage,smekk-,T,12,20.640625,stop,91746,release,31.25,156.0,11.179704666137695,0.0,0.0,,,0.0,1.047119140625,,,,,,,,,,,
pilot_mirage,smekk-,T,12,20.640625,stop,91838,counterstrafe,78.125,178.578369140625,29.396236419677734,0.0,0.0,,,1.0,1.10894775390625,,,,,,,,,,,
pilot_mirage,smekk-,T,12,20.640625,stop,91848,counterstrafe,234.375,178.578369140625,24.15665626525879,0.0,0.0,,,1.0,5.08258056640625,,,,,,,,,,,
pilot_mirage,smekk-,T,12,20.640625,peek,91768,,,,,,,,,,,commit,201.27499398896884,1093.75,2375.0,0.0,240.0035858154297,0.0,22.05438232421875,1.0,2.341421550606131,0.0
pilot_mirage,smekk-,T,13,127.703125,stop,98484,counterstrafe,93.75,153.70089721679688,24.32155990600586,0.0,0.0,,,1.0,1.417236328125,,,,,,,,,,,
pilot_mirage,smekk-,T,13,127.703125,stop,98498,counterstrafe,312.5,153.70089721679688,10.80679988861084,0.0,0.0,,,1.0,3.8198089599609375,,,,,,,,,,,
pilot_mirage,smekk-,T,13,127.703125,stop,98557,counterstrafe,93.75,151.07034301757812,33.089927673339844,0.0,0.0,,,1.0,0.15380859375,,,,,,,,,,,
pilot_mirage,smekk-,T,13,127.703125,stop,98575,counterstrafe,375.0,151.07034301757812,28.9058780670166,0.0,0.0,,,1.0,0.4926605224609375,,,,,,,,,,,
pilot_mirage,smekk-,T,13,127.703125,stop,98600,counterstrafe,93.75,153.74502563476562,12.904363632202148,0.0,0.0,,,1.0,0.1847076416015625,,,,,,,,,,,
pilot_mirage,smekk-,T,13,127.703125,stop,98615,counterstrafe,328.125,153.74502563476562,17.5855712890625,0.0,0.0,,,1.0,1.0471343994140625,,,,,,,,,,,
pilot_mirage,smekk-,T,13,127.703125,stop,98794,counterstrafe,78.125,168.32032775878906,12.984539985656738,0.0,0.0,,,1.0,0.0,,,,,,,,,,,
pilot_mirage,smekk-,T,13,127.703125,stop,98809,counterstrafe,312.5,168.32032775878906,30.595251083374023,0.0,0.0,,,1.0,0.7086181640625,,,,,,,,,,,
pilot_mirage,smekk-,T,13,127.703125,stop,98980,counterstrafe,78.125,155.89476013183594,30.855676651000977,0.0,0.0,,,1.0,0.0,,,,,,,,,,,
pilot_mirage,smekk-,T,13,127.703125,stop,98996,counterstrafe,328.125,155.89476013183594,11.337900161743164,0.0,0.0,,,1.0,0.0305633544921875,,,,,,,,,,,
pilot_mirage,smekk-,T,13,127.703125,stop,101681,counterstrafe,93.75,161.40992736816406,8.932439804077148,0.0,0.0,,,1.0,0.3079681396484375,,,,,,,,,,,
pilot_mirage,smekk-,T,13,127.703125,stop,101702,counterstrafe,78.125,158.74893188476562,23.507102966308594,0.0,0.0,,,1.0,0.1232452392578125,,,,,,,,,,,
pilot_mirage,smekk-,T,13,127.703125,stop,102373,counter_fwd,93.75,158.03672790527344,22.468544006347656,0.0,0.0,,,0.0,2.002288818359375,,,,,,,,,,,
pilot_mirage,smekk-,T,13,127.703125,stop,102543,counterstrafe,78.125,161.27882385253906,15.259337425231934,0.0,1.0,62.5,50.05738830566406,1.0,0.985687255859375,,,,,,,,,,,
pilot_mirage,smekk-,T,13,127.703125,stop,102559,counterstrafe,328.125,161.27882385253906,33.119384765625,1.0,1.0,31.25,29.870662689208984,1.0,1.847686767578125,,,,,,,,,,,
pilot_mirage,smekk-,T,13,127.703125,stop,102751,counterstrafe,78.125,171.88504028320312,22.563335418701172,0.0,0.0,,,0.0,0.49298095703125,,,,,,,,,,,
pilot_mirage,smekk-,T,13,127.703125,stop,102794,counterstrafe,78.125,173.66497802734375,23.958585739135742,0.0,0.0,,,0.0,0.061798095703125,,,,,,,,,,,
pilot_mirage,smekk-,T,13,127.703125,stop,102817,counterstrafe,78.125,167.0384063720703,25.89409065246582,0.0,0.0,,,1.0,0.12322998046875,,,,,,,,,,,
pilot_mirage,smekk-,T,13,127.703125,stop,102864,counterstrafe,78.125,159.83242797851562,20.62394142150879,0.0,0.0,,,1.0,0.400634765625,,,,,,,,,,,
pilot_mirage,smekk-,T,13,127.703125,stop,103000,counter_fwd,140.625,161.1457977294922,20.90511703491211,0.0,0.0,,,0.0,0.0,,,,,,,,,,,
pilot_mirage,smekk-,T,13,127.703125,stop,103890,counterstrafe,62.5,151.6697998046875,33.892539978027344,0.0,0.0,,,1.0,0.061767578125,,,,,,,,,,,
pilot_mirage,smekk-,T,13,127.703125,stop,104802,release,250.0,158.84375,28.609378814697266,0.0,0.0,,,0.0,0.0,,,,,,,,,,,
pilot_mirage,smekk-,T,13,127.703125,peek,97185,,,,,,,,,,,traversal,254.28655160641102,1484.375,4984.375,0.0,250.00173950195312,0.0,95.41836547851562,0.0,0.3758466476841079,0.0
pilot_mirage,smekk-,T,13,127.703125,peek,98709,,,,,,,,,,,jiggle,23.780610147142017,1312.5,1312.5,1.0,170.70230102539062,0.0,4.0045166015625,0.0,48.540530124442604,0.0
pilot_mirage,smekk-,T,13,127.703125,peek,99660,,,,,,,,,,,traversal,182.69910649443818,1484.375,4984.375,0.0,130.00390625,0.9375,58.82801818847656,0.0,0.09597191710911245,1.0
pilot_mirage,smekk-,T,13,127.703125,peek,101905,,,,,,,,,,,traversal,283.3940064340814,1484.375,4984.375,0.0,240.0037384033203,0.0,245.3525390625,3.0,0.7587360888251814,0.0
pilot_mirage,smekk-,T,13,127.703125,peek,102599,,,,,,,,,,,traversal,174.7898339150323,1484.375,4984.375,0.0,166.98155212402344,0.4479166666666667,5.6068115234375,0.0,0.3946428098436083,0.0
pilot_mirage,smekk-,T,13,127.703125,peek,102946,,,,,,,,,,,traversal,65.77472908382161,828.125,1109.375,1.0,195.6520538330078,0.09259259259259259,1.13946533203125,0.0,0.3236105125478803,0.0
pilot_mirage,smekk-,T,13,127.703125,peek,103072,,,,,,,,,,,jiggle,15.000055592155755,625.0,625.0,1.0,95.82609558105469,0.2682926829268293,0.554473876953125,0.0,32.66154264798345,0.0
pilot_mirage,smekk-,T,13,127.703125,peek,104045,,,,,,,,,,,traversal,196.01783504818556,1484.375,4984.375,0.0,195.83981323242188,0.78125,256.3481140136719,0.0,0.5372855167497443,1.0
pilot_mirage,smekk-,T,14,82.15625,stop,107134,release,31.25,233.75857543945312,0.0,0.0,0.0,,,0.0,1.8172149658203125,,,,,,,,,,,
pilot_mirage,smekk-,T,14,82.15625,stop,107738,release,31.25,225.0001983642578,10.20707893371582,0.0,0.0,,,0.0,0.0,,,,,,,,,,,
pilot_mirage,smekk-,T,14,82.15625,stop,107782,counterstrafe,78.125,160.98733520507812,14.600390434265137,0.0,0.0,,,1.0,0.0,,,,,,,,,,,
pilot_mirage,smekk-,T,14,82.15625,stop,107810,counterstrafe,156.25,156.8463592529297,30.60895347595215,0.0,0.0,,,1.0,1.4477996826171875,,,,,,,,,,,
pilot_mirage,smekk-,T,14,82.15625,stop,107838,counterstrafe,78.125,173.60140991210938,26.755836486816406,0.0,0.0,,,1.0,0.0926971435546875,,,,,,,,,,,
pilot_mirage,smekk-,T,14,82.15625,stop,107850,counterstrafe,265.625,173.60140991210938,11.06124496459961,0.0,0.0,,,1.0,0.1232452392578125,,,,,,,,,,,
pilot_mirage,smekk-,T,14,82.15625,stop,107886,counterstrafe,78.125,180.94595336914062,28.57741355895996,0.0,0.0,,,1.0,0.0,,,,,,,,,,,
pilot_mirage,smekk-,T,14,82.15625,stop,107932,counterstrafe,78.125,171.26840209960938,22.477415084838867,0.0,0.0,,,1.0,0.4621124267578125,,,,,,,,,,,
pilot_mirage,smekk-,T,14,82.15625,stop,107954,counterstrafe,93.75,155.9332733154297,8.64873218536377,0.0,0.0,,,1.0,0.09234619140625,,,,,,,,,,,
pilot_mirage,smekk-,T,14,82.15625,stop,107985,counterstrafe,156.25,159.08067321777344,33.86445617675781,0.0,0.0,,,0.0,0.5853729248046875,,,,,,,,,,,
pilot_mirage,smekk-,T,14,82.15625,stop,108085,counterstrafe,78.125,158.67715454101562,18.0454044342041,0.0,0.0,,,1.0,0.0923614501953125,,,,,,,,,,,
pilot_mirage,smekk-,T,14,82.15625,stop,108125,counterstrafe,78.125,168.74436950683594,20.26457405090332,0.0,0.0,,,1.0,0.215606689453125,,,,,,,,,,,
pilot_mirage,smekk-,T,14,82.15625,stop,108222,counterstrafe,78.125,154.5852508544922,23.429380416870117,0.0,0.0,,,1.0,0.0,,,,,,,,,,,
pilot_mirage,smekk-,T,14,82.15625,stop,108242,counterstrafe,78.125,152.39503479003906,17.380836486816406,0.0,1.0,265.625,116.06025695800781,1.0,0.2465057373046875,,,,,,,,,,,
pilot_mirage,smekk-,T,14,82.15625,stop,108262,counterstrafe,62.5,162.77137756347656,25.83522605895996,0.0,1.0,0.0,25.83522605895996,0.0,0.061798095703125,,,,,,,,,,,
pilot_mirage,smekk-,T,14,82.15625,stop,108362,counterstrafe,78.125,152.0428466796875,12.711480140686035,0.0,0.0,,,1.0,0.0308990478515625,,,,,,,,,,,
pilot_mirage,smekk-,T,14,82.15625,stop,108832,counterstrafe,296.875,196.90602111816406,32.37222671508789,1.0,0.0,,,1.0,0.4003143310546875,,,,,,,,,,,
pilot_mirage,smekk-,T,14,82.15625,stop,108984,counterstrafe,78.125,185.53921508789062,33.779624938964844,0.0,0.0,,,1.0,0.03055572509765625,,,,,,,,,,,
pilot_mirage,smekk-,T,14,82.15625,stop,108992,counterstrafe,203.125,185.53921508789062,15.855315208435059,0.0,0.0,,,1.0,0.0611114501953125,,,,,,,,,,,
pilot_mirage,smekk-,T,14,82.15625,stop,109001,counterstrafe,343.75,185.53921508789062,15.674799919128418,0.0,0.0,,,1.0,0.0611114501953125,,,,,,,,,,,
pilot_mirage,smekk-,T,14,82.15625,stop,109109,counterstrafe,93.75,159.7020263671875,30.62005615234375,0.0,0.0,,,1.0,0.12325286865234375,,,,,,,,,,,
pilot_mirage,smekk-,T,14,82.15625,stop,109113,counterstrafe,156.25,159.7020263671875,18.366613388061523,0.0,0.0,,,1.0,0.12325286865234375,,,,,,,,,,,
pilot_mirage,smekk-,T,14,82.15625,stop,109119,counterstrafe,250.0,159.7020263671875,33.883583068847656,0.0,0.0,,,1.0,0.12325286865234375,,,,,,,,,,,
pilot_mirage,smekk-,T,14,82.15625,stop,111043,counterstrafe,78.125,161.71205139160156,24.908756256103516,0.0,1.0,0.0,24.908756256103516,0.0,1.078399658203125,,,,,,,,,,,
pilot_mirage,smekk-,T,14,82.15625,stop,111332,release,31.25,200.8828582763672,0.0,0.0,1.0,109.375,0.0,0.0,0.0,,,,,,,,,,,
pilot_mirage,smekk-,T,14,82.15625,stop,111613,counterstrafe,78.125,154.86671447753906,16.491411209106445,0.0,0.0,,,1.0,0.4003143310546875,,,,,,,,,,,
pilot_mirage,smekk-,T,14,82.15625,stop,111620,counterstrafe,187.5,154.86671447753906,5.3861918449401855,0.0,0.0,,,1.0,0.4621124267578125,,,,,,,,,,,
pilot_mirage,smekk-,T,14,82.15625,stop,111631,counterstrafe,359.375,154.86671447753906,29.346996307373047,0.0,0.0,,,1.0,0.95477294921875,,,,,,,,,,,
pilot_mirage,smekk-,T,14,82.15625,stop,111683,counterstrafe,78.125,154.14682006835938,13.656808853149414,0.0,0.0,,,1.0,0.0,,,,,,,,,,,
pilot_mirage,smekk-,T,14,82.15625,stop,111773,release,125.0,157.31069946289062,19.621435165405273,0.0,0.0,,,1.0,0.893341064453125,,,,,,,,,,,
pilot_mirage,smekk-,T,14,82.15625,peek,107049,,,,,,,,,,,traversal,285.4539913664393,1296.875,4984.375,0.0,250.0012664794922,0.0,163.14732360839844,3.0,0.22832116543514844,0.0
pilot_mirage,smekk-,T,14,82.15625,peek,107759,,,,,,,,,,,jiggle,43.07319654992082,343.75,343.75,1.0,186.5662384033203,0.0,2.064056396484375,0.0,46.720373925407,0.0
pilot_mirage,smekk-,T,14,82.15625,peek,108049,,,,,,,,,,,narrow,85.57836297264583,546.875,890.625,1.0,219.37184143066406,0.0,2.0026092529296875,0.0,66.64488513840548,0.0
pilot_mirage,smekk-,T,14,82.15625,peek,108341,,,,,,,,,,,jiggle,35.51009353328722,312.5,312.5,1.0,173.23377990722656,0.0,0.369415283203125,0.0,7.212173199858777,0.0
pilot_mirage,smekk-,T,14,82.15625,peek,108409,,,,,,,,,,,traversal,248.04030932122845,1484.375,4984.375,0.0,250.00146484375,0.0,204.789306640625,0.0,0.7446712154614099,0.0
pilot_mirage,smekk-,T,14,82.15625,peek,110199,,,,,,,,,,,traversal,87.31341483194707,1484.375,4984.375,0.0,117.00177001953125,1.0,2.1869659423828125,0.0,0.4284843670330978,1.0
pilot_mirage,smekk-,T,14,82.15625,peek,111072,,,,,,,,,,,traversal,180.03029812026634,1484.375,4984.375,0.0,225.00022888183594,0.0,38.130889892578125,1.0,0.3724198793899851,0.0
pilot_mirage,smekk-,T,15,92.96875,stop,112251,release,296.875,206.1560516357422,11.749585151672363,0.0,0.0,,,1.0,25.995361328125,,,,,,,,,,,
pilot_mirage,smekk-,T,15,92.96875,stop,113586,release,15.625,215.12783813476562,21.057435989379883,0.0,0.0,,,1.0,0.1847076416015625,,,,,,,,,,,
pilot_mirage,smekk-,T,15,92.96875,stop,113676,release,15.625,153.5859375,0.0,0.0,1.0,265.625,0.0,0.0,0.277069091796875,,,,,,,,,,,
pilot_mirage,smekk-,T,15,92.96875,stop,114281,release,234.375,156.0357208251953,33.70454025268555,0.0,0.0,,,0.0,0.0,,,,,,,,,,,
pilot_mirage,smekk-,T,15,92.96875,stop,115741,release,46.875,267.9631652832031,3.140780448913574,0.0,0.0,,,1.0,1.1089324951171875,,,,,,,,,,,
pilot_mirage,smekk-,T,15,92.96875,stop,115819,counterstrafe,93.75,153.67034912109375,34.81953048706055,0.0,0.0,,,0.0,2.802886962890625,,,,,,,,,,,
pilot_mirage,smekk-,T,15,92.96875,stop,115977,counterstrafe,109.375,150.31564331054688,28.638383865356445,0.0,1.0,343.75,0.0,0.0,2.1255035400390625,,,,,,,,,,,
pilot_mirage,smekk-,T,15,92.96875,stop,115997,counterstrafe,78.125,156.61907958984375,22.49258041381836,0.0,1.0,31.25,0.0,1.0,0.493011474609375,,,,,,,,,,,
pilot_mirage,smekk-,T,15,92.96875,stop,116108,counterstrafe,78.125,179.4661102294922,31.315114974975586,0.0,0.0,,,1.0,0.8624267578125,,,,,,,,,,,
pilot_mirage,smekk-,T,15,92.96875,stop,116131,counterstrafe,78.125,161.96018981933594,33.72585678100586,0.0,0.0,,,1.0,1.1394882202148438,,,,,,,,,,,
pilot_mirage,smekk-,T,15,92.96875,stop,116160,counterstrafe,78.125,160.43556213378906,18.577232360839844,0.0,0.0,,,1.0,0.03055572509765625,,,,,,,,,,,
pilot_mirage,smekk-,T,15,92.96875,stop,116717,counterstrafe,78.125,176.92266845703125,26.075281143188477,0.0,0.0,,,1.0,0.12325286865234375,,,,,,,,,,,
pilot_mirage,smekk-,T,15,92.96875,stop,116727,counterstrafe,234.375,176.92266845703125,23.4090518951416,0.0,0.0,,,1.0,0.5239105224609375,,,,,,,,,,,
pilot_mirage,smekk-,T,15,92.96875,stop,116870,counterstrafe,78.125,167.66592407226562,24.9412784576416,0.0,0.0,,,1.0,0.030914306640625,,,,,,,,,,,
pilot_mirage,smekk-,T,15,92.96875,stop,116878,counterstrafe,203.125,167.66592407226562,32.23982620239258,0.0,0.0,,,1.0,18.757461547851562,,,,,,,,,,,
pilot_mirage,smekk-,T,15,92.96875,stop,116914,counterstrafe,78.125,176.82090759277344,32.06722640991211,0.0,0.0,,,1.0,0.5235671997070312,,,,,,,,,,,
pilot_mirage,smekk-,T,15,92.96875,stop,117205,counterstrafe,78.125,175.95135498046875,32.1476936340332,0.0,0.0,,,1.0,0.09234619140625,,,,,,,,,,,
pilot_mirage,smekk-,T,15,92.96875,stop,117473,counterstrafe,93.75,162.9394073486328,10.579049110412598,0.0,0.0,,,1.0,0.49267578125,,,,,,,,,,,
pilot_mirage,smekk-,T,15,92.96875,stop,117744,counter_fwd,93.75,159.93994140625,31.433019638061523,0.0,0.0,,,0.0,0.0,,,,,,,,,,,
pilot_mirage,smekk-,T,15,92.96875,stop,118791,counterstrafe,62.5,159.98150634765625,5.419327735900879,0.0,0.0,,,1.0,0.030914306640625,,,,,,,,,,,
pilot_mirage,smekk-,T,15,92.96875,stop,118835,counterstrafe,78.125,162.70782470703125,32.32513427734375,0.0,0.0,,,1.0,0.09234619140625,,,,,,,,,,,
pilot_mirage,smekk-,T,15,92.96875,stop,118875,counterstrafe,78.125,164.90179443359375,18.457944869995117,0.0,0.0,,,1.0,0.0,,,,,,,,,,,
pilot_mirage,smekk-,T,15,92.96875,stop,118883,counterstrafe,203.125,164.90179443359375,22.85700035095215,0.0,0.0,,,1.0,3.450042724609375,,,,,,,,,,,
pilot_mirage,smekk-,T,15,92.96875,peek,112017,,,,,,,,,,,traversal,337.2056896633822,1484.375,4984.375,0.0,250.00341796875,0.0,24.824310302734375,2.0,0.033228979278305606,0.0
pilot_mirage,smekk-,T,15,92.96875,peek,113734,,,,,,,,,,,traversal,317.7199559544408,1484.375,4984.375,0.0,250.00286865234375,0.0,84.11514282226562,1.0,0.2313955195344042,0.0
pilot_mirage,smekk-,T,15,92.96875,peek,114935,,,,,,,,,,,traversal,171.94583277273682,1484.375,4984.375,0.0,146.92649841308594,0.9166666666666666,19.035186767578125,0.0,0.17316352414236383,1.0
pilot_mirage,smekk-,T,15,92.96875,peek,118314,,,,,,,,,,,narrow,122.215952075867,1140.625,2015.625,1.0,126.98043060302734,0.8648648648648649,11.76702880859375,0.0,2.3812052900948606,1.0
pilot_mirage,smekk-,T,15,92.96875,peek,118497,,,,,,,,,,,jiggle,51.65280382797756,734.375,875.0,1.0,133.32554626464844,0.7083333333333334,132.50164031982422,0.0,1.3184226120006102,1.0
pilot_mirage,smekk-,T,15,92.96875,peek,118640,,,,,,,,,,,commit,160.83575218568853,1406.25,4984.375,0.0,170.77978515625,0.8021978021978022,29.2926025390625,0.0,3.4826970250655003,1.0
pilot_mirage,smekk-,T,16,15.3125,stop,119332,counterstrafe,171.875,247.07139587402344,34.26564025878906,0.0,0.0,,,0.0,0.0,,,,,,,,,,,
pilot_mirage,smekk-,T,16,15.3125,stop,119417,release,15.625,171.7436065673828,16.271514892578125,0.0,0.0,,,0.0,0.0,,,,,,,,,,,
pilot_mirage,smekk-,T,16,15.3125,stop,119429,release,203.125,171.7436065673828,30.787124633789062,0.0,1.0,187.5,0.9145965576171875,0.0,11.950027465820312,,,,,,,,,,,
pilot_mirage,smekk-,T,16,15.3125,stop,120816,release,15.625,230.41876220703125,21.484416961669922,0.0,0.0,,,1.0,0.0,,,,,,,,,,,
pilot_mirage,smekk-,T,16,15.3125,stop,121342,counterstrafe,109.375,214.26173400878906,17.076629638671875,0.0,1.0,31.25,26.51287841796875,1.0,1.170379638671875,,,,,,,,,,,
pilot_mirage,smekk-,T,16,15.3125,peek,119457,,,,,,,,,,,traversal,1004.8777333148741,1484.375,4984.375,0.0,247.92332458496094,0.0,173.83258056640625,1.0,1.8211176179648654,0.0
pilot_mirage,smekk-,T,17,37.546875,stop,131917,counterstrafe,93.75,188.89410400390625,26.060718536376953,0.0,0.0,,,1.0,10.164077758789062,,,,,,,,,,,
pilot_mirage,smekk-,T,17,37.546875,stop,132301,release,359.375,162.2093963623047,0.0,0.0,0.0,,,0.0,14.476226806640625,,,,,,,,,,,
pilot_mirage,smekk-,T,17,37.546875,stop,132494,counterstrafe,78.125,153.39710998535156,12.730469703674316,0.0,1.0,78.125,33.60160827636719,1.0,0.431610107421875,,,,,,,,,,,
pilot_mirage,smekk-,T,17,37.546875,stop,132499,counterstrafe,156.25,153.39710998535156,33.60160827636719,0.0,1.0,0.0,33.60160827636719,1.0,1.078094482421875,,,,,,,,,,,
pilot_mirage,smekk-,T,17,37.546875,stop,132783,counterstrafe,78.125,175.62057495117188,33.2144889831543,0.0,0.0,,,1.0,0.3697509765625,,,,,,,,,,,
pilot_mirage,smekk-,T,17,37.546875,stop,132807,counterstrafe,93.75,159.4666290283203,34.62794876098633,0.0,1.0,359.375,57.68235778808594,1.0,0.246124267578125,,,,,,,,,,,
pilot_mirage,smekk-,T,17,37.546875,stop,132831,counterstrafe,78.125,152.45375061035156,32.760440826416016,0.0,1.0,0.0,32.760440826416016,1.0,0.8624267578125,,,,,,,,,,,
pilot_mirage,smekk-,T,17,37.546875,stop,132861,counterstrafe,78.125,153.29293823242188,12.604780197143555,0.0,0.0,,,1.0,0.184722900390625,,,,,,,,,,,
pilot_mirage,smekk-,T,17,37.546875,stop,132889,counterstrafe,140.625,163.65176391601562,27.67622184753418,1.0,1.0,62.5,8.121673583984375,1.0,0.369781494140625,,,,,,,,,,,
pilot_mirage,smekk-,T,17,37.546875,stop,132944,counterstrafe,78.125,171.78738403320312,31.347763061523438,0.0,0.0,,,1.0,0.0,,,,,,,,,,,
pilot_mirage,smekk-,T,17,37.546875,stop,132971,counterstrafe,93.75,158.85987854003906,12.734231948852539,0.0,1.0,0.0,12.734231948852539,0.0,0.27740478515625,,,,,,,,,,,
pilot_mirage,smekk-,T,17,37.546875,stop,133154,counterstrafe,78.125,167.7173614501953,26.702068328857422,0.0,0.0,,,1.0,0.0308837890625,,,,,,,,,,,
pilot_mirage,smekk-,T,17,37.546875,stop,133217,counterstrafe,62.5,150.63424682617188,31.80972671508789,0.0,0.0,,,1.0,0.0,,,,,,,,,,,
pilot_mirage,smekk-,T,17,37.546875,stop,133239,counterstrafe,78.125,163.9175567626953,23.33400535583496,0.0,1.0,343.75,0.0,1.0,0.215576171875,,,,,,,,,,,
pilot_mirage,smekk-,T,17,37.546875,stop,133257,counterstrafe,359.375,163.9175567626953,28.471853256225586,0.0,1.0,62.5,0.0,1.0,0.61553955078125,,,,,,,,,,,
pilot_mirage,smekk-,T,17,37.546875,stop,133334,counterstrafe,296.875,152.99554443359375,24.225252151489258,0.0,0.0,,,1.0,0.3687744140625,,,,,,,,,,,
pilot_mirage,smekk-,T,17,37.546875,peek,132401,,,,,,,,,,,jiggle,44.32578008314281,562.5,562.5,1.0,111.79981231689453,1.0,6.991424560546875,0.0,1.7961514226672268,1.0
pilot_mirage,smekk-,T,17,37.546875,peek,132459,,,,,,,,,,,jiggle,50.054142213384395,531.25,2468.75,1.0,184.6965789794922,0.0,3.0181884765625,1.0,21.42857533671606,0.0
pilot_mirage,smekk-,T,17,37.546875,peek,132693,,,,,,,,,,,commit,163.22824933407816,1406.25,4984.375,0.0,201.45082092285156,0.4945054945054945,43.520965576171875,3.0,1.6347506807012169,0.0
pilot_mirage,smekk-,T,17,37.546875,peek,133086,,,,,,,,,,,commit,134.2151385778732,1062.5,4984.375,0.0,200.97012329101562,0.0,38.993560791015625,1.0,1.5746046543066565,0.0
pilot_mirage,smekk-,T,17,37.546875,peek,133716,,,,,,,,,,,traversal,24.194728145942516,968.75,968.75,1.0,103.59292602539062,0.9206349206349206,2.12518310546875,1.0,0.7669786321000563,1.0
pilot_mirage,smekk-,T,18,55.8125,stop,133870,counter_fwd,171.875,156.89002990722656,20.463239669799805,0.0,0.0,,,0.0,2.5872802734375,,,,,,,,,,,
pilot_mirage,smekk-,T,18,55.8125,stop,135556,release,15.625,246.16983032226562,21.484285354614258,0.0,0.0,,,1.0,0.123260498046875,,,,,,,,,,,
pilot_mirage,smekk-,T,18,55.8125,stop,136047,release,15.625,169.20703125,34.263755798339844,0.0,0.0,,,0.0,0.1846923828125,,,,,,,,,,,
pilot_mirage,smekk-,T,18,55.8125,stop,136121,counterstrafe,78.125,166.64987182617188,7.600202560424805,0.0,0.0,,,1.0,0.0,,,,,,,,,,,
pilot_mirage,smekk-,T,18,55.8125,stop,136140,counterstrafe,78.125,160.44081115722656,22.868955612182617,0.0,0.0,,,1.0,0.0,,,,,,,,,,,
pilot_mirage,smekk-,T,18,55.8125,stop,137012,counterstrafe,109.375,154.01808166503906,20.422536849975586,0.0,0.0,,,1.0,0.1541748046875,,,,,,,,,,,
pilot_mirage,smekk-,T,18,55.8125,stop,137038,counterstrafe,93.75,159.416015625,18.69424819946289,0.0,0.0,,,1.0,0.030548095703125,,,,,,,,,,,
pilot_mirage,smekk-,T,18,55.8125,stop,137053,counterstrafe,328.125,159.416015625,22.966047286987305,0.0,0.0,,,1.0,0.49298095703125,,,,,,,,,,,
pilot_mirage,smekk-,T,18,55.8125,stop,137270,counterstrafe,78.125,156.90261840820312,31.444562911987305,0.0,1.0,15.625,6.4561238288879395,1.0,0.15380859375,,,,,,,,,,,
pilot_mirage,smekk-,T,18,55.8125,stop,137320,counterstrafe,203.125,178.78932189941406,23.244028091430664,1.0,1.0,46.875,6.094662666320801,0.0,0.399932861328125,,,,,,,,,,,
pilot_mirage,smekk-,T,18,55.8125,stop,137397,counterstrafe,93.75,158.9631805419922,15.502213478088379,0.0,1.0,46.875,33.43761444091797,1.0,0.030914306640625,,,,,,,,,,,
pilot_mirage,smekk-,T,18,55.8125,stop,137432,counterstrafe,78.125,153.54803466796875,13.615560531616211,0.0,0.0,,,1.0,0.09234619140625,,,,,,,,,,,
pilot_mirage,smekk-,T,18,55.8125,stop,137501,counterstrafe,93.75,150.67916870117188,27.09847640991211,0.0,0.0,,,1.0,0.0,,,,,,,,,,,
pilot_mirage,smekk-,T,18,55.8125,stop,137532,counterstrafe,156.25,178.07156372070312,22.23493766784668,0.0,1.0,125.0,76.34465026855469,1.0,0.2464599609375,,,,,,,,,,,
pilot_mirage,smekk-,T,18,55.8125,stop,137543,counterstrafe,328.125,178.07156372070312,10.377142906188965,0.0,1.0,0.0,10.377142906188965,1.0,1.416839599609375,,,,,,,,,,,
pilot_mirage,smekk-,T,18,55.8125,stop,137619,counterstrafe,156.25,153.2791748046875,26.37934684753418,1.0,1.0,0.0,26.37934684753418,1.0,0.215911865234375,,,,,,,,,,,
pilot_mirage,smekk-,T,18,55.8125,stop,137763,counterstrafe,31.25,154.96182250976562,29.785158157348633,0.0,0.0,,,1.0,0.1229095458984375,,,,,,,,,,,
pilot_mirage,smekk-,T,18,55.8125,stop,137777,counterstrafe,250.0,154.96182250976562,29.9105167388916,0.0,0.0,,,1.0,0.49266815185546875,,,,,,,,,,,
pilot_mirage,smekk-,T,18,55.8125,stop,137954,release,281.25,159.71511840820312,30.188282012939453,0.0,0.0,,,0.0,0.06145477294921875,,,,,,,,,,,
pilot_mirage,smekk-,T,18,55.8125,stop,137983,counterstrafe,62.5,151.54583740234375,24.578876495361328,0.0,0.0,,,1.0,0.0,,,,,,,,,,,
pilot_mirage,smekk-,T,18,55.8125,stop,138195,counter_fwd,140.625,160.58802795410156,28.85797691345215,0.0,0.0,,,0.0,2.15606689453125,,,,,,,,,,,
pilot_mirage,smekk-,T,18,55.8125,stop,138583,release,78.125,154.2466583251953,29.18104362487793,0.0,0.0,,,0.0,16.17015838623047,,,,,,,,,,,
pilot_mirage,smekk-,T,18,55.8125,peek,133843,,,,,,,,,,,traversal,48.642995602459536,406.25,500.0,1.0,187.702880859375,0.0,2.77197265625,0.0,0.008826237407623373,0.0
pilot_mirage,smekk-,T,18,55.8125,peek,136102,,,,,,,,,,,jiggle,33.91308337431653,281.25,281.25,1.0,186.27865600585938,0.0,0.0,0.0,118.28861835927388,0.0
pilot_mirage,smekk-,T,18,55.8125,peek,136332,,,,,,,,,,,jiggle,35.250675841407094,718.75,718.75,1.0,146.65721130371094,0.0,0.4006500244140625,0.0,1.407466280455877,0.0
pilot_mirage,smekk-,T,18,55.8125,peek,136385,,,,,,,,,,,traversal,127.57042121192772,1484.375,4984.375,0.0,218.57421875,0.3645833333333333,13.460678100585938,1.0,0.7919681161161649,0.0
pilot_mirage,smekk-,T,18,55.8125,peek,137344,,,,,,,,,,,jiggle,23.194423407812543,437.5,437.5,1.0,120.3132095336914,0.0,0.277374267578125,0.0,51.40807782164023,0.0
pilot_mirage,smekk-,T,18,55.8125,peek,137377,,,,,,,,,,,jiggle,33.302264425914956,296.875,296.875,1.0,164.89501953125,0.0,1.44744873046875,0.0,54.89411075303861,0.0
pilot_mirage,smekk-,T,18,55.8125,peek,137639,,,,,,,,,,,traversal,154.76701114775227,1484.375,4984.375,0.0,163.94476318359375,0.0,141.09466552734375,0.0,0.3409495201833426,0.0
pilot_mirage,smekk-,T,18,55.8125,peek,138033,,,,,,,,,,,traversal,54.234906798516455,1109.375,1328.125,1.0,127.40177917480469,0.7638888888888888,89.25843048095703,0.0,0.22228288784651878,1.0
pilot_mirage,smekk-,T,18,55.8125,peek,138169,,,,,,,,,,,traversal,47.15036302789078,375.0,453.125,1.0,192.41539001464844,0.0,5.60577392578125,0.0,0.048297788828916964,0.0
pilot_mirage,smekk-,T,18,55.8125,peek,138352,,,,,,,,,,,traversal,79.60910561053207,1484.375,4984.375,0.0,160.8170928955078,0.78125,24.732284545898438,0.0,0.5142668671746047,1.0
