Map,Mean,Std,Std/Mean (%)
de_ancient,0.695879120879121,0.07321388256558894,10.52
de_anubis,0.6661538461538461,0.11605646587940799,17.42
de_dust2,0.687431693989071,0.058997713504533256,8.58
de_inferno,0.679065934065934,0.05351414377976924,7.88
de_mirage,0.7090710382513661,0.05742372277054318,8.1
de_nuke,0.6814207650273223,0.11369978304880614,16.69
de_train,0.668453038674033,0.18093225943596694,27.07
de_vertigo,0.7036263736263736,0.05523463729348193,7.85
