Map,Mean,Std,Std/Mean (%)
de_ancient,0.6853296703296704,0.07790524843418686,11.37
de_anubis,0.6517032967032967,0.11548533135003554,17.72
de_dust2,0.6862295081967213,0.059369320927051356,8.65
de_inferno,0.6724175824175824,0.05639914303922948,8.39
de_mirage,0.7068852459016393,0.06205831138445316,8.78
de_nuke,0.678415300546448,0.11361300317253172,16.75
de_train,0.6714364640883977,0.18266889474518608,27.21
de_vertigo,0.6943956043956043,0.06220992426216665,8.96
